{
  "directed": true,
  "multigraph": false,
  "graph": {},
  "nodes": [
    {
      "lat": 10.7086939,
      "long": 106.8475454,
      "x": 0.07035253287127408,
      "y": -0.008938274999995277,
      "id": 1605285891
    },
    {
      "lat": 10.7042473,
      "long": 106.8475204,
      "x": 0.06898611211353589,
      "y": -0.255724574999975,
      "id": 444352298
    },
    {
      "lat": 10.7040409,
      "long": 106.8429461,
      "x": -0.18103062669128178,
      "y": -0.2671797749999593,
      "id": 1605285292
    },
    {
      "lat": 10.7044998,
      "long": 106.847625,
      "x": 0.07470321656211037,
      "y": -0.24171082499996327,
      "id": 2592302003
    },
    {
      "lat": 10.7040662,
      "long": 106.8471411,
      "x": 0.04825477638416964,
      "y": -0.26577562500001445,
      "id": 2592302013
    },
    {
      "lat": 10.7040546,
      "long": 106.8406454,
      "x": -0.30677959614484296,
      "y": -0.2664194250000453,
      "id": 1588180670
    },
    {
      "lat": 10.7154014,
      "long": 106.8475443,
      "x": 0.07029241035763845,
      "y": 0.36332797499996033,
      "id": 1588180672
    },
    {
      "lat": 10.7152188,
      "long": 106.8475357,
      "x": 0.06982236161706973,
      "y": 0.35319367500003246,
      "id": 1612118726
    },
    {
      "lat": 10.7123667,
      "long": 106.8474569,
      "x": 0.0655154033902014,
      "y": 0.19490212500002496,
      "id": 1612118604
    },
    {
      "lat": 10.7041127,
      "long": 106.8398361,
      "x": -0.3510133689003151,
      "y": -0.2631948750000234,
      "id": 4122537301
    },
    {
      "lat": 10.7040409,
      "long": 106.8412818,
      "x": -0.27199598934664126,
      "y": -0.2671797749999593,
      "id": 4122537302
    },
    {
      "lat": 10.7041461,
      "long": 106.8474112,
      "x": 0.06301758624578613,
      "y": -0.26134117499995163,
      "id": 4122537304
    },
    {
      "lat": 10.709522,
      "long": 106.8475448,
      "x": 0.07031973877271552,
      "y": 0.03702127499998614,
      "id": 1612118745
    },
    {
      "lat": 10.7040553,
      "long": 106.8449362,
      "x": -0.07225806872679524,
      "y": -0.26638057499998563,
      "id": 1605285085
    },
    {
      "lat": 10.7100286,
      "long": 106.8475247,
      "x": 0.06922113648382022,
      "y": 0.06513757499996287,
      "id": 4122537310
    },
    {
      "lat": 10.7095831,
      "long": 106.8475424,
      "x": 0.07018856238003479,
      "y": 0.040412324999981986,
      "id": 4122537312
    },
    {
      "lat": 10.7155364,
      "long": 106.8476983,
      "x": 0.07870956222313069,
      "y": 0.37082047499997245,
      "id": 5599264355
    },
    {
      "lat": 10.7154797,
      "long": 106.8476116,
      "x": 0.07397081503618019,
      "y": 0.3676736249999713,
      "id": 5599264356
    },
    {
      "lat": 10.7155673,
      "long": 106.8477977,
      "x": 0.08414245115397134,
      "y": 0.3725354250000002,
      "id": 5599264357
    },
    {
      "lat": 10.7130085,
      "long": 106.8474689,
      "x": 0.06617128535360506,
      "y": 0.23052202500004487,
      "id": 1612118631
    },
    {
      "lat": 10.7112387,
      "long": 106.8474767,
      "x": 0.0665976086302058,
      "y": 0.13229812499995008,
      "id": 1612118634
    },
    {
      "lat": 10.7059,
      "long": 106.8475904,
      "x": 0.07281209023442609,
      "y": -0.16399972500001464,
      "id": 1605285358
    }
  ],
  "links": [
    {
      "segment_id": 44184,
      "length": 92,
      "street_id": 263054098,
      "max_velocity": 40.0,
      "street_level": 3,
      "street_name": "Qu\u00e1ch Th\u1ecb Trang",
      "street_type": "secondary",
      "source": 1605285891,
      "target": 1612118745
    },
    {
      "segment_id": 44185,
      "length": 310,
      "street_id": 263054098,
      "max_velocity": 40.0,
      "street_level": 3,
      "street_name": "Qu\u00e1ch Th\u1ecb Trang",
      "street_type": "secondary",
      "source": 1605285891,
      "target": 1605285358
    },
    {
      "segment_id": 44190,
      "length": 30,
      "street_id": 263054098,
      "max_velocity": 40.0,
      "street_level": 3,
      "street_name": "Qu\u00e1ch Th\u1ecb Trang",
      "street_type": "secondary",
      "source": 444352298,
      "target": 2592302003
    },
    {
      "segment_id": 44191,
      "length": 16,
      "street_id": 263054098,
      "max_velocity": 40.0,
      "street_level": 3,
      "street_name": "Qu\u00e1ch Th\u1ecb Trang",
      "street_type": "secondary",
      "source": 444352298,
      "target": 4122537304
    },
    {
      "segment_id": 44198,
      "length": 217,
      "street_id": 263054098,
      "max_velocity": 40.0,
      "street_level": 3,
      "street_name": "Qu\u00e1ch Th\u1ecb Trang",
      "street_type": "secondary",
      "source": 1605285292,
      "target": 1605285085
    },
    {
      "segment_id": 44199,
      "length": 181,
      "street_id": 263054098,
      "max_velocity": 40.0,
      "street_level": 3,
      "street_name": "Qu\u00e1ch Th\u1ecb Trang",
      "street_type": "secondary",
      "source": 1605285292,
      "target": 4122537302
    },
    {
      "segment_id": 44188,
      "length": 155,
      "street_id": 263054098,
      "max_velocity": 40.0,
      "street_level": 3,
      "street_name": "Qu\u00e1ch Th\u1ecb Trang",
      "street_type": "secondary",
      "source": 2592302003,
      "target": 1605285358
    },
    {
      "segment_id": 44189,
      "length": 30,
      "street_id": 263054098,
      "max_velocity": 40.0,
      "street_level": 3,
      "street_name": "Qu\u00e1ch Th\u1ecb Trang",
      "street_type": "secondary",
      "source": 2592302003,
      "target": 444352298
    },
    {
      "segment_id": 44194,
      "length": 30,
      "street_id": 263054098,
      "max_velocity": 40.0,
      "street_level": 3,
      "street_name": "Qu\u00e1ch Th\u1ecb Trang",
      "street_type": "secondary",
      "source": 2592302013,
      "target": 4122537304
    },
    {
      "segment_id": 44195,
      "length": 240,
      "street_id": 263054098,
      "max_velocity": 40.0,
      "street_level": 3,
      "street_name": "Qu\u00e1ch Th\u1ecb Trang",
      "street_type": "secondary",
      "source": 2592302013,
      "target": 1605285085
    },
    {
      "segment_id": 44202,
      "length": 69,
      "street_id": 263054098,
      "max_velocity": 40.0,
      "street_level": 3,
      "street_name": "Qu\u00e1ch Th\u1ecb Trang",
      "street_type": "secondary",
      "source": 1588180670,
      "target": 4122537302
    },
    {
      "segment_id": 44203,
      "length": 88,
      "street_id": 263054098,
      "max_velocity": 40.0,
      "street_level": 3,
      "street_name": "Qu\u00e1ch Th\u1ecb Trang",
      "street_type": "secondary",
      "source": 1588180670,
      "target": 4122537301
    },
    {
      "segment_id": 43283,
      "length": 11,
      "street_id": 258467250,
      "max_velocity": 40.0,
      "street_level": 3,
      "street_name": "T\u00f4n \u0110\u1ee9c Th\u1eafng",
      "street_type": "secondary",
      "source": 1588180672,
      "target": 5599264356
    },
    {
      "segment_id": 44169,
      "length": 20,
      "street_id": 263054098,
      "max_velocity": 40.0,
      "street_level": 3,
      "street_name": "Qu\u00e1ch Th\u1ecb Trang",
      "street_type": "secondary",
      "source": 1588180672,
      "target": 1612118726
    },
    {
      "segment_id": 44170,
      "length": 20,
      "street_id": 263054098,
      "max_velocity": 40.0,
      "street_level": 3,
      "street_name": "Qu\u00e1ch Th\u1ecb Trang",
      "street_type": "secondary",
      "source": 1612118726,
      "target": 1588180672
    },
    {
      "segment_id": 44171,
      "length": 245,
      "street_id": 263054098,
      "max_velocity": 40.0,
      "street_level": 3,
      "street_name": "Qu\u00e1ch Th\u1ecb Trang",
      "street_type": "secondary",
      "source": 1612118726,
      "target": 1612118631
    },
    {
      "segment_id": 44174,
      "length": 71,
      "street_id": 263054098,
      "max_velocity": 40.0,
      "street_level": 3,
      "street_name": "Qu\u00e1ch Th\u1ecb Trang",
      "street_type": "secondary",
      "source": 1612118604,
      "target": 1612118631
    },
    {
      "segment_id": 44175,
      "length": 125,
      "street_id": 263054098,
      "max_velocity": 40.0,
      "street_level": 3,
      "street_name": "Qu\u00e1ch Th\u1ecb Trang",
      "street_type": "secondary",
      "source": 1612118604,
      "target": 1612118634
    },
    {
      "segment_id": 44204,
      "length": 88,
      "street_id": 263054098,
      "max_velocity": 40.0,
      "street_level": 3,
      "street_name": "Qu\u00e1ch Th\u1ecb Trang",
      "street_type": "secondary",
      "source": 4122537301,
      "target": 1588180670
    },
    {
      "segment_id": 44200,
      "length": 181,
      "street_id": 263054098,
      "max_velocity": 40.0,
      "street_level": 3,
      "street_name": "Qu\u00e1ch Th\u1ecb Trang",
      "street_type": "secondary",
      "source": 4122537302,
      "target": 1605285292
    },
    {
      "segment_id": 44201,
      "length": 69,
      "street_id": 263054098,
      "max_velocity": 40.0,
      "street_level": 3,
      "street_name": "Qu\u00e1ch Th\u1ecb Trang",
      "street_type": "secondary",
      "source": 4122537302,
      "target": 1588180670
    },
    {
      "segment_id": 44192,
      "length": 16,
      "street_id": 263054098,
      "max_velocity": 40.0,
      "street_level": 3,
      "street_name": "Qu\u00e1ch Th\u1ecb Trang",
      "street_type": "secondary",
      "source": 4122537304,
      "target": 444352298
    },
    {
      "segment_id": 44193,
      "length": 30,
      "street_id": 263054098,
      "max_velocity": 40.0,
      "street_level": 3,
      "street_name": "Qu\u00e1ch Th\u1ecb Trang",
      "street_type": "secondary",
      "source": 4122537304,
      "target": 2592302013
    },
    {
      "segment_id": 44182,
      "length": 6,
      "street_id": 263054098,
      "max_velocity": 40.0,
      "street_level": 3,
      "street_name": "Qu\u00e1ch Th\u1ecb Trang",
      "street_type": "secondary",
      "source": 1612118745,
      "target": 4122537312
    },
    {
      "segment_id": 44183,
      "length": 92,
      "street_id": 263054098,
      "max_velocity": 40.0,
      "street_level": 3,
      "street_name": "Qu\u00e1ch Th\u1ecb Trang",
      "street_type": "secondary",
      "source": 1612118745,
      "target": 1605285891
    },
    {
      "segment_id": 44196,
      "length": 240,
      "street_id": 263054098,
      "max_velocity": 40.0,
      "street_level": 3,
      "street_name": "Qu\u00e1ch Th\u1ecb Trang",
      "street_type": "secondary",
      "source": 1605285085,
      "target": 2592302013
    },
    {
      "segment_id": 44197,
      "length": 217,
      "street_id": 263054098,
      "max_velocity": 40.0,
      "street_level": 3,
      "street_name": "Qu\u00e1ch Th\u1ecb Trang",
      "street_type": "secondary",
      "source": 1605285085,
      "target": 1605285292
    },
    {
      "segment_id": 44178,
      "length": 134,
      "street_id": 263054098,
      "max_velocity": 40.0,
      "street_level": 3,
      "street_name": "Qu\u00e1ch Th\u1ecb Trang",
      "street_type": "secondary",
      "source": 4122537310,
      "target": 1612118634
    },
    {
      "segment_id": 44179,
      "length": 49,
      "street_id": 263054098,
      "max_velocity": 40.0,
      "street_level": 3,
      "street_name": "Qu\u00e1ch Th\u1ecb Trang",
      "street_type": "secondary",
      "source": 4122537310,
      "target": 4122537312
    },
    {
      "segment_id": 44180,
      "length": 49,
      "street_id": 263054098,
      "max_velocity": 40.0,
      "street_level": 3,
      "street_name": "Qu\u00e1ch Th\u1ecb Trang",
      "street_type": "secondary",
      "source": 4122537312,
      "target": 4122537310
    },
    {
      "segment_id": 44181,
      "length": 6,
      "street_id": 263054098,
      "max_velocity": 40.0,
      "street_level": 3,
      "street_name": "Qu\u00e1ch Th\u1ecb Trang",
      "street_type": "secondary",
      "source": 4122537312,
      "target": 1612118745
    },
    {
      "segment_id": 43286,
      "length": 11,
      "street_id": 258467250,
      "max_velocity": 40.0,
      "street_level": 3,
      "street_name": "T\u00f4n \u0110\u1ee9c Th\u1eafng",
      "street_type": "secondary",
      "source": 5599264355,
      "target": 5599264356
    },
    {
      "segment_id": 43287,
      "length": 11,
      "street_id": 258467250,
      "max_velocity": 40.0,
      "street_level": 3,
      "street_name": "T\u00f4n \u0110\u1ee9c Th\u1eafng",
      "street_type": "secondary",
      "source": 5599264355,
      "target": 5599264357
    },
    {
      "segment_id": 43284,
      "length": 11,
      "street_id": 258467250,
      "max_velocity": 40.0,
      "street_level": 3,
      "street_name": "T\u00f4n \u0110\u1ee9c Th\u1eafng",
      "street_type": "secondary",
      "source": 5599264356,
      "target": 1588180672
    },
    {
      "segment_id": 43285,
      "length": 11,
      "street_id": 258467250,
      "max_velocity": 40.0,
      "street_level": 3,
      "street_name": "T\u00f4n \u0110\u1ee9c Th\u1eafng",
      "street_type": "secondary",
      "source": 5599264356,
      "target": 5599264355
    },
    {
      "segment_id": 43288,
      "length": 11,
      "street_id": 258467250,
      "max_velocity": 40.0,
      "street_level": 3,
      "street_name": "T\u00f4n \u0110\u1ee9c Th\u1eafng",
      "street_type": "secondary",
      "source": 5599264357,
      "target": 5599264355
    },
    {
      "segment_id": 44172,
      "length": 245,
      "street_id": 263054098,
      "max_velocity": 40.0,
      "street_level": 3,
      "street_name": "Qu\u00e1ch Th\u1ecb Trang",
      "street_type": "secondary",
      "source": 1612118631,
      "target": 1612118726
    },
    {
      "segment_id": 44173,
      "length": 71,
      "street_id": 263054098,
      "max_velocity": 40.0,
      "street_level": 3,
      "street_name": "Qu\u00e1ch Th\u1ecb Trang",
      "street_type": "secondary",
      "source": 1612118631,
      "target": 1612118604
    },
    {
      "segment_id": 44176,
      "length": 125,
      "street_id": 263054098,
      "max_velocity": 40.0,
      "street_level": 3,
      "street_name": "Qu\u00e1ch Th\u1ecb Trang",
      "street_type": "secondary",
      "source": 1612118634,
      "target": 1612118604
    },
    {
      "segment_id": 44177,
      "length": 134,
      "street_id": 263054098,
      "max_velocity": 40.0,
      "street_level": 3,
      "street_name": "Qu\u00e1ch Th\u1ecb Trang",
      "street_type": "secondary",
      "source": 1612118634,
      "target": 4122537310
    },
    {
      "segment_id": 44186,
      "length": 310,
      "street_id": 263054098,
      "max_velocity": 40.0,
      "street_level": 3,
      "street_name": "Qu\u00e1ch Th\u1ecb Trang",
      "street_type": "secondary",
      "source": 1605285358,
      "target": 1605285891
    },
    {
      "segment_id": 44187,
      "length": 155,
      "street_id": 263054098,
      "max_velocity": 40.0,
      "street_level": 3,
      "street_name": "Qu\u00e1ch Th\u1ecb Trang",
      "street_type": "secondary",
      "source": 1605285358,
      "target": 2592302003
    }
  ]
}