{
  "directed": true,
  "multigraph": false,
  "graph": {},
  "nodes": [
    {
      "lat": 10.7748836,
      "long": 106.8582013,
      "x": -0.055599804448315776,
      "y": 0.39311818421056477,
      "id": 5735829376
    },
    {
      "lat": 10.7752301,
      "long": 106.8576381,
      "x": -0.08638253126897862,
      "y": 0.412348934210517,
      "id": 5735829377
    },
    {
      "lat": 10.7752723,
      "long": 106.8575147,
      "x": -0.09312718412740326,
      "y": 0.4146910342104796,
      "id": 5735829378
    },
    {
      "lat": 10.7753803,
      "long": 106.8575308,
      "x": -0.09224720915912472,
      "y": 0.4206850342105287,
      "id": 5735829379
    },
    {
      "lat": 10.7597646,
      "long": 106.856459,
      "x": -0.15082839986657556,
      "y": -0.44598631578945336,
      "id": 1605303690
    },
    {
      "lat": 10.7597812,
      "long": 106.8566481,
      "x": -0.1404927932583219,
      "y": -0.445065015789433,
      "id": 1605303692
    },
    {
      "lat": 10.7598023,
      "long": 106.8565569,
      "x": -0.14547749618096617,
      "y": -0.4438939657894517,
      "id": 1605303695
    },
    {
      "lat": 10.7724714,
      "long": 106.8610096,
      "x": 0.0978929720611025,
      "y": 0.2592410842105538,
      "id": 5740628253
    },
    {
      "lat": 10.7725583,
      "long": 106.8607789,
      "x": 0.08528364131253177,
      "y": 0.26406403421052305,
      "id": 5740628254
    },
    {
      "lat": 10.7725926,
      "long": 106.860213,
      "x": 0.054353341050297266,
      "y": 0.26596768421048844,
      "id": 5740628255
    },
    {
      "lat": 10.7727111,
      "long": 106.8598616,
      "x": 0.03514693088565027,
      "y": 0.2725444342105451,
      "id": 5740628256
    },
    {
      "lat": 10.7728587,
      "long": 106.8597275,
      "x": 0.027817449943643824,
      "y": 0.2807362342105465,
      "id": 5740628257
    },
    {
      "lat": 10.7735675,
      "long": 106.8592152,
      "x": -0.00018324421564669402,
      "y": 0.32007463421054394,
      "id": 5740628258
    },
    {
      "lat": 10.7604971,
      "long": 106.8648221,
      "x": 0.30627213754976224,
      "y": -0.4053325657894643,
      "id": 1605303727
    },
    {
      "lat": 10.7609346,
      "long": 106.8583687,
      "x": -0.04645025105767009,
      "y": -0.38105131578944695,
      "id": 1605303786
    },
    {
      "lat": 10.7587008,
      "long": 106.8643299,
      "x": 0.2793700456801437,
      "y": -0.5050272157894936,
      "id": 1605303790
    },
    {
      "lat": 10.7570038,
      "long": 106.8607518,
      "x": 0.08380244121178052,
      "y": -0.5992107157894969,
      "id": 1605303795
    },
    {
      "lat": 10.7594281,
      "long": 106.8571416,
      "x": -0.11351964750888152,
      "y": -0.4646620657895252,
      "id": 1605303801
    },
    {
      "lat": 10.774769,
      "long": 106.8583837,
      "x": -0.045630398603027186,
      "y": 0.3867578842104744,
      "id": 5735829375
    }
  ],
  "links": [
    {
      "segment_id": 73271,
      "length": 72,
      "street_id": 604509056,
      "max_velocity": 50.0,
      "street_level": 4,
      "street_name": "Ph\u01b0\u1eddng Long Ph\u01b0\u1edbc",
      "street_type": "tertiary",
      "source": 5735829376,
      "target": 5735829377
    },
    {
      "segment_id": 73272,
      "length": 23,
      "street_id": 604509056,
      "max_velocity": 50.0,
      "street_level": 4,
      "street_name": "Ph\u01b0\u1eddng Long Ph\u01b0\u1edbc",
      "street_type": "tertiary",
      "source": 5735829376,
      "target": 5735829375
    },
    {
      "segment_id": 73269,
      "length": 14,
      "street_id": 604509056,
      "max_velocity": 50.0,
      "street_level": 4,
      "street_name": "Ph\u01b0\u1eddng Long Ph\u01b0\u1edbc",
      "street_type": "tertiary",
      "source": 5735829377,
      "target": 5735829378
    },
    {
      "segment_id": 73270,
      "length": 72,
      "street_id": 604509056,
      "max_velocity": 50.0,
      "street_level": 4,
      "street_name": "Ph\u01b0\u1eddng Long Ph\u01b0\u1edbc",
      "street_type": "tertiary",
      "source": 5735829377,
      "target": 5735829376
    },
    {
      "segment_id": 73267,
      "length": 12,
      "street_id": 604509056,
      "max_velocity": 50.0,
      "street_level": 4,
      "street_name": "Ph\u01b0\u1eddng Long Ph\u01b0\u1edbc",
      "street_type": "tertiary",
      "source": 5735829378,
      "target": 5735829379
    },
    {
      "segment_id": 73268,
      "length": 14,
      "street_id": 604509056,
      "max_velocity": 50.0,
      "street_level": 4,
      "street_name": "Ph\u01b0\u1eddng Long Ph\u01b0\u1edbc",
      "street_type": "tertiary",
      "source": 5735829378,
      "target": 5735829377
    },
    {
      "segment_id": 73266,
      "length": 12,
      "street_id": 604509056,
      "max_velocity": 50.0,
      "street_level": 4,
      "street_name": "Ph\u01b0\u1eddng Long Ph\u01b0\u1edbc",
      "street_type": "tertiary",
      "source": 5735829379,
      "target": 5735829378
    },
    {
      "segment_id": 25865,
      "length": 11,
      "street_id": 147293401,
      "max_velocity": 40.0,
      "street_level": 4,
      "street_name": "NaN",
      "street_type": "unclassified",
      "source": 1605303690,
      "target": 1605303695
    },
    {
      "segment_id": 25868,
      "length": 10,
      "street_id": 147293401,
      "max_velocity": 40.0,
      "street_level": 4,
      "street_name": "NaN",
      "street_type": "unclassified",
      "source": 1605303692,
      "target": 1605303695
    },
    {
      "segment_id": 25869,
      "length": 66,
      "street_id": 147293401,
      "max_velocity": 40.0,
      "street_level": 4,
      "street_name": "NaN",
      "street_type": "unclassified",
      "source": 1605303692,
      "target": 1605303801
    },
    {
      "segment_id": 25866,
      "length": 11,
      "street_id": 147293401,
      "max_velocity": 40.0,
      "street_level": 4,
      "street_name": "NaN",
      "street_type": "unclassified",
      "source": 1605303695,
      "target": 1605303690
    },
    {
      "segment_id": 25867,
      "length": 10,
      "street_id": 147293401,
      "max_velocity": 40.0,
      "street_level": 4,
      "street_name": "NaN",
      "street_type": "unclassified",
      "source": 1605303695,
      "target": 1605303692
    },
    {
      "segment_id": 73285,
      "length": 26,
      "street_id": 604509056,
      "max_velocity": 50.0,
      "street_level": 4,
      "street_name": "Ph\u01b0\u1eddng Long Ph\u01b0\u1edbc",
      "street_type": "tertiary",
      "source": 5740628253,
      "target": 5740628254
    },
    {
      "segment_id": 73283,
      "length": 61,
      "street_id": 604509056,
      "max_velocity": 50.0,
      "street_level": 4,
      "street_name": "Ph\u01b0\u1eddng Long Ph\u01b0\u1edbc",
      "street_type": "tertiary",
      "source": 5740628254,
      "target": 5740628255
    },
    {
      "segment_id": 73284,
      "length": 26,
      "street_id": 604509056,
      "max_velocity": 50.0,
      "street_level": 4,
      "street_name": "Ph\u01b0\u1eddng Long Ph\u01b0\u1edbc",
      "street_type": "tertiary",
      "source": 5740628254,
      "target": 5740628253
    },
    {
      "segment_id": 73281,
      "length": 40,
      "street_id": 604509056,
      "max_velocity": 50.0,
      "street_level": 4,
      "street_name": "Ph\u01b0\u1eddng Long Ph\u01b0\u1edbc",
      "street_type": "tertiary",
      "source": 5740628255,
      "target": 5740628256
    },
    {
      "segment_id": 73282,
      "length": 61,
      "street_id": 604509056,
      "max_velocity": 50.0,
      "street_level": 4,
      "street_name": "Ph\u01b0\u1eddng Long Ph\u01b0\u1edbc",
      "street_type": "tertiary",
      "source": 5740628255,
      "target": 5740628254
    },
    {
      "segment_id": 73279,
      "length": 21,
      "street_id": 604509056,
      "max_velocity": 50.0,
      "street_level": 4,
      "street_name": "Ph\u01b0\u1eddng Long Ph\u01b0\u1edbc",
      "street_type": "tertiary",
      "source": 5740628256,
      "target": 5740628257
    },
    {
      "segment_id": 73280,
      "length": 40,
      "street_id": 604509056,
      "max_velocity": 50.0,
      "street_level": 4,
      "street_name": "Ph\u01b0\u1eddng Long Ph\u01b0\u1edbc",
      "street_type": "tertiary",
      "source": 5740628256,
      "target": 5740628255
    },
    {
      "segment_id": 73277,
      "length": 96,
      "street_id": 604509056,
      "max_velocity": 50.0,
      "street_level": 4,
      "street_name": "Ph\u01b0\u1eddng Long Ph\u01b0\u1edbc",
      "street_type": "tertiary",
      "source": 5740628257,
      "target": 5740628258
    },
    {
      "segment_id": 73278,
      "length": 21,
      "street_id": 604509056,
      "max_velocity": 50.0,
      "street_level": 4,
      "street_name": "Ph\u01b0\u1eddng Long Ph\u01b0\u1edbc",
      "street_type": "tertiary",
      "source": 5740628257,
      "target": 5740628256
    },
    {
      "segment_id": 73275,
      "length": 161,
      "street_id": 604509056,
      "max_velocity": 50.0,
      "street_level": 4,
      "street_name": "Ph\u01b0\u1eddng Long Ph\u01b0\u1edbc",
      "street_type": "tertiary",
      "source": 5740628258,
      "target": 5735829375
    },
    {
      "segment_id": 73276,
      "length": 96,
      "street_id": 604509056,
      "max_velocity": 50.0,
      "street_level": 4,
      "street_name": "Ph\u01b0\u1eddng Long Ph\u01b0\u1edbc",
      "street_type": "tertiary",
      "source": 5740628258,
      "target": 5740628257
    },
    {
      "segment_id": 25834,
      "length": 206,
      "street_id": 147293395,
      "max_velocity": 40.0,
      "street_level": 4,
      "street_name": "Long T\u00e2n",
      "street_type": "unclassified",
      "source": 1605303727,
      "target": 1605303790
    },
    {
      "segment_id": 25830,
      "length": 214,
      "street_id": 147293393,
      "max_velocity": 40.0,
      "street_level": 4,
      "street_name": "NaN",
      "street_type": "unclassified",
      "source": 1605303786,
      "target": 1605303801
    },
    {
      "segment_id": 25833,
      "length": 206,
      "street_id": 147293395,
      "max_velocity": 40.0,
      "street_level": 4,
      "street_name": "Long T\u00e2n",
      "street_type": "unclassified",
      "source": 1605303790,
      "target": 1605303727
    },
    {
      "segment_id": 25872,
      "length": 477,
      "street_id": 147293401,
      "max_velocity": 40.0,
      "street_level": 4,
      "street_name": "Long T\u00e2n",
      "street_type": "unclassified",
      "source": 1605303795,
      "target": 1605303801
    },
    {
      "segment_id": 25829,
      "length": 214,
      "street_id": 147293393,
      "max_velocity": 40.0,
      "street_level": 4,
      "street_name": "NaN",
      "street_type": "unclassified",
      "source": 1605303801,
      "target": 1605303786
    },
    {
      "segment_id": 25870,
      "length": 66,
      "street_id": 147293401,
      "max_velocity": 40.0,
      "street_level": 4,
      "street_name": "NaN",
      "street_type": "unclassified",
      "source": 1605303801,
      "target": 1605303692
    },
    {
      "segment_id": 25871,
      "length": 477,
      "street_id": 147293401,
      "max_velocity": 40.0,
      "street_level": 4,
      "street_name": "Long T\u00e2n",
      "street_type": "unclassified",
      "source": 1605303801,
      "target": 1605303795
    },
    {
      "segment_id": 73273,
      "length": 23,
      "street_id": 604509056,
      "max_velocity": 50.0,
      "street_level": 4,
      "street_name": "Ph\u01b0\u1eddng Long Ph\u01b0\u1edbc",
      "street_type": "tertiary",
      "source": 5735829375,
      "target": 5735829376
    },
    {
      "segment_id": 73274,
      "length": 161,
      "street_id": 604509056,
      "max_velocity": 50.0,
      "street_level": 4,
      "street_name": "Ph\u01b0\u1eddng Long Ph\u01b0\u1edbc",
      "street_type": "tertiary",
      "source": 5735829375,
      "target": 5740628258
    }
  ]
}