{
  "directed": true,
  "multigraph": false,
  "graph": {},
  "nodes": [
    {
      "lat": 10.8034218,
      "long": 106.8376592,
      "x": -0.04649656552939585,
      "y": 0.07472853000004015,
      "id": 366403747
    },
    {
      "lat": 10.8024399,
      "long": 106.8383035,
      "x": -0.011281169772665425,
      "y": 0.020233079999979586,
      "id": 5737823735
    },
    {
      "lat": 10.805971,
      "long": 106.8360224,
      "x": -0.13595886535163174,
      "y": 0.21620912999998015,
      "id": 3140330407
    },
    {
      "lat": 10.80374,
      "long": 106.8374702,
      "x": -0.05682670645494482,
      "y": 0.09238862999997488,
      "id": 366444935
    },
    {
      "lat": 10.797925,
      "long": 106.8411517,
      "x": 0.1443924142656525,
      "y": -0.2303438700000321,
      "id": 5740276328
    },
    {
      "lat": 10.801039,
      "long": 106.8391621,
      "x": 0.03564718471624301,
      "y": -0.05751687000002867,
      "id": 366447530
    },
    {
      "lat": 10.8046958,
      "long": 106.8368593,
      "x": -0.09021656408033127,
      "y": 0.145435529999966,
      "id": 366370923
    },
    {
      "lat": 10.8045133,
      "long": 106.8369713,
      "x": -0.08409499908752843,
      "y": 0.1353067800000044,
      "id": 5737823725
    },
    {
      "lat": 10.8056549,
      "long": 106.8362263,
      "x": -0.12481433765492134,
      "y": 0.1986655800000271,
      "id": 366407951
    },
    {
      "lat": 10.7980897,
      "long": 106.8410513,
      "x": 0.13890486850465764,
      "y": -0.22120301999998182,
      "id": 1852796015
    },
    {
      "lat": 10.797345,
      "long": 106.8414797,
      "x": 0.16231985460127404,
      "y": -0.2625338699999965,
      "id": 5740275697
    },
    {
      "lat": 10.7974224,
      "long": 106.8414316,
      "x": 0.1596908610649548,
      "y": -0.25823816999997773,
      "id": 5740275698
    },
    {
      "lat": 10.8039587,
      "long": 106.8373116,
      "x": -0.06549527973883561,
      "y": 0.10452648000004977,
      "id": 366380150
    },
    {
      "lat": 10.8030063,
      "long": 106.8379237,
      "x": -0.03203983391710878,
      "y": 0.051668279999996236,
      "id": 1605322519
    },
    {
      "lat": 10.8019073,
      "long": 106.8386246,
      "x": 0.0062691384345816,
      "y": -0.009326220000001606,
      "id": 5737823736
    }
  ],
  "links": [
    {
      "segment_id": 27924,
      "length": 40,
      "street_id": 174620023,
      "max_velocity": 40.0,
      "street_level": 4,
      "street_name": "Tam \u0110a",
      "street_type": "unclassified",
      "source": 366403747,
      "target": 366444935
    },
    {
      "segment_id": 27925,
      "length": 54,
      "street_id": 174620023,
      "max_velocity": 40.0,
      "street_level": 4,
      "street_name": "Tam \u0110a",
      "street_type": "unclassified",
      "source": 366403747,
      "target": 1605322519
    },
    {
      "segment_id": 27928,
      "length": 75,
      "street_id": 174620023,
      "max_velocity": 40.0,
      "street_level": 4,
      "street_name": "Tam \u0110a",
      "street_type": "unclassified",
      "source": 5737823735,
      "target": 1605322519
    },
    {
      "segment_id": 27929,
      "length": 68,
      "street_id": 174620023,
      "max_velocity": 40.0,
      "street_level": 4,
      "street_name": "Tam \u0110a",
      "street_type": "unclassified",
      "source": 5737823735,
      "target": 5737823736
    },
    {
      "segment_id": 27913,
      "length": 41,
      "street_id": 174620023,
      "max_velocity": 40.0,
      "street_level": 4,
      "street_name": "Tam \u0110a",
      "street_type": "unclassified",
      "source": 3140330407,
      "target": 366407951
    },
    {
      "segment_id": 27922,
      "length": 29,
      "street_id": 174620023,
      "max_velocity": 40.0,
      "street_level": 4,
      "street_name": "Tam \u0110a",
      "street_type": "unclassified",
      "source": 366444935,
      "target": 366380150
    },
    {
      "segment_id": 27923,
      "length": 40,
      "street_id": 174620023,
      "max_velocity": 40.0,
      "street_level": 4,
      "street_name": "Tam \u0110a",
      "street_type": "unclassified",
      "source": 366444935,
      "target": 366403747
    },
    {
      "segment_id": 27970,
      "length": 21,
      "street_id": 174620028,
      "max_velocity": 40.0,
      "street_level": 4,
      "street_name": "Ph\u01b0\u1eddng Long Tr\u01b0\u1eddng",
      "street_type": "unclassified",
      "source": 5740276328,
      "target": 1852796015
    },
    {
      "segment_id": 27971,
      "length": 63,
      "street_id": 174620028,
      "max_velocity": 40.0,
      "street_level": 4,
      "street_name": "Ph\u01b0\u1eddng Long Tr\u01b0\u1eddng",
      "street_type": "unclassified",
      "source": 5740276328,
      "target": 5740275698
    },
    {
      "segment_id": 18159,
      "length": 112,
      "street_id": 32928891,
      "max_velocity": 40.0,
      "street_level": 4,
      "street_name": "Ph\u01b0\u1eddng Long Tr\u01b0\u1eddng",
      "street_type": "unclassified",
      "source": 366447530,
      "target": 5737823736
    },
    {
      "segment_id": 27967,
      "length": 387,
      "street_id": 174620028,
      "max_velocity": 40.0,
      "street_level": 4,
      "street_name": "Ph\u01b0\u1eddng Long Tr\u01b0\u1eddng",
      "street_type": "unclassified",
      "source": 366447530,
      "target": 1852796015
    },
    {
      "segment_id": 27916,
      "length": 127,
      "street_id": 174620023,
      "max_velocity": 40.0,
      "street_level": 4,
      "street_name": "Tam \u0110a",
      "street_type": "unclassified",
      "source": 366370923,
      "target": 366407951
    },
    {
      "segment_id": 27917,
      "length": 23,
      "street_id": 174620023,
      "max_velocity": 40.0,
      "street_level": 4,
      "street_name": "Tam \u0110a",
      "street_type": "unclassified",
      "source": 366370923,
      "target": 5737823725
    },
    {
      "segment_id": 27918,
      "length": 23,
      "street_id": 174620023,
      "max_velocity": 40.0,
      "street_level": 4,
      "street_name": "Tam \u0110a",
      "street_type": "unclassified",
      "source": 5737823725,
      "target": 366370923
    },
    {
      "segment_id": 27919,
      "length": 72,
      "street_id": 174620023,
      "max_velocity": 40.0,
      "street_level": 4,
      "street_name": "Tam \u0110a",
      "street_type": "unclassified",
      "source": 5737823725,
      "target": 366380150
    },
    {
      "segment_id": 27914,
      "length": 41,
      "street_id": 174620023,
      "max_velocity": 40.0,
      "street_level": 4,
      "street_name": "Tam \u0110a",
      "street_type": "unclassified",
      "source": 366407951,
      "target": 3140330407
    },
    {
      "segment_id": 27915,
      "length": 127,
      "street_id": 174620023,
      "max_velocity": 40.0,
      "street_level": 4,
      "street_name": "Tam \u0110a",
      "street_type": "unclassified",
      "source": 366407951,
      "target": 366370923
    },
    {
      "segment_id": 27968,
      "length": 387,
      "street_id": 174620028,
      "max_velocity": 40.0,
      "street_level": 4,
      "street_name": "Ph\u01b0\u1eddng Long Tr\u01b0\u1eddng",
      "street_type": "unclassified",
      "source": 1852796015,
      "target": 366447530
    },
    {
      "segment_id": 27969,
      "length": 21,
      "street_id": 174620028,
      "max_velocity": 40.0,
      "street_level": 4,
      "street_name": "Ph\u01b0\u1eddng Long Tr\u01b0\u1eddng",
      "street_type": "unclassified",
      "source": 1852796015,
      "target": 5740276328
    },
    {
      "segment_id": 27974,
      "length": 10,
      "street_id": 174620028,
      "max_velocity": 40.0,
      "street_level": 4,
      "street_name": "Ph\u01b0\u1eddng Long Tr\u01b0\u1eddng",
      "street_type": "unclassified",
      "source": 5740275697,
      "target": 5740275698
    },
    {
      "segment_id": 27972,
      "length": 63,
      "street_id": 174620028,
      "max_velocity": 40.0,
      "street_level": 4,
      "street_name": "Ph\u01b0\u1eddng Long Tr\u01b0\u1eddng",
      "street_type": "unclassified",
      "source": 5740275698,
      "target": 5740276328
    },
    {
      "segment_id": 27973,
      "length": 10,
      "street_id": 174620028,
      "max_velocity": 40.0,
      "street_level": 4,
      "street_name": "Ph\u01b0\u1eddng Long Tr\u01b0\u1eddng",
      "street_type": "unclassified",
      "source": 5740275698,
      "target": 5740275697
    },
    {
      "segment_id": 27920,
      "length": 72,
      "street_id": 174620023,
      "max_velocity": 40.0,
      "street_level": 4,
      "street_name": "Tam \u0110a",
      "street_type": "unclassified",
      "source": 366380150,
      "target": 5737823725
    },
    {
      "segment_id": 27921,
      "length": 29,
      "street_id": 174620023,
      "max_velocity": 40.0,
      "street_level": 4,
      "street_name": "Tam \u0110a",
      "street_type": "unclassified",
      "source": 366380150,
      "target": 366444935
    },
    {
      "segment_id": 27926,
      "length": 54,
      "street_id": 174620023,
      "max_velocity": 40.0,
      "street_level": 4,
      "street_name": "Tam \u0110a",
      "street_type": "unclassified",
      "source": 1605322519,
      "target": 366403747
    },
    {
      "segment_id": 27927,
      "length": 75,
      "street_id": 174620023,
      "max_velocity": 40.0,
      "street_level": 4,
      "street_name": "Tam \u0110a",
      "street_type": "unclassified",
      "source": 1605322519,
      "target": 5737823735
    },
    {
      "segment_id": 18158,
      "length": 112,
      "street_id": 32928891,
      "max_velocity": 40.0,
      "street_level": 4,
      "street_name": "Ph\u01b0\u1eddng Long Tr\u01b0\u1eddng",
      "street_type": "unclassified",
      "source": 5737823736,
      "target": 366447530
    },
    {
      "segment_id": 27930,
      "length": 68,
      "street_id": 174620023,
      "max_velocity": 40.0,
      "street_level": 4,
      "street_name": "Tam \u0110a",
      "street_type": "unclassified",
      "source": 5737823736,
      "target": 5737823735
    }
  ]
}