{
  "observation": {
    "type": "Kinematics"
  },
  "action": {
    "type": "DiscreteMetaAction"
  },
  "simulation_frequency": 15,
  "policy_frequency": 1,
  "other_vehicles_type": "highway_env.vehicle.behavior.IDMVehicle",
  "screen_width": 600,
  "screen_height": 150,
  "centering_position": [
    0.3,
    0.5
  ],
  "scaling": 5.5,
  "show_trajectories": false,
  "render_agent": true,
  "offscreen_rendering": false,
  "manual_control": false,
  "real_time_rendering": false,
  "destination": null,
  "initial_vehicle_count": 0,
  "controlled_vehicles": 0,
  "spawn_probability": 0.0,
  "duration": 40.0,
  "collision_reward": -5,
  "high_speed_reward": 1.0,
  "arrived_reward": 1.0,
  "reward_speed_range": [
    6.0,
    12.0
  ],
  "auto_curve": false,
  "corner_radius": 25.0,
  "curve_samples": 8,
  "exit_distance": 5.0,
  "graph": {
    "nodes": {
      "2443949059": [
        383.49965,
        584.83125
      ],
      "366427653": [
        10.30281,
        804.3837
      ],
      "2445314568": [
        867.55694,
        941.4465
      ],
      "5737771533": [
        898.46537,
        550.5489
      ],
      "5735953424": [
        998.81531,
        468.4533
      ],
      "3246076437": [
        922.25203,
        3.69075
      ],
      "3246076438": [
        848.70033,
        14.8185
      ],
      "3246076439": [
        816.74248,
        18.84225
      ],
      "4624379927": [
        556.28082,
        41.181
      ],
      "366419478": [
        98.64465,
        527.0169
      ],
      "4592050197": [
        254.56419,
        33.91605
      ],
      "3246076440": [
        802.29121,
        12.83715
      ],
      "3246076441": [
        823.29037,
        10.83915
      ],
      "3246076442": [
        845.84724,
        8.2917
      ],
      "3246076443": [
        871.6234,
        5.18925
      ],
      "3246076444": [
        895.06572,
        2.1978
      ],
      "3246076448": [
        639.79646,
        16.50015
      ],
      "3246076449": [
        546.86892,
        22.8327
      ],
      "3246076450": [
        541.76397,
        32.7783
      ],
      "2443957320": [
        568.80817,
        657.8859
      ],
      "3178488399": [
        124.68863,
        442.64025
      ],
      "2592845393": [
        779.29709,
        14.6076
      ],
      "5735953491": [
        903.62498,
        174.8472
      ],
      "3233979771": [
        987.48495,
        11.1555
      ],
      "2635022936": [
        119.09723,
        458.1747
      ],
      "2443957336": [
        265.63766,
        511.42695
      ],
      "3233979772": [
        975.00133,
        17.2605
      ],
      "5963957361": [
        905.22096,
        159.2184
      ],
      "3233979773": [
        958.99781,
        28.57695
      ],
      "3233979774": [
        934.95427,
        53.07465
      ],
      "2592845410": [
        758.25421,
        16.0728
      ],
      "5735953510": [
        903.32437,
        227.84415
      ],
      "3233979775": [
        914.8187,
        93.7173
      ],
      "2443957352": [
        510.75168,
        652.09725
      ],
      "3233979776": [
        912.16784,
        103.7406
      ],
      "2635022960": [
        198.59013,
        184.8816
      ],
      "5963957360": [
        907.91554,
        132.8559
      ],
      "5963957362": [
        896.95684,
        459.1071
      ],
      "5963957363": [
        886.26597,
        465.1011
      ],
      "5963957364": [
        890.88994,
        466.0446
      ],
      "5733571189": [
        868.07071,
        859.3731
      ],
      "5963957365": [
        899.2579,
        489.42675
      ],
      "2891274871": [
        11.68016,
        12.73725
      ],
      "2665431159": [
        1078.11691,
        465.5229
      ],
      "2635022969": [
        224.53572,
        98.0019
      ],
      "5963957367": [
        895.03839,
        468.2757
      ],
      "5733571195": [
        868.77032,
        852.8685
      ],
      "5963957366": [
        876.50972,
        456.21555
      ],
      "2657236603": [
        452.17049,
        27.20055
      ],
      "2665431160": [
        1072.50912,
        465.9114
      ],
      "2635022980": [
        231.03989,
        73.47645
      ],
      "2443957382": [
        669.51884,
        608.50755
      ],
      "2443957392": [
        233.96949,
        492.71235
      ],
      "5735907988": [
        215.32058,
        130.2474
      ],
      "5735907989": [
        128.3561,
        429.6477
      ],
      "5735907996": [
        137.53298,
        399.66105
      ],
      "5735908014": [
        141.3207,
        386.57415
      ],
      "2443957422": [
        617.41995,
        638.72175
      ],
      "5735908018": [
        151.71096,
        350.6823
      ],
      "3275580594": [
        845.47558,
        4.4733
      ],
      "366471867": [
        121.99951,
        450.8376
      ],
      "2443957435": [
        204.06128,
        472.2384
      ],
      "2443957437": [
        472.69413,
        631.9785
      ],
      "5748826311": [
        58.70144,
        669.9516
      ],
      "5748826312": [
        52.42683,
        695.859
      ],
      "5748826313": [
        95.25592,
        539.9928
      ],
      "2635150535": [
        793.51333,
        532.3116
      ],
      "5748826315": [
        50.34987,
        705.294
      ],
      "5748826316": [
        40.30941,
        723.5979
      ],
      "5748826317": [
        21.94472,
        755.12745
      ],
      "2443945167": [
        15.06889,
        783.9486
      ],
      "5735953625": [
        903.69057,
        208.4025
      ],
      "2635150553": [
        500.41061,
        646.6305
      ],
      "5751292639": [
        89.10703,
        565.86135
      ],
      "5735953632": [
        903.56486,
        204.6174
      ],
      "2443945193": [
        9.05664,
        810.2334
      ],
      "5733570797": [
        891.4857,
        756.48165
      ],
      "5733570798": [
        890.15754,
        793.0395
      ],
      "5733570799": [
        869.83066,
        788.9658
      ],
      "5733570800": [
        869.0272,
        826.839
      ],
      "5733570801": [
        890.22859,
        864.8676
      ],
      "5733570802": [
        884.0633,
        861.93165
      ],
      "5733570803": [
        877.83242,
        861.2712
      ],
      "5881087218": [
        59.2644,
        668.07015
      ],
      "5733570804": [
        868.03792,
        864.19605
      ],
      "2443945208": [
        16.40798,
        778.72605
      ],
      "5733570815": [
        881.41791,
        907.5138
      ],
      "2615887108": [
        888.1571,
        497.0469
      ],
      "2615887109": [
        869.77054,
        485.27535
      ],
      "2615887110": [
        869.28956,
        479.93625
      ],
      "2615887111": [
        898.36699,
        471.6057
      ],
      "2615887112": [
        901.53162,
        481.1073
      ],
      "5963137801": [
        138.84475,
        11.82705
      ],
      "5963137802": [
        137.80627,
        18.5148
      ],
      "5735953161": [
        898.21395,
        408.44115
      ],
      "5963137804": [
        0.0,
        4.14585
      ],
      "5963137805": [
        86.74039,
        3.108
      ],
      "5963137806": [
        146.29994,
        0.6882
      ],
      "5963137807": [
        193.7366,
        0.0
      ],
      "5963137808": [
        249.8473,
        1.0878
      ],
      "5963137809": [
        118.5616,
        27.0063
      ],
      "5963137810": [
        41.27137,
        20.68485
      ],
      "2615887122": [
        872.36674,
        490.70325
      ],
      "2615887118": [
        870.59039,
        474.7359
      ],
      "2615887121": [
        873.53093,
        470.2515
      ],
      "2615887119": [
        877.20387,
        467.2989
      ],
      "2615887120": [
        883.41288,
        497.16345
      ],
      "5735953173": [
        881.41791,
        214.73505
      ],
      "5963137814": [
        787.23326,
        0.8103
      ],
      "5963137818": [
        650.95192,
        28.4604
      ],
      "5963137817": [
        598.6508,
        29.28735
      ],
      "5963137820": [
        690.49067,
        27.20055
      ],
      "5963137821": [
        689.2117,
        36.81315
      ],
      "5963137822": [
        811.52275,
        34.9872
      ],
      "366381855": [
        156.62461,
        333.7104
      ],
      "366458656": [
        97.14705,
        532.8666
      ],
      "5963137825": [
        874.38357,
        91.5639
      ],
      "5963137826": [
        876.28563,
        105.21135
      ],
      "5963137827": [
        881.61467,
        195.3267
      ],
      "5963137824": [
        865.79699,
        69.78015
      ],
      "5963137823": [
        843.83587,
        46.4646
      ],
      "5963137830": [
        1000.28558,
        6.0273
      ],
      "5963137831": [
        1045.9295,
        0.10545
      ],
      "5963137832": [
        1076.58105,
        4.96725
      ],
      "5963137829": [
        926.12173,
        66.71655
      ],
      "5963137828": [
        920.07668,
        78.7545
      ],
      "5733113134": [
        83.14944,
        588.0558
      ],
      "3245654833": [
        946.31196,
        40.15425
      ],
      "5676075320": [
        305.4005,
        35.78085
      ],
      "5733113155": [
        316.5669,
        543.1452
      ],
      "5733113169": [
        285.97547,
        524.09205
      ],
      "2615887113": [
        878.84357,
        495.9036
      ],
      "2615887115": [
        881.57095,
        465.534
      ],
      "2615887116": [
        900.96319,
        485.41965
      ],
      "2635178342": [
        741.49096,
        564.31845
      ],
      "2615887117": [
        892.66082,
        495.5595
      ],
      "5738559850": [
        763.99317,
        549.72195
      ],
      "4578422126": [
        852.55364,
        1066.0218
      ],
      "4578422128": [
        857.57113,
        1065.31695
      ],
      "2443918707": [
        896.53599,
        492.8289
      ],
      "2615888756": [
        871.47036,
        80.78025
      ],
      "2615888757": [
        691.45809,
        11.83815
      ],
      "3244536182": [
        11.28664,
        8.0142
      ],
      "2615888758": [
        858.91023,
        59.98995
      ],
      "2635153784": [
        496.65022,
        644.6436
      ],
      "2615888761": [
        852.3842,
        53.11905
      ],
      "2635153786": [
        520.99984,
        655.8879
      ],
      "2615888763": [
        619.99975,
        36.20265
      ],
      "3233979767": [
        1089.73149,
        8.7357
      ],
      "3233979768": [
        1060.93827,
        1.7871
      ],
      "2615888766": [
        834.07963,
        41.02005
      ],
      "2443918719": [
        862.9275,
        975.42915
      ],
      "3233979769": [
        1031.92642,
        0.16095
      ],
      "3233979770": [
        1017.19094,
        2.0646
      ],
      "2615888770": [
        720.53553,
        8.6691
      ],
      "1637455235": [
        759.66435,
        552.0807
      ],
      "1637455236": [
        526.83172,
        658.04685
      ],
      "1637455237": [
        540.33742,
        659.94495
      ],
      "1637455238": [
        554.61379,
        659.5842
      ],
      "1637455239": [
        874.83723,
        493.3728
      ],
      "2615888771": [
        823.92985,
        37.5624
      ],
      "1637455241": [
        900.47674,
        475.45185
      ],
      "1637455243": [
        580.75615,
        654.87225
      ],
      "1637455244": [
        609.63682,
        643.2339
      ],
      "1637455245": [
        936.18952,
        470.3514
      ],
      "1637455246": [
        953.73983,
        468.3423
      ],
      "5963137815": [
        649.33408,
        23.2545
      ],
      "5963137816": [
        597.80908,
        23.7762
      ],
      "4437369751": [
        890.0045,
        870.0069
      ],
      "4437369752": [
        875.1925,
        934.68105
      ],
      "366393245": [
        14.30369,
        786.9345
      ],
      "5963137819": [
        691.04817,
        21.42855
      ],
      "366405537": [
        86.39059,
        577.2888
      ],
      "4624372132": [
        358.61439,
        37.7067
      ],
      "2615888807": [
        883.23798,
        93.36765
      ],
      "2615888808": [
        904.89302,
        93.65625
      ],
      "4437369772": [
        871.33919,
        979.09215
      ],
      "2443961262": [
        876.8486,
        446.43645
      ],
      "2592830384": [
        757.51634,
        23.7873
      ],
      "3403562458": [
        800.67337,
        34.31565
      ],
      "3403562459": [
        351.82602,
        23.8095
      ],
      "3403562460": [
        351.96812,
        18.0819
      ],
      "3056701926": [
        895.61229,
        688.1445
      ],
      "3056701927": [
        871.51956,
        687.32865
      ],
      "5758075884": [
        945.36093,
        469.46895
      ],
      "5758075885": [
        900.92493,
        476.8005
      ],
      "5758075886": [
        786.20024,
        536.22435
      ],
      "5758075887": [
        841.33805,
        505.8492
      ],
      "5758075888": [
        870.56306,
        487.5564
      ],
      "5758075897": [
        240.12385,
        33.3888
      ],
      "5758075898": [
        194.00442,
        201.3207
      ],
      "5758075899": [
        185.29212,
        231.7347
      ],
      "5758075900": [
        168.80215,
        290.3205
      ]
    },
    "edges": [
      {
        "start": "2443957422",
        "end": "2443957422",
        "reverse": false,
        "shape": {
          "type": "polyline",
          "points": [
            [
              617.41995,
              638.72175
            ],
            [
              669.51884,
              608.50755
            ],
            [
              617.41995,
              638.72175
            ]
          ]
        },
        "metadata": {
          "segment_id": 42544,
          "street_id": 255873689,
          "street_name": "Li\u00ean ph\u01b0\u1eddng",
          "street_type": "tertiary",
          "street_level": 4,
          "street_group": "255873689",
          "composite": true
        },
        "length_hint": 120.45235109157643,
        "speed_limit": 13.88888888888889
      },
      {
        "start": "2443957422",
        "end": "2443957422",
        "reverse": false,
        "shape": {
          "type": "polyline",
          "points": [
            [
              617.41995,
              638.72175
            ],
            [
              609.63682,
              643.2339
            ],
            [
              617.41995,
              638.72175
            ]
          ]
        },
        "metadata": {
          "segment_id": 42545,
          "street_id": 255873689,
          "street_name": "Li\u00ean ph\u01b0\u1eddng",
          "street_type": "tertiary",
          "street_level": 4,
          "street_group": "255873689",
          "composite": true
        },
        "length_hint": 17.992955312499344,
        "speed_limit": 13.88888888888889
      },
      {
        "start": "2443949059",
        "end": "2443949059",
        "reverse": false,
        "shape": {
          "type": "polyline",
          "points": [
            [
              383.49965,
              584.83125
            ],
            [
              472.69413,
              631.9785
            ],
            [
              383.49965,
              584.83125
            ]
          ]
        },
        "metadata": {
          "segment_id": 42568,
          "street_id": 255873689,
          "street_name": "Li\u00ean ph\u01b0\u1eddng",
          "street_type": "tertiary",
          "street_level": 4,
          "street_group": "255873689",
          "composite": true
        },
        "length_hint": 201.77728757254033,
        "speed_limit": 13.88888888888889
      },
      {
        "start": "2443949059",
        "end": "2443949059",
        "reverse": false,
        "shape": {
          "type": "polyline",
          "points": [
            [
              383.49965,
              584.83125
            ],
            [
              316.5669,
              543.1452
            ],
            [
              383.49965,
              584.83125
            ]
          ]
        },
        "metadata": {
          "segment_id": 42569,
          "street_id": 255873689,
          "street_name": "Li\u00ean ph\u01b0\u1eddng",
          "street_type": "tertiary",
          "street_level": 4,
          "street_group": "255873689",
          "composite": true
        },
        "length_hint": 157.70503843777462,
        "speed_limit": 13.88888888888889
      },
      {
        "start": "5733113155",
        "end": "5733113155",
        "reverse": false,
        "shape": {
          "type": "polyline",
          "points": [
            [
              316.5669,
              543.1452
            ],
            [
              285.97547,
              524.09205
            ],
            [
              316.5669,
              543.1452
            ]
          ]
        },
        "metadata": {
          "segment_id": 42571,
          "street_id": 255873689,
          "street_name": "Li\u00ean ph\u01b0\u1eddng",
          "street_type": "tertiary",
          "street_level": 4,
          "street_group": "255873689",
          "composite": true
        },
        "length_hint": 72.0793483424317,
        "speed_limit": 13.88888888888889
      },
      {
        "start": "2443957336",
        "end": "2443957336",
        "reverse": false,
        "shape": {
          "type": "polyline",
          "points": [
            [
              265.63766,
              511.42695
            ],
            [
              285.97547,
              524.09205
            ],
            [
              265.63766,
              511.42695
            ]
          ]
        },
        "metadata": {
          "segment_id": 42574,
          "street_id": 255873689,
          "street_name": "Li\u00ean ph\u01b0\u1eddng",
          "street_type": "tertiary",
          "street_level": 4,
          "street_group": "255873689",
          "composite": true
        },
        "length_hint": 47.917899520162585,
        "speed_limit": 13.88888888888889
      },
      {
        "start": "2635150553",
        "end": "2635150553",
        "reverse": false,
        "shape": {
          "type": "polyline",
          "points": [
            [
              500.41061,
              646.6305
            ],
            [
              510.75168,
              652.09725
            ],
            [
              500.41061,
              646.6305
            ]
          ]
        },
        "metadata": {
          "segment_id": 42562,
          "street_id": 255873689,
          "street_name": "Li\u00ean ph\u01b0\u1eddng",
          "street_type": "tertiary",
          "street_level": 4,
          "street_group": "255873689",
          "composite": true
        },
        "length_hint": 23.394280010925797,
        "speed_limit": 13.88888888888889
      },
      {
        "start": "2635150553",
        "end": "2635150553",
        "reverse": false,
        "shape": {
          "type": "polyline",
          "points": [
            [
              500.41061,
              646.6305
            ],
            [
              496.65022,
              644.6436
            ],
            [
              500.41061,
              646.6305
            ]
          ]
        },
        "metadata": {
          "segment_id": 42563,
          "street_id": 255873689,
          "street_name": "Li\u00ean ph\u01b0\u1eddng",
          "street_type": "tertiary",
          "street_level": 4,
          "street_group": "255873689",
          "composite": true
        },
        "length_hint": 8.506069494684413,
        "speed_limit": 13.88888888888889
      },
      {
        "start": "2635153784",
        "end": "2635153784",
        "reverse": false,
        "shape": {
          "type": "polyline",
          "points": [
            [
              496.65022,
              644.6436
            ],
            [
              472.69413,
              631.9785
            ],
            [
              496.65022,
              644.6436
            ]
          ]
        },
        "metadata": {
          "segment_id": 42565,
          "street_id": 255873689,
          "street_name": "Li\u00ean ph\u01b0\u1eddng",
          "street_type": "tertiary",
          "street_level": 4,
          "street_group": "255873689",
          "composite": true
        },
        "length_hint": 54.19590412930111,
        "speed_limit": 13.88888888888889
      },
      {
        "start": "1637455236",
        "end": "1637455236",
        "reverse": false,
        "shape": {
          "type": "polyline",
          "points": [
            [
              526.83172,
              658.04685
            ],
            [
              540.33742,
              659.94495
            ],
            [
              526.83172,
              658.04685
            ]
          ]
        },
        "metadata": {
          "segment_id": 42556,
          "street_id": 255873689,
          "street_name": "Li\u00ean ph\u01b0\u1eddng",
          "street_type": "tertiary",
          "street_level": 4,
          "street_group": "255873689",
          "composite": true
        },
        "length_hint": 27.27685583787092,
        "speed_limit": 13.88888888888889
      },
      {
        "start": "1637455236",
        "end": "1637455236",
        "reverse": false,
        "shape": {
          "type": "polyline",
          "points": [
            [
              526.83172,
              658.04685
            ],
            [
              520.99984,
              655.8879
            ],
            [
              526.83172,
              658.04685
            ]
          ]
        },
        "metadata": {
          "segment_id": 42557,
          "street_id": 255873689,
          "street_name": "Li\u00ean ph\u01b0\u1eddng",
          "street_type": "tertiary",
          "street_level": 4,
          "street_group": "255873689",
          "composite": true
        },
        "length_hint": 12.437345285373535,
        "speed_limit": 13.88888888888889
      },
      {
        "start": "2443957352",
        "end": "2443957352",
        "reverse": false,
        "shape": {
          "type": "polyline",
          "points": [
            [
              510.75168,
              652.09725
            ],
            [
              520.99984,
              655.8879
            ],
            [
              510.75168,
              652.09725
            ]
          ]
        },
        "metadata": {
          "segment_id": 42560,
          "street_id": 255873689,
          "street_name": "Li\u00ean ph\u01b0\u1eddng",
          "street_type": "tertiary",
          "street_level": 4,
          "street_group": "255873689",
          "composite": true
        },
        "length_hint": 21.853494988957518,
        "speed_limit": 13.88888888888889
      },
      {
        "start": "1637455243",
        "end": "1637455243",
        "reverse": false,
        "shape": {
          "type": "polyline",
          "points": [
            [
              580.75615,
              654.87225
            ],
            [
              609.63682,
              643.2339
            ],
            [
              580.75615,
              654.87225
            ]
          ]
        },
        "metadata": {
          "segment_id": 42548,
          "street_id": 255873689,
          "street_name": "Li\u00ean ph\u01b0\u1eddng",
          "street_type": "tertiary",
          "street_level": 4,
          "street_group": "255873689",
          "composite": true
        },
        "length_hint": 62.2750123362941,
        "speed_limit": 13.88888888888889
      },
      {
        "start": "1637455243",
        "end": "1637455243",
        "reverse": false,
        "shape": {
          "type": "polyline",
          "points": [
            [
              580.75615,
              654.87225
            ],
            [
              568.80817,
              657.8859
            ],
            [
              580.75615,
              654.87225
            ]
          ]
        },
        "metadata": {
          "segment_id": 42549,
          "street_id": 255873689,
          "street_name": "Li\u00ean ph\u01b0\u1eddng",
          "street_type": "tertiary",
          "street_level": 4,
          "street_group": "255873689",
          "composite": true
        },
        "length_hint": 24.64437561821363,
        "speed_limit": 13.88888888888889
      },
      {
        "start": "1637455238",
        "end": "1637455238",
        "reverse": false,
        "shape": {
          "type": "polyline",
          "points": [
            [
              554.61379,
              659.5842
            ],
            [
              568.80817,
              657.8859
            ],
            [
              554.61379,
              659.5842
            ]
          ]
        },
        "metadata": {
          "segment_id": 42552,
          "street_id": 255873689,
          "street_name": "Li\u00ean ph\u01b0\u1eddng",
          "street_type": "tertiary",
          "street_level": 4,
          "street_group": "255873689",
          "composite": true
        },
        "length_hint": 28.591232675378006,
        "speed_limit": 13.88888888888889
      },
      {
        "start": "1637455238",
        "end": "1637455238",
        "reverse": false,
        "shape": {
          "type": "polyline",
          "points": [
            [
              554.61379,
              659.5842
            ],
            [
              540.33742,
              659.94495
            ],
            [
              554.61379,
              659.5842
            ]
          ]
        },
        "metadata": {
          "segment_id": 42553,
          "street_id": 255873689,
          "street_name": "Li\u00ean ph\u01b0\u1eddng",
          "street_type": "tertiary",
          "street_level": 4,
          "street_group": "255873689",
          "composite": true
        },
        "length_hint": 28.56185434732144,
        "speed_limit": 13.88888888888889
      },
      {
        "start": "5758075888",
        "end": "5758075888",
        "reverse": false,
        "shape": {
          "type": "polyline",
          "points": [
            [
              870.56306,
              487.5564
            ],
            [
              841.33805,
              505.8492
            ],
            [
              870.56306,
              487.5564
            ]
          ]
        },
        "metadata": {
          "segment_id": 42529,
          "street_id": 255873689,
          "street_name": "Li\u00ean ph\u01b0\u1eddng",
          "street_type": "tertiary",
          "street_level": 4,
          "street_group": "255873689",
          "composite": true
        },
        "length_hint": 68.95586244374294,
        "speed_limit": 11.11111111111111
      },
      {
        "start": "5738559850",
        "end": "5738559850",
        "reverse": false,
        "shape": {
          "type": "polyline",
          "points": [
            [
              763.99317,
              549.72195
            ],
            [
              786.20024,
              536.22435
            ],
            [
              763.99317,
              549.72195
            ]
          ]
        },
        "metadata": {
          "segment_id": 42536,
          "street_id": 255873689,
          "street_name": "Li\u00ean ph\u01b0\u1eddng",
          "street_type": "tertiary",
          "street_level": 4,
          "street_group": "255873689",
          "composite": true
        },
        "length_hint": 51.97457700625962,
        "speed_limit": 13.88888888888889
      },
      {
        "start": "5738559850",
        "end": "5738559850",
        "reverse": false,
        "shape": {
          "type": "polyline",
          "points": [
            [
              763.99317,
              549.72195
            ],
            [
              759.66435,
              552.0807
            ],
            [
              763.99317,
              549.72195
            ]
          ]
        },
        "metadata": {
          "segment_id": 42537,
          "street_id": 255873689,
          "street_name": "Li\u00ean ph\u01b0\u1eddng",
          "street_type": "tertiary",
          "street_level": 4,
          "street_group": "255873689",
          "composite": true
        },
        "length_hint": 9.859489673385639,
        "speed_limit": 13.88888888888889
      },
      {
        "start": "5758075887",
        "end": "5758075887",
        "reverse": false,
        "shape": {
          "type": "polyline",
          "points": [
            [
              841.33805,
              505.8492
            ],
            [
              793.51333,
              532.3116
            ],
            [
              841.33805,
              505.8492
            ]
          ]
        },
        "metadata": {
          "segment_id": 42531,
          "street_id": 255873689,
          "street_name": "Li\u00ean ph\u01b0\u1eddng",
          "street_type": "tertiary",
          "street_level": 4,
          "street_group": "255873689",
          "composite": true
        },
        "length_hint": 109.31536866952233,
        "speed_limit": 13.88888888888889
      },
      {
        "start": "5758075886",
        "end": "5758075886",
        "reverse": false,
        "shape": {
          "type": "polyline",
          "points": [
            [
              786.20024,
              536.22435
            ],
            [
              793.51333,
              532.3116
            ],
            [
              786.20024,
              536.22435
            ]
          ]
        },
        "metadata": {
          "segment_id": 42534,
          "street_id": 255873689,
          "street_name": "Li\u00ean ph\u01b0\u1eddng",
          "street_type": "tertiary",
          "street_level": 4,
          "street_group": "255873689",
          "composite": true
        },
        "length_hint": 16.588055692045348,
        "speed_limit": 13.88888888888889
      },
      {
        "start": "1637455235",
        "end": "1637455235",
        "reverse": false,
        "shape": {
          "type": "polyline",
          "points": [
            [
              759.66435,
              552.0807
            ],
            [
              741.49096,
              564.31845
            ],
            [
              759.66435,
              552.0807
            ]
          ]
        },
        "metadata": {
          "segment_id": 42539,
          "street_id": 255873689,
          "street_name": "Li\u00ean ph\u01b0\u1eddng",
          "street_type": "tertiary",
          "street_level": 4,
          "street_group": "255873689",
          "composite": true
        },
        "length_hint": 43.81938516933352,
        "speed_limit": 13.88888888888889
      },
      {
        "start": "2635178342",
        "end": "2635178342",
        "reverse": false,
        "shape": {
          "type": "polyline",
          "points": [
            [
              741.49096,
              564.31845
            ],
            [
              669.51884,
              608.50755
            ],
            [
              741.49096,
              564.31845
            ]
          ]
        },
        "metadata": {
          "segment_id": 42541,
          "street_id": 255873689,
          "street_name": "Li\u00ean ph\u01b0\u1eddng",
          "street_type": "tertiary",
          "street_level": 4,
          "street_group": "255873689",
          "composite": true
        },
        "length_hint": 168.91018460832262,
        "speed_limit": 13.88888888888889
      },
      {
        "start": "366393245",
        "end": "366393245",
        "reverse": false,
        "shape": {
          "type": "polyline",
          "points": [
            [
              14.30369,
              786.9345
            ],
            [
              10.30281,
              804.3837
            ],
            [
              14.30369,
              786.9345
            ]
          ]
        },
        "metadata": {
          "segment_id": 24465,
          "street_id": 137187359,
          "street_name": "C\u1ed1ng \u0111\u1eadp Ra\u0323ch Chi\u00ea\u0301c",
          "street_type": "secondary",
          "street_level": 3,
          "street_group": "137187359",
          "composite": true
        },
        "length_hint": 35.80400097276284,
        "speed_limit": 11.11111111111111
      },
      {
        "start": "2443945193",
        "end": "2443945193",
        "reverse": false,
        "shape": {
          "type": "polyline",
          "points": [
            [
              9.05664,
              810.2334
            ],
            [
              10.30281,
              804.3837
            ],
            [
              9.05664,
              810.2334
            ]
          ]
        },
        "metadata": {
          "segment_id": 51948,
          "street_id": 330532295,
          "street_name": "\u0110\u1ed7 Xu\u00e2n H\u1ee3p",
          "street_type": "secondary",
          "street_level": 3,
          "street_group": "330532295",
          "composite": true
        },
        "length_hint": 11.961927897943509,
        "speed_limit": 11.11111111111111
      },
      {
        "start": "4578422126",
        "end": "5733570800",
        "reverse": false,
        "shape": {
          "type": "polyline",
          "points": [
            [
              852.55364,
              1066.0218
            ],
            [
              862.9275,
              975.42915
            ],
            [
              867.55694,
              941.4465
            ],
            [
              868.03792,
              864.19605
            ],
            [
              868.07071,
              859.3731
            ],
            [
              868.77032,
              852.8685
            ],
            [
              869.0272,
              826.839
            ]
          ]
        },
        "metadata": {
          "segment_id": 61270,
          "street_id": 462441997,
          "street_name": "V\u00f5 Ch\u00ed C\u00f4ng",
          "street_type": "secondary",
          "street_level": 3,
          "street_group": "462441997",
          "composite": true
        },
        "length_hint": 240.12910177943093,
        "speed_limit": 11.11111111111111
      },
      {
        "start": "2443918707",
        "end": "5733570797",
        "reverse": false,
        "shape": {
          "type": "polyline",
          "points": [
            [
              896.53599,
              492.8289
            ],
            [
              898.46537,
              550.5489
            ],
            [
              895.61229,
              688.1445
            ],
            [
              891.4857,
              756.48165
            ]
          ]
        },
        "metadata": {
          "segment_id": 72253,
          "street_id": 604182459,
          "street_name": "V\u00f5 Ch\u00ed C\u00f4ng",
          "street_type": "secondary",
          "street_level": 3,
          "street_group": "604182459",
          "composite": true
        },
        "length_hint": 263.8390439819637,
        "speed_limit": 11.11111111111111
      },
      {
        "start": "5735953424",
        "end": "5735953424",
        "reverse": false,
        "shape": {
          "type": "polyline",
          "points": [
            [
              998.81531,
              468.4533
            ],
            [
              1072.50912,
              465.9114
            ],
            [
              998.81531,
              468.4533
            ]
          ]
        },
        "metadata": {
          "segment_id": 43433,
          "street_id": 260948051,
          "street_name": "Li\u00ean ph\u01b0\u1eddng",
          "street_type": "tertiary",
          "street_level": 4,
          "street_group": "260948051",
          "composite": true
        },
        "length_hint": 147.4752709836615,
        "speed_limit": 13.88888888888889
      },
      {
        "start": "5735953424",
        "end": "5735953424",
        "reverse": false,
        "shape": {
          "type": "polyline",
          "points": [
            [
              998.81531,
              468.4533
            ],
            [
              953.73983,
              468.3423
            ],
            [
              998.81531,
              468.4533
            ]
          ]
        },
        "metadata": {
          "segment_id": 43434,
          "street_id": 260948051,
          "street_name": "Li\u00ean ph\u01b0\u1eddng",
          "street_type": "tertiary",
          "street_level": 4,
          "street_group": "260948051",
          "composite": true
        },
        "length_hint": 90.15123334110072,
        "speed_limit": 13.88888888888889
      },
      {
        "start": "3246076437",
        "end": "2592830384",
        "reverse": false,
        "shape": {
          "type": "polyline",
          "points": [
            [
              922.25203,
              3.69075
            ],
            [
              848.70033,
              14.8185
            ],
            [
              816.74248,
              18.84225
            ],
            [
              757.51634,
              23.7873
            ]
          ]
        },
        "metadata": {
          "segment_id": 54303,
          "street_id": 339313797,
          "street_name": "\u0110\u01b0\u1eddng Cao t\u1ed1c Tp. H\u1ed3 Ch\u00ed Minh-Long Th\u00e0nh-D\u1ea7u Gi\u00e2y",
          "street_type": "motorway",
          "street_level": 1,
          "street_group": "339313797",
          "composite": true
        },
        "length_hint": 166.03109332119195,
        "speed_limit": 27.77777777777778
      },
      {
        "start": "4624372132",
        "end": "4624372132",
        "reverse": false,
        "shape": {
          "type": "polyline",
          "points": [
            [
              358.61439,
              37.7067
            ],
            [
              556.28082,
              41.181
            ],
            [
              358.61439,
              37.7067
            ]
          ]
        },
        "metadata": {
          "segment_id": 61635,
          "street_id": 464034420,
          "street_name": "\u0111\u01b0\u1eddng song h\u00e0nh cao t\u1ed1c Long Th\u00e0nh D\u1ea7u Gi\u00e2y",
          "street_type": "unclassified",
          "street_level": 4,
          "street_group": "464034420",
          "composite": true
        },
        "length_hint": 395.3939215993836,
        "speed_limit": 11.11111111111111
      },
      {
        "start": "5758075900",
        "end": "5758075900",
        "reverse": false,
        "shape": {
          "type": "polyline",
          "points": [
            [
              168.80215,
              290.3205
            ],
            [
              156.62461,
              333.7104
            ],
            [
              168.80215,
              290.3205
            ]
          ]
        },
        "metadata": {
          "segment_id": 24511,
          "street_id": 137187360,
          "street_name": "\u0110\u1ed7 Xu\u00e2n H\u1ee3p",
          "street_type": "secondary",
          "street_level": 3,
          "street_group": "137187360",
          "composite": true
        },
        "length_hint": 90.1327000030866,
        "speed_limit": 11.11111111111111
      },
      {
        "start": "5758075900",
        "end": "5758075900",
        "reverse": false,
        "shape": {
          "type": "polyline",
          "points": [
            [
              168.80215,
              290.3205
            ],
            [
              185.29212,
              231.7347
            ],
            [
              168.80215,
              290.3205
            ]
          ]
        },
        "metadata": {
          "segment_id": 24512,
          "street_id": 137187360,
          "street_name": "\u0110\u1ed7 Xu\u00e2n H\u1ee3p",
          "street_type": "secondary",
          "street_level": 3,
          "street_group": "137187360",
          "composite": true
        },
        "length_hint": 121.72452624251035,
        "speed_limit": 11.11111111111111
      },
      {
        "start": "5758075898",
        "end": "5758075898",
        "reverse": false,
        "shape": {
          "type": "polyline",
          "points": [
            [
              194.00442,
              201.3207
            ],
            [
              185.29212,
              231.7347
            ],
            [
              194.00442,
              201.3207
            ]
          ]
        },
        "metadata": {
          "segment_id": 24515,
          "street_id": 137187360,
          "street_name": "\u0110\u1ed7 Xu\u00e2n H\u1ee3p",
          "street_type": "secondary",
          "street_level": 3,
          "street_group": "137187360",
          "composite": true
        },
        "length_hint": 63.27449935922056,
        "speed_limit": 11.11111111111111
      },
      {
        "start": "5758075898",
        "end": "5758075898",
        "reverse": false,
        "shape": {
          "type": "polyline",
          "points": [
            [
              194.00442,
              201.3207
            ],
            [
              198.59013,
              184.8816
            ],
            [
              194.00442,
              201.3207
            ]
          ]
        },
        "metadata": {
          "segment_id": 24516,
          "street_id": 137187360,
          "street_name": "\u0110\u1ed7 Xu\u00e2n H\u1ee3p",
          "street_type": "secondary",
          "street_level": 3,
          "street_group": "137187360",
          "composite": true
        },
        "length_hint": 34.13342906970231,
        "speed_limit": 11.11111111111111
      },
      {
        "start": "2635022980",
        "end": "2635022980",
        "reverse": false,
        "shape": {
          "type": "polyline",
          "points": [
            [
              231.03989,
              73.47645
            ],
            [
              224.53572,
              98.0019
            ],
            [
              231.03989,
              73.47645
            ]
          ]
        },
        "metadata": {
          "segment_id": 24523,
          "street_id": 137187360,
          "street_name": "\u0110\u1ed7 Xu\u00e2n H\u1ee3p",
          "street_type": "secondary",
          "street_level": 3,
          "street_group": "137187360",
          "composite": true
        },
        "length_hint": 50.746504316707394,
        "speed_limit": 11.11111111111111
      },
      {
        "start": "2635022980",
        "end": "2635022980",
        "reverse": false,
        "shape": {
          "type": "polyline",
          "points": [
            [
              231.03989,
              73.47645
            ],
            [
              240.12385,
              33.3888
            ],
            [
              231.03989,
              73.47645
            ]
          ]
        },
        "metadata": {
          "segment_id": 24524,
          "street_id": 137187360,
          "street_name": "\u0110\u1ed7 Xu\u00e2n H\u1ee3p",
          "street_type": "secondary",
          "street_level": 3,
          "street_group": "137187360",
          "composite": true
        },
        "length_hint": 82.20798043509157,
        "speed_limit": 11.11111111111111
      },
      {
        "start": "2635022960",
        "end": "2635022960",
        "reverse": false,
        "shape": {
          "type": "polyline",
          "points": [
            [
              198.59013,
              184.8816
            ],
            [
              215.32058,
              130.2474
            ],
            [
              198.59013,
              184.8816
            ]
          ]
        },
        "metadata": {
          "segment_id": 24518,
          "street_id": 137187360,
          "street_name": "\u0110\u1ed7 Xu\u00e2n H\u1ee3p",
          "street_type": "secondary",
          "street_level": 3,
          "street_group": "137187360",
          "composite": true
        },
        "length_hint": 114.27692272445036,
        "speed_limit": 11.11111111111111
      },
      {
        "start": "5735907988",
        "end": "5735907988",
        "reverse": false,
        "shape": {
          "type": "polyline",
          "points": [
            [
              215.32058,
              130.2474
            ],
            [
              224.53572,
              98.0019
            ],
            [
              215.32058,
              130.2474
            ]
          ]
        },
        "metadata": {
          "segment_id": 24520,
          "street_id": 137187360,
          "street_name": "\u0110\u1ed7 Xu\u00e2n H\u1ee3p",
          "street_type": "secondary",
          "street_level": 3,
          "street_group": "137187360",
          "composite": true
        },
        "length_hint": 67.07282834261872,
        "speed_limit": 11.11111111111111
      },
      {
        "start": "5963137808",
        "end": "5963137808",
        "reverse": false,
        "shape": {
          "type": "polyline",
          "points": [
            [
              249.8473,
              1.0878
            ],
            [
              240.12385,
              33.3888
            ],
            [
              249.8473,
              1.0878
            ]
          ]
        },
        "metadata": {
          "segment_id": 24527,
          "street_id": 137187360,
          "street_name": "\u0110\u1ed7 Xu\u00e2n H\u1ee3p",
          "street_type": "secondary",
          "street_level": 3,
          "street_group": "137187360",
          "composite": true
        },
        "length_hint": 67.46554916110888,
        "speed_limit": 11.11111111111111
      },
      {
        "start": "2443945208",
        "end": "2443945208",
        "reverse": false,
        "shape": {
          "type": "polyline",
          "points": [
            [
              16.40798,
              778.72605
            ],
            [
              15.06889,
              783.9486
            ],
            [
              16.40798,
              778.72605
            ]
          ]
        },
        "metadata": {
          "segment_id": 24469,
          "street_id": 137187360,
          "street_name": "\u0110\u1ed7 Xu\u00e2n H\u1ee3p",
          "street_type": "secondary",
          "street_level": 3,
          "street_group": "137187360",
          "composite": true
        },
        "length_hint": 10.78298484290889,
        "speed_limit": 11.11111111111111
      },
      {
        "start": "2443945208",
        "end": "2443945208",
        "reverse": false,
        "shape": {
          "type": "polyline",
          "points": [
            [
              16.40798,
              778.72605
            ],
            [
              21.94472,
              755.12745
            ],
            [
              16.40798,
              778.72605
            ]
          ]
        },
        "metadata": {
          "segment_id": 24470,
          "street_id": 137187360,
          "street_name": "\u0110\u1ed7 Xu\u00e2n H\u1ee3p",
          "street_type": "secondary",
          "street_level": 3,
          "street_group": "137187360",
          "composite": true
        },
        "length_hint": 48.47883710600334,
        "speed_limit": 11.11111111111111
      },
      {
        "start": "366393245",
        "end": "366393245",
        "reverse": false,
        "shape": {
          "type": "polyline",
          "points": [
            [
              14.30369,
              786.9345
            ],
            [
              15.06889,
              783.9486
            ],
            [
              14.30369,
              786.9345
            ]
          ]
        },
        "metadata": {
          "segment_id": 24466,
          "street_id": 137187360,
          "street_name": "\u0110\u1ed7 Xu\u00e2n H\u1ee3p",
          "street_type": "secondary",
          "street_level": 3,
          "street_group": "137187360",
          "composite": true
        },
        "length_hint": 6.1647805638155235,
        "speed_limit": 11.11111111111111
      },
      {
        "start": "5748826315",
        "end": "5748826315",
        "reverse": false,
        "shape": {
          "type": "polyline",
          "points": [
            [
              50.34987,
              705.294
            ],
            [
              40.30941,
              723.5979
            ],
            [
              50.34987,
              705.294
            ]
          ]
        },
        "metadata": {
          "segment_id": 24475,
          "street_id": 137187360,
          "street_name": "\u0110\u1ed7 Xu\u00e2n H\u1ee3p",
          "street_type": "secondary",
          "street_level": 3,
          "street_group": "137187360",
          "composite": true
        },
        "length_hint": 41.75373478967361,
        "speed_limit": 11.11111111111111
      },
      {
        "start": "5748826315",
        "end": "5748826315",
        "reverse": false,
        "shape": {
          "type": "polyline",
          "points": [
            [
              50.34987,
              705.294
            ],
            [
              52.42683,
              695.859
            ],
            [
              50.34987,
              705.294
            ]
          ]
        },
        "metadata": {
          "segment_id": 24476,
          "street_id": 137187360,
          "street_name": "\u0110\u1ed7 Xu\u00e2n H\u1ee3p",
          "street_type": "secondary",
          "street_level": 3,
          "street_group": "137187360",
          "composite": true
        },
        "length_hint": 19.321799899760784,
        "speed_limit": 11.11111111111111
      },
      {
        "start": "5748826317",
        "end": "5748826317",
        "reverse": false,
        "shape": {
          "type": "polyline",
          "points": [
            [
              21.94472,
              755.12745
            ],
            [
              40.30941,
              723.5979
            ],
            [
              21.94472,
              755.12745
            ]
          ]
        },
        "metadata": {
          "segment_id": 24472,
          "street_id": 137187360,
          "street_name": "\u0110\u1ed7 Xu\u00e2n H\u1ee3p",
          "street_type": "secondary",
          "street_level": 3,
          "street_group": "137187360",
          "composite": true
        },
        "length_hint": 72.97600597452832,
        "speed_limit": 11.11111111111111
      },
      {
        "start": "3178488399",
        "end": "3178488399",
        "reverse": false,
        "shape": {
          "type": "polyline",
          "points": [
            [
              124.68863,
              442.64025
            ],
            [
              121.99951,
              450.8376
            ],
            [
              124.68863,
              442.64025
            ]
          ]
        },
        "metadata": {
          "segment_id": 24499,
          "street_id": 137187360,
          "street_name": "\u0110\u1ed7 Xu\u00e2n H\u1ee3p",
          "street_type": "secondary",
          "street_level": 3,
          "street_group": "137187360",
          "composite": true
        },
        "length_hint": 17.254322750766022,
        "speed_limit": 11.11111111111111
      },
      {
        "start": "3178488399",
        "end": "3178488399",
        "reverse": false,
        "shape": {
          "type": "polyline",
          "points": [
            [
              124.68863,
              442.64025
            ],
            [
              128.3561,
              429.6477
            ],
            [
              124.68863,
              442.64025
            ]
          ]
        },
        "metadata": {
          "segment_id": 24500,
          "street_id": 137187360,
          "street_name": "\u0110\u1ed7 Xu\u00e2n H\u1ee3p",
          "street_type": "secondary",
          "street_level": 3,
          "street_group": "137187360",
          "composite": true
        },
        "length_hint": 27.000495677183395,
        "speed_limit": 11.11111111111111
      },
      {
        "start": "5748826311",
        "end": "5748826311",
        "reverse": false,
        "shape": {
          "type": "polyline",
          "points": [
            [
              58.70144,
              669.9516
            ],
            [
              52.42683,
              695.859
            ],
            [
              58.70144,
              669.9516
            ]
          ]
        },
        "metadata": {
          "segment_id": 24479,
          "street_id": 137187360,
          "street_name": "\u0110\u1ed7 Xu\u00e2n H\u1ee3p",
          "street_type": "secondary",
          "street_level": 3,
          "street_group": "137187360",
          "composite": true
        },
        "length_hint": 53.31281667337049,
        "speed_limit": 11.11111111111111
      },
      {
        "start": "5748826311",
        "end": "5748826311",
        "reverse": false,
        "shape": {
          "type": "polyline",
          "points": [
            [
              58.70144,
              669.9516
            ],
            [
              59.2644,
              668.07015
            ],
            [
              58.70144,
              669.9516
            ]
          ]
        },
        "metadata": {
          "segment_id": 24480,
          "street_id": 137187360,
          "street_name": "\u0110\u1ed7 Xu\u00e2n H\u1ee3p",
          "street_type": "secondary",
          "street_level": 3,
          "street_group": "137187360",
          "composite": true
        },
        "length_hint": 3.927736276330121,
        "speed_limit": 11.11111111111111
      },
      {
        "start": "5751292639",
        "end": "5751292639",
        "reverse": false,
        "shape": {
          "type": "polyline",
          "points": [
            [
              89.10703,
              565.86135
            ],
            [
              86.39059,
              577.2888
            ],
            [
              89.10703,
              565.86135
            ]
          ]
        },
        "metadata": {
          "segment_id": 24487,
          "street_id": 137187360,
          "street_name": "\u0110\u1ed7 Xu\u00e2n H\u1ee3p",
          "street_type": "secondary",
          "street_level": 3,
          "street_group": "137187360",
          "composite": true
        },
        "length_hint": 23.491756833076614,
        "speed_limit": 11.11111111111111
      },
      {
        "start": "5751292639",
        "end": "5751292639",
        "reverse": false,
        "shape": {
          "type": "polyline",
          "points": [
            [
              89.10703,
              565.86135
            ],
            [
              95.25592,
              539.9928
            ],
            [
              89.10703,
              565.86135
            ]
          ]
        },
        "metadata": {
          "segment_id": 24488,
          "street_id": 137187360,
          "street_name": "\u0110\u1ed7 Xu\u00e2n H\u1ee3p",
          "street_type": "secondary",
          "street_level": 3,
          "street_group": "137187360",
          "composite": true
        },
        "length_hint": 53.17859446561564,
        "speed_limit": 11.11111111111111
      },
      {
        "start": "5881087218",
        "end": "5881087218",
        "reverse": false,
        "shape": {
          "type": "polyline",
          "points": [
            [
              59.2644,
              668.07015
            ],
            [
              83.14944,
              588.0558
            ],
            [
              59.2644,
              668.07015
            ]
          ]
        },
        "metadata": {
          "segment_id": 24482,
          "street_id": 137187360,
          "street_name": "\u0110\u1ed7 Xu\u00e2n H\u1ee3p",
          "street_type": "secondary",
          "street_level": 3,
          "street_group": "137187360",
          "composite": true
        },
        "length_hint": 167.0064830085839,
        "speed_limit": 11.11111111111111
      },
      {
        "start": "5733113134",
        "end": "5733113134",
        "reverse": false,
        "shape": {
          "type": "polyline",
          "points": [
            [
              83.14944,
              588.0558
            ],
            [
              86.39059,
              577.2888
            ],
            [
              83.14944,
              588.0558
            ]
          ]
        },
        "metadata": {
          "segment_id": 24484,
          "street_id": 137187360,
          "street_name": "\u0110\u1ed7 Xu\u00e2n H\u1ee3p",
          "street_type": "secondary",
          "street_level": 3,
          "street_group": "137187360",
          "composite": true
        },
        "length_hint": 22.48851638703618,
        "speed_limit": 11.11111111111111
      },
      {
        "start": "5748826313",
        "end": "5748826313",
        "reverse": false,
        "shape": {
          "type": "polyline",
          "points": [
            [
              95.25592,
              539.9928
            ],
            [
              97.14705,
              532.8666
            ],
            [
              95.25592,
              539.9928
            ]
          ]
        },
        "metadata": {
          "segment_id": 24490,
          "street_id": 137187360,
          "street_name": "\u0110\u1ed7 Xu\u00e2n H\u1ee3p",
          "street_type": "secondary",
          "street_level": 3,
          "street_group": "137187360",
          "composite": true
        },
        "length_hint": 14.74572468438232,
        "speed_limit": 11.11111111111111
      },
      {
        "start": "366419478",
        "end": "366419478",
        "reverse": false,
        "shape": {
          "type": "polyline",
          "points": [
            [
              98.64465,
              527.0169
            ],
            [
              97.14705,
              532.8666
            ],
            [
              98.64465,
              527.0169
            ]
          ]
        },
        "metadata": {
          "segment_id": 24493,
          "street_id": 137187360,
          "street_name": "\u0110\u1ed7 Xu\u00e2n H\u1ee3p",
          "street_type": "secondary",
          "street_level": 3,
          "street_group": "137187360",
          "composite": true
        },
        "length_hint": 12.076720722116551,
        "speed_limit": 11.11111111111111
      },
      {
        "start": "366419478",
        "end": "366419478",
        "reverse": false,
        "shape": {
          "type": "polyline",
          "points": [
            [
              98.64465,
              527.0169
            ],
            [
              119.09723,
              458.1747
            ],
            [
              98.64465,
              527.0169
            ]
          ]
        },
        "metadata": {
          "segment_id": 24494,
          "street_id": 137187360,
          "street_name": "\u0110\u1ed7 Xu\u00e2n H\u1ee3p",
          "street_type": "secondary",
          "street_level": 3,
          "street_group": "137187360",
          "composite": true
        },
        "length_hint": 143.6322600183733,
        "speed_limit": 11.11111111111111
      },
      {
        "start": "366471867",
        "end": "366471867",
        "reverse": false,
        "shape": {
          "type": "polyline",
          "points": [
            [
              121.99951,
              450.8376
            ],
            [
              119.09723,
              458.1747
            ],
            [
              121.99951,
              450.8376
            ]
          ]
        },
        "metadata": {
          "segment_id": 24497,
          "street_id": 137187360,
          "street_name": "\u0110\u1ed7 Xu\u00e2n H\u1ee3p",
          "street_type": "secondary",
          "street_level": 3,
          "street_group": "137187360",
          "composite": true
        },
        "length_hint": 15.780527951675065,
        "speed_limit": 11.11111111111111
      },
      {
        "start": "366381855",
        "end": "366381855",
        "reverse": false,
        "shape": {
          "type": "polyline",
          "points": [
            [
              156.62461,
              333.7104
            ],
            [
              151.71096,
              350.6823
            ],
            [
              156.62461,
              333.7104
            ]
          ]
        },
        "metadata": {
          "segment_id": 24509,
          "street_id": 137187360,
          "street_name": "\u0110\u1ed7 Xu\u00e2n H\u1ee3p",
          "street_type": "secondary",
          "street_level": 3,
          "street_group": "137187360",
          "composite": true
        },
        "length_hint": 35.33776144197592,
        "speed_limit": 11.11111111111111
      },
      {
        "start": "5735908014",
        "end": "5735908014",
        "reverse": false,
        "shape": {
          "type": "polyline",
          "points": [
            [
              141.3207,
              386.57415
            ],
            [
              137.53298,
              399.66105
            ],
            [
              141.3207,
              386.57415
            ]
          ]
        },
        "metadata": {
          "segment_id": 24505,
          "street_id": 137187360,
          "street_name": "\u0110\u1ed7 Xu\u00e2n H\u1ee3p",
          "street_type": "secondary",
          "street_level": 3,
          "street_group": "137187360",
          "composite": true
        },
        "length_hint": 27.248029243114093,
        "speed_limit": 11.11111111111111
      },
      {
        "start": "5735908014",
        "end": "5735908014",
        "reverse": false,
        "shape": {
          "type": "polyline",
          "points": [
            [
              141.3207,
              386.57415
            ],
            [
              151.71096,
              350.6823
            ],
            [
              141.3207,
              386.57415
            ]
          ]
        },
        "metadata": {
          "segment_id": 24506,
          "street_id": 137187360,
          "street_name": "\u0110\u1ed7 Xu\u00e2n H\u1ee3p",
          "street_type": "secondary",
          "street_level": 3,
          "street_group": "137187360",
          "composite": true
        },
        "length_hint": 74.73104841470106,
        "speed_limit": 11.11111111111111
      },
      {
        "start": "5735907996",
        "end": "5735907996",
        "reverse": false,
        "shape": {
          "type": "polyline",
          "points": [
            [
              137.53298,
              399.66105
            ],
            [
              128.3561,
              429.6477
            ],
            [
              137.53298,
              399.66105
            ]
          ]
        },
        "metadata": {
          "segment_id": 24503,
          "street_id": 137187360,
          "street_name": "\u0110\u1ed7 Xu\u00e2n H\u1ee3p",
          "street_type": "secondary",
          "street_level": 3,
          "street_group": "137187360",
          "composite": true
        },
        "length_hint": 62.718874503833376,
        "speed_limit": 11.11111111111111
      },
      {
        "start": "5676075320",
        "end": "5676075320",
        "reverse": false,
        "shape": {
          "type": "polyline",
          "points": [
            [
              305.4005,
              35.78085
            ],
            [
              254.56419,
              33.91605
            ],
            [
              305.4005,
              35.78085
            ]
          ]
        },
        "metadata": {
          "segment_id": 70831,
          "street_id": 595593483,
          "street_name": "Ph\u01b0\u1eddng Ph\u01b0\u1edbc Long B",
          "street_type": "residential",
          "street_level": 4,
          "street_group": "595593483",
          "composite": true
        },
        "length_hint": 101.74100242195577,
        "speed_limit": 8.333333333333334
      },
      {
        "start": "4592050197",
        "end": "4592050197",
        "reverse": false,
        "shape": {
          "type": "polyline",
          "points": [
            [
              254.56419,
              33.91605
            ],
            [
              240.12385,
              33.3888
            ],
            [
              254.56419,
              33.91605
            ]
          ]
        },
        "metadata": {
          "segment_id": 70833,
          "street_id": 595593483,
          "street_name": "Ph\u01b0\u1eddng Ph\u01b0\u1edbc Long B",
          "street_type": "residential",
          "street_level": 4,
          "street_group": "595593483",
          "composite": true
        },
        "length_hint": 28.899924697348247,
        "speed_limit": 8.333333333333334
      },
      {
        "start": "2592845410",
        "end": "3246076444",
        "reverse": false,
        "shape": {
          "type": "polyline",
          "points": [
            [
              758.25421,
              16.0728
            ],
            [
              779.29709,
              14.6076
            ],
            [
              802.29121,
              12.83715
            ],
            [
              823.29037,
              10.83915
            ],
            [
              845.84724,
              8.2917
            ],
            [
              871.6234,
              5.18925
            ],
            [
              895.06572,
              2.1978
            ]
          ]
        },
        "metadata": {
          "segment_id": 49058,
          "street_id": 318212123,
          "street_name": "\u0110\u01b0\u1eddng Cao t\u1ed1c Tp. H\u1ed3 Ch\u00ed Minh-Long Th\u00e0nh-D\u1ea7u Gi\u00e2y",
          "street_type": "motorway",
          "street_level": 1,
          "street_group": "318212123",
          "composite": true
        },
        "length_hint": 137.54487886394583,
        "speed_limit": 22.22222222222222
      },
      {
        "start": "3246076440",
        "end": "3275580594",
        "reverse": false,
        "shape": {
          "type": "polyline",
          "points": [
            [
              802.29121,
              12.83715
            ],
            [
              845.47558,
              4.4733
            ]
          ]
        },
        "metadata": {
          "segment_id": 49297,
          "street_id": 320897201,
          "street_name": "Nh\u00e1nh D2",
          "street_type": "motorway_link",
          "street_level": 3,
          "street_group": "320897201",
          "composite": true
        },
        "length_hint": 43.986859391406945,
        "speed_limit": 22.22222222222222
      },
      {
        "start": "3246076449",
        "end": "5963137814",
        "reverse": false,
        "shape": {
          "type": "polyline",
          "points": [
            [
              546.86892,
              22.8327
            ],
            [
              639.79646,
              16.50015
            ],
            [
              691.45809,
              11.83815
            ],
            [
              720.53553,
              8.6691
            ],
            [
              787.23326,
              0.8103
            ]
          ]
        },
        "metadata": {
          "segment_id": 42581,
          "street_id": 255873915,
          "street_name": "\u0110\u01b0\u1eddng cao t\u1ed1c Th\u00e0nh ph\u1ed1 H\u1ed3 Ch\u00ed Minh \u2013 Long Th\u00e0nh \u2013 D\u1ea7u Gi\u00e2y",
          "street_type": "motorway_link",
          "street_level": 3,
          "street_group": "255873915",
          "composite": true
        },
        "length_hint": 241.42335742478411,
        "speed_limit": 11.11111111111111
      },
      {
        "start": "3403562460",
        "end": "2592845410",
        "reverse": false,
        "shape": {
          "type": "polyline",
          "points": [
            [
              351.96812,
              18.0819
            ],
            [
              546.86892,
              22.8327
            ],
            [
              597.80908,
              23.7762
            ],
            [
              649.33408,
              23.2545
            ],
            [
              691.04817,
              21.42855
            ],
            [
              758.25421,
              16.0728
            ]
          ]
        },
        "metadata": {
          "segment_id": 49023,
          "street_id": 318079823,
          "street_name": "Cao t\u1ed1c TP. H\u1ed3 Ch\u00ed Minh - Long Th\u00e0nh - D\u1ea7u Gi\u00e2y",
          "street_type": "motorway",
          "street_level": 1,
          "street_group": "318079823",
          "composite": true
        },
        "length_hint": 406.6083715089038,
        "speed_limit": 22.22222222222222
      },
      {
        "start": "5963137827",
        "end": "2657236603",
        "reverse": false,
        "shape": {
          "type": "polyline",
          "points": [
            [
              881.61467,
              195.3267
            ],
            [
              876.28563,
              105.21135
            ],
            [
              874.38357,
              91.5639
            ],
            [
              871.47036,
              80.78025
            ],
            [
              865.79699,
              69.78015
            ],
            [
              858.91023,
              59.98995
            ],
            [
              852.3842,
              53.11905
            ],
            [
              843.83587,
              46.4646
            ],
            [
              834.07963,
              41.02005
            ],
            [
              823.92985,
              37.5624
            ],
            [
              811.52275,
              34.9872
            ],
            [
              800.67337,
              34.31565
            ],
            [
              689.2117,
              36.81315
            ],
            [
              619.99975,
              36.20265
            ],
            [
              541.76397,
              32.7783
            ],
            [
              452.17049,
              27.20055
            ]
          ]
        },
        "metadata": {
          "segment_id": 42589,
          "street_id": 255873916,
          "street_name": "V\u00f5 Ch\u00ed C\u00f4ng",
          "street_type": "motorway_link",
          "street_level": 3,
          "street_group": "255873916",
          "composite": true
        },
        "length_hint": 554.0971537978093,
        "speed_limit": 11.11111111111111
      },
      {
        "start": "2615888808",
        "end": "2615887111",
        "reverse": false,
        "shape": {
          "type": "polyline",
          "points": [
            [
              904.89302,
              93.65625
            ],
            [
              903.62498,
              174.8472
            ],
            [
              903.56486,
              204.6174
            ],
            [
              903.69057,
              208.4025
            ],
            [
              903.32437,
              227.84415
            ],
            [
              898.21395,
              408.44115
            ],
            [
              896.95684,
              459.1071
            ],
            [
              898.36699,
              471.6057
            ]
          ]
        },
        "metadata": {
          "segment_id": 84244,
          "street_id": 631536964,
          "street_name": "V\u00f5 Ch\u00ed C\u00f4ng",
          "street_type": "primary",
          "street_level": 2,
          "street_group": "631536964",
          "composite": true
        },
        "length_hint": 378.1321303795594,
        "speed_limit": 13.88888888888889
      },
      {
        "start": "3233979767",
        "end": "5735953491",
        "reverse": false,
        "shape": {
          "type": "polyline",
          "points": [
            [
              1089.73149,
              8.7357
            ],
            [
              1076.58105,
              4.96725
            ],
            [
              1060.93827,
              1.7871
            ],
            [
              1045.9295,
              0.10545
            ],
            [
              1031.92642,
              0.16095
            ],
            [
              1017.19094,
              2.0646
            ],
            [
              1000.28558,
              6.0273
            ],
            [
              987.48495,
              11.1555
            ],
            [
              975.00133,
              17.2605
            ],
            [
              958.99781,
              28.57695
            ],
            [
              946.31196,
              40.15425
            ],
            [
              934.95427,
              53.07465
            ],
            [
              926.12173,
              66.71655
            ],
            [
              920.07668,
              78.7545
            ],
            [
              914.8187,
              93.7173
            ],
            [
              912.16784,
              103.7406
            ],
            [
              907.91554,
              132.8559
            ],
            [
              905.22096,
              159.2184
            ],
            [
              903.62498,
              174.8472
            ]
          ]
        },
        "metadata": {
          "segment_id": 49005,
          "street_id": 318079306,
          "street_name": "Nh\u00e1nh B1",
          "street_type": "motorway_link",
          "street_level": 3,
          "street_group": "318079306",
          "composite": true
        },
        "length_hint": 300.2175865739157,
        "speed_limit": 16.666666666666668
      },
      {
        "start": "2443957392",
        "end": "2443957392",
        "reverse": false,
        "shape": {
          "type": "polyline",
          "points": [
            [
              233.96949,
              492.71235
            ],
            [
              265.63766,
              511.42695
            ],
            [
              233.96949,
              492.71235
            ]
          ]
        },
        "metadata": {
          "segment_id": 40701,
          "street_id": 236361423,
          "street_name": "Li\u00ean ph\u01b0\u1eddng",
          "street_type": "tertiary",
          "street_level": 4,
          "street_group": "236361423",
          "composite": true
        },
        "length_hint": 73.56926652642112,
        "speed_limit": 13.88888888888889
      },
      {
        "start": "2615887110",
        "end": "2615887110",
        "reverse": false,
        "shape": {
          "type": "polyline",
          "points": [
            [
              869.28956,
              479.93625
            ],
            [
              870.59039,
              474.7359
            ],
            [
              873.53093,
              470.2515
            ],
            [
              877.20387,
              467.2989
            ],
            [
              881.57095,
              465.534
            ],
            [
              886.26597,
              465.1011
            ],
            [
              890.88994,
              466.0446
            ],
            [
              895.03839,
              468.2757
            ],
            [
              898.36699,
              471.6057
            ],
            [
              900.47674,
              475.45185
            ],
            [
              900.92493,
              476.8005
            ],
            [
              901.53162,
              481.1073
            ],
            [
              900.96319,
              485.41965
            ],
            [
              899.2579,
              489.42675
            ],
            [
              896.53599,
              492.8289
            ],
            [
              892.66082,
              495.5595
            ],
            [
              888.1571,
              497.0469
            ],
            [
              883.41288,
              497.16345
            ],
            [
              878.84357,
              495.9036
            ],
            [
              874.83723,
              493.3728
            ],
            [
              872.36674,
              490.70325
            ],
            [
              870.56306,
              487.5564
            ],
            [
              869.77054,
              485.27535
            ],
            [
              869.28956,
              479.93625
            ]
          ]
        },
        "metadata": {
          "segment_id": 42502,
          "street_id": 255873687,
          "street_name": "V\u00f2ng xoay",
          "street_type": "primary",
          "street_level": 2,
          "street_group": "255873687",
          "composite": true
        },
        "length_hint": 100.96526277594968,
        "speed_limit": 11.11111111111111
      },
      {
        "start": "2665431160",
        "end": "2665431160",
        "reverse": false,
        "shape": {
          "type": "polyline",
          "points": [
            [
              1072.50912,
              465.9114
            ],
            [
              1078.11691,
              465.5229
            ],
            [
              1072.50912,
              465.9114
            ]
          ]
        },
        "metadata": {
          "segment_id": 43431,
          "street_id": 260948048,
          "street_name": "Li\u00ean ph\u01b0\u1eddng",
          "street_type": "tertiary",
          "street_level": 4,
          "street_group": "260948048",
          "composite": true
        },
        "length_hint": 11.242462529908698,
        "speed_limit": 13.88888888888889
      },
      {
        "start": "2615887121",
        "end": "2615888807",
        "reverse": false,
        "shape": {
          "type": "polyline",
          "points": [
            [
              873.53093,
              470.2515
            ],
            [
              876.50972,
              456.21555
            ],
            [
              876.8486,
              446.43645
            ],
            [
              881.41791,
              214.73505
            ],
            [
              881.61467,
              195.3267
            ],
            [
              883.23798,
              93.36765
            ]
          ]
        },
        "metadata": {
          "segment_id": 42521,
          "street_id": 255873688,
          "street_name": "V\u00f5 Ch\u00ed C\u00f4ng",
          "street_type": "primary",
          "street_level": 2,
          "street_group": "255873688",
          "composite": true
        },
        "length_hint": 377.26129634694996,
        "speed_limit": 13.88888888888889
      },
      {
        "start": "2592830384",
        "end": "3403562459",
        "reverse": false,
        "shape": {
          "type": "polyline",
          "points": [
            [
              757.51634,
              23.7873
            ],
            [
              690.49067,
              27.20055
            ],
            [
              650.95192,
              28.4604
            ],
            [
              598.6508,
              29.28735
            ],
            [
              452.17049,
              27.20055
            ],
            [
              351.82602,
              23.8095
            ]
          ]
        },
        "metadata": {
          "segment_id": 47179,
          "street_id": 299683605,
          "street_name": "\u0110\u01b0\u1eddng Cao t\u1ed1c Tp. H\u1ed3 Ch\u00ed Minh-Long Th\u00e0nh-D\u1ea7u Gi\u00e2y",
          "street_type": "motorway",
          "street_level": 1,
          "street_group": "299683605",
          "composite": true
        },
        "length_hint": 405.8759227903581,
        "speed_limit": 22.22222222222222
      },
      {
        "start": "2443957435",
        "end": "2443957435",
        "reverse": false,
        "shape": {
          "type": "polyline",
          "points": [
            [
              204.06128,
              472.2384
            ],
            [
              233.96949,
              492.71235
            ],
            [
              204.06128,
              472.2384
            ]
          ]
        },
        "metadata": {
          "segment_id": 40703,
          "street_id": 236361431,
          "street_name": "Li\u00ean ph\u01b0\u1eddng",
          "street_type": "tertiary",
          "street_level": 4,
          "street_group": "236361431",
          "composite": true
        },
        "length_hint": 72.48954832268166,
        "speed_limit": 13.88888888888889
      },
      {
        "start": "2443957435",
        "end": "2443957435",
        "reverse": false,
        "shape": {
          "type": "polyline",
          "points": [
            [
              204.06128,
              472.2384
            ],
            [
              128.3561,
              429.6477
            ],
            [
              204.06128,
              472.2384
            ]
          ]
        },
        "metadata": {
          "segment_id": 40704,
          "street_id": 236361431,
          "street_name": "Li\u00ean ph\u01b0\u1eddng",
          "street_type": "tertiary",
          "street_level": 4,
          "street_group": "236361431",
          "composite": true
        },
        "length_hint": 173.72670497447885,
        "speed_limit": 13.88888888888889
      },
      {
        "start": "5733570797",
        "end": "5733570798",
        "reverse": false,
        "shape": {
          "type": "polyline",
          "points": [
            [
              891.4857,
              756.48165
            ],
            [
              890.15754,
              793.0395
            ]
          ]
        },
        "metadata": {
          "segment_id": 72252,
          "street_id": 604182457,
          "street_name": "V\u00f5 Ch\u00ed C\u00f4ng",
          "street_type": "secondary",
          "street_level": 3,
          "street_group": "604182457",
          "composite": true
        },
        "length_hint": 36.58196831238175,
        "speed_limit": 11.11111111111111
      },
      {
        "start": "5733570798",
        "end": "4578422128",
        "reverse": false,
        "shape": {
          "type": "polyline",
          "points": [
            [
              890.15754,
              793.0395
            ],
            [
              890.22859,
              864.8676
            ],
            [
              890.0045,
              870.0069
            ],
            [
              881.41791,
              907.5138
            ],
            [
              875.1925,
              934.68105
            ],
            [
              871.33919,
              979.09215
            ],
            [
              857.57113,
              1065.31695
            ]
          ]
        },
        "metadata": {
          "segment_id": 42575,
          "street_id": 255873690,
          "street_name": "V\u00f5 Ch\u00ed C\u00f4ng",
          "street_type": "secondary",
          "street_level": 3,
          "street_group": "255873690",
          "composite": true
        },
        "length_hint": 275.21600110324647,
        "speed_limit": 11.11111111111111
      },
      {
        "start": "5733570799",
        "end": "1637455239",
        "reverse": false,
        "shape": {
          "type": "polyline",
          "points": [
            [
              869.83066,
              788.9658
            ],
            [
              871.51956,
              687.32865
            ],
            [
              874.83723,
              493.3728
            ]
          ]
        },
        "metadata": {
          "segment_id": 72256,
          "street_id": 604182461,
          "street_name": "V\u00f5 Ch\u00ed C\u00f4ng",
          "street_type": "secondary",
          "street_level": 3,
          "street_group": "604182461",
          "composite": true
        },
        "length_hint": 295.6354039889715,
        "speed_limit": 11.11111111111111
      },
      {
        "start": "5733570800",
        "end": "5733570799",
        "reverse": false,
        "shape": {
          "type": "polyline",
          "points": [
            [
              869.0272,
              826.839
            ],
            [
              869.83066,
              788.9658
            ]
          ]
        },
        "metadata": {
          "segment_id": 72258,
          "street_id": 604182462,
          "street_name": "V\u00f5 Ch\u00ed C\u00f4ng",
          "street_type": "secondary",
          "street_level": 3,
          "street_group": "604182462",
          "composite": true
        },
        "length_hint": 37.88172153178375,
        "speed_limit": 11.11111111111111
      },
      {
        "start": "5733570804",
        "end": "5733570804",
        "reverse": false,
        "shape": {
          "type": "polyline",
          "points": [
            [
              868.03792,
              864.19605
            ],
            [
              877.83242,
              861.2712
            ],
            [
              868.03792,
              864.19605
            ]
          ]
        },
        "metadata": {
          "segment_id": 72259,
          "street_id": 604182467,
          "street_name": "V\u00f5 Ch\u00ed C\u00f4ng",
          "street_type": "secondary_link",
          "street_level": 3,
          "street_group": "604182467",
          "composite": true
        },
        "length_hint": 20.44377438463841,
        "speed_limit": 11.11111111111111
      },
      {
        "start": "5733570801",
        "end": "5733570801",
        "reverse": false,
        "shape": {
          "type": "polyline",
          "points": [
            [
              890.22859,
              864.8676
            ],
            [
              884.0633,
              861.93165
            ],
            [
              890.22859,
              864.8676
            ]
          ]
        },
        "metadata": {
          "segment_id": 72264,
          "street_id": 604182467,
          "street_name": "V\u00f5 Ch\u00ed C\u00f4ng",
          "street_type": "secondary_link",
          "street_level": 3,
          "street_group": "604182467",
          "composite": true
        },
        "length_hint": 13.657320848043458,
        "speed_limit": 11.11111111111111
      },
      {
        "start": "5733570802",
        "end": "5733570802",
        "reverse": false,
        "shape": {
          "type": "polyline",
          "points": [
            [
              884.0633,
              861.93165
            ],
            [
              877.83242,
              861.2712
            ],
            [
              884.0633,
              861.93165
            ]
          ]
        },
        "metadata": {
          "segment_id": 72262,
          "street_id": 604182467,
          "street_name": "V\u00f5 Ch\u00ed C\u00f4ng",
          "street_type": "secondary_link",
          "street_level": 3,
          "street_group": "604182467",
          "composite": true
        },
        "length_hint": 12.531569698469676,
        "speed_limit": 11.11111111111111
      },
      {
        "start": "5963137801",
        "end": "3403562460",
        "reverse": false,
        "shape": {
          "type": "polyline",
          "points": [
            [
              138.84475,
              11.82705
            ],
            [
              351.96812,
              18.0819
            ]
          ]
        },
        "metadata": {
          "segment_id": 84147,
          "street_id": 631423248,
          "street_name": "Cao t\u1ed1c TP. H\u1ed3 Ch\u00ed Minh - Long Th\u00e0nh - D\u1ea7u Gi\u00e2y",
          "street_type": "motorway",
          "street_level": 1,
          "street_group": "631423248",
          "composite": true
        },
        "length_hint": 213.21513545871784,
        "speed_limit": 22.22222222222222
      },
      {
        "start": "5963137802",
        "end": "2891274871",
        "reverse": false,
        "shape": {
          "type": "polyline",
          "points": [
            [
              137.80627,
              18.5148
            ],
            [
              11.68016,
              12.73725
            ]
          ]
        },
        "metadata": {
          "segment_id": 84148,
          "street_id": 631423249,
          "street_name": "Cao t\u1ed1c TP. H\u1ed3 Ch\u00ed Minh - Long Th\u00e0nh - D\u1ea7u Gi\u00e2y",
          "street_type": "motorway",
          "street_level": 1,
          "street_group": "631423249",
          "composite": true
        },
        "length_hint": 126.25836886216534,
        "speed_limit": 22.22222222222222
      },
      {
        "start": "5963137804",
        "end": "5963137808",
        "reverse": false,
        "shape": {
          "type": "polyline",
          "points": [
            [
              0.0,
              4.14585
            ],
            [
              86.74039,
              3.108
            ],
            [
              146.29994,
              0.6882
            ],
            [
              193.7366,
              0.0
            ],
            [
              249.8473,
              1.0878
            ]
          ]
        },
        "metadata": {
          "segment_id": 84152,
          "street_id": 631423250,
          "street_name": "\u0110\u01b0\u1eddng cao t\u1ed1c Th\u00e0nh ph\u1ed1 H\u1ed3 Ch\u00ed Minh \u2013 Long Th\u00e0nh \u2013 D\u1ea7u Gi\u00e2y",
          "street_type": "motorway_link",
          "street_level": 3,
          "street_group": "631423250",
          "composite": true
        },
        "length_hint": 249.91817985120127,
        "speed_limit": 16.666666666666668
      },
      {
        "start": "5758075897",
        "end": "5963137810",
        "reverse": false,
        "shape": {
          "type": "polyline",
          "points": [
            [
              240.12385,
              33.3888
            ],
            [
              118.5616,
              27.0063
            ],
            [
              41.27137,
              20.68485
            ]
          ]
        },
        "metadata": {
          "segment_id": 84156,
          "street_id": 631423252,
          "street_name": "\u0110\u01b0\u1eddng cao t\u1ed1c Th\u00e0nh ph\u1ed1 H\u1ed3 Ch\u00ed Minh \u2013 Long Th\u00e0nh \u2013 D\u1ea7u Gi\u00e2y",
          "street_type": "motorway_link",
          "street_level": 3,
          "street_group": "631423252",
          "composite": true
        },
        "length_hint": 199.27799796000625,
        "speed_limit": 16.666666666666668
      },
      {
        "start": "4624372132",
        "end": "4624372132",
        "reverse": false,
        "shape": {
          "type": "polyline",
          "points": [
            [
              358.61439,
              37.7067
            ],
            [
              305.4005,
              35.78085
            ],
            [
              358.61439,
              37.7067
            ]
          ]
        },
        "metadata": {
          "segment_id": 62948,
          "street_id": 467833899,
          "street_name": "Ph\u01b0\u1eddng Ph\u00fa H\u1eefu",
          "street_type": "residential",
          "street_level": 4,
          "street_group": "467833899",
          "composite": true
        },
        "length_hint": 106.49745512742733,
        "speed_limit": 8.333333333333334
      },
      {
        "start": "3244536182",
        "end": "5963137801",
        "reverse": false,
        "shape": {
          "type": "polyline",
          "points": [
            [
              11.28664,
              8.0142
            ],
            [
              138.84475,
              11.82705
            ]
          ]
        },
        "metadata": {
          "segment_id": 70498,
          "street_id": 587670015,
          "street_name": "Cao t\u1ed1c TP. H\u1ed3 Ch\u00ed Minh - Long Th\u00e0nh - D\u1ea7u Gi\u00e2y",
          "street_type": "motorway",
          "street_level": 1,
          "street_group": "587670015",
          "composite": true
        },
        "length_hint": 127.61508238407637,
        "speed_limit": 22.22222222222222
      },
      {
        "start": "1637455245",
        "end": "1637455245",
        "reverse": false,
        "shape": {
          "type": "polyline",
          "points": [
            [
              936.18952,
              470.3514
            ],
            [
              945.36093,
              469.46895
            ],
            [
              936.18952,
              470.3514
            ]
          ]
        },
        "metadata": {
          "segment_id": 26145,
          "street_id": 150880202,
          "street_name": "Li\u00ean ph\u01b0\u1eddng",
          "street_type": "tertiary",
          "street_level": 4,
          "street_group": "150880202",
          "composite": true
        },
        "length_hint": 18.4275315102811,
        "speed_limit": 13.88888888888889
      },
      {
        "start": "5758075884",
        "end": "5758075884",
        "reverse": false,
        "shape": {
          "type": "polyline",
          "points": [
            [
              945.36093,
              469.46895
            ],
            [
              953.73983,
              468.3423
            ],
            [
              945.36093,
              469.46895
            ]
          ]
        },
        "metadata": {
          "segment_id": 26143,
          "street_id": 150880202,
          "street_name": "Li\u00ean ph\u01b0\u1eddng",
          "street_type": "tertiary",
          "street_level": 4,
          "street_group": "150880202",
          "composite": true
        },
        "length_hint": 16.908613832304386,
        "speed_limit": 13.88888888888889
      },
      {
        "start": "5758075885",
        "end": "5758075885",
        "reverse": false,
        "shape": {
          "type": "polyline",
          "points": [
            [
              900.92493,
              476.8005
            ],
            [
              936.18952,
              470.3514
            ],
            [
              900.92493,
              476.8005
            ]
          ]
        },
        "metadata": {
          "segment_id": 26147,
          "street_id": 150880203,
          "street_name": "Li\u00ean ph\u01b0\u1eddng",
          "street_type": "tertiary",
          "street_level": 4,
          "street_group": "150880203",
          "composite": true
        },
        "length_hint": 71.69887582600161,
        "speed_limit": 11.11111111111111
      },
      {
        "start": "2615888808",
        "end": "2615888808",
        "reverse": false,
        "shape": {
          "type": "polyline",
          "points": [
            [
              904.89302,
              93.65625
            ],
            [
              883.23798,
              93.36765
            ],
            [
              904.89302,
              93.65625
            ]
          ]
        },
        "metadata": {
          "segment_id": 42605,
          "street_id": 255873921,
          "street_name": "V\u00f5 Ch\u00ed C\u00f4ng",
          "street_type": "primary_link",
          "street_level": 3,
          "street_group": "255873921",
          "composite": true
        },
        "length_hint": 43.313926045169325,
        "speed_limit": 13.88888888888889
      },
      {
        "start": "3403562459",
        "end": "5963137802",
        "reverse": false,
        "shape": {
          "type": "polyline",
          "points": [
            [
              351.82602,
              23.8095
            ],
            [
              137.80627,
              18.5148
            ]
          ]
        },
        "metadata": {
          "segment_id": 54306,
          "street_id": 339315416,
          "street_name": "Cao t\u1ed1c TP. H\u1ed3 Ch\u00ed Minh - Long Th\u00e0nh - D\u1ea7u Gi\u00e2y",
          "street_type": "motorway",
          "street_level": 1,
          "street_group": "339315416",
          "composite": true
        },
        "length_hint": 214.08523358268434,
        "speed_limit": 22.22222222222222
      },
      {
        "start": "3056701926",
        "end": "3056701926",
        "reverse": false,
        "shape": {
          "type": "polyline",
          "points": [
            [
              895.61229,
              688.1445
            ],
            [
              871.51956,
              687.32865
            ],
            [
              895.61229,
              688.1445
            ]
          ]
        },
        "metadata": {
          "segment_id": 47231,
          "street_id": 301604271,
          "street_name": "Ph\u01b0\u1eddng Ph\u01b0\u1edbc Long B",
          "street_type": "secondary_link",
          "street_level": 3,
          "street_group": "301604271",
          "composite": true
        },
        "length_hint": 48.213079141469635,
        "speed_limit": 11.11111111111111
      }
    ]
  }
}