{
  "observation": {
    "type": "Kinematics"
  },
  "action": {
    "type": "DiscreteMetaAction"
  },
  "simulation_frequency": 15,
  "policy_frequency": 1,
  "other_vehicles_type": "highway_env.vehicle.behavior.IDMVehicle",
  "screen_width": 600,
  "screen_height": 150,
  "centering_position": [
    0.3,
    0.5
  ],
  "scaling": 5.5,
  "show_trajectories": false,
  "render_agent": true,
  "offscreen_rendering": false,
  "manual_control": false,
  "real_time_rendering": false,
  "destination": null,
  "initial_vehicle_count": 0,
  "controlled_vehicles": 0,
  "spawn_probability": 0.0,
  "duration": 40.0,
  "collision_reward": -5,
  "high_speed_reward": 1.0,
  "arrived_reward": 1.0,
  "reward_speed_range": [
    6.0,
    12.0
  ],
  "auto_curve": false,
  "corner_radius": 25.0,
  "curve_samples": 8,
  "exit_distance": 5.0,
  "graph": {
    "nodes": {
      "5755337730": [
        0.0,
        0.0
      ],
      "2153156875": [
        222.262,
        652.9797
      ],
      "2153157259": [
        523.21891,
        840.7806
      ],
      "5752848268": [
        501.54201,
        834.3315
      ],
      "2153156496": [
        24.56825,
        82.45635
      ],
      "5755337747": [
        9.2534,
        31.06335
      ],
      "2153156501": [
        38.01929,
        125.1636
      ],
      "5755337751": [
        21.97751,
        73.76505
      ],
      "2153156508": [
        55.14328,
        165.12915
      ],
      "5755337758": [
        157.85986,
        411.66015
      ],
      "5755337762": [
        95.86808,
        253.29645
      ],
      "2153156517": [
        75.93473,
        203.25765
      ],
      "5752848293": [
        545.73205,
        844.90425
      ],
      "5755335464": [
        88.38009,
        234.49305
      ],
      "5698869934": [
        273.86351,
        762.7254
      ],
      "5752848302": [
        568.46929,
        849.06675
      ],
      "2153156656": [
        177.74401,
        462.86445
      ],
      "5755335475": [
        112.9866,
        296.25345
      ],
      "5755335483": [
        62.39624,
        178.4325
      ],
      "5870006207": [
        336.83365,
        786.9234
      ],
      "2153156544": [
        115.06902,
        301.4871
      ],
      "2153156801": [
        207.70689,
        618.44205
      ],
      "2153157202": [
        265.48462,
        755.68245
      ],
      "5755335515": [
        82.14922,
        218.85315
      ],
      "5755335518": [
        38.29258,
        125.7963
      ],
      "2153157216": [
        286.54936,
        769.47975
      ],
      "5755335520": [
        34.12772,
        112.7982
      ],
      "2153156706": [
        189.67013,
        527.8383
      ],
      "5752826987": [
        243.18464,
        704.2284
      ],
      "5752826993": [
        281.04542,
        766.54935
      ],
      "2153157234": [
        334.75122,
        786.324
      ],
      "2153157239": [
        372.81424,
        797.2242
      ],
      "2153157115": [
        256.20936,
        737.7726
      ],
      "2153157244": [
        470.58984,
        825.1185
      ]
    },
    "edges": [
      {
        "start": "2153156496",
        "end": "2153156496",
        "reverse": false,
        "shape": {
          "type": "polyline",
          "points": [
            [
              24.56825,
              82.45635
            ],
            [
              34.12772,
              112.7982
            ],
            [
              24.56825,
              82.45635
            ]
          ]
        },
        "metadata": {
          "segment_id": 31665,
          "street_id": 205341831,
          "street_name": "\u0110\u00e0o S\u01b0 T\u00edch",
          "street_type": "tertiary",
          "street_level": 4,
          "street_group": "205341831",
          "composite": true
        },
        "length_hint": 63.62425097723036,
        "speed_limit": 13.88888888888889
      },
      {
        "start": "2153156496",
        "end": "2153156496",
        "reverse": false,
        "shape": {
          "type": "polyline",
          "points": [
            [
              24.56825,
              82.45635
            ],
            [
              21.97751,
              73.76505
            ],
            [
              24.56825,
              82.45635
            ]
          ]
        },
        "metadata": {
          "segment_id": 31666,
          "street_id": 205341831,
          "street_name": "\u0110\u00e0o S\u01b0 T\u00edch",
          "street_type": "tertiary",
          "street_level": 4,
          "street_group": "205341831",
          "composite": true
        },
        "length_hint": 18.138426551120688,
        "speed_limit": 13.88888888888889
      },
      {
        "start": "5755337762",
        "end": "5755337762",
        "reverse": false,
        "shape": {
          "type": "polyline",
          "points": [
            [
              95.86808,
              253.29645
            ],
            [
              112.9866,
              296.25345
            ],
            [
              95.86808,
              253.29645
            ]
          ]
        },
        "metadata": {
          "segment_id": 31647,
          "street_id": 205341831,
          "street_name": "\u0110\u00e0o S\u01b0 T\u00edch",
          "street_type": "tertiary",
          "street_level": 4,
          "street_group": "205341831",
          "composite": true
        },
        "length_hint": 92.48454089177065,
        "speed_limit": 13.88888888888889
      },
      {
        "start": "5755337762",
        "end": "5755337762",
        "reverse": false,
        "shape": {
          "type": "polyline",
          "points": [
            [
              95.86808,
              253.29645
            ],
            [
              88.38009,
              234.49305
            ],
            [
              95.86808,
              253.29645
            ]
          ]
        },
        "metadata": {
          "segment_id": 31648,
          "street_id": 205341831,
          "street_name": "\u0110\u00e0o S\u01b0 T\u00edch",
          "street_type": "tertiary",
          "street_level": 4,
          "street_group": "205341831",
          "composite": true
        },
        "length_hint": 40.479023990214955,
        "speed_limit": 13.88888888888889
      },
      {
        "start": "5755335518",
        "end": "5755335518",
        "reverse": false,
        "shape": {
          "type": "polyline",
          "points": [
            [
              38.29258,
              125.7963
            ],
            [
              55.14328,
              165.12915
            ],
            [
              38.29258,
              125.7963
            ]
          ]
        },
        "metadata": {
          "segment_id": 31659,
          "street_id": 205341831,
          "street_name": "\u0110\u00e0o S\u01b0 T\u00edch",
          "street_type": "tertiary",
          "street_level": 4,
          "street_group": "205341831",
          "composite": true
        },
        "length_hint": 85.58081980473196,
        "speed_limit": 13.88888888888889
      },
      {
        "start": "5755335518",
        "end": "5755335518",
        "reverse": false,
        "shape": {
          "type": "polyline",
          "points": [
            [
              38.29258,
              125.7963
            ],
            [
              38.01929,
              125.1636
            ],
            [
              38.29258,
              125.7963
            ]
          ]
        },
        "metadata": {
          "segment_id": 31660,
          "street_id": 205341831,
          "street_name": "\u0110\u00e0o S\u01b0 T\u00edch",
          "street_type": "tertiary",
          "street_level": 4,
          "street_group": "205341831",
          "composite": true
        },
        "length_hint": 1.3784001075159582,
        "speed_limit": 13.88888888888889
      },
      {
        "start": "2153156501",
        "end": "2153156501",
        "reverse": false,
        "shape": {
          "type": "polyline",
          "points": [
            [
              38.01929,
              125.1636
            ],
            [
              34.12772,
              112.7982
            ],
            [
              38.01929,
              125.1636
            ]
          ]
        },
        "metadata": {
          "segment_id": 31662,
          "street_id": 205341831,
          "street_name": "\u0110\u00e0o S\u01b0 T\u00edch",
          "street_type": "tertiary",
          "street_level": 4,
          "street_group": "205341831",
          "composite": true
        },
        "length_hint": 25.926622165249388,
        "speed_limit": 13.88888888888889
      },
      {
        "start": "5755335464",
        "end": "5755335464",
        "reverse": false,
        "shape": {
          "type": "polyline",
          "points": [
            [
              88.38009,
              234.49305
            ],
            [
              82.14922,
              218.85315
            ],
            [
              88.38009,
              234.49305
            ]
          ]
        },
        "metadata": {
          "segment_id": 31650,
          "street_id": 205341831,
          "street_name": "\u0110\u00e0o S\u01b0 T\u00edch",
          "street_type": "tertiary",
          "street_level": 4,
          "street_group": "205341831",
          "composite": true
        },
        "length_hint": 33.67077147716697,
        "speed_limit": 13.88888888888889
      },
      {
        "start": "5755335483",
        "end": "5755335483",
        "reverse": false,
        "shape": {
          "type": "polyline",
          "points": [
            [
              62.39624,
              178.4325
            ],
            [
              75.93473,
              203.25765
            ],
            [
              62.39624,
              178.4325
            ]
          ]
        },
        "metadata": {
          "segment_id": 31655,
          "street_id": 205341831,
          "street_name": "\u0110\u00e0o S\u01b0 T\u00edch",
          "street_type": "tertiary",
          "street_level": 4,
          "street_group": "205341831",
          "composite": true
        },
        "length_hint": 56.553648299737496,
        "speed_limit": 13.88888888888889
      },
      {
        "start": "5755335483",
        "end": "5755335483",
        "reverse": false,
        "shape": {
          "type": "polyline",
          "points": [
            [
              62.39624,
              178.4325
            ],
            [
              55.14328,
              165.12915
            ],
            [
              62.39624,
              178.4325
            ]
          ]
        },
        "metadata": {
          "segment_id": 31656,
          "street_id": 205341831,
          "street_name": "\u0110\u00e0o S\u01b0 T\u00edch",
          "street_type": "tertiary",
          "street_level": 4,
          "street_group": "205341831",
          "composite": true
        },
        "length_hint": 30.304095431746507,
        "speed_limit": 13.88888888888889
      },
      {
        "start": "2153156517",
        "end": "2153156517",
        "reverse": false,
        "shape": {
          "type": "polyline",
          "points": [
            [
              75.93473,
              203.25765
            ],
            [
              82.14922,
              218.85315
            ],
            [
              75.93473,
              203.25765
            ]
          ]
        },
        "metadata": {
          "segment_id": 31653,
          "street_id": 205341831,
          "street_name": "\u0110\u00e0o S\u01b0 T\u00edch",
          "street_type": "tertiary",
          "street_level": 4,
          "street_group": "205341831",
          "composite": true
        },
        "length_hint": 33.57615262117442,
        "speed_limit": 13.88888888888889
      },
      {
        "start": "2153156544",
        "end": "2153156544",
        "reverse": false,
        "shape": {
          "type": "polyline",
          "points": [
            [
              115.06902,
              301.4871
            ],
            [
              157.85986,
              411.66015
            ],
            [
              115.06902,
              301.4871
            ]
          ]
        },
        "metadata": {
          "segment_id": 31643,
          "street_id": 205341831,
          "street_name": "\u0110\u00e0o S\u01b0 T\u00edch",
          "street_type": "tertiary",
          "street_level": 4,
          "street_group": "205341831",
          "composite": true
        },
        "length_hint": 236.38237611300974,
        "speed_limit": 13.88888888888889
      },
      {
        "start": "2153156544",
        "end": "2153156544",
        "reverse": false,
        "shape": {
          "type": "polyline",
          "points": [
            [
              115.06902,
              301.4871
            ],
            [
              112.9866,
              296.25345
            ],
            [
              115.06902,
              301.4871
            ]
          ]
        },
        "metadata": {
          "segment_id": 31644,
          "street_id": 205341831,
          "street_name": "\u0110\u00e0o S\u01b0 T\u00edch",
          "street_type": "tertiary",
          "street_level": 4,
          "street_group": "205341831",
          "composite": true
        },
        "length_hint": 11.265445464587739,
        "speed_limit": 13.88888888888889
      },
      {
        "start": "2153156656",
        "end": "2153156656",
        "reverse": false,
        "shape": {
          "type": "polyline",
          "points": [
            [
              177.74401,
              462.86445
            ],
            [
              189.67013,
              527.8383
            ],
            [
              177.74401,
              462.86445
            ]
          ]
        },
        "metadata": {
          "segment_id": 31639,
          "street_id": 205341831,
          "street_name": "\u0110\u00e0o S\u01b0 T\u00edch",
          "street_type": "tertiary",
          "street_level": 4,
          "street_group": "205341831",
          "composite": true
        },
        "length_hint": 132.11863641556255,
        "speed_limit": 13.88888888888889
      },
      {
        "start": "2153156656",
        "end": "2153156656",
        "reverse": false,
        "shape": {
          "type": "polyline",
          "points": [
            [
              177.74401,
              462.86445
            ],
            [
              157.85986,
              411.66015
            ],
            [
              177.74401,
              462.86445
            ]
          ]
        },
        "metadata": {
          "segment_id": 31640,
          "street_id": 205341831,
          "street_name": "\u0110\u00e0o S\u01b0 T\u00edch",
          "street_type": "tertiary",
          "street_level": 4,
          "street_group": "205341831",
          "composite": true
        },
        "length_hint": 109.85917821852664,
        "speed_limit": 13.88888888888889
      },
      {
        "start": "5752826987",
        "end": "5752826987",
        "reverse": false,
        "shape": {
          "type": "polyline",
          "points": [
            [
              243.18464,
              704.2284
            ],
            [
              256.20936,
              737.7726
            ],
            [
              243.18464,
              704.2284
            ]
          ]
        },
        "metadata": {
          "segment_id": 31631,
          "street_id": 205341831,
          "street_name": "\u0110\u00e0o S\u01b0 T\u00edch",
          "street_type": "tertiary",
          "street_level": 4,
          "street_group": "205341831",
          "composite": true
        },
        "length_hint": 71.96823423479009,
        "speed_limit": 13.88888888888889
      },
      {
        "start": "5752826987",
        "end": "5752826987",
        "reverse": false,
        "shape": {
          "type": "polyline",
          "points": [
            [
              243.18464,
              704.2284
            ],
            [
              222.262,
              652.9797
            ],
            [
              243.18464,
              704.2284
            ]
          ]
        },
        "metadata": {
          "segment_id": 31632,
          "street_id": 205341831,
          "street_name": "\u0110\u00e0o S\u01b0 T\u00edch",
          "street_type": "tertiary",
          "street_level": 4,
          "street_group": "205341831",
          "composite": true
        },
        "length_hint": 110.71018230062849,
        "speed_limit": 13.88888888888889
      },
      {
        "start": "5752826993",
        "end": "5752826993",
        "reverse": false,
        "shape": {
          "type": "polyline",
          "points": [
            [
              281.04542,
              766.54935
            ],
            [
              286.54936,
              769.47975
            ],
            [
              281.04542,
              766.54935
            ]
          ]
        },
        "metadata": {
          "segment_id": 31623,
          "street_id": 205341831,
          "street_name": "\u0110\u00e0o S\u01b0 T\u00edch",
          "street_type": "tertiary",
          "street_level": 4,
          "street_group": "205341831",
          "composite": true
        },
        "length_hint": 12.47086198842723,
        "speed_limit": 13.88888888888889
      },
      {
        "start": "5752826993",
        "end": "5752826993",
        "reverse": false,
        "shape": {
          "type": "polyline",
          "points": [
            [
              281.04542,
              766.54935
            ],
            [
              273.86351,
              762.7254
            ],
            [
              281.04542,
              766.54935
            ]
          ]
        },
        "metadata": {
          "segment_id": 31624,
          "street_id": 205341831,
          "street_name": "\u0110\u00e0o S\u01b0 T\u00edch",
          "street_type": "tertiary",
          "street_level": 4,
          "street_group": "205341831",
          "composite": true
        },
        "length_hint": 16.27297450997809,
        "speed_limit": 13.88888888888889
      },
      {
        "start": "5698869934",
        "end": "5698869934",
        "reverse": false,
        "shape": {
          "type": "polyline",
          "points": [
            [
              273.86351,
              762.7254
            ],
            [
              265.48462,
              755.68245
            ],
            [
              273.86351,
              762.7254
            ]
          ]
        },
        "metadata": {
          "segment_id": 31626,
          "street_id": 205341831,
          "street_name": "\u0110\u00e0o S\u01b0 T\u00edch",
          "street_type": "tertiary",
          "street_level": 4,
          "street_group": "205341831",
          "composite": true
        },
        "length_hint": 21.89145425362148,
        "speed_limit": 13.88888888888889
      },
      {
        "start": "2153157202",
        "end": "2153157202",
        "reverse": false,
        "shape": {
          "type": "polyline",
          "points": [
            [
              265.48462,
              755.68245
            ],
            [
              256.20936,
              737.7726
            ],
            [
              265.48462,
              755.68245
            ]
          ]
        },
        "metadata": {
          "segment_id": 31628,
          "street_id": 205341831,
          "street_name": "\u0110\u00e0o S\u01b0 T\u00edch",
          "street_type": "tertiary",
          "street_level": 4,
          "street_group": "205341831",
          "composite": true
        },
        "length_hint": 40.33822877073808,
        "speed_limit": 13.88888888888889
      },
      {
        "start": "2153156801",
        "end": "2153156801",
        "reverse": false,
        "shape": {
          "type": "polyline",
          "points": [
            [
              207.70689,
              618.44205
            ],
            [
              222.262,
              652.9797
            ],
            [
              207.70689,
              618.44205
            ]
          ]
        },
        "metadata": {
          "segment_id": 31635,
          "street_id": 205341831,
          "street_name": "\u0110\u00e0o S\u01b0 T\u00edch",
          "street_type": "tertiary",
          "street_level": 4,
          "street_group": "205341831",
          "composite": true
        },
        "length_hint": 74.9586684682859,
        "speed_limit": 13.88888888888889
      },
      {
        "start": "2153156801",
        "end": "2153156801",
        "reverse": false,
        "shape": {
          "type": "polyline",
          "points": [
            [
              207.70689,
              618.44205
            ],
            [
              189.67013,
              527.8383
            ],
            [
              207.70689,
              618.44205
            ]
          ]
        },
        "metadata": {
          "segment_id": 31636,
          "street_id": 205341831,
          "street_name": "\u0110\u00e0o S\u01b0 T\u00edch",
          "street_type": "tertiary",
          "street_level": 4,
          "street_group": "205341831",
          "composite": true
        },
        "length_hint": 184.76324553720198,
        "speed_limit": 13.88888888888889
      },
      {
        "start": "5755337747",
        "end": "5755337747",
        "reverse": false,
        "shape": {
          "type": "polyline",
          "points": [
            [
              9.2534,
              31.06335
            ],
            [
              21.97751,
              73.76505
            ],
            [
              9.2534,
              31.06335
            ]
          ]
        },
        "metadata": {
          "segment_id": 31669,
          "street_id": 205341831,
          "street_name": "\u0110\u00e0o S\u01b0 T\u00edch",
          "street_type": "tertiary",
          "street_level": 4,
          "street_group": "205341831",
          "composite": true
        },
        "length_hint": 89.11426727931057,
        "speed_limit": 13.88888888888889
      },
      {
        "start": "5755337747",
        "end": "5755337747",
        "reverse": false,
        "shape": {
          "type": "polyline",
          "points": [
            [
              9.2534,
              31.06335
            ],
            [
              0.0,
              0.0
            ],
            [
              9.2534,
              31.06335
            ]
          ]
        },
        "metadata": {
          "segment_id": 31670,
          "street_id": 205341831,
          "street_name": "\u0110\u00e0o S\u01b0 T\u00edch",
          "street_type": "tertiary",
          "street_level": 4,
          "street_group": "205341831",
          "composite": true
        },
        "length_hint": 64.82459794807832,
        "speed_limit": 13.88888888888889
      },
      {
        "start": "5752848302",
        "end": "5752848302",
        "reverse": false,
        "shape": {
          "type": "polyline",
          "points": [
            [
              568.46929,
              849.06675
            ],
            [
              545.73205,
              844.90425
            ],
            [
              568.46929,
              849.06675
            ]
          ]
        },
        "metadata": {
          "segment_id": 31732,
          "street_id": 205342089,
          "street_name": "\u0110\u00e0o S\u01b0 T\u00edch",
          "street_type": "tertiary",
          "street_level": 4,
          "street_group": "205342089",
          "composite": true
        },
        "length_hint": 46.230227733274305,
        "speed_limit": 13.88888888888889
      },
      {
        "start": "2153157239",
        "end": "2153157239",
        "reverse": false,
        "shape": {
          "type": "polyline",
          "points": [
            [
              372.81424,
              797.2242
            ],
            [
              470.58984,
              825.1185
            ],
            [
              372.81424,
              797.2242
            ]
          ]
        },
        "metadata": {
          "segment_id": 31741,
          "street_id": 205342089,
          "street_name": "\u0110\u00e0o S\u01b0 T\u00edch",
          "street_type": "tertiary",
          "street_level": 4,
          "street_group": "205342089",
          "composite": true
        },
        "length_hint": 203.35348463058116,
        "speed_limit": 13.88888888888889
      },
      {
        "start": "2153157239",
        "end": "2153157239",
        "reverse": false,
        "shape": {
          "type": "polyline",
          "points": [
            [
              372.81424,
              797.2242
            ],
            [
              336.83365,
              786.9234
            ],
            [
              372.81424,
              797.2242
            ]
          ]
        },
        "metadata": {
          "segment_id": 31742,
          "street_id": 205342089,
          "street_name": "\u0110\u00e0o S\u01b0 T\u00edch",
          "street_type": "tertiary",
          "street_level": 4,
          "street_group": "205342089",
          "composite": true
        },
        "length_hint": 74.85210317387481,
        "speed_limit": 13.88888888888889
      },
      {
        "start": "5870006207",
        "end": "5870006207",
        "reverse": false,
        "shape": {
          "type": "polyline",
          "points": [
            [
              336.83365,
              786.9234
            ],
            [
              334.75122,
              786.324
            ],
            [
              336.83365,
              786.9234
            ]
          ]
        },
        "metadata": {
          "segment_id": 31744,
          "street_id": 205342089,
          "street_name": "\u0110\u00e0o S\u01b0 T\u00edch",
          "street_type": "tertiary",
          "street_level": 4,
          "street_group": "205342089",
          "composite": true
        },
        "length_hint": 4.333956651790611,
        "speed_limit": 13.88888888888889
      },
      {
        "start": "2153157259",
        "end": "2153157259",
        "reverse": false,
        "shape": {
          "type": "polyline",
          "points": [
            [
              523.21891,
              840.7806
            ],
            [
              545.73205,
              844.90425
            ],
            [
              523.21891,
              840.7806
            ]
          ]
        },
        "metadata": {
          "segment_id": 31735,
          "street_id": 205342089,
          "street_name": "\u0110\u00e0o S\u01b0 T\u00edch",
          "street_type": "tertiary",
          "street_level": 4,
          "street_group": "205342089",
          "composite": true
        },
        "length_hint": 45.77536289237239,
        "speed_limit": 13.88888888888889
      },
      {
        "start": "2153157259",
        "end": "2153157259",
        "reverse": false,
        "shape": {
          "type": "polyline",
          "points": [
            [
              523.21891,
              840.7806
            ],
            [
              501.54201,
              834.3315
            ],
            [
              523.21891,
              840.7806
            ]
          ]
        },
        "metadata": {
          "segment_id": 31736,
          "street_id": 205342089,
          "street_name": "\u0110\u00e0o S\u01b0 T\u00edch",
          "street_type": "tertiary",
          "street_level": 4,
          "street_group": "205342089",
          "composite": true
        },
        "length_hint": 45.231797860354945,
        "speed_limit": 13.88888888888889
      },
      {
        "start": "5752848268",
        "end": "5752848268",
        "reverse": false,
        "shape": {
          "type": "polyline",
          "points": [
            [
              501.54201,
              834.3315
            ],
            [
              470.58984,
              825.1185
            ],
            [
              501.54201,
              834.3315
            ]
          ]
        },
        "metadata": {
          "segment_id": 31738,
          "street_id": 205342089,
          "street_name": "\u0110\u00e0o S\u01b0 T\u00edch",
          "street_type": "tertiary",
          "street_level": 4,
          "street_group": "205342089",
          "composite": true
        },
        "length_hint": 64.58842610588682,
        "speed_limit": 13.88888888888889
      },
      {
        "start": "2153157216",
        "end": "2153157216",
        "reverse": false,
        "shape": {
          "type": "polyline",
          "points": [
            [
              286.54936,
              769.47975
            ],
            [
              334.75122,
              786.324
            ],
            [
              286.54936,
              769.47975
            ]
          ]
        },
        "metadata": {
          "segment_id": 31675,
          "street_id": 205341840,
          "street_name": "C\u1ea7u Ph\u01b0\u1edbc L\u1ed9c",
          "street_type": "tertiary",
          "street_level": 4,
          "street_group": "205341840",
          "composite": true
        },
        "length_hint": 102.1204791512868,
        "speed_limit": 13.88888888888889
      }
    ]
  }
}