{
  "observation": {
    "type": "Kinematics"
  },
  "action": {
    "type": "DiscreteMetaAction"
  },
  "simulation_frequency": 15,
  "policy_frequency": 1,
  "other_vehicles_type": "highway_env.vehicle.behavior.IDMVehicle",
  "screen_width": 600,
  "screen_height": 150,
  "centering_position": [
    0.3,
    0.5
  ],
  "scaling": 5.5,
  "show_trajectories": false,
  "render_agent": true,
  "offscreen_rendering": false,
  "manual_control": false,
  "real_time_rendering": false,
  "destination": null,
  "initial_vehicle_count": 0,
  "controlled_vehicles": 0,
  "spawn_probability": 0.0,
  "duration": 40.0,
  "collision_reward": -5,
  "high_speed_reward": 1.0,
  "arrived_reward": 1.0,
  "reward_speed_range": [
    6.0,
    12.0
  ],
  "auto_curve": false,
  "corner_radius": 25.0,
  "curve_samples": 8,
  "exit_distance": 5.0,
  "graph": {
    "nodes": {
      "5765332996": [
        1.83647,
        151.12095
      ],
      "5765069832": [
        1001.20382,
        177.25035
      ],
      "5765069833": [
        1011.8783,
        178.82655
      ],
      "5765069834": [
        1027.29699,
        182.7726
      ],
      "1503067661": [
        149.0929,
        712.85865
      ],
      "366433808": [
        146.41472,
        701.1093
      ],
      "366420019": [
        140.10185,
        670.02375
      ],
      "366400569": [
        182.90362,
        801.9417
      ],
      "366424137": [
        164.4788,
        772.7265
      ],
      "5778320458": [
        88.12867,
        438.6831
      ],
      "2287610960": [
        988.77485,
        687.63945
      ],
      "2287610963": [
        982.38,
        663.73005
      ],
      "1503067732": [
        195.4091,
        822.88185
      ],
      "2287610964": [
        958.86664,
        336.1857
      ],
      "5778320474": [
        126.88037,
        616.14435
      ],
      "5778320480": [
        140.56097,
        672.27705
      ],
      "2287610981": [
        995.04399,
        177.72765
      ],
      "5778320486": [
        143.22276,
        685.38615
      ],
      "370523239": [
        255.4387,
        942.0903
      ],
      "370523240": [
        254.07228,
        935.1306
      ],
      "2287610990": [
        964.73131,
        293.4951
      ],
      "2287610991": [
        1029.29743,
        25.84635
      ],
      "2287610993": [
        979.9751,
        236.7741
      ],
      "2287611010": [
        947.13728,
        498.7563
      ],
      "366403209": [
        155.0177,
        746.90235
      ],
      "2287611020": [
        948.00632,
        406.80945
      ],
      "366462094": [
        253.56943,
        927.05535
      ],
      "5778356366": [
        965.95016,
        609.2679
      ],
      "5778356368": [
        958.05225,
        578.0991
      ],
      "5778356367": [
        950.83755,
        539.05485
      ],
      "2287611025": [
        952.64122,
        374.181
      ],
      "366380193": [
        152.04437,
        729.88605
      ],
      "2666555048": [
        1041.12517,
        0.0
      ],
      "5765244082": [
        9.02384,
        167.77095
      ],
      "5765244084": [
        0.0,
        146.85855
      ],
      "366419127": [
        12.37977,
        175.5465
      ],
      "366368966": [
        62.71871,
        323.8758
      ],
      "5778355913": [
        950.55333,
        535.9524
      ],
      "5778355914": [
        945.85285,
        439.45455
      ],
      "366405836": [
        243.90611,
        905.5602
      ],
      "366431951": [
        129.42737,
        869.6406
      ],
      "5778355919": [
        945.65061,
        482.0619
      ],
      "5778355922": [
        945.0002,
        456.51525
      ],
      "5765244121": [
        5.50394,
        159.6069
      ],
      "366404323": [
        226.01146,
        872.9817
      ],
      "366451428": [
        47.90125,
        266.17245
      ],
      "5764797157": [
        242.03138,
        902.1081
      ],
      "366443763": [
        38.9102,
        237.1071
      ],
      "5764797172": [
        153.75513,
        738.5052
      ],
      "5764797173": [
        158.44469,
        760.5831
      ],
      "5752767735": [
        1012.00401,
        763.1583
      ],
      "366458108": [
        137.16132,
        659.05695
      ],
      "5763302655": [
        13.6806,
        903.4623
      ],
      "5763302679": [
        217.68176,
        1023.96945
      ],
      "366462231": [
        133.54303,
        640.9473
      ],
      "5771967787": [
        40.99809,
        243.85035
      ],
      "5763302705": [
        244.8626,
        907.68585
      ],
      "5763302710": [
        251.07162,
        969.86805
      ],
      "5771967799": [
        35.34657,
        227.92185
      ],
      "5778429751": [
        960.64845,
        589.39335
      ],
      "5763302719": [
        193.40866,
        1062.3255
      ],
      "5771967809": [
        86.87703,
        434.0211
      ],
      "5763302723": [
        211.09014,
        1034.39235
      ],
      "366418760": [
        49.21301,
        274.45305
      ],
      "366430543": [
        208.33544,
        844.52685
      ],
      "366399347": [
        34.82187,
        226.5621
      ],
      "366446454": [
        239.57728,
        990.231
      ],
      "366405497": [
        91.33156,
        450.61005
      ],
      "366441873": [
        249.63414,
        974.0028
      ],
      "5764796819": [
        153.19216,
        735.66915
      ],
      "366435232": [
        123.62828,
        604.03425
      ],
      "5764796833": [
        170.17404,
        782.0727
      ],
      "1503067560": [
        101.47587,
        499.43895
      ],
      "1503067567": [
        114.61537,
        562.72005
      ],
      "366458810": [
        38.57679,
        896.5137
      ],
      "366442989": [
        226.40499,
        1010.18325
      ],
      "366412274": [
        254.82654,
        959.07885
      ]
    },
    "edges": [
      {
        "start": "5771967809",
        "end": "5771967809",
        "reverse": false,
        "shape": {
          "type": "polyline",
          "points": [
            [
              86.87703,
              434.0211
            ],
            [
              88.12867,
              438.6831
            ],
            [
              86.87703,
              434.0211
            ]
          ]
        },
        "metadata": {
          "segment_id": 17530,
          "street_id": 32899372,
          "street_name": "Nguy\u1ec5n Xi\u1ec3n",
          "street_type": "secondary",
          "street_level": 3,
          "street_group": "32899372",
          "composite": true
        },
        "length_hint": 9.654190114059347,
        "speed_limit": 11.11111111111111
      },
      {
        "start": "5771967809",
        "end": "5771967809",
        "reverse": false,
        "shape": {
          "type": "polyline",
          "points": [
            [
              86.87703,
              434.0211
            ],
            [
              62.71871,
              323.8758
            ],
            [
              86.87703,
              434.0211
            ]
          ]
        },
        "metadata": {
          "segment_id": 17531,
          "street_id": 32899372,
          "street_name": "Nguy\u1ec5n Xi\u1ec3n",
          "street_type": "secondary",
          "street_level": 3,
          "street_group": "32899372",
          "composite": true
        },
        "length_hint": 225.527040838232,
        "speed_limit": 11.11111111111111
      },
      {
        "start": "366435232",
        "end": "366435232",
        "reverse": false,
        "shape": {
          "type": "polyline",
          "points": [
            [
              123.62828,
              604.03425
            ],
            [
              126.88037,
              616.14435
            ],
            [
              123.62828,
              604.03425
            ]
          ]
        },
        "metadata": {
          "segment_id": 17520,
          "street_id": 32899372,
          "street_name": "Nguy\u1ec5n Xi\u1ec3n",
          "street_type": "secondary",
          "street_level": 3,
          "street_group": "32899372",
          "composite": true
        },
        "length_hint": 25.07832621034344,
        "speed_limit": 11.11111111111111
      },
      {
        "start": "366435232",
        "end": "366435232",
        "reverse": false,
        "shape": {
          "type": "polyline",
          "points": [
            [
              123.62828,
              604.03425
            ],
            [
              114.61537,
              562.72005
            ],
            [
              123.62828,
              604.03425
            ]
          ]
        },
        "metadata": {
          "segment_id": 17521,
          "street_id": 32899372,
          "street_name": "Nguy\u1ec5n Xi\u1ec3n",
          "street_type": "secondary",
          "street_level": 3,
          "street_group": "32899372",
          "composite": true
        },
        "length_hint": 84.57176049505183,
        "speed_limit": 11.11111111111111
      },
      {
        "start": "1503067560",
        "end": "1503067560",
        "reverse": false,
        "shape": {
          "type": "polyline",
          "points": [
            [
              101.47587,
              499.43895
            ],
            [
              114.61537,
              562.72005
            ],
            [
              101.47587,
              499.43895
            ]
          ]
        },
        "metadata": {
          "segment_id": 17524,
          "street_id": 32899372,
          "street_name": "Nguy\u1ec5n Xi\u1ec3n",
          "street_type": "secondary",
          "street_level": 3,
          "street_group": "32899372",
          "composite": true
        },
        "length_hint": 129.26165831305127,
        "speed_limit": 11.11111111111111
      },
      {
        "start": "1503067560",
        "end": "1503067560",
        "reverse": false,
        "shape": {
          "type": "polyline",
          "points": [
            [
              101.47587,
              499.43895
            ],
            [
              91.33156,
              450.61005
            ],
            [
              101.47587,
              499.43895
            ]
          ]
        },
        "metadata": {
          "segment_id": 17525,
          "street_id": 32899372,
          "street_name": "Nguy\u1ec5n Xi\u1ec3n",
          "street_type": "secondary",
          "street_level": 3,
          "street_group": "32899372",
          "composite": true
        },
        "length_hint": 99.74303986917779,
        "speed_limit": 11.11111111111111
      },
      {
        "start": "5778320458",
        "end": "5778320458",
        "reverse": false,
        "shape": {
          "type": "polyline",
          "points": [
            [
              88.12867,
              438.6831
            ],
            [
              91.33156,
              450.61005
            ],
            [
              88.12867,
              438.6831
            ]
          ]
        },
        "metadata": {
          "segment_id": 17528,
          "street_id": 32899372,
          "street_name": "Nguy\u1ec5n Xi\u1ec3n",
          "street_type": "secondary",
          "street_level": 3,
          "street_group": "32899372",
          "composite": true
        },
        "length_hint": 24.699039710450236,
        "speed_limit": 11.11111111111111
      },
      {
        "start": "366458108",
        "end": "366458108",
        "reverse": false,
        "shape": {
          "type": "polyline",
          "points": [
            [
              137.16132,
              659.05695
            ],
            [
              140.10185,
              670.02375
            ],
            [
              137.16132,
              659.05695
            ]
          ]
        },
        "metadata": {
          "segment_id": 17514,
          "street_id": 32899372,
          "street_name": "Nguy\u1ec5n Xi\u1ec3n",
          "street_type": "secondary",
          "street_level": 3,
          "street_group": "32899372",
          "composite": true
        },
        "length_hint": 22.708361360600055,
        "speed_limit": 11.11111111111111
      },
      {
        "start": "366458108",
        "end": "366458108",
        "reverse": false,
        "shape": {
          "type": "polyline",
          "points": [
            [
              137.16132,
              659.05695
            ],
            [
              133.54303,
              640.9473
            ],
            [
              137.16132,
              659.05695
            ]
          ]
        },
        "metadata": {
          "segment_id": 17515,
          "street_id": 32899372,
          "street_name": "Nguy\u1ec5n Xi\u1ec3n",
          "street_type": "secondary",
          "street_level": 3,
          "street_group": "32899372",
          "composite": true
        },
        "length_hint": 36.93515645812805,
        "speed_limit": 11.11111111111111
      },
      {
        "start": "5778320474",
        "end": "5778320474",
        "reverse": false,
        "shape": {
          "type": "polyline",
          "points": [
            [
              126.88037,
              616.14435
            ],
            [
              133.54303,
              640.9473
            ],
            [
              126.88037,
              616.14435
            ]
          ]
        },
        "metadata": {
          "segment_id": 17518,
          "street_id": 32899372,
          "street_name": "Nguy\u1ec5n Xi\u1ec3n",
          "street_type": "secondary",
          "street_level": 3,
          "street_group": "32899372",
          "composite": true
        },
        "length_hint": 51.364476712144175,
        "speed_limit": 11.11111111111111
      },
      {
        "start": "5764797157",
        "end": "5764797157",
        "reverse": false,
        "shape": {
          "type": "polyline",
          "points": [
            [
              242.03138,
              902.1081
            ],
            [
              243.90611,
              905.5602
            ],
            [
              242.03138,
              902.1081
            ]
          ]
        },
        "metadata": {
          "segment_id": 17480,
          "street_id": 32899372,
          "street_name": "Nguy\u1ec5n Xi\u1ec3n",
          "street_type": "secondary",
          "street_level": 3,
          "street_group": "32899372",
          "composite": true
        },
        "length_hint": 7.856616824791651,
        "speed_limit": 11.11111111111111
      },
      {
        "start": "5764797157",
        "end": "5764797157",
        "reverse": false,
        "shape": {
          "type": "polyline",
          "points": [
            [
              242.03138,
              902.1081
            ],
            [
              226.01146,
              872.9817
            ],
            [
              242.03138,
              902.1081
            ]
          ]
        },
        "metadata": {
          "segment_id": 17481,
          "street_id": 32899372,
          "street_name": "Nguy\u1ec5n Xi\u1ec3n",
          "street_type": "secondary",
          "street_level": 3,
          "street_group": "32899372",
          "composite": true
        },
        "length_hint": 66.48262972435431,
        "speed_limit": 11.11111111111111
      },
      {
        "start": "366405836",
        "end": "366405836",
        "reverse": false,
        "shape": {
          "type": "polyline",
          "points": [
            [
              243.90611,
              905.5602
            ],
            [
              244.8626,
              907.68585
            ],
            [
              243.90611,
              905.5602
            ]
          ]
        },
        "metadata": {
          "segment_id": 17478,
          "street_id": 32899372,
          "street_name": "Nguy\u1ec5n Xi\u1ec3n",
          "street_type": "secondary",
          "street_level": 3,
          "street_group": "32899372",
          "composite": true
        },
        "length_hint": 4.661871316370601,
        "speed_limit": 11.11111111111111
      },
      {
        "start": "370523240",
        "end": "370523240",
        "reverse": false,
        "shape": {
          "type": "polyline",
          "points": [
            [
              254.07228,
              935.1306
            ],
            [
              253.56943,
              927.05535
            ],
            [
              254.07228,
              935.1306
            ]
          ]
        },
        "metadata": {
          "segment_id": 17473,
          "street_id": 32899372,
          "street_name": "Nguy\u1ec5n Xi\u1ec3n",
          "street_type": "secondary",
          "street_level": 3,
          "street_group": "32899372",
          "composite": true
        },
        "length_hint": 16.18178243395946,
        "speed_limit": 11.11111111111111
      },
      {
        "start": "366462094",
        "end": "366462094",
        "reverse": false,
        "shape": {
          "type": "polyline",
          "points": [
            [
              253.56943,
              927.05535
            ],
            [
              244.8626,
              907.68585
            ],
            [
              253.56943,
              927.05535
            ]
          ]
        },
        "metadata": {
          "segment_id": 17475,
          "street_id": 32899372,
          "street_name": "Nguy\u1ec5n Xi\u1ec3n",
          "street_type": "secondary",
          "street_level": 3,
          "street_group": "32899372",
          "composite": true
        },
        "length_hint": 42.47288164930188,
        "speed_limit": 11.11111111111111
      },
      {
        "start": "366380193",
        "end": "366380193",
        "reverse": false,
        "shape": {
          "type": "polyline",
          "points": [
            [
              152.04437,
              729.88605
            ],
            [
              153.19216,
              735.66915
            ],
            [
              152.04437,
              729.88605
            ]
          ]
        },
        "metadata": {
          "segment_id": 17502,
          "street_id": 32899372,
          "street_name": "Nguy\u1ec5n Xi\u1ec3n",
          "street_type": "secondary",
          "street_level": 3,
          "street_group": "32899372",
          "composite": true
        },
        "length_hint": 11.79180520431031,
        "speed_limit": 11.11111111111111
      },
      {
        "start": "366380193",
        "end": "366380193",
        "reverse": false,
        "shape": {
          "type": "polyline",
          "points": [
            [
              152.04437,
              729.88605
            ],
            [
              149.0929,
              712.85865
            ],
            [
              152.04437,
              729.88605
            ]
          ]
        },
        "metadata": {
          "segment_id": 17503,
          "street_id": 32899372,
          "street_name": "Nguy\u1ec5n Xi\u1ec3n",
          "street_type": "secondary",
          "street_level": 3,
          "street_group": "32899372",
          "composite": true
        },
        "length_hint": 34.562611355098625,
        "speed_limit": 11.11111111111111
      },
      {
        "start": "5764796819",
        "end": "5764796819",
        "reverse": false,
        "shape": {
          "type": "polyline",
          "points": [
            [
              153.19216,
              735.66915
            ],
            [
              153.75513,
              738.5052
            ],
            [
              153.19216,
              735.66915
            ]
          ]
        },
        "metadata": {
          "segment_id": 17500,
          "street_id": 32899372,
          "street_name": "Nguy\u1ec5n Xi\u1ec3n",
          "street_type": "secondary",
          "street_level": 3,
          "street_group": "32899372",
          "composite": true
        },
        "length_hint": 5.782772630287312,
        "speed_limit": 11.11111111111111
      },
      {
        "start": "5764796833",
        "end": "5764796833",
        "reverse": false,
        "shape": {
          "type": "polyline",
          "points": [
            [
              170.17404,
              782.0727
            ],
            [
              182.90362,
              801.9417
            ],
            [
              170.17404,
              782.0727
            ]
          ]
        },
        "metadata": {
          "segment_id": 17490,
          "street_id": 32899372,
          "street_name": "Nguy\u1ec5n Xi\u1ec3n",
          "street_type": "secondary",
          "street_level": 3,
          "street_group": "32899372",
          "composite": true
        },
        "length_hint": 47.19404063974165,
        "speed_limit": 11.11111111111111
      },
      {
        "start": "5764796833",
        "end": "5764796833",
        "reverse": false,
        "shape": {
          "type": "polyline",
          "points": [
            [
              170.17404,
              782.0727
            ],
            [
              164.4788,
              772.7265
            ],
            [
              170.17404,
              782.0727
            ]
          ]
        },
        "metadata": {
          "segment_id": 17491,
          "street_id": 32899372,
          "street_name": "Nguy\u1ec5n Xi\u1ec3n",
          "street_type": "secondary",
          "street_level": 3,
          "street_group": "32899372",
          "composite": true
        },
        "length_hint": 21.889468983746596,
        "speed_limit": 11.11111111111111
      },
      {
        "start": "366403209",
        "end": "366403209",
        "reverse": false,
        "shape": {
          "type": "polyline",
          "points": [
            [
              155.0177,
              746.90235
            ],
            [
              158.44469,
              760.5831
            ],
            [
              155.0177,
              746.90235
            ]
          ]
        },
        "metadata": {
          "segment_id": 17496,
          "street_id": 32899372,
          "street_name": "Nguy\u1ec5n Xi\u1ec3n",
          "street_type": "secondary",
          "street_level": 3,
          "street_group": "32899372",
          "composite": true
        },
        "length_hint": 28.20689142905328,
        "speed_limit": 11.11111111111111
      },
      {
        "start": "366403209",
        "end": "366403209",
        "reverse": false,
        "shape": {
          "type": "polyline",
          "points": [
            [
              155.0177,
              746.90235
            ],
            [
              153.75513,
              738.5052
            ],
            [
              155.0177,
              746.90235
            ]
          ]
        },
        "metadata": {
          "segment_id": 17497,
          "street_id": 32899372,
          "street_name": "Nguy\u1ec5n Xi\u1ec3n",
          "street_type": "secondary",
          "street_level": 3,
          "street_group": "32899372",
          "composite": true
        },
        "length_hint": 16.983075237117703,
        "speed_limit": 11.11111111111111
      },
      {
        "start": "366424137",
        "end": "366424137",
        "reverse": false,
        "shape": {
          "type": "polyline",
          "points": [
            [
              164.4788,
              772.7265
            ],
            [
              158.44469,
              760.5831
            ],
            [
              164.4788,
              772.7265
            ]
          ]
        },
        "metadata": {
          "segment_id": 17493,
          "street_id": 32899372,
          "street_name": "Nguy\u1ec5n Xi\u1ec3n",
          "street_type": "secondary",
          "street_level": 3,
          "street_group": "32899372",
          "composite": true
        },
        "length_hint": 27.119929723515213,
        "speed_limit": 11.11111111111111
      },
      {
        "start": "366404323",
        "end": "366404323",
        "reverse": false,
        "shape": {
          "type": "polyline",
          "points": [
            [
              226.01146,
              872.9817
            ],
            [
              208.33544,
              844.52685
            ],
            [
              226.01146,
              872.9817
            ]
          ]
        },
        "metadata": {
          "segment_id": 17483,
          "street_id": 32899372,
          "street_name": "Nguy\u1ec5n Xi\u1ec3n",
          "street_type": "secondary",
          "street_level": 3,
          "street_group": "32899372",
          "composite": true
        },
        "length_hint": 66.9961244121749,
        "speed_limit": 11.11111111111111
      },
      {
        "start": "366400569",
        "end": "366400569",
        "reverse": false,
        "shape": {
          "type": "polyline",
          "points": [
            [
              182.90362,
              801.9417
            ],
            [
              195.4091,
              822.88185
            ],
            [
              182.90362,
              801.9417
            ]
          ]
        },
        "metadata": {
          "segment_id": 17488,
          "street_id": 32899372,
          "street_name": "Nguy\u1ec5n Xi\u1ec3n",
          "street_type": "secondary",
          "street_level": 3,
          "street_group": "32899372",
          "composite": true
        },
        "length_hint": 48.7801972957429,
        "speed_limit": 11.11111111111111
      },
      {
        "start": "366430543",
        "end": "366430543",
        "reverse": false,
        "shape": {
          "type": "polyline",
          "points": [
            [
              208.33544,
              844.52685
            ],
            [
              195.4091,
              822.88185
            ],
            [
              208.33544,
              844.52685
            ]
          ]
        },
        "metadata": {
          "segment_id": 17485,
          "street_id": 32899372,
          "street_name": "Nguy\u1ec5n Xi\u1ec3n",
          "street_type": "secondary",
          "street_level": 3,
          "street_group": "32899372",
          "composite": true
        },
        "length_hint": 50.42207019929267,
        "speed_limit": 11.11111111111111
      },
      {
        "start": "5778320486",
        "end": "5778320486",
        "reverse": false,
        "shape": {
          "type": "polyline",
          "points": [
            [
              143.22276,
              685.38615
            ],
            [
              146.41472,
              701.1093
            ],
            [
              143.22276,
              685.38615
            ]
          ]
        },
        "metadata": {
          "segment_id": 17508,
          "street_id": 32899372,
          "street_name": "Nguy\u1ec5n Xi\u1ec3n",
          "street_type": "secondary",
          "street_level": 3,
          "street_group": "32899372",
          "composite": true
        },
        "length_hint": 32.08775807463634,
        "speed_limit": 11.11111111111111
      },
      {
        "start": "5778320486",
        "end": "5778320486",
        "reverse": false,
        "shape": {
          "type": "polyline",
          "points": [
            [
              143.22276,
              685.38615
            ],
            [
              140.56097,
              672.27705
            ],
            [
              143.22276,
              685.38615
            ]
          ]
        },
        "metadata": {
          "segment_id": 17509,
          "street_id": 32899372,
          "street_name": "Nguy\u1ec5n Xi\u1ec3n",
          "street_type": "secondary",
          "street_level": 3,
          "street_group": "32899372",
          "composite": true
        },
        "length_hint": 26.753215045231503,
        "speed_limit": 11.11111111111111
      },
      {
        "start": "5778320480",
        "end": "5778320480",
        "reverse": false,
        "shape": {
          "type": "polyline",
          "points": [
            [
              140.56097,
              672.27705
            ],
            [
              140.10185,
              670.02375
            ],
            [
              140.56097,
              672.27705
            ]
          ]
        },
        "metadata": {
          "segment_id": 17511,
          "street_id": 32899372,
          "street_name": "Nguy\u1ec5n Xi\u1ec3n",
          "street_type": "secondary",
          "street_level": 3,
          "street_group": "32899372",
          "composite": true
        },
        "length_hint": 4.599196479560468,
        "speed_limit": 11.11111111111111
      },
      {
        "start": "366433808",
        "end": "366433808",
        "reverse": false,
        "shape": {
          "type": "polyline",
          "points": [
            [
              146.41472,
              701.1093
            ],
            [
              149.0929,
              712.85865
            ],
            [
              146.41472,
              701.1093
            ]
          ]
        },
        "metadata": {
          "segment_id": 17506,
          "street_id": 32899372,
          "street_name": "Nguy\u1ec5n Xi\u1ec3n",
          "street_type": "secondary",
          "street_level": 3,
          "street_group": "32899372",
          "composite": true
        },
        "length_hint": 24.10144174400371,
        "speed_limit": 11.11111111111111
      },
      {
        "start": "366399347",
        "end": "366399347",
        "reverse": false,
        "shape": {
          "type": "polyline",
          "points": [
            [
              34.82187,
              226.5621
            ],
            [
              35.34657,
              227.92185
            ],
            [
              34.82187,
              226.5621
            ]
          ]
        },
        "metadata": {
          "segment_id": 17544,
          "street_id": 32899372,
          "street_name": "Nguy\u1ec5n Xi\u1ec3n",
          "street_type": "secondary",
          "street_level": 3,
          "street_group": "32899372",
          "composite": true
        },
        "length_hint": 2.9149477885547492,
        "speed_limit": 11.11111111111111
      },
      {
        "start": "366399347",
        "end": "366399347",
        "reverse": false,
        "shape": {
          "type": "polyline",
          "points": [
            [
              34.82187,
              226.5621
            ],
            [
              12.37977,
              175.5465
            ],
            [
              34.82187,
              226.5621
            ]
          ]
        },
        "metadata": {
          "segment_id": 17545,
          "street_id": 32899372,
          "street_name": "Nguy\u1ec5n Xi\u1ec3n",
          "street_type": "secondary",
          "street_level": 3,
          "street_group": "32899372",
          "composite": true
        },
        "length_hint": 111.46729198773957,
        "speed_limit": 11.11111111111111
      },
      {
        "start": "5771967799",
        "end": "5771967799",
        "reverse": false,
        "shape": {
          "type": "polyline",
          "points": [
            [
              35.34657,
              227.92185
            ],
            [
              38.9102,
              237.1071
            ],
            [
              35.34657,
              227.92185
            ]
          ]
        },
        "metadata": {
          "segment_id": 17542,
          "street_id": 32899372,
          "street_name": "Nguy\u1ec5n Xi\u1ec3n",
          "street_type": "secondary",
          "street_level": 3,
          "street_group": "32899372",
          "composite": true
        },
        "length_hint": 19.704646796063102,
        "speed_limit": 11.11111111111111
      },
      {
        "start": "366368966",
        "end": "366368966",
        "reverse": false,
        "shape": {
          "type": "polyline",
          "points": [
            [
              62.71871,
              323.8758
            ],
            [
              49.21301,
              274.45305
            ],
            [
              62.71871,
              323.8758
            ]
          ]
        },
        "metadata": {
          "segment_id": 17533,
          "street_id": 32899372,
          "street_name": "Nguy\u1ec5n Xi\u1ec3n",
          "street_type": "secondary",
          "street_level": 3,
          "street_group": "32899372",
          "composite": true
        },
        "length_hint": 102.469744804064,
        "speed_limit": 11.11111111111111
      },
      {
        "start": "366418760",
        "end": "366418760",
        "reverse": false,
        "shape": {
          "type": "polyline",
          "points": [
            [
              49.21301,
              274.45305
            ],
            [
              47.90125,
              266.17245
            ],
            [
              49.21301,
              274.45305
            ]
          ]
        },
        "metadata": {
          "segment_id": 17535,
          "street_id": 32899372,
          "street_name": "Nguy\u1ec5n Xi\u1ec3n",
          "street_type": "secondary",
          "street_level": 3,
          "street_group": "32899372",
          "composite": true
        },
        "length_hint": 16.767713100789848,
        "speed_limit": 11.11111111111111
      },
      {
        "start": "366451428",
        "end": "366451428",
        "reverse": false,
        "shape": {
          "type": "polyline",
          "points": [
            [
              47.90125,
              266.17245
            ],
            [
              40.99809,
              243.85035
            ],
            [
              47.90125,
              266.17245
            ]
          ]
        },
        "metadata": {
          "segment_id": 17537,
          "street_id": 32899372,
          "street_name": "Nguy\u1ec5n Xi\u1ec3n",
          "street_type": "secondary",
          "street_level": 3,
          "street_group": "32899372",
          "composite": true
        },
        "length_hint": 46.73027996473385,
        "speed_limit": 11.11111111111111
      },
      {
        "start": "5771967787",
        "end": "5771967787",
        "reverse": false,
        "shape": {
          "type": "polyline",
          "points": [
            [
              40.99809,
              243.85035
            ],
            [
              38.9102,
              237.1071
            ],
            [
              40.99809,
              243.85035
            ]
          ]
        },
        "metadata": {
          "segment_id": 17539,
          "street_id": 32899372,
          "street_name": "Nguy\u1ec5n Xi\u1ec3n",
          "street_type": "secondary",
          "street_level": 3,
          "street_group": "32899372",
          "composite": true
        },
        "length_hint": 14.118173425000817,
        "speed_limit": 11.11111111111111
      },
      {
        "start": "5765244084",
        "end": "5765244084",
        "reverse": false,
        "shape": {
          "type": "polyline",
          "points": [
            [
              0.0,
              146.85855
            ],
            [
              1.83647,
              151.12095
            ],
            [
              0.0,
              146.85855
            ]
          ]
        },
        "metadata": {
          "segment_id": 17554,
          "street_id": 32899372,
          "street_name": "Nguy\u1ec5n Xi\u1ec3n",
          "street_type": "secondary",
          "street_level": 3,
          "street_group": "32899372",
          "composite": true
        },
        "length_hint": 9.282386723445619,
        "speed_limit": 11.11111111111111
      },
      {
        "start": "5765332996",
        "end": "5765332996",
        "reverse": false,
        "shape": {
          "type": "polyline",
          "points": [
            [
              1.83647,
              151.12095
            ],
            [
              5.50394,
              159.6069
            ],
            [
              1.83647,
              151.12095
            ]
          ]
        },
        "metadata": {
          "segment_id": 17552,
          "street_id": 32899372,
          "street_name": "Nguy\u1ec5n Xi\u1ec3n",
          "street_type": "secondary",
          "street_level": 3,
          "street_group": "32899372",
          "composite": true
        },
        "length_hint": 18.489097717671356,
        "speed_limit": 11.11111111111111
      },
      {
        "start": "5765244121",
        "end": "5765244121",
        "reverse": false,
        "shape": {
          "type": "polyline",
          "points": [
            [
              5.50394,
              159.6069
            ],
            [
              9.02384,
              167.77095
            ],
            [
              5.50394,
              159.6069
            ]
          ]
        },
        "metadata": {
          "segment_id": 17550,
          "street_id": 32899372,
          "street_name": "Nguy\u1ec5n Xi\u1ec3n",
          "street_type": "secondary",
          "street_level": 3,
          "street_group": "32899372",
          "composite": true
        },
        "length_hint": 17.781047034693998,
        "speed_limit": 11.11111111111111
      },
      {
        "start": "5765244082",
        "end": "5765244082",
        "reverse": false,
        "shape": {
          "type": "polyline",
          "points": [
            [
              9.02384,
              167.77095
            ],
            [
              12.37977,
              175.5465
            ],
            [
              9.02384,
              167.77095
            ]
          ]
        },
        "metadata": {
          "segment_id": 17548,
          "street_id": 32899372,
          "street_name": "Nguy\u1ec5n Xi\u1ec3n",
          "street_type": "secondary",
          "street_level": 3,
          "street_group": "32899372",
          "composite": true
        },
        "length_hint": 16.93770279198453,
        "speed_limit": 11.11111111111111
      },
      {
        "start": "5765069832",
        "end": "5765069832",
        "reverse": false,
        "shape": {
          "type": "polyline",
          "points": [
            [
              1001.20382,
              177.25035
            ],
            [
              995.04399,
              177.72765
            ],
            [
              1001.20382,
              177.25035
            ]
          ]
        },
        "metadata": {
          "segment_id": 79697,
          "street_id": 608188541,
          "street_name": "Nam Cao",
          "street_type": "tertiary",
          "street_level": 4,
          "street_group": "608188541",
          "composite": true
        },
        "length_hint": 12.356588674694859,
        "speed_limit": 13.88888888888889
      },
      {
        "start": "5765069832",
        "end": "5765069832",
        "reverse": false,
        "shape": {
          "type": "polyline",
          "points": [
            [
              1001.20382,
              177.25035
            ],
            [
              1011.8783,
              178.82655
            ],
            [
              1001.20382,
              177.25035
            ]
          ]
        },
        "metadata": {
          "segment_id": 79698,
          "street_id": 608188541,
          "street_name": "Nam Cao",
          "street_type": "tertiary",
          "street_level": 4,
          "street_group": "608188541",
          "composite": true
        },
        "length_hint": 21.580447605218975,
        "speed_limit": 13.88888888888889
      },
      {
        "start": "5765069834",
        "end": "5765069834",
        "reverse": false,
        "shape": {
          "type": "polyline",
          "points": [
            [
              1027.29699,
              182.7726
            ],
            [
              1011.8783,
              178.82655
            ],
            [
              1027.29699,
              182.7726
            ]
          ]
        },
        "metadata": {
          "segment_id": 79701,
          "street_id": 608188541,
          "street_name": "Nam Cao",
          "street_type": "tertiary",
          "street_level": 4,
          "street_group": "608188541",
          "composite": true
        },
        "length_hint": 31.831262112495804,
        "speed_limit": 13.88888888888889
      },
      {
        "start": "2287610960",
        "end": "2287610960",
        "reverse": false,
        "shape": {
          "type": "polyline",
          "points": [
            [
              988.77485,
              687.63945
            ],
            [
              982.38,
              663.73005
            ],
            [
              988.77485,
              687.63945
            ]
          ]
        },
        "metadata": {
          "segment_id": 81865,
          "street_id": 610101816,
          "street_name": "Long H\u01b0ng",
          "street_type": "tertiary",
          "street_level": 4,
          "street_group": "610101816",
          "composite": true
        },
        "length_hint": 49.49963696361825,
        "speed_limit": 13.88888888888889
      },
      {
        "start": "2287610960",
        "end": "2287610960",
        "reverse": false,
        "shape": {
          "type": "polyline",
          "points": [
            [
              988.77485,
              687.63945
            ],
            [
              1012.00401,
              763.1583
            ],
            [
              988.77485,
              687.63945
            ]
          ]
        },
        "metadata": {
          "segment_id": 81884,
          "street_id": 610101817,
          "street_name": "Long H\u01b0ng",
          "street_type": "tertiary",
          "street_level": 4,
          "street_group": "610101817",
          "composite": true
        },
        "length_hint": 158.0213982931186,
        "speed_limit": 13.88888888888889
      },
      {
        "start": "5778356366",
        "end": "5778356366",
        "reverse": false,
        "shape": {
          "type": "polyline",
          "points": [
            [
              965.95016,
              609.2679
            ],
            [
              982.38,
              663.73005
            ],
            [
              965.95016,
              609.2679
            ]
          ]
        },
        "metadata": {
          "segment_id": 36195,
          "street_id": 219616469,
          "street_name": "Long H\u01b0ng",
          "street_type": "tertiary",
          "street_level": 4,
          "street_group": "219616469",
          "composite": true
        },
        "length_hint": 113.77285133190775,
        "speed_limit": 13.88888888888889
      },
      {
        "start": "5778356366",
        "end": "5778356366",
        "reverse": false,
        "shape": {
          "type": "polyline",
          "points": [
            [
              965.95016,
              609.2679
            ],
            [
              960.64845,
              589.39335
            ],
            [
              965.95016,
              609.2679
            ]
          ]
        },
        "metadata": {
          "segment_id": 36196,
          "street_id": 219616469,
          "street_name": "Long H\u01b0ng",
          "street_type": "tertiary",
          "street_level": 4,
          "street_group": "219616469",
          "composite": true
        },
        "length_hint": 41.13907469190816,
        "speed_limit": 13.88888888888889
      },
      {
        "start": "5778356368",
        "end": "5778356368",
        "reverse": false,
        "shape": {
          "type": "polyline",
          "points": [
            [
              958.05225,
              578.0991
            ],
            [
              960.64845,
              589.39335
            ],
            [
              958.05225,
              578.0991
            ]
          ]
        },
        "metadata": {
          "segment_id": 36199,
          "street_id": 219616469,
          "street_name": "Long H\u01b0ng",
          "street_type": "tertiary",
          "street_level": 4,
          "street_group": "219616469",
          "composite": true
        },
        "length_hint": 23.177604492483784,
        "speed_limit": 13.88888888888889
      },
      {
        "start": "5778356368",
        "end": "5778356368",
        "reverse": false,
        "shape": {
          "type": "polyline",
          "points": [
            [
              958.05225,
              578.0991
            ],
            [
              950.83755,
              539.05485
            ],
            [
              958.05225,
              578.0991
            ]
          ]
        },
        "metadata": {
          "segment_id": 36200,
          "street_id": 219616469,
          "street_name": "Long H\u01b0ng",
          "street_type": "tertiary",
          "street_level": 4,
          "street_group": "219616469",
          "composite": true
        },
        "length_hint": 79.41046163201679,
        "speed_limit": 13.88888888888889
      },
      {
        "start": "5778355922",
        "end": "5778355922",
        "reverse": false,
        "shape": {
          "type": "polyline",
          "points": [
            [
              945.0002,
              456.51525
            ],
            [
              945.65061,
              482.0619
            ],
            [
              945.0002,
              456.51525
            ]
          ]
        },
        "metadata": {
          "segment_id": 36209,
          "street_id": 219616469,
          "street_name": "Long H\u01b0ng",
          "street_type": "tertiary",
          "street_level": 4,
          "street_group": "219616469",
          "composite": true
        },
        "length_hint": 51.10985655979089,
        "speed_limit": 13.88888888888889
      },
      {
        "start": "5778355922",
        "end": "5778355922",
        "reverse": false,
        "shape": {
          "type": "polyline",
          "points": [
            [
              945.0002,
              456.51525
            ],
            [
              945.85285,
              439.45455
            ],
            [
              945.0002,
              456.51525
            ]
          ]
        },
        "metadata": {
          "segment_id": 36210,
          "street_id": 219616469,
          "street_name": "Long H\u01b0ng",
          "street_type": "tertiary",
          "street_level": 4,
          "street_group": "219616469",
          "composite": true
        },
        "length_hint": 34.16398668261653,
        "speed_limit": 13.88888888888889
      },
      {
        "start": "2287610990",
        "end": "2287610990",
        "reverse": false,
        "shape": {
          "type": "polyline",
          "points": [
            [
              964.73131,
              293.4951
            ],
            [
              958.86664,
              336.1857
            ],
            [
              964.73131,
              293.4951
            ]
          ]
        },
        "metadata": {
          "segment_id": 36219,
          "street_id": 219616469,
          "street_name": "Long H\u01b0ng",
          "street_type": "tertiary",
          "street_level": 4,
          "street_group": "219616469",
          "composite": true
        },
        "length_hint": 86.183100027068,
        "speed_limit": 13.88888888888889
      },
      {
        "start": "2287610990",
        "end": "2287610990",
        "reverse": false,
        "shape": {
          "type": "polyline",
          "points": [
            [
              964.73131,
              293.4951
            ],
            [
              979.9751,
              236.7741
            ],
            [
              964.73131,
              293.4951
            ]
          ]
        },
        "metadata": {
          "segment_id": 36220,
          "street_id": 219616469,
          "street_name": "Long H\u01b0ng",
          "street_type": "tertiary",
          "street_level": 4,
          "street_group": "219616469",
          "composite": true
        },
        "length_hint": 117.46735673478138,
        "speed_limit": 13.88888888888889
      },
      {
        "start": "2287610993",
        "end": "2287610993",
        "reverse": false,
        "shape": {
          "type": "polyline",
          "points": [
            [
              979.9751,
              236.7741
            ],
            [
              995.04399,
              177.72765
            ],
            [
              979.9751,
              236.7741
            ]
          ]
        },
        "metadata": {
          "segment_id": 36222,
          "street_id": 219616469,
          "street_name": "Long H\u01b0ng",
          "street_type": "tertiary",
          "street_level": 4,
          "street_group": "219616469",
          "composite": true
        },
        "length_hint": 121.87788484273264,
        "speed_limit": 13.88888888888889
      },
      {
        "start": "2287610964",
        "end": "2287610964",
        "reverse": false,
        "shape": {
          "type": "polyline",
          "points": [
            [
              958.86664,
              336.1857
            ],
            [
              952.64122,
              374.181
            ],
            [
              958.86664,
              336.1857
            ]
          ]
        },
        "metadata": {
          "segment_id": 36217,
          "street_id": 219616469,
          "street_name": "Long H\u01b0ng",
          "street_type": "tertiary",
          "street_level": 4,
          "street_group": "219616469",
          "composite": true
        },
        "length_hint": 77.00386162437307,
        "speed_limit": 13.88888888888889
      },
      {
        "start": "2287611020",
        "end": "2287611020",
        "reverse": false,
        "shape": {
          "type": "polyline",
          "points": [
            [
              948.00632,
              406.80945
            ],
            [
              945.85285,
              439.45455
            ],
            [
              948.00632,
              406.80945
            ]
          ]
        },
        "metadata": {
          "segment_id": 36213,
          "street_id": 219616469,
          "street_name": "Long H\u01b0ng",
          "street_type": "tertiary",
          "street_level": 4,
          "street_group": "219616469",
          "composite": true
        },
        "length_hint": 65.43210181710188,
        "speed_limit": 13.88888888888889
      },
      {
        "start": "2287611020",
        "end": "2287611020",
        "reverse": false,
        "shape": {
          "type": "polyline",
          "points": [
            [
              948.00632,
              406.80945
            ],
            [
              952.64122,
              374.181
            ],
            [
              948.00632,
              406.80945
            ]
          ]
        },
        "metadata": {
          "segment_id": 36214,
          "street_id": 219616469,
          "street_name": "Long H\u01b0ng",
          "street_type": "tertiary",
          "street_level": 4,
          "street_group": "219616469",
          "composite": true
        },
        "length_hint": 65.9120033806439,
        "speed_limit": 13.88888888888889
      },
      {
        "start": "5778355913",
        "end": "5778355913",
        "reverse": false,
        "shape": {
          "type": "polyline",
          "points": [
            [
              950.55333,
              535.9524
            ],
            [
              950.83755,
              539.05485
            ],
            [
              950.55333,
              535.9524
            ]
          ]
        },
        "metadata": {
          "segment_id": 36203,
          "street_id": 219616469,
          "street_name": "Long H\u01b0ng",
          "street_type": "tertiary",
          "street_level": 4,
          "street_group": "219616469",
          "composite": true
        },
        "length_hint": 6.230883407960658,
        "speed_limit": 13.88888888888889
      },
      {
        "start": "5778355913",
        "end": "5778355913",
        "reverse": false,
        "shape": {
          "type": "polyline",
          "points": [
            [
              950.55333,
              535.9524
            ],
            [
              947.13728,
              498.7563
            ],
            [
              950.55333,
              535.9524
            ]
          ]
        },
        "metadata": {
          "segment_id": 36204,
          "street_id": 219616469,
          "street_name": "Long H\u01b0ng",
          "street_type": "tertiary",
          "street_level": 4,
          "street_group": "219616469",
          "composite": true
        },
        "length_hint": 74.70526762718943,
        "speed_limit": 13.88888888888889
      },
      {
        "start": "2287611010",
        "end": "2287611010",
        "reverse": false,
        "shape": {
          "type": "polyline",
          "points": [
            [
              947.13728,
              498.7563
            ],
            [
              945.65061,
              482.0619
            ],
            [
              947.13728,
              498.7563
            ]
          ]
        },
        "metadata": {
          "segment_id": 36206,
          "street_id": 219616469,
          "street_name": "Long H\u01b0ng",
          "street_type": "tertiary",
          "street_level": 4,
          "street_group": "219616469",
          "composite": true
        },
        "length_hint": 33.52092952463586,
        "speed_limit": 13.88888888888889
      },
      {
        "start": "2287610991",
        "end": "2287610991",
        "reverse": false,
        "shape": {
          "type": "polyline",
          "points": [
            [
              1029.29743,
              25.84635
            ],
            [
              995.04399,
              177.72765
            ],
            [
              1029.29743,
              25.84635
            ]
          ]
        },
        "metadata": {
          "segment_id": 77734,
          "street_id": 606634659,
          "street_name": "X\u00e3 Long H\u01b0ng",
          "street_type": "unclassified",
          "street_level": 4,
          "street_group": "606634659",
          "composite": true
        },
        "length_hint": 311.39189097677934,
        "speed_limit": 11.11111111111111
      },
      {
        "start": "5763302723",
        "end": "5763302723",
        "reverse": false,
        "shape": {
          "type": "polyline",
          "points": [
            [
              211.09014,
              1034.39235
            ],
            [
              193.40866,
              1062.3255
            ],
            [
              211.09014,
              1034.39235
            ]
          ]
        },
        "metadata": {
          "segment_id": 17456,
          "street_id": 32899370,
          "street_name": "Nguy\u1ec5n Xi\u1ec3n",
          "street_type": "secondary",
          "street_level": 3,
          "street_group": "32899370",
          "composite": true
        },
        "length_hint": 66.11794322006367,
        "speed_limit": 11.11111111111111
      },
      {
        "start": "5763302723",
        "end": "5763302723",
        "reverse": false,
        "shape": {
          "type": "polyline",
          "points": [
            [
              211.09014,
              1034.39235
            ],
            [
              217.68176,
              1023.96945
            ],
            [
              211.09014,
              1034.39235
            ]
          ]
        },
        "metadata": {
          "segment_id": 17457,
          "street_id": 32899370,
          "street_name": "Nguy\u1ec5n Xi\u1ec3n",
          "street_type": "secondary",
          "street_level": 3,
          "street_group": "32899370",
          "composite": true
        },
        "length_hint": 24.6646547621815,
        "speed_limit": 11.11111111111111
      },
      {
        "start": "366442989",
        "end": "366442989",
        "reverse": false,
        "shape": {
          "type": "polyline",
          "points": [
            [
              226.40499,
              1010.18325
            ],
            [
              217.68176,
              1023.96945
            ],
            [
              226.40499,
              1010.18325
            ]
          ]
        },
        "metadata": {
          "segment_id": 17460,
          "street_id": 32899370,
          "street_name": "Nguy\u1ec5n Xi\u1ec3n",
          "street_type": "secondary",
          "street_level": 3,
          "street_group": "32899370",
          "composite": true
        },
        "length_hint": 32.62845703203878,
        "speed_limit": 11.11111111111111
      },
      {
        "start": "366442989",
        "end": "366442989",
        "reverse": false,
        "shape": {
          "type": "polyline",
          "points": [
            [
              226.40499,
              1010.18325
            ],
            [
              239.57728,
              990.231
            ],
            [
              226.40499,
              1010.18325
            ]
          ]
        },
        "metadata": {
          "segment_id": 17461,
          "street_id": 32899370,
          "street_name": "Nguy\u1ec5n Xi\u1ec3n",
          "street_type": "secondary",
          "street_level": 3,
          "street_group": "32899370",
          "composite": true
        },
        "length_hint": 47.816378110710225,
        "speed_limit": 11.11111111111111
      },
      {
        "start": "366446454",
        "end": "366446454",
        "reverse": false,
        "shape": {
          "type": "polyline",
          "points": [
            [
              239.57728,
              990.231
            ],
            [
              249.63414,
              974.0028
            ],
            [
              239.57728,
              990.231
            ]
          ]
        },
        "metadata": {
          "segment_id": 17463,
          "street_id": 32899370,
          "street_name": "Nguy\u1ec5n Xi\u1ec3n",
          "street_type": "secondary",
          "street_level": 3,
          "street_group": "32899370",
          "composite": true
        },
        "length_hint": 38.18349948863255,
        "speed_limit": 11.11111111111111
      },
      {
        "start": "5763302710",
        "end": "5763302710",
        "reverse": false,
        "shape": {
          "type": "polyline",
          "points": [
            [
              251.07162,
              969.86805
            ],
            [
              249.63414,
              974.0028
            ],
            [
              251.07162,
              969.86805
            ]
          ]
        },
        "metadata": {
          "segment_id": 17466,
          "street_id": 32899370,
          "street_name": "Nguy\u1ec5n Xi\u1ec3n",
          "street_type": "secondary",
          "street_level": 3,
          "street_group": "32899370",
          "composite": true
        },
        "length_hint": 8.755000014368814,
        "speed_limit": 11.11111111111111
      },
      {
        "start": "5763302710",
        "end": "5763302710",
        "reverse": false,
        "shape": {
          "type": "polyline",
          "points": [
            [
              251.07162,
              969.86805
            ],
            [
              254.82654,
              959.07885
            ],
            [
              251.07162,
              969.86805
            ]
          ]
        },
        "metadata": {
          "segment_id": 17467,
          "street_id": 32899370,
          "street_name": "Nguy\u1ec5n Xi\u1ec3n",
          "street_type": "secondary",
          "street_level": 3,
          "street_group": "32899370",
          "composite": true
        },
        "length_hint": 22.84786737062355,
        "speed_limit": 11.11111111111111
      },
      {
        "start": "370523239",
        "end": "370523239",
        "reverse": false,
        "shape": {
          "type": "polyline",
          "points": [
            [
              255.4387,
              942.0903
            ],
            [
              254.82654,
              959.07885
            ],
            [
              255.4387,
              942.0903
            ]
          ]
        },
        "metadata": {
          "segment_id": 17470,
          "street_id": 32899370,
          "street_name": "Nguy\u1ec5n Xi\u1ec3n",
          "street_type": "secondary",
          "street_level": 3,
          "street_group": "32899370",
          "composite": true
        },
        "length_hint": 33.99915122282326,
        "speed_limit": 11.11111111111111
      },
      {
        "start": "370523239",
        "end": "370523239",
        "reverse": false,
        "shape": {
          "type": "polyline",
          "points": [
            [
              255.4387,
              942.0903
            ],
            [
              254.07228,
              935.1306
            ],
            [
              255.4387,
              942.0903
            ]
          ]
        },
        "metadata": {
          "segment_id": 17471,
          "street_id": 32899371,
          "street_name": "Nguy\u1ec5n Xi\u1ec3n",
          "street_type": "secondary",
          "street_level": 3,
          "street_group": "32899371",
          "composite": true
        },
        "length_hint": 14.185136968869914,
        "speed_limit": 11.11111111111111
      },
      {
        "start": "2287610991",
        "end": "2287610991",
        "reverse": false,
        "shape": {
          "type": "polyline",
          "points": [
            [
              1029.29743,
              25.84635
            ],
            [
              1041.12517,
              0.0
            ],
            [
              1029.29743,
              25.84635
            ]
          ]
        },
        "metadata": {
          "segment_id": 43445,
          "street_id": 261043929,
          "street_name": "X\u00e3 Long H\u01b0ng",
          "street_type": "unclassified",
          "street_level": 4,
          "street_group": "261043929",
          "composite": true
        },
        "length_hint": 56.84819229597714,
        "speed_limit": 11.11111111111111
      },
      {
        "start": "366431951",
        "end": "366431951",
        "reverse": false,
        "shape": {
          "type": "polyline",
          "points": [
            [
              129.42737,
              869.6406
            ],
            [
              208.33544,
              844.52685
            ],
            [
              129.42737,
              869.6406
            ]
          ]
        },
        "metadata": {
          "segment_id": 3492,
          "street_id": 32578420,
          "street_name": "\u0110\u01b0\u1eddng s\u1ed1 11",
          "street_type": "tertiary",
          "street_level": 4,
          "street_group": "32578420",
          "composite": true
        },
        "length_hint": 165.61623048707997,
        "speed_limit": 13.88888888888889
      },
      {
        "start": "366431951",
        "end": "366431951",
        "reverse": false,
        "shape": {
          "type": "polyline",
          "points": [
            [
              129.42737,
              869.6406
            ],
            [
              38.57679,
              896.5137
            ],
            [
              129.42737,
              869.6406
            ]
          ]
        },
        "metadata": {
          "segment_id": 3493,
          "street_id": 32578420,
          "street_name": "\u0110\u01b0\u1eddng s\u1ed1 11",
          "street_type": "tertiary",
          "street_level": 4,
          "street_group": "32578420",
          "composite": true
        },
        "length_hint": 189.4834176380234,
        "speed_limit": 13.88888888888889
      },
      {
        "start": "366458810",
        "end": "366458810",
        "reverse": false,
        "shape": {
          "type": "polyline",
          "points": [
            [
              38.57679,
              896.5137
            ],
            [
              13.6806,
              903.4623
            ],
            [
              38.57679,
              896.5137
            ]
          ]
        },
        "metadata": {
          "segment_id": 3495,
          "street_id": 32578420,
          "street_name": "\u0110\u01b0\u1eddng s\u1ed1 11",
          "street_type": "tertiary",
          "street_level": 4,
          "street_group": "32578420",
          "composite": true
        },
        "length_hint": 51.69538929057797,
        "speed_limit": 13.88888888888889
      }
    ]
  }
}