{
  "observation": {
    "type": "Kinematics"
  },
  "action": {
    "type": "DiscreteMetaAction"
  },
  "simulation_frequency": 15,
  "policy_frequency": 1,
  "other_vehicles_type": "highway_env.vehicle.behavior.IDMVehicle",
  "screen_width": 600,
  "screen_height": 150,
  "centering_position": [
    0.3,
    0.5
  ],
  "scaling": 5.5,
  "show_trajectories": false,
  "render_agent": true,
  "offscreen_rendering": false,
  "manual_control": false,
  "real_time_rendering": false,
  "destination": null,
  "initial_vehicle_count": 0,
  "controlled_vehicles": 0,
  "spawn_probability": 0.0,
  "duration": 40.0,
  "collision_reward": -5,
  "high_speed_reward": 1.0,
  "arrived_reward": 1.0,
  "reward_speed_range": [
    6.0,
    12.0
  ],
  "auto_curve": false,
  "corner_radius": 25.0,
  "curve_samples": 8,
  "exit_distance": 5.0,
  "graph": {
    "nodes": {
      "2592845449": [
        582.35213,
        367.79295
      ],
      "2975892377": [
        655.64147,
        371.1507
      ],
      "2975892378": [
        656.91498,
        375.7239
      ],
      "5740660123": [
        76.94589,
        439.03275
      ],
      "2592830362": [
        584.13941,
        374.1366
      ],
      "2592830364": [
        495.02691,
        373.58715
      ],
      "2592830366": [
        314.8944,
        378.843
      ],
      "5740660127": [
        83.46645,
        548.70075
      ],
      "2592830371": [
        65.23839,
        412.7313
      ],
      "2674323888": [
        210.43426,
        124.4643
      ],
      "2592845362": [
        495.21821,
        366.6774
      ],
      "5963818573": [
        248.94,
        377.88285
      ],
      "1852795971": [
        378.66252,
        0.0
      ],
      "1852795974": [
        308.7455,
        44.0337
      ],
      "2592845383": [
        314.91626,
        371.9388
      ],
      "1852795976": [
        265.38624,
        74.814
      ],
      "2592845384": [
        63.76812,
        406.32105
      ],
      "1852795978": [
        235.30859,
        105.9828
      ],
      "5963818571": [
        395.20168,
        373.86465
      ],
      "1852795980": [
        183.15504,
        137.90085
      ],
      "5963818572": [
        397.1092,
        368.0982
      ],
      "1852795982": [
        146.44205,
        148.98975
      ],
      "5963818574": [
        250.41027,
        383.6826
      ],
      "1852795984": [
        98.61732,
        162.76485
      ],
      "5963818576": [
        186.64761,
        391.56915
      ],
      "1852795986": [
        77.2137,
        171.2397
      ],
      "5963818575": [
        186.40712,
        385.5585
      ],
      "1852795988": [
        74.15839,
        183.05565
      ],
      "1852795989": [
        64.60437,
        215.44545
      ],
      "5735829333": [
        708.53289,
        372.18855
      ],
      "1852795991": [
        65.75217,
        264.2244
      ],
      "1852795994": [
        75.73797,
        418.75305
      ],
      "1852795996": [
        86.30314,
        596.3697
      ],
      "1852795998": [
        89.38031,
        631.38465
      ],
      "1852796000": [
        93.5561,
        693.3171
      ],
      "1852796003": [
        92.29352,
        717.3819
      ],
      "5740675812": [
        85.88774,
        589.3989
      ],
      "1852796005": [
        87.80073,
        746.22525
      ],
      "1852796004": [
        90.47345,
        732.6999
      ],
      "1852796007": [
        81.01782,
        761.8596
      ],
      "1852796009": [
        56.97975,
        802.96845
      ],
      "5740275689": [
        0.0,
        894.94305
      ],
      "1852796011": [
        39.01405,
        831.168
      ],
      "5740275693": [
        24.21298,
        855.36045
      ],
      "3056721902": [
        124.62304,
        394.72155
      ],
      "3056721903": [
        126.1097,
        400.93755
      ],
      "5740276344": [
        82.57007,
        758.27985
      ]
    },
    "edges": [
      {
        "start": "2592845383",
        "end": "2975892377",
        "reverse": false,
        "shape": {
          "type": "polyline",
          "points": [
            [
              314.91626,
              371.9388
            ],
            [
              397.1092,
              368.0982
            ],
            [
              495.21821,
              366.6774
            ],
            [
              582.35213,
              367.79295
            ],
            [
              655.64147,
              371.1507
            ]
          ]
        },
        "metadata": {
          "segment_id": 46943,
          "street_id": 294021803,
          "street_name": "Cao t\u1ed1c TP. H\u1ed3 Ch\u00ed Minh - Long Th\u00e0nh - D\u1ea7u Gi\u00e2y",
          "street_type": "motorway",
          "street_level": 1,
          "street_group": "294021803",
          "composite": true
        },
        "length_hint": 340.9091956602217,
        "speed_limit": 16.666666666666668
      },
      {
        "start": "2975892377",
        "end": "5735829333",
        "reverse": false,
        "shape": {
          "type": "polyline",
          "points": [
            [
              655.64147,
              371.1507
            ],
            [
              708.53289,
              372.18855
            ]
          ]
        },
        "metadata": {
          "segment_id": 46938,
          "street_id": 294021802,
          "street_name": "Cao t\u1ed1c TP. H\u1ed3 Ch\u00ed Minh - Long Th\u00e0nh - D\u1ea7u Gi\u00e2y",
          "street_type": "motorway",
          "street_level": 1,
          "street_group": "294021802",
          "composite": true
        },
        "length_hint": 52.90160150920662,
        "speed_limit": 33.333333333333336
      },
      {
        "start": "2975892378",
        "end": "2592830366",
        "reverse": false,
        "shape": {
          "type": "polyline",
          "points": [
            [
              656.91498,
              375.7239
            ],
            [
              584.13941,
              374.1366
            ],
            [
              495.02691,
              373.58715
            ],
            [
              395.20168,
              373.86465
            ],
            [
              314.8944,
              378.843
            ]
          ]
        },
        "metadata": {
          "segment_id": 46947,
          "street_id": 294021804,
          "street_name": "\u0110\u01b0\u1eddng Cao t\u1ed1c Tp. H\u1ed3 Ch\u00ed Minh-Long Th\u00e0nh-D\u1ea7u Gi\u00e2y",
          "street_type": "motorway",
          "street_level": 1,
          "street_group": "294021804",
          "composite": true
        },
        "length_hint": 342.19412689125454,
        "speed_limit": 33.333333333333336
      },
      {
        "start": "5740660123",
        "end": "5740660123",
        "reverse": false,
        "shape": {
          "type": "polyline",
          "points": [
            [
              76.94589,
              439.03275
            ],
            [
              83.46645,
              548.70075
            ],
            [
              76.94589,
              439.03275
            ]
          ]
        },
        "metadata": {
          "segment_id": 27938,
          "street_id": 174620025,
          "street_name": "Ph\u01b0\u1eddng Long Ph\u01b0\u1edbc",
          "street_type": "unclassified",
          "street_level": 4,
          "street_group": "174620025",
          "composite": true
        },
        "length_hint": 219.72335266615232,
        "speed_limit": 11.11111111111111
      },
      {
        "start": "5740660123",
        "end": "5740660123",
        "reverse": false,
        "shape": {
          "type": "polyline",
          "points": [
            [
              76.94589,
              439.03275
            ],
            [
              75.73797,
              418.75305
            ],
            [
              76.94589,
              439.03275
            ]
          ]
        },
        "metadata": {
          "segment_id": 27939,
          "street_id": 174620025,
          "street_name": "Ph\u01b0\u1eddng Long Ph\u01b0\u1edbc",
          "street_type": "unclassified",
          "street_level": 4,
          "street_group": "174620025",
          "composite": true
        },
        "length_hint": 40.63128365269313,
        "speed_limit": 11.11111111111111
      },
      {
        "start": "1852795974",
        "end": "1852795974",
        "reverse": false,
        "shape": {
          "type": "polyline",
          "points": [
            [
              308.7455,
              44.0337
            ],
            [
              265.38624,
              74.814
            ],
            [
              308.7455,
              44.0337
            ]
          ]
        },
        "metadata": {
          "segment_id": 27962,
          "street_id": 174620025,
          "street_name": "Ph\u01b0\u1eddng Long Ph\u01b0\u1edbc",
          "street_type": "unclassified",
          "street_level": 4,
          "street_group": "174620025",
          "composite": true
        },
        "length_hint": 106.34758663622979,
        "speed_limit": 11.11111111111111
      },
      {
        "start": "1852795974",
        "end": "1852795974",
        "reverse": false,
        "shape": {
          "type": "polyline",
          "points": [
            [
              308.7455,
              44.0337
            ],
            [
              378.66252,
              0.0
            ],
            [
              308.7455,
              44.0337
            ]
          ]
        },
        "metadata": {
          "segment_id": 27963,
          "street_id": 174620025,
          "street_name": "Ph\u01b0\u1eddng Long Ph\u01b0\u1edbc",
          "street_type": "residential",
          "street_level": 4,
          "street_group": "174620025",
          "composite": true
        },
        "length_hint": 165.25563737882464,
        "speed_limit": 8.333333333333334
      },
      {
        "start": "1852795994",
        "end": "1852795994",
        "reverse": false,
        "shape": {
          "type": "polyline",
          "points": [
            [
              75.73797,
              418.75305
            ],
            [
              65.75217,
              264.2244
            ],
            [
              75.73797,
              418.75305
            ]
          ]
        },
        "metadata": {
          "segment_id": 27941,
          "street_id": 174620025,
          "street_name": "Ph\u01b0\u1eddng Long Ph\u01b0\u1edbc",
          "street_type": "unclassified",
          "street_level": 4,
          "street_group": "174620025",
          "composite": true
        },
        "length_hint": 309.7019203845045,
        "speed_limit": 11.11111111111111
      },
      {
        "start": "1852795980",
        "end": "1852795980",
        "reverse": false,
        "shape": {
          "type": "polyline",
          "points": [
            [
              183.15504,
              137.90085
            ],
            [
              146.44205,
              148.98975
            ],
            [
              183.15504,
              137.90085
            ]
          ]
        },
        "metadata": {
          "segment_id": 27954,
          "street_id": 174620025,
          "street_name": "Ph\u01b0\u1eddng Long Ph\u01b0\u1edbc",
          "street_type": "unclassified",
          "street_level": 4,
          "street_group": "174620025",
          "composite": true
        },
        "length_hint": 76.70221217018715,
        "speed_limit": 11.11111111111111
      },
      {
        "start": "1852795980",
        "end": "1852795980",
        "reverse": false,
        "shape": {
          "type": "polyline",
          "points": [
            [
              183.15504,
              137.90085
            ],
            [
              210.43426,
              124.4643
            ],
            [
              183.15504,
              137.90085
            ]
          ]
        },
        "metadata": {
          "segment_id": 27955,
          "street_id": 174620025,
          "street_name": "Ph\u01b0\u1eddng Long Ph\u01b0\u1edbc",
          "street_type": "unclassified",
          "street_level": 4,
          "street_group": "174620025",
          "composite": true
        },
        "length_hint": 60.81765269100408,
        "speed_limit": 11.11111111111111
      },
      {
        "start": "1852795989",
        "end": "1852795989",
        "reverse": false,
        "shape": {
          "type": "polyline",
          "points": [
            [
              64.60437,
              215.44545
            ],
            [
              65.75217,
              264.2244
            ],
            [
              64.60437,
              215.44545
            ]
          ]
        },
        "metadata": {
          "segment_id": 27944,
          "street_id": 174620025,
          "street_name": "Ph\u01b0\u1eddng Long Ph\u01b0\u1edbc",
          "street_type": "unclassified",
          "street_level": 4,
          "street_group": "174620025",
          "composite": true
        },
        "length_hint": 97.58490473310923,
        "speed_limit": 11.11111111111111
      },
      {
        "start": "1852795989",
        "end": "1852795989",
        "reverse": false,
        "shape": {
          "type": "polyline",
          "points": [
            [
              64.60437,
              215.44545
            ],
            [
              74.15839,
              183.05565
            ],
            [
              64.60437,
              215.44545
            ]
          ]
        },
        "metadata": {
          "segment_id": 27945,
          "street_id": 174620025,
          "street_name": "Ph\u01b0\u1eddng Long Ph\u01b0\u1edbc",
          "street_type": "unclassified",
          "street_level": 4,
          "street_group": "174620025",
          "composite": true
        },
        "length_hint": 67.53897962511422,
        "speed_limit": 11.11111111111111
      },
      {
        "start": "1852795982",
        "end": "1852795982",
        "reverse": false,
        "shape": {
          "type": "polyline",
          "points": [
            [
              146.44205,
              148.98975
            ],
            [
              98.61732,
              162.76485
            ],
            [
              146.44205,
              148.98975
            ]
          ]
        },
        "metadata": {
          "segment_id": 27952,
          "street_id": 174620025,
          "street_name": "Ph\u01b0\u1eddng Long Ph\u01b0\u1edbc",
          "street_type": "unclassified",
          "street_level": 4,
          "street_group": "174620025",
          "composite": true
        },
        "length_hint": 99.53809681891451,
        "speed_limit": 11.11111111111111
      },
      {
        "start": "1852795988",
        "end": "1852795988",
        "reverse": false,
        "shape": {
          "type": "polyline",
          "points": [
            [
              74.15839,
              183.05565
            ],
            [
              77.2137,
              171.2397
            ],
            [
              74.15839,
              183.05565
            ]
          ]
        },
        "metadata": {
          "segment_id": 27947,
          "street_id": 174620025,
          "street_name": "Ph\u01b0\u1eddng Long Ph\u01b0\u1edbc",
          "street_type": "unclassified",
          "street_level": 4,
          "street_group": "174620025",
          "composite": true
        },
        "length_hint": 24.409145302414863,
        "speed_limit": 11.11111111111111
      },
      {
        "start": "1852795984",
        "end": "1852795984",
        "reverse": false,
        "shape": {
          "type": "polyline",
          "points": [
            [
              98.61732,
              162.76485
            ],
            [
              77.2137,
              171.2397
            ],
            [
              98.61732,
              162.76485
            ]
          ]
        },
        "metadata": {
          "segment_id": 27950,
          "street_id": 174620025,
          "street_name": "Ph\u01b0\u1eddng Long Ph\u01b0\u1edbc",
          "street_type": "unclassified",
          "street_level": 4,
          "street_group": "174620025",
          "composite": true
        },
        "length_hint": 46.04076592008001,
        "speed_limit": 11.11111111111111
      },
      {
        "start": "1852795976",
        "end": "1852795976",
        "reverse": false,
        "shape": {
          "type": "polyline",
          "points": [
            [
              265.38624,
              74.814
            ],
            [
              235.30859,
              105.9828
            ],
            [
              265.38624,
              74.814
            ]
          ]
        },
        "metadata": {
          "segment_id": 27960,
          "street_id": 174620025,
          "street_name": "Ph\u01b0\u1eddng Long Ph\u01b0\u1edbc",
          "street_type": "unclassified",
          "street_level": 4,
          "street_group": "174620025",
          "composite": true
        },
        "length_hint": 86.62930504078857,
        "speed_limit": 11.11111111111111
      },
      {
        "start": "2674323888",
        "end": "2674323888",
        "reverse": false,
        "shape": {
          "type": "polyline",
          "points": [
            [
              210.43426,
              124.4643
            ],
            [
              235.30859,
              105.9828
            ],
            [
              210.43426,
              124.4643
            ]
          ]
        },
        "metadata": {
          "segment_id": 27957,
          "street_id": 174620025,
          "street_name": "Ph\u01b0\u1eddng Long Ph\u01b0\u1edbc",
          "street_type": "unclassified",
          "street_level": 4,
          "street_group": "174620025",
          "composite": true
        },
        "length_hint": 61.97735506453629,
        "speed_limit": 11.11111111111111
      },
      {
        "start": "1852795996",
        "end": "1852795996",
        "reverse": false,
        "shape": {
          "type": "polyline",
          "points": [
            [
              86.30314,
              596.3697
            ],
            [
              85.88774,
              589.3989
            ],
            [
              86.30314,
              596.3697
            ]
          ]
        },
        "metadata": {
          "segment_id": 27933,
          "street_id": 174620025,
          "street_name": "Ph\u01b0\u1eddng Long Ph\u01b0\u1edbc",
          "street_type": "unclassified",
          "street_level": 4,
          "street_group": "174620025",
          "composite": true
        },
        "length_hint": 13.966332346038335,
        "speed_limit": 11.11111111111111
      },
      {
        "start": "5740660127",
        "end": "5740660127",
        "reverse": false,
        "shape": {
          "type": "polyline",
          "points": [
            [
              83.46645,
              548.70075
            ],
            [
              85.88774,
              589.3989
            ],
            [
              83.46645,
              548.70075
            ]
          ]
        },
        "metadata": {
          "segment_id": 27936,
          "street_id": 174620025,
          "street_name": "Ph\u01b0\u1eddng Long Ph\u01b0\u1edbc",
          "street_type": "unclassified",
          "street_level": 4,
          "street_group": "174620025",
          "composite": true
        },
        "length_hint": 81.54022464248193,
        "speed_limit": 11.11111111111111
      },
      {
        "start": "2592830366",
        "end": "2592830371",
        "reverse": false,
        "shape": {
          "type": "polyline",
          "points": [
            [
              314.8944,
              378.843
            ],
            [
              250.41027,
              383.6826
            ],
            [
              186.64761,
              391.56915
            ],
            [
              126.1097,
              400.93755
            ],
            [
              65.23839,
              412.7313
            ]
          ]
        },
        "metadata": {
          "segment_id": 46925,
          "street_id": 294021800,
          "street_name": "Cao t\u1ed1c TP. H\u1ed3 Ch\u00ed Minh - Long Th\u00e0nh - D\u1ea7u Gi\u00e2y",
          "street_type": "motorway",
          "street_level": 1,
          "street_group": "294021800",
          "composite": true
        },
        "length_hint": 252.1758313233135,
        "speed_limit": 33.333333333333336
      },
      {
        "start": "3056721902",
        "end": "2592845383",
        "reverse": false,
        "shape": {
          "type": "polyline",
          "points": [
            [
              124.62304,
              394.72155
            ],
            [
              186.40712,
              385.5585
            ],
            [
              248.94,
              377.88285
            ],
            [
              314.91626,
              371.9388
            ]
          ]
        },
        "metadata": {
          "segment_id": 47919,
          "street_id": 311688117,
          "street_name": "\u0110\u01b0\u1eddng Cao t\u1ed1c Tp. H\u1ed3 Ch\u00ed Minh-Long Th\u00e0nh-D\u1ea7u Gi\u00e2y",
          "street_type": "motorway",
          "street_level": 1,
          "street_group": "311688117",
          "composite": true
        },
        "length_hint": 191.7055349751589,
        "speed_limit": 16.666666666666668
      },
      {
        "start": "2592845384",
        "end": "3056721902",
        "reverse": false,
        "shape": {
          "type": "polyline",
          "points": [
            [
              63.76812,
              406.32105
            ],
            [
              124.62304,
              394.72155
            ]
          ]
        },
        "metadata": {
          "segment_id": 47918,
          "street_id": 311688116,
          "street_name": "Cao t\u1ed1c TP. H\u1ed3 Ch\u00ed Minh - Long Th\u00e0nh - D\u1ea7u Gi\u00e2y",
          "street_type": "motorway",
          "street_level": 1,
          "street_group": "311688116",
          "composite": true
        },
        "length_hint": 61.950542277339274,
        "speed_limit": 22.22222222222222
      },
      {
        "start": "1852796005",
        "end": "1852796005",
        "reverse": false,
        "shape": {
          "type": "polyline",
          "points": [
            [
              87.80073,
              746.22525
            ],
            [
              82.57007,
              758.27985
            ],
            [
              87.80073,
              746.22525
            ]
          ]
        },
        "metadata": {
          "segment_id": 27986,
          "street_id": 174620030,
          "street_name": "Ph\u01b0\u1eddng Tr\u01b0\u1eddng Th\u1ea1nh",
          "street_type": "unclassified",
          "street_level": 4,
          "street_group": "174620030",
          "composite": true
        },
        "length_hint": 26.281033860607632,
        "speed_limit": 11.11111111111111
      },
      {
        "start": "1852796005",
        "end": "1852796005",
        "reverse": false,
        "shape": {
          "type": "polyline",
          "points": [
            [
              87.80073,
              746.22525
            ],
            [
              90.47345,
              732.6999
            ],
            [
              87.80073,
              746.22525
            ]
          ]
        },
        "metadata": {
          "segment_id": 27987,
          "street_id": 174620030,
          "street_name": "Ph\u01b0\u1eddng Tr\u01b0\u1eddng Th\u1ea1nh",
          "street_type": "unclassified",
          "street_level": 4,
          "street_group": "174620030",
          "composite": true
        },
        "length_hint": 27.57379370495834,
        "speed_limit": 11.11111111111111
      },
      {
        "start": "1852796004",
        "end": "1852796004",
        "reverse": false,
        "shape": {
          "type": "polyline",
          "points": [
            [
              90.47345,
              732.6999
            ],
            [
              92.29352,
              717.3819
            ],
            [
              90.47345,
              732.6999
            ]
          ]
        },
        "metadata": {
          "segment_id": 27989,
          "street_id": 174620030,
          "street_name": "Ph\u01b0\u1eddng Tr\u01b0\u1eddng Th\u1ea1nh",
          "street_type": "unclassified",
          "street_level": 4,
          "street_group": "174620030",
          "composite": true
        },
        "length_hint": 30.851501020527316,
        "speed_limit": 11.11111111111111
      },
      {
        "start": "1852796003",
        "end": "1852796003",
        "reverse": false,
        "shape": {
          "type": "polyline",
          "points": [
            [
              92.29352,
              717.3819
            ],
            [
              93.5561,
              693.3171
            ],
            [
              92.29352,
              717.3819
            ]
          ]
        },
        "metadata": {
          "segment_id": 27991,
          "street_id": 174620030,
          "street_name": "Ph\u01b0\u1eddng Tr\u01b0\u1eddng Th\u1ea1nh",
          "street_type": "unclassified",
          "street_level": 4,
          "street_group": "174620030",
          "composite": true
        },
        "length_hint": 48.195796799986596,
        "speed_limit": 11.11111111111111
      },
      {
        "start": "1852795998",
        "end": "1852795998",
        "reverse": false,
        "shape": {
          "type": "polyline",
          "points": [
            [
              89.38031,
              631.38465
            ],
            [
              93.5561,
              693.3171
            ],
            [
              89.38031,
              631.38465
            ]
          ]
        },
        "metadata": {
          "segment_id": 27994,
          "street_id": 174620030,
          "street_name": "Ph\u01b0\u1eddng Tr\u01b0\u1eddng Th\u1ea1nh",
          "street_type": "unclassified",
          "street_level": 4,
          "street_group": "174620030",
          "composite": true
        },
        "length_hint": 124.14613300665636,
        "speed_limit": 11.11111111111111
      },
      {
        "start": "1852796009",
        "end": "1852796009",
        "reverse": false,
        "shape": {
          "type": "polyline",
          "points": [
            [
              56.97975,
              802.96845
            ],
            [
              81.01782,
              761.8596
            ],
            [
              56.97975,
              802.96845
            ]
          ]
        },
        "metadata": {
          "segment_id": 27981,
          "street_id": 174620030,
          "street_name": "Ph\u01b0\u1eddng Tr\u01b0\u1eddng Th\u1ea1nh",
          "street_type": "unclassified",
          "street_level": 4,
          "street_group": "174620030",
          "composite": true
        },
        "length_hint": 95.2421410437081,
        "speed_limit": 11.11111111111111
      },
      {
        "start": "1852796007",
        "end": "1852796007",
        "reverse": false,
        "shape": {
          "type": "polyline",
          "points": [
            [
              81.01782,
              761.8596
            ],
            [
              82.57007,
              758.27985
            ],
            [
              81.01782,
              761.8596
            ]
          ]
        },
        "metadata": {
          "segment_id": 27983,
          "street_id": 174620030,
          "street_name": "Ph\u01b0\u1eddng Tr\u01b0\u1eddng Th\u1ea1nh",
          "street_type": "unclassified",
          "street_level": 4,
          "street_group": "174620030",
          "composite": true
        },
        "length_hint": 7.803612016239642,
        "speed_limit": 11.11111111111111
      },
      {
        "start": "1852796009",
        "end": "1852796009",
        "reverse": false,
        "shape": {
          "type": "polyline",
          "points": [
            [
              56.97975,
              802.96845
            ],
            [
              39.01405,
              831.168
            ],
            [
              56.97975,
              802.96845
            ]
          ]
        },
        "metadata": {
          "segment_id": 27966,
          "street_id": 174620027,
          "street_name": "Ph\u01b0\u1eddng Long Tr\u01b0\u1eddng",
          "street_type": "unclassified",
          "street_level": 4,
          "street_group": "174620027",
          "composite": true
        },
        "length_hint": 66.87244564669376,
        "speed_limit": 11.11111111111111
      },
      {
        "start": "5740275693",
        "end": "5740275693",
        "reverse": false,
        "shape": {
          "type": "polyline",
          "points": [
            [
              24.21298,
              855.36045
            ],
            [
              0.0,
              894.94305
            ],
            [
              24.21298,
              855.36045
            ]
          ]
        },
        "metadata": {
          "segment_id": 27978,
          "street_id": 174620028,
          "street_name": "Ph\u01b0\u1eddng Long Tr\u01b0\u1eddng",
          "street_type": "unclassified",
          "street_level": 4,
          "street_group": "174620028",
          "composite": true
        },
        "length_hint": 92.80195306652543,
        "speed_limit": 11.11111111111111
      },
      {
        "start": "5740275693",
        "end": "5740275693",
        "reverse": false,
        "shape": {
          "type": "polyline",
          "points": [
            [
              24.21298,
              855.36045
            ],
            [
              39.01405,
              831.168
            ],
            [
              24.21298,
              855.36045
            ]
          ]
        },
        "metadata": {
          "segment_id": 27979,
          "street_id": 174620028,
          "street_name": "Ph\u01b0\u1eddng Long Tr\u01b0\u1eddng",
          "street_type": "unclassified",
          "street_level": 4,
          "street_group": "174620028",
          "composite": true
        },
        "length_hint": 56.72199961734073,
        "speed_limit": 11.11111111111111
      }
    ]
  }
}