{
  "observation": {
    "type": "Kinematics"
  },
  "action": {
    "type": "DiscreteMetaAction"
  },
  "simulation_frequency": 15,
  "policy_frequency": 1,
  "other_vehicles_type": "highway_env.vehicle.behavior.IDMVehicle",
  "screen_width": 600,
  "screen_height": 150,
  "centering_position": [
    0.3,
    0.5
  ],
  "scaling": 5.5,
  "show_trajectories": false,
  "render_agent": true,
  "offscreen_rendering": false,
  "manual_control": false,
  "real_time_rendering": false,
  "destination": null,
  "initial_vehicle_count": 0,
  "controlled_vehicles": 0,
  "spawn_probability": 0.0,
  "duration": 40.0,
  "collision_reward": -5,
  "high_speed_reward": 1.0,
  "arrived_reward": 1.0,
  "reward_speed_range": [
    6.0,
    12.0
  ],
  "auto_curve": false,
  "corner_radius": 25.0,
  "curve_samples": 8,
  "exit_distance": 5.0,
  "graph": {
    "nodes": {
      "2276924416": [
        35.42309,
        49.48935
      ],
      "2276924417": [
        40.26022,
        53.3466
      ],
      "366462455": [
        101.76555,
        550.29915
      ],
      "366462470": [
        14.16158,
        37.32375
      ],
      "366432776": [
        68.50141,
        234.6651
      ],
      "5753113614": [
        97.34381,
        546.8082
      ],
      "5753113618": [
        61.3031,
        413.22525
      ],
      "4066842137": [
        77.18091,
        212.2542
      ],
      "4066842138": [
        78.7113,
        229.5702
      ],
      "4066842139": [
        62.37437,
        439.9374
      ],
      "4066842140": [
        61.35229,
        429.4923
      ],
      "4066842141": [
        110.19364,
        587.0457
      ],
      "366438431": [
        127.10446,
        691.4079
      ],
      "706286112": [
        131.32397,
        1088.4882
      ],
      "1929546785": [
        728.59741,
        114.72405
      ],
      "5753320480": [
        685.99788,
        272.2275
      ],
      "5755714083": [
        1081.42365,
        1.7538
      ],
      "366443041": [
        63.90477,
        450.12165
      ],
      "2214111786": [
        67.73621,
        516.69945
      ],
      "2214111787": [
        16.45717,
        464.12985
      ],
      "4066503729": [
        174.20772,
        1061.11005
      ],
      "4066503732": [
        136.94269,
        1046.46915
      ],
      "4066503733": [
        123.15824,
        1071.42195
      ],
      "4066503734": [
        159.40118,
        1046.46915
      ],
      "4066503736": [
        186.58749,
        1076.00625
      ],
      "4066503737": [
        167.31549,
        1011.321
      ],
      "4066503738": [
        176.8859,
        1014.5067
      ],
      "4066503739": [
        167.8238,
        963.57435
      ],
      "4066503740": [
        161.95365,
        990.56955
      ],
      "4066503741": [
        163.23262,
        964.71765
      ],
      "4066503742": [
        193.73113,
        1002.9183
      ],
      "4066503743": [
        203.83172,
        1015.98855
      ],
      "4066503744": [
        207.85993,
        1027.17735
      ],
      "4066503745": [
        216.58316,
        1042.9005
      ],
      "4066503746": [
        260.05173,
        1078.0764
      ],
      "4066503747": [
        238.50054,
        1064.32905
      ],
      "5748270155": [
        116.22775,
        1099.37175
      ],
      "2212538455": [
        133.46105,
        687.13995
      ],
      "706286173": [
        131.96345,
        1050.1599
      ],
      "2212447325": [
        117.83466,
        593.51145
      ],
      "2212447328": [
        150.73807,
        783.68775
      ],
      "2212447330": [
        98.34403,
        518.14245
      ],
      "2212447332": [
        109.41751,
        549.5055
      ],
      "2867884647": [
        126.63441,
        872.25465
      ],
      "2212447337": [
        71.8792,
        440.63115
      ],
      "5690211954": [
        130.47132,
        710.0448
      ],
      "5767087732": [
        29.88635,
        33.49425
      ],
      "706286197": [
        149.06557,
        1043.9217
      ],
      "5767087733": [
        25.60126,
        33.5442
      ],
      "5767087735": [
        34.01841,
        32.7339
      ],
      "5767087734": [
        40.48431,
        31.7127
      ],
      "5767087737": [
        0.81985,
        31.302
      ],
      "5767087736": [
        24.02168,
        33.60525
      ],
      "706286204": [
        142.93854,
        1044.68205
      ],
      "366420092": [
        146.19609,
        801.09255
      ],
      "5690211966": [
        0.0,
        579.07035
      ],
      "5690211967": [
        4.21951,
        550.2492
      ],
      "5690211968": [
        6.43857,
        533.3994
      ],
      "5690211969": [
        9.55401,
        520.98405
      ],
      "5690211970": [
        14.66443,
        504.57825
      ],
      "2928727171": [
        630.47747,
        475.2243
      ],
      "5690211971": [
        16.21668,
        493.7169
      ],
      "5690211972": [
        18.44121,
        486.84045
      ],
      "2928727174": [
        654.69044,
        387.9672
      ],
      "5690211973": [
        26.42658,
        473.1819
      ],
      "2631995028": [
        149.32793,
        776.889
      ],
      "4066517144": [
        133.40639,
        1039.2153
      ],
      "4066517145": [
        140.40793,
        1032.44985
      ],
      "4066517146": [
        124.6285,
        1046.3082
      ],
      "706286235": [
        164.12353,
        1049.394
      ],
      "4066517148": [
        171.84107,
        1015.6944
      ],
      "4066517147": [
        113.85018,
        1061.271
      ],
      "706286239": [
        127.36681,
        1083.9039
      ],
      "4066517152": [
        153.23042,
        799.9215
      ],
      "2246634664": [
        66.42445,
        461.01075
      ],
      "2246634666": [
        79.00645,
        471.2061
      ],
      "2246634668": [
        73.87417,
        456.6984
      ],
      "2246634670": [
        70.10285,
        473.55375
      ],
      "366429371": [
        114.44594,
        610.49445
      ],
      "5750708925": [
        180.01774,
        913.90185
      ],
      "3683431615": [
        739.16258,
        51.7149
      ],
      "5750708927": [
        181.42242,
        922.11585
      ],
      "5750708928": [
        184.47227,
        939.92025
      ],
      "5750708930": [
        162.13949,
        942.79515
      ],
      "5750708929": [
        159.55968,
        926.8167
      ],
      "5750708933": [
        44.2775,
        900.51525
      ],
      "366404811": [
        61.20472,
        378.59325
      ],
      "5753114833": [
        121.6989,
        616.62165
      ],
      "4876174034": [
        158.86008,
        922.48215
      ],
      "4876174036": [
        144.50719,
        789.57075
      ],
      "4876174039": [
        139.34759,
        869.7738
      ],
      "3169657565": [
        701.88662,
        213.26985
      ],
      "5750754525": [
        1063.86241,
        1054.722
      ],
      "2212444895": [
        42.96573,
        39.64365
      ],
      "5750754526": [
        1084.89436,
        1021.07235
      ],
      "2212444897": [
        64.82847,
        173.78715
      ],
      "2212444898": [
        77.94611,
        234.4098
      ],
      "2212444901": [
        69.27753,
        159.50145
      ],
      "5755239142": [
        715.35406,
        163.51965
      ],
      "5755239143": [
        709.30902,
        162.0822
      ],
      "5750708991": [
        164.18365,
        836.31285
      ],
      "1500226310": [
        150.17511,
        868.62495
      ],
      "5753114886": [
        74.86893,
        196.83075
      ],
      "1500226312": [
        171.52406,
        864.25155
      ],
      "1500226313": [
        163.86664,
        953.5122
      ],
      "5753114891": [
        102.87509,
        555.40515
      ],
      "1500226316": [
        190.41347,
        974.65215
      ],
      "1500226318": [
        163.10145,
        981.40095
      ],
      "5753114895": [
        119.39785,
        642.135
      ],
      "366461712": [
        89.42951,
        518.63085
      ],
      "1500226321": [
        193.73113,
        990.56955
      ],
      "1500226323": [
        160.04066,
        998.71695
      ],
      "5455825173": [
        27.36667,
        32.9004
      ],
      "5455825174": [
        28.90253,
        32.19555
      ],
      "5455825175": [
        30.40559,
        31.45185
      ],
      "5455825176": [
        31.59711,
        30.43065
      ],
      "5455825177": [
        32.34045,
        27.3837
      ],
      "1500226330": [
        163.23262,
        1011.07125
      ],
      "1500226332": [
        159.14976,
        1011.44865
      ],
      "5750709020": [
        139.69739,
        761.12145
      ],
      "1500226334": [
        170.25056,
        1013.7408
      ],
      "1500226335": [
        154.29623,
        1014.63435
      ],
      "5750709022": [
        132.94181,
        723.7089
      ],
      "2212446493": [
        70.49091,
        378.2103
      ],
      "1500226338": [
        173.09818,
        1019.1687
      ],
      "5753114914": [
        92.0585,
        503.607
      ],
      "1500226340": [
        199.21868,
        1001.2644
      ],
      "1500226341": [
        174.97291,
        1025.20155
      ],
      "5753114916": [
        81.8486,
        478.73745
      ],
      "1929546535": [
        710.95965,
        179.71455
      ],
      "5009095461": [
        1059.44067,
        1061.3709
      ],
      "5753114921": [
        70.55104,
        385.44195
      ],
      "5753114924": [
        70.75327,
        409.146
      ],
      "1500226351": [
        145.51834,
        1025.91195
      ],
      "1500226354": [
        179.18149,
        1030.6794
      ],
      "1500226356": [
        212.55495,
        1036.9065
      ],
      "1500226358": [
        153.53104,
        1044.8097
      ],
      "2326585142": [
        146.94489,
        763.1583
      ],
      "1500226360": [
        221.4968,
        1049.18865
      ],
      "366460216": [
        1067.70478,
        1049.5161
      ],
      "1500226362": [
        128.13201,
        1054.4889
      ],
      "1500226364": [
        117.18424,
        1054.7331
      ],
      "1500226366": [
        168.97159,
        1054.36125
      ],
      "4066837826": [
        69.66013,
        208.71885
      ],
      "4066837827": [
        50.89644,
        87.89535
      ],
      "4066837828": [
        46.64414,
        70.91235
      ],
      "4066837829": [
        54.37808,
        108.9354
      ],
      "4066837830": [
        58.05649,
        90.5982
      ],
      "4066837831": [
        51.48127,
        66.6666
      ],
      "5750754115": [
        1052.34075,
        1074.20805
      ],
      "366468937": [
        187.60957,
        1087.08405
      ],
      "1500226377": [
        229.41111,
        1057.3083
      ],
      "5750754120": [
        1086.42475,
        1018.6914
      ],
      "1500226380": [
        125.19694,
        1059.71145
      ],
      "5750709071": [
        77.18638,
        889.221
      ],
      "1500226384": [
        181.09994,
        1074.9906
      ],
      "1500226383": [
        112.52202,
        1066.70445
      ],
      "1500226389": [
        112.74064,
        1079.4528
      ],
      "1500226391": [
        124.04914,
        1076.8998
      ],
      "1500226397": [
        268.55634,
        1084.95285
      ],
      "1500226398": [
        117.18424,
        1104.8385
      ],
      "1500226399": [
        278.41643,
        1099.21635
      ],
      "5750709096": [
        152.36685,
        1017.1152
      ],
      "5750709097": [
        148.96173,
        851.2701
      ],
      "5750709098": [
        145.63312,
        855.9765
      ],
      "5750709099": [
        141.97112,
        860.1723
      ],
      "5750709101": [
        152.19741,
        881.16795
      ],
      "5750709104": [
        143.02053,
        873.60885
      ],
      "5750709109": [
        46.50203,
        899.7549
      ],
      "3683423106": [
        759.49492,
        1.92585
      ],
      "3683423110": [
        722.22442,
        112.98135
      ],
      "3683423112": [
        705.14416,
        177.9219
      ],
      "3683423113": [
        668.78644,
        335.9859
      ],
      "3683423114": [
        662.03086,
        334.443
      ],
      "3683423115": [
        753.4608,
        0.0
      ],
      "3683423116": [
        699.02807,
        223.8759
      ],
      "366450062": [
        36.00245,
        39.06645
      ],
      "3683423119": [
        623.22451,
        473.2041
      ],
      "3683423120": [
        648.4541,
        383.73255
      ],
      "3683423121": [
        679.17124,
        272.6271
      ],
      "3683423118": [
        685.07964,
        274.1478
      ],
      "2246611348": [
        167.45213,
        847.16865
      ],
      "1500883870": [
        143.84585,
        1097.18505
      ],
      "3683416996": [
        635.78465,
        456.099
      ],
      "3683416997": [
        628.59181,
        454.17315
      ],
      "5751195059": [
        136.01352,
        869.5185
      ],
      "5751195060": [
        134.40115,
        870.35655
      ],
      "366399934": [
        147.36575,
        828.44295
      ],
      "706286020": [
        123.28395,
        1065.69435
      ],
      "5755714027": [
        44.40867,
        492.2739
      ],
      "3169000941": [
        65.21106,
        135.3756
      ],
      "3169000942": [
        57.08906,
        127.4613
      ],
      "1929546735": [
        674.67298,
        314.25765
      ],
      "3169000943": [
        85.5762,
        488.6109
      ],
      "3169000945": [
        143.11344,
        780.0303
      ],
      "3169000946": [
        143.02599,
        739.9149
      ],
      "3169000944": [
        72.84116,
        480.6855
      ],
      "3683423732": [
        704.46642,
        203.7294
      ],
      "3683423733": [
        733.03008,
        98.52915
      ],
      "3683423734": [
        698.48696,
        202.0755
      ],
      "3683423735": [
        726.66256,
        96.93075
      ],
      "2276924414": [
        28.84788,
        42.9237
      ],
      "2276924415": [
        23.85771,
        38.16735
      ]
    },
    "edges": [
      {
        "start": "2276924417",
        "end": "2276924415",
        "reverse": false,
        "shape": {
          "type": "polyline",
          "points": [
            [
              40.26022,
              53.3466
            ],
            [
              35.42309,
              49.48935
            ],
            [
              28.84788,
              42.9237
            ],
            [
              23.85771,
              38.16735
            ]
          ]
        },
        "metadata": {
          "segment_id": 36065,
          "street_id": 218442348,
          "street_name": "Qu\u1ed1c l\u1ed9 1A",
          "street_type": "trunk_link",
          "street_level": 3,
          "street_group": "218442348",
          "composite": true
        },
        "length_hint": 22.372583545111286,
        "speed_limit": 16.666666666666668
      },
      {
        "start": "366432776",
        "end": "5455825177",
        "reverse": false,
        "shape": {
          "type": "polyline",
          "points": [
            [
              68.50141,
              234.6651
            ],
            [
              69.66013,
              208.71885
            ],
            [
              64.82847,
              173.78715
            ],
            [
              57.08906,
              127.4613
            ],
            [
              54.37808,
              108.9354
            ],
            [
              50.89644,
              87.89535
            ],
            [
              46.64414,
              70.91235
            ],
            [
              40.26022,
              53.3466
            ],
            [
              36.00245,
              39.06645
            ],
            [
              34.01841,
              32.7339
            ],
            [
              32.34045,
              27.3837
            ]
          ]
        },
        "metadata": {
          "segment_id": 26148,
          "street_id": 151581275,
          "street_name": "Qu\u1ed1c l\u1ed9 1",
          "street_type": "trunk",
          "street_level": 1,
          "street_group": "151581275",
          "composite": true
        },
        "length_hint": 211.59537114980668,
        "speed_limit": 16.666666666666668
      },
      {
        "start": "5690211973",
        "end": "5690211973",
        "reverse": false,
        "shape": {
          "type": "polyline",
          "points": [
            [
              26.42658,
              473.1819
            ],
            [
              44.40867,
              492.2739
            ],
            [
              26.42658,
              473.1819
            ]
          ]
        },
        "metadata": {
          "segment_id": 36488,
          "street_id": 220421448,
          "street_name": "D\u01b0\u01a1ng \u0110\u00ecnh C\u00fac",
          "street_type": "tertiary",
          "street_level": 4,
          "street_group": "220421448",
          "composite": true
        },
        "length_hint": 52.45417141727058,
        "speed_limit": 13.88888888888889
      },
      {
        "start": "5690211973",
        "end": "5690211973",
        "reverse": false,
        "shape": {
          "type": "polyline",
          "points": [
            [
              26.42658,
              473.1819
            ],
            [
              16.45717,
              464.12985
            ],
            [
              26.42658,
              473.1819
            ]
          ]
        },
        "metadata": {
          "segment_id": 36489,
          "street_id": 220421448,
          "street_name": "D\u01b0\u01a1ng \u0110\u00ecnh C\u00fac",
          "street_type": "tertiary",
          "street_level": 4,
          "street_group": "220421448",
          "composite": true
        },
        "length_hint": 26.931672428618327,
        "speed_limit": 13.88888888888889
      },
      {
        "start": "2214111786",
        "end": "2214111786",
        "reverse": false,
        "shape": {
          "type": "polyline",
          "points": [
            [
              67.73621,
              516.69945
            ],
            [
              97.34381,
              546.8082
            ],
            [
              67.73621,
              516.69945
            ]
          ]
        },
        "metadata": {
          "segment_id": 36484,
          "street_id": 220421448,
          "street_name": "D\u01b0\u01a1ng \u0110\u00ecnh C\u00fac",
          "street_type": "tertiary",
          "street_level": 4,
          "street_group": "220421448",
          "composite": true
        },
        "length_hint": 84.45464591891925,
        "speed_limit": 13.88888888888889
      },
      {
        "start": "2214111786",
        "end": "2214111786",
        "reverse": false,
        "shape": {
          "type": "polyline",
          "points": [
            [
              67.73621,
              516.69945
            ],
            [
              44.40867,
              492.2739
            ],
            [
              67.73621,
              516.69945
            ]
          ]
        },
        "metadata": {
          "segment_id": 36485,
          "street_id": 220421448,
          "street_name": "D\u01b0\u01a1ng \u0110\u00ecnh C\u00fac",
          "street_type": "tertiary",
          "street_level": 4,
          "street_group": "220421448",
          "composite": true
        },
        "length_hint": 67.55091754385269,
        "speed_limit": 13.88888888888889
      },
      {
        "start": "5753113614",
        "end": "5753113614",
        "reverse": false,
        "shape": {
          "type": "polyline",
          "points": [
            [
              97.34381,
              546.8082
            ],
            [
              101.76555,
              550.29915
            ],
            [
              97.34381,
              546.8082
            ]
          ]
        },
        "metadata": {
          "segment_id": 36482,
          "street_id": 220421448,
          "street_name": "D\u01b0\u01a1ng \u0110\u00ecnh C\u00fac",
          "street_type": "tertiary",
          "street_level": 4,
          "street_group": "220421448",
          "composite": true
        },
        "length_hint": 11.267389498921208,
        "speed_limit": 16.666666666666668
      },
      {
        "start": "366462455",
        "end": "366404811",
        "reverse": false,
        "shape": {
          "type": "polyline",
          "points": [
            [
              101.76555,
              550.29915
            ],
            [
              89.42951,
              518.63085
            ],
            [
              72.84116,
              480.6855
            ],
            [
              70.10285,
              473.55375
            ],
            [
              66.42445,
              461.01075
            ],
            [
              63.90477,
              450.12165
            ],
            [
              62.37437,
              439.9374
            ],
            [
              61.35229,
              429.4923
            ],
            [
              61.3031,
              413.22525
            ],
            [
              61.20472,
              378.59325
            ]
          ]
        },
        "metadata": {
          "segment_id": 36493,
          "street_id": 220421449,
          "street_name": "Qu\u1ed1c L\u1ed9 1",
          "street_type": "trunk",
          "street_level": 1,
          "street_group": "220421449",
          "composite": true
        },
        "length_hint": 178.97929326136523,
        "speed_limit": 16.666666666666668
      },
      {
        "start": "2212447332",
        "end": "2212447332",
        "reverse": false,
        "shape": {
          "type": "polyline",
          "points": [
            [
              109.41751,
              549.5055
            ],
            [
              101.76555,
              550.29915
            ],
            [
              109.41751,
              549.5055
            ]
          ]
        },
        "metadata": {
          "segment_id": 78251,
          "street_id": 606915660,
          "street_name": "Huy\u1ec7n B\u00ecnh Ch\u00e1nh",
          "street_type": "tertiary",
          "street_level": 4,
          "street_group": "606915660",
          "composite": true
        },
        "length_hint": 15.386016009883772,
        "speed_limit": 16.666666666666668
      },
      {
        "start": "5767087734",
        "end": "2212444898",
        "reverse": false,
        "shape": {
          "type": "polyline",
          "points": [
            [
              40.48431,
              31.7127
            ],
            [
              42.96573,
              39.64365
            ],
            [
              51.48127,
              66.6666
            ],
            [
              58.05649,
              90.5982
            ],
            [
              65.21106,
              135.3756
            ],
            [
              69.27753,
              159.50145
            ],
            [
              74.86893,
              196.83075
            ],
            [
              77.18091,
              212.2542
            ],
            [
              78.7113,
              229.5702
            ],
            [
              77.94611,
              234.4098
            ]
          ]
        },
        "metadata": {
          "segment_id": 32980,
          "street_id": 211221896,
          "street_name": "Qu\u1ed1c l\u1ed9 1",
          "street_type": "trunk",
          "street_level": 1,
          "street_group": "211221896",
          "composite": true
        },
        "length_hint": 206.89769289387945,
        "speed_limit": 16.666666666666668
      },
      {
        "start": "366468937",
        "end": "366462455",
        "reverse": false,
        "shape": {
          "type": "polyline",
          "points": [
            [
              187.60957,
              1087.08405
            ],
            [
              186.58749,
              1076.00625
            ],
            [
              179.18149,
              1030.6794
            ],
            [
              176.8859,
              1014.5067
            ],
            [
              167.8238,
              963.57435
            ],
            [
              163.86664,
              953.5122
            ],
            [
              162.13949,
              942.79515
            ],
            [
              159.55968,
              926.8167
            ],
            [
              158.86008,
              922.48215
            ],
            [
              152.19741,
              881.16795
            ],
            [
              150.17511,
              868.62495
            ],
            [
              148.96173,
              851.2701
            ],
            [
              147.36575,
              828.44295
            ],
            [
              146.19609,
              801.09255
            ],
            [
              144.50719,
              789.57075
            ],
            [
              143.11344,
              780.0303
            ],
            [
              139.69739,
              761.12145
            ],
            [
              132.94181,
              723.7089
            ],
            [
              130.47132,
              710.0448
            ],
            [
              127.10446,
              691.4079
            ],
            [
              119.39785,
              642.135
            ],
            [
              114.44594,
              610.49445
            ],
            [
              110.19364,
              587.0457
            ],
            [
              102.87509,
              555.40515
            ],
            [
              101.76555,
              550.29915
            ]
          ]
        },
        "metadata": {
          "segment_id": 26237,
          "street_id": 152067208,
          "street_name": "Qu\u1ed1c l\u1ed9 1",
          "street_type": "trunk",
          "street_level": 1,
          "street_group": "152067208",
          "composite": true
        },
        "length_hint": 544.3452435196872,
        "speed_limit": 16.666666666666668
      },
      {
        "start": "366468937",
        "end": "1500883870",
        "reverse": false,
        "shape": {
          "type": "polyline",
          "points": [
            [
              187.60957,
              1087.08405
            ],
            [
              181.09994,
              1074.9906
            ],
            [
              174.20772,
              1061.11005
            ],
            [
              168.97159,
              1054.36125
            ],
            [
              164.12353,
              1049.394
            ],
            [
              159.40118,
              1046.46915
            ],
            [
              153.53104,
              1044.8097
            ],
            [
              149.06557,
              1043.9217
            ],
            [
              142.93854,
              1044.68205
            ],
            [
              136.94269,
              1046.46915
            ],
            [
              131.96345,
              1050.1599
            ],
            [
              128.13201,
              1054.4889
            ],
            [
              125.19694,
              1059.71145
            ],
            [
              123.28395,
              1065.69435
            ],
            [
              123.15824,
              1071.42195
            ],
            [
              124.04914,
              1076.8998
            ],
            [
              127.36681,
              1083.9039
            ],
            [
              131.32397,
              1088.4882
            ],
            [
              143.84585,
              1097.18505
            ]
          ]
        },
        "metadata": {
          "segment_id": 22012,
          "street_id": 56300311,
          "street_name": "V\u00f5 V\u0103n Ki\u1ec7t",
          "street_type": "trunk_link",
          "street_level": 3,
          "street_group": "56300311",
          "composite": true
        },
        "length_hint": 137.9345791008054,
        "speed_limit": 11.11111111111111
      },
      {
        "start": "3683423106",
        "end": "2928727171",
        "reverse": false,
        "shape": {
          "type": "polyline",
          "points": [
            [
              759.49492,
              1.92585
            ],
            [
              733.03008,
              98.52915
            ],
            [
              728.59741,
              114.72405
            ],
            [
              715.35406,
              163.51965
            ],
            [
              710.95965,
              179.71455
            ],
            [
              704.46642,
              203.7294
            ],
            [
              701.88662,
              213.26985
            ],
            [
              699.02807,
              223.8759
            ],
            [
              685.99788,
              272.2275
            ],
            [
              685.07964,
              274.1478
            ],
            [
              674.67298,
              314.25765
            ],
            [
              668.78644,
              335.9859
            ],
            [
              654.69044,
              387.9672
            ],
            [
              635.78465,
              456.099
            ],
            [
              630.47747,
              475.2243
            ]
          ]
        },
        "metadata": {
          "segment_id": 28363,
          "street_id": 182599878,
          "street_name": "Qu\u1ea3n Tr\u1ecdng Linh",
          "street_type": "tertiary",
          "street_level": 4,
          "street_group": "182599878",
          "composite": true
        },
        "length_hint": 490.6069081185884,
        "speed_limit": 13.88888888888889
      },
      {
        "start": "1500226354",
        "end": "1500226335",
        "reverse": false,
        "shape": {
          "type": "polyline",
          "points": [
            [
              179.18149,
              1030.6794
            ],
            [
              174.97291,
              1025.20155
            ],
            [
              173.09818,
              1019.1687
            ],
            [
              171.84107,
              1015.6944
            ],
            [
              170.25056,
              1013.7408
            ],
            [
              167.31549,
              1011.321
            ],
            [
              163.23262,
              1011.07125
            ],
            [
              159.14976,
              1011.44865
            ],
            [
              154.29623,
              1014.63435
            ]
          ]
        },
        "metadata": {
          "segment_id": 24339,
          "street_id": 136737363,
          "street_name": "Qu\u1ed1c l\u1ed9 1",
          "street_type": "trunk_link",
          "street_level": 3,
          "street_group": "136737363",
          "composite": true
        },
        "length_hint": 37.23959932291087,
        "speed_limit": 16.666666666666668
      },
      {
        "start": "1500226398",
        "end": "1500226313",
        "reverse": false,
        "shape": {
          "type": "polyline",
          "points": [
            [
              117.18424,
              1104.8385
            ],
            [
              116.22775,
              1099.37175
            ],
            [
              112.74064,
              1079.4528
            ],
            [
              112.52202,
              1066.70445
            ],
            [
              113.85018,
              1061.271
            ],
            [
              117.18424,
              1054.7331
            ],
            [
              124.6285,
              1046.3082
            ],
            [
              133.40639,
              1039.2153
            ],
            [
              140.40793,
              1032.44985
            ],
            [
              145.51834,
              1025.91195
            ],
            [
              152.36685,
              1017.1152
            ],
            [
              154.29623,
              1014.63435
            ],
            [
              160.04066,
              998.71695
            ],
            [
              161.95365,
              990.56955
            ],
            [
              163.10145,
              981.40095
            ],
            [
              163.23262,
              964.71765
            ],
            [
              163.86664,
              953.5122
            ]
          ]
        },
        "metadata": {
          "segment_id": 24395,
          "street_id": 136737365,
          "street_name": "Qu\u1ed1c l\u1ed9 1",
          "street_type": "trunk_link",
          "street_level": 3,
          "street_group": "136737365",
          "composite": true
        },
        "length_hint": 168.74632427528937,
        "speed_limit": 12.5
      },
      {
        "start": "1500226321",
        "end": "1500226399",
        "reverse": false,
        "shape": {
          "type": "polyline",
          "points": [
            [
              193.73113,
              990.56955
            ],
            [
              199.21868,
              1001.2644
            ],
            [
              203.83172,
              1015.98855
            ],
            [
              207.85993,
              1027.17735
            ],
            [
              212.55495,
              1036.9065
            ],
            [
              216.58316,
              1042.9005
            ],
            [
              221.4968,
              1049.18865
            ],
            [
              229.41111,
              1057.3083
            ],
            [
              238.50054,
              1064.32905
            ],
            [
              260.05173,
              1078.0764
            ],
            [
              268.55634,
              1084.95285
            ],
            [
              278.41643,
              1099.21635
            ]
          ]
        },
        "metadata": {
          "segment_id": 24289,
          "street_id": 136737354,
          "street_name": "V\u00f5 V\u0103n Ki\u1ec7t",
          "street_type": "trunk_link",
          "street_level": 3,
          "street_group": "136737354",
          "composite": true
        },
        "length_hint": 142.0100200937369,
        "speed_limit": 11.11111111111111
      },
      {
        "start": "2212447332",
        "end": "4066503742",
        "reverse": false,
        "shape": {
          "type": "polyline",
          "points": [
            [
              109.41751,
              549.5055
            ],
            [
              117.83466,
              593.51145
            ],
            [
              121.6989,
              616.62165
            ],
            [
              133.46105,
              687.13995
            ],
            [
              143.02599,
              739.9149
            ],
            [
              146.94489,
              763.1583
            ],
            [
              149.32793,
              776.889
            ],
            [
              150.73807,
              783.68775
            ],
            [
              153.23042,
              799.9215
            ],
            [
              164.18365,
              836.31285
            ],
            [
              167.45213,
              847.16865
            ],
            [
              171.52406,
              864.25155
            ],
            [
              180.01774,
              913.90185
            ],
            [
              181.42242,
              922.11585
            ],
            [
              184.47227,
              939.92025
            ],
            [
              190.41347,
              974.65215
            ],
            [
              193.73113,
              990.56955
            ],
            [
              193.73113,
              1002.9183
            ]
          ]
        },
        "metadata": {
          "segment_id": 24347,
          "street_id": 136737364,
          "street_name": "Qu\u1ed1c l\u1ed9 1",
          "street_type": "trunk",
          "street_level": 1,
          "street_group": "136737364",
          "composite": true
        },
        "length_hint": 461.75260276168666,
        "speed_limit": 16.666666666666668
      },
      {
        "start": "2212446493",
        "end": "2212447332",
        "reverse": false,
        "shape": {
          "type": "polyline",
          "points": [
            [
              70.49091,
              378.2103
            ],
            [
              70.55104,
              385.44195
            ],
            [
              70.75327,
              409.146
            ],
            [
              71.8792,
              440.63115
            ],
            [
              73.87417,
              456.6984
            ],
            [
              79.00645,
              471.2061
            ],
            [
              81.8486,
              478.73745
            ],
            [
              85.5762,
              488.6109
            ],
            [
              92.0585,
              503.607
            ],
            [
              98.34403,
              518.14245
            ],
            [
              109.41751,
              549.5055
            ]
          ]
        },
        "metadata": {
          "segment_id": 32990,
          "street_id": 211221983,
          "street_name": "Qu\u1ed1c L\u1ed9 1",
          "street_type": "trunk",
          "street_level": 1,
          "street_group": "211221983",
          "composite": true
        },
        "length_hint": 178.0588911256118,
        "speed_limit": 16.666666666666668
      },
      {
        "start": "4876174039",
        "end": "4876174039",
        "reverse": false,
        "shape": {
          "type": "polyline",
          "points": [
            [
              139.34759,
              869.7738
            ],
            [
              136.01352,
              869.5185
            ],
            [
              139.34759,
              869.7738
            ]
          ]
        },
        "metadata": {
          "segment_id": 5228,
          "street_id": 32579159,
          "street_name": "H\u01b0ng Nh\u01a1n",
          "street_type": "tertiary",
          "street_level": 4,
          "street_group": "32579159",
          "composite": true
        },
        "length_hint": 6.68766053411804,
        "speed_limit": 13.88888888888889
      },
      {
        "start": "4876174039",
        "end": "4876174039",
        "reverse": false,
        "shape": {
          "type": "polyline",
          "points": [
            [
              139.34759,
              869.7738
            ],
            [
              150.17511,
              868.62495
            ],
            [
              139.34759,
              869.7738
            ]
          ]
        },
        "metadata": {
          "segment_id": 5229,
          "street_id": 32579159,
          "street_name": "H\u01b0ng Nh\u01a1n",
          "street_type": "tertiary",
          "street_level": 4,
          "street_group": "32579159",
          "composite": true
        },
        "length_hint": 21.77659713296822,
        "speed_limit": 16.666666666666668
      },
      {
        "start": "5751195059",
        "end": "5751195059",
        "reverse": false,
        "shape": {
          "type": "polyline",
          "points": [
            [
              136.01352,
              869.5185
            ],
            [
              134.40115,
              870.35655
            ],
            [
              136.01352,
              869.5185
            ]
          ]
        },
        "metadata": {
          "segment_id": 5226,
          "street_id": 32579159,
          "street_name": "H\u01b0ng Nh\u01a1n",
          "street_type": "tertiary",
          "street_level": 4,
          "street_group": "32579159",
          "composite": true
        },
        "length_hint": 3.634316892842404,
        "speed_limit": 13.88888888888889
      },
      {
        "start": "5751195060",
        "end": "5751195060",
        "reverse": false,
        "shape": {
          "type": "polyline",
          "points": [
            [
              134.40115,
              870.35655
            ],
            [
              126.63441,
              872.25465
            ],
            [
              134.40115,
              870.35655
            ]
          ]
        },
        "metadata": {
          "segment_id": 5224,
          "street_id": 32579159,
          "street_name": "H\u01b0ng Nh\u01a1n",
          "street_type": "tertiary",
          "street_level": 4,
          "street_group": "32579159",
          "composite": true
        },
        "length_hint": 15.990626483987421,
        "speed_limit": 13.88888888888889
      },
      {
        "start": "5750709071",
        "end": "5750709071",
        "reverse": false,
        "shape": {
          "type": "polyline",
          "points": [
            [
              77.18638,
              889.221
            ],
            [
              46.50203,
              899.7549
            ],
            [
              77.18638,
              889.221
            ]
          ]
        },
        "metadata": {
          "segment_id": 5220,
          "street_id": 32579159,
          "street_name": "H\u01b0ng Nh\u01a1n",
          "street_type": "tertiary",
          "street_level": 4,
          "street_group": "32579159",
          "composite": true
        },
        "length_hint": 64.88427803813495,
        "speed_limit": 13.88888888888889
      },
      {
        "start": "5750709071",
        "end": "5750709071",
        "reverse": false,
        "shape": {
          "type": "polyline",
          "points": [
            [
              77.18638,
              889.221
            ],
            [
              126.63441,
              872.25465
            ],
            [
              77.18638,
              889.221
            ]
          ]
        },
        "metadata": {
          "segment_id": 5221,
          "street_id": 32579159,
          "street_name": "H\u01b0ng Nh\u01a1n",
          "street_type": "tertiary",
          "street_level": 4,
          "street_group": "32579159",
          "composite": true
        },
        "length_hint": 104.55552980504477,
        "speed_limit": 13.88888888888889
      },
      {
        "start": "5750709109",
        "end": "5750709109",
        "reverse": false,
        "shape": {
          "type": "polyline",
          "points": [
            [
              46.50203,
              899.7549
            ],
            [
              44.2775,
              900.51525
            ],
            [
              46.50203,
              899.7549
            ]
          ]
        },
        "metadata": {
          "segment_id": 5218,
          "street_id": 32579159,
          "street_name": "H\u01b0ng Nh\u01a1n",
          "street_type": "tertiary",
          "street_level": 4,
          "street_group": "32579159",
          "composite": true
        },
        "length_hint": 4.701772365140618,
        "speed_limit": 13.88888888888889
      },
      {
        "start": "5767087737",
        "end": "5767087734",
        "reverse": false,
        "shape": {
          "type": "polyline",
          "points": [
            [
              0.81985,
              31.302
            ],
            [
              24.02168,
              33.60525
            ],
            [
              25.60126,
              33.5442
            ],
            [
              29.88635,
              33.49425
            ],
            [
              34.01841,
              32.7339
            ],
            [
              40.48431,
              31.7127
            ]
          ]
        },
        "metadata": {
          "segment_id": 80699,
          "street_id": 608787789,
          "street_name": "Nguy\u1ec5n H\u1eefu Tr\u00ed",
          "street_type": "secondary",
          "street_level": 3,
          "street_group": "608787789",
          "composite": true
        },
        "length_hint": 39.92949226775572,
        "speed_limit": 11.11111111111111
      },
      {
        "start": "5767087733",
        "end": "5455825177",
        "reverse": false,
        "shape": {
          "type": "polyline",
          "points": [
            [
              25.60126,
              33.5442
            ],
            [
              27.36667,
              32.9004
            ],
            [
              28.90253,
              32.19555
            ],
            [
              30.40559,
              31.45185
            ],
            [
              31.59711,
              30.43065
            ],
            [
              32.34045,
              27.3837
            ]
          ]
        },
        "metadata": {
          "segment_id": 69376,
          "street_id": 566543446,
          "street_name": "Nguy\u1ec5n H\u1eefu Tr\u00ed",
          "street_type": "trunk_link",
          "street_level": 3,
          "street_group": "566543446",
          "composite": true
        },
        "length_hint": 9.951566852955581,
        "speed_limit": 12.5
      },
      {
        "start": "5690211973",
        "end": "5690211973",
        "reverse": false,
        "shape": {
          "type": "polyline",
          "points": [
            [
              26.42658,
              473.1819
            ],
            [
              18.44121,
              486.84045
            ],
            [
              26.42658,
              473.1819
            ]
          ]
        },
        "metadata": {
          "segment_id": 70913,
          "street_id": 597712887,
          "street_name": "Huy\u1ec7n B\u00ecnh Ch\u00e1nh",
          "street_type": "unclassified",
          "street_level": 4,
          "street_group": "597712887",
          "composite": true
        },
        "length_hint": 31.643142836286014,
        "speed_limit": 11.11111111111111
      },
      {
        "start": "5690211966",
        "end": "5690211966",
        "reverse": false,
        "shape": {
          "type": "polyline",
          "points": [
            [
              0.0,
              579.07035
            ],
            [
              4.21951,
              550.2492
            ],
            [
              0.0,
              579.07035
            ]
          ]
        },
        "metadata": {
          "segment_id": 70900,
          "street_id": 597712887,
          "street_name": "Huy\u1ec7n B\u00ecnh Ch\u00e1nh",
          "street_type": "unclassified",
          "street_level": 4,
          "street_group": "597712887",
          "composite": true
        },
        "length_hint": 58.256774780710245,
        "speed_limit": 11.11111111111111
      },
      {
        "start": "5690211967",
        "end": "5690211967",
        "reverse": false,
        "shape": {
          "type": "polyline",
          "points": [
            [
              4.21951,
              550.2492
            ],
            [
              6.43857,
              533.3994
            ],
            [
              4.21951,
              550.2492
            ]
          ]
        },
        "metadata": {
          "segment_id": 70902,
          "street_id": 597712887,
          "street_name": "Huy\u1ec7n B\u00ecnh Ch\u00e1nh",
          "street_type": "unclassified",
          "street_level": 4,
          "street_group": "597712887",
          "composite": true
        },
        "length_hint": 33.99058618638982,
        "speed_limit": 11.11111111111111
      },
      {
        "start": "5690211968",
        "end": "5690211968",
        "reverse": false,
        "shape": {
          "type": "polyline",
          "points": [
            [
              6.43857,
              533.3994
            ],
            [
              9.55401,
              520.98405
            ],
            [
              6.43857,
              533.3994
            ]
          ]
        },
        "metadata": {
          "segment_id": 70904,
          "street_id": 597712887,
          "street_name": "Huy\u1ec7n B\u00ecnh Ch\u00e1nh",
          "street_type": "unclassified",
          "street_level": 4,
          "street_group": "597712887",
          "composite": true
        },
        "length_hint": 25.600537651861902,
        "speed_limit": 11.11111111111111
      },
      {
        "start": "5690211969",
        "end": "5690211969",
        "reverse": false,
        "shape": {
          "type": "polyline",
          "points": [
            [
              9.55401,
              520.98405
            ],
            [
              14.66443,
              504.57825
            ],
            [
              9.55401,
              520.98405
            ]
          ]
        },
        "metadata": {
          "segment_id": 70906,
          "street_id": 597712887,
          "street_name": "Huy\u1ec7n B\u00ecnh Ch\u00e1nh",
          "street_type": "unclassified",
          "street_level": 4,
          "street_group": "597712887",
          "composite": true
        },
        "length_hint": 34.366650474924086,
        "speed_limit": 11.11111111111111
      },
      {
        "start": "5690211971",
        "end": "5690211971",
        "reverse": false,
        "shape": {
          "type": "polyline",
          "points": [
            [
              16.21668,
              493.7169
            ],
            [
              14.66443,
              504.57825
            ],
            [
              16.21668,
              493.7169
            ]
          ]
        },
        "metadata": {
          "segment_id": 70909,
          "street_id": 597712887,
          "street_name": "Huy\u1ec7n B\u00ecnh Ch\u00e1nh",
          "street_type": "unclassified",
          "street_level": 4,
          "street_group": "597712887",
          "composite": true
        },
        "length_hint": 21.943418501682945,
        "speed_limit": 11.11111111111111
      },
      {
        "start": "5690211971",
        "end": "5690211971",
        "reverse": false,
        "shape": {
          "type": "polyline",
          "points": [
            [
              16.21668,
              493.7169
            ],
            [
              18.44121,
              486.84045
            ],
            [
              16.21668,
              493.7169
            ]
          ]
        },
        "metadata": {
          "segment_id": 70910,
          "street_id": 597712887,
          "street_name": "Huy\u1ec7n B\u00ecnh Ch\u00e1nh",
          "street_type": "unclassified",
          "street_level": 4,
          "street_group": "597712887",
          "composite": true
        },
        "length_hint": 14.454632243457525,
        "speed_limit": 11.11111111111111
      },
      {
        "start": "3683423119",
        "end": "3683423115",
        "reverse": false,
        "shape": {
          "type": "polyline",
          "points": [
            [
              623.22451,
              473.2041
            ],
            [
              628.59181,
              454.17315
            ],
            [
              648.4541,
              383.73255
            ],
            [
              662.03086,
              334.443
            ],
            [
              679.17124,
              272.6271
            ],
            [
              698.48696,
              202.0755
            ],
            [
              705.14416,
              177.9219
            ],
            [
              709.30902,
              162.0822
            ],
            [
              722.22442,
              112.98135
            ],
            [
              726.66256,
              96.93075
            ],
            [
              739.16258,
              51.7149
            ],
            [
              753.4608,
              0.0
            ]
          ]
        },
        "metadata": {
          "segment_id": 55223,
          "street_id": 364296235,
          "street_name": "Qu\u1ea3n Tr\u1ecdng Linh",
          "street_type": "tertiary",
          "street_level": 4,
          "street_group": "364296235",
          "composite": true
        },
        "length_hint": 490.80539869828897,
        "speed_limit": 13.88888888888889
      },
      {
        "start": "366404811",
        "end": "366432776",
        "reverse": false,
        "shape": {
          "type": "polyline",
          "points": [
            [
              61.20472,
              378.59325
            ],
            [
              68.50141,
              234.6651
            ]
          ]
        },
        "metadata": {
          "segment_id": 26161,
          "street_id": 151581276,
          "street_name": "C\u1ea7u B\u00ecnh \u0110i\u1ec1n",
          "street_type": "trunk",
          "street_level": 1,
          "street_group": "151581276",
          "composite": true
        },
        "length_hint": 144.11299055733528,
        "speed_limit": 16.666666666666668
      },
      {
        "start": "5009095461",
        "end": "5009095461",
        "reverse": false,
        "shape": {
          "type": "polyline",
          "points": [
            [
              1059.44067,
              1061.3709
            ],
            [
              1052.34075,
              1074.20805
            ],
            [
              1059.44067,
              1061.3709
            ]
          ]
        },
        "metadata": {
          "segment_id": 35076,
          "street_id": 216329217,
          "street_name": "H\u1ed3 H\u1ecdc L\u00e3m",
          "street_type": "tertiary",
          "street_level": 4,
          "street_group": "216329217",
          "composite": true
        },
        "length_hint": 29.33948084945608,
        "speed_limit": 13.88888888888889
      },
      {
        "start": "5009095461",
        "end": "5009095461",
        "reverse": false,
        "shape": {
          "type": "polyline",
          "points": [
            [
              1059.44067,
              1061.3709
            ],
            [
              1063.86241,
              1054.722
            ],
            [
              1059.44067,
              1061.3709
            ]
          ]
        },
        "metadata": {
          "segment_id": 35077,
          "street_id": 216329217,
          "street_name": "H\u1ed3 H\u1ecdc L\u00e3m",
          "street_type": "tertiary",
          "street_level": 4,
          "street_group": "216329217",
          "composite": true
        },
        "length_hint": 15.969928720892755,
        "speed_limit": 13.88888888888889
      },
      {
        "start": "366460216",
        "end": "366460216",
        "reverse": false,
        "shape": {
          "type": "polyline",
          "points": [
            [
              1067.70478,
              1049.5161
            ],
            [
              1063.86241,
              1054.722
            ],
            [
              1067.70478,
              1049.5161
            ]
          ]
        },
        "metadata": {
          "segment_id": 35080,
          "street_id": 216329217,
          "street_name": "H\u1ed3 H\u1ecdc L\u00e3m",
          "street_type": "tertiary",
          "street_level": 4,
          "street_group": "216329217",
          "composite": true
        },
        "length_hint": 12.94066490206741,
        "speed_limit": 13.88888888888889
      },
      {
        "start": "366460216",
        "end": "366460216",
        "reverse": false,
        "shape": {
          "type": "polyline",
          "points": [
            [
              1067.70478,
              1049.5161
            ],
            [
              1084.89436,
              1021.07235
            ],
            [
              1067.70478,
              1049.5161
            ]
          ]
        },
        "metadata": {
          "segment_id": 35081,
          "street_id": 216329217,
          "street_name": "H\u1ed3 H\u1ecdc L\u00e3m",
          "street_type": "tertiary",
          "street_level": 4,
          "street_group": "216329217",
          "composite": true
        },
        "length_hint": 66.46889722686545,
        "speed_limit": 13.88888888888889
      },
      {
        "start": "5750754526",
        "end": "5750754526",
        "reverse": false,
        "shape": {
          "type": "polyline",
          "points": [
            [
              1084.89436,
              1021.07235
            ],
            [
              1086.42475,
              1018.6914
            ],
            [
              1084.89436,
              1021.07235
            ]
          ]
        },
        "metadata": {
          "segment_id": 35083,
          "street_id": 216329217,
          "street_name": "H\u1ed3 H\u1ecdc L\u00e3m",
          "street_type": "tertiary",
          "street_level": 4,
          "street_group": "216329217",
          "composite": true
        },
        "length_hint": 5.660747814414492,
        "speed_limit": 13.88888888888889
      },
      {
        "start": "366450062",
        "end": "366450062",
        "reverse": false,
        "shape": {
          "type": "polyline",
          "points": [
            [
              36.00245,
              39.06645
            ],
            [
              42.96573,
              39.64365
            ],
            [
              36.00245,
              39.06645
            ]
          ]
        },
        "metadata": {
          "segment_id": 78323,
          "street_id": 606946754,
          "street_name": "Ho\u00e0ng \u0110\u1ea1o Th\u00fay",
          "street_type": "secondary",
          "street_level": 3,
          "street_group": "606946754",
          "composite": true
        },
        "length_hint": 13.97432333938212,
        "speed_limit": 11.11111111111111
      },
      {
        "start": "2212444898",
        "end": "2212446493",
        "reverse": false,
        "shape": {
          "type": "polyline",
          "points": [
            [
              77.94611,
              234.4098
            ],
            [
              70.49091,
              378.2103
            ]
          ]
        },
        "metadata": {
          "segment_id": 32989,
          "street_id": 211221909,
          "street_name": "C\u1ea7u B\u00ecnh \u0110i\u1ec1n",
          "street_type": "trunk",
          "street_level": 1,
          "street_group": "211221909",
          "composite": true
        },
        "length_hint": 143.99362418971893,
        "speed_limit": 16.666666666666668
      },
      {
        "start": "1500226310",
        "end": "1500226312",
        "reverse": false,
        "shape": {
          "type": "polyline",
          "points": [
            [
              150.17511,
              868.62495
            ],
            [
              171.52406,
              864.25155
            ]
          ]
        },
        "metadata": {
          "segment_id": 34571,
          "street_id": 215256457,
          "street_name": "Huy\u1ec7n B\u00ecnh Ch\u00e1nh",
          "street_type": "tertiary",
          "street_level": 4,
          "street_group": "215256457",
          "composite": true
        },
        "length_hint": 21.79229895312793,
        "speed_limit": 5.555555555555555
      },
      {
        "start": "5751195059",
        "end": "5750709097",
        "reverse": false,
        "shape": {
          "type": "polyline",
          "points": [
            [
              136.01352,
              869.5185
            ],
            [
              141.97112,
              860.1723
            ],
            [
              145.63312,
              855.9765
            ],
            [
              148.96173,
              851.2701
            ]
          ]
        },
        "metadata": {
          "segment_id": 77674,
          "street_id": 606561258,
          "street_name": "Huy\u1ec7n B\u00ecnh Ch\u00e1nh",
          "street_type": "trunk_link",
          "street_level": 3,
          "street_group": "606561258",
          "composite": true
        },
        "length_hint": 22.41716465779328,
        "speed_limit": 12.5
      },
      {
        "start": "5750709101",
        "end": "4876174039",
        "reverse": false,
        "shape": {
          "type": "polyline",
          "points": [
            [
              152.19741,
              881.16795
            ],
            [
              143.02053,
              873.60885
            ],
            [
              139.34759,
              869.7738
            ]
          ]
        },
        "metadata": {
          "segment_id": 77672,
          "street_id": 606561256,
          "street_name": "Qu\u1ed1c l\u1ed9 1A",
          "street_type": "trunk_link",
          "street_level": 3,
          "street_group": "606561256",
          "composite": true
        },
        "length_hint": 17.199473919765556,
        "speed_limit": 16.666666666666668
      },
      {
        "start": "366450062",
        "end": "366462470",
        "reverse": false,
        "shape": {
          "type": "polyline",
          "points": [
            [
              36.00245,
              39.06645
            ],
            [
              23.85771,
              38.16735
            ],
            [
              14.16158,
              37.32375
            ]
          ]
        },
        "metadata": {
          "segment_id": 21709,
          "street_id": 43243018,
          "street_name": "Nguy\u1ec5n H\u1eefu Tr\u00ed",
          "street_type": "secondary",
          "street_level": 3,
          "street_group": "43243018",
          "composite": true
        },
        "length_hint": 21.91073464083835,
        "speed_limit": 11.11111111111111
      }
    ]
  }
}