{
  "observation": {
    "type": "Kinematics"
  },
  "action": {
    "type": "DiscreteMetaAction"
  },
  "simulation_frequency": 15,
  "policy_frequency": 1,
  "other_vehicles_type": "highway_env.vehicle.behavior.IDMVehicle",
  "screen_width": 600,
  "screen_height": 150,
  "centering_position": [
    0.3,
    0.5
  ],
  "scaling": 5.5,
  "show_trajectories": false,
  "render_agent": true,
  "offscreen_rendering": false,
  "manual_control": false,
  "real_time_rendering": false,
  "destination": null,
  "initial_vehicle_count": 0,
  "controlled_vehicles": 0,
  "spawn_probability": 0.0,
  "duration": 40.0,
  "collision_reward": -5,
  "high_speed_reward": 1.0,
  "arrived_reward": 1.0,
  "reward_speed_range": [
    6.0,
    12.0
  ],
  "auto_curve": false,
  "corner_radius": 25.0,
  "curve_samples": 8,
  "exit_distance": 5.0,
  "graph": {
    "nodes": {
      "5806225030": [
        79.6514,
        996.09735
      ],
      "5805831944": [
        87.39627,
        974.1915
      ],
      "5757766665": [
        80.58056,
        30.26415
      ],
      "5811239817": [
        3.97902,
        1109.17305
      ],
      "5811301128": [
        81.82674,
        981.573
      ],
      "5757766667": [
        80.63522,
        35.9862
      ],
      "5805831949": [
        129.09943,
        929.2032
      ],
      "5757766674": [
        82.52088,
        75.0915
      ],
      "5757766675": [
        84.90392,
        103.452
      ],
      "5757766677": [
        85.62539,
        112.08225
      ],
      "5811242654": [
        17.758,
        1087.5336
      ],
      "5811239839": [
        0.0,
        1101.46965
      ],
      "5795013794": [
        111.25398,
        946.76895
      ],
      "3630717348": [
        118.22819,
        951.936
      ],
      "3630717349": [
        74.37155,
        1003.1958
      ],
      "3630717351": [
        88.17786,
        973.581
      ],
      "3630717353": [
        101.04955,
        958.95675
      ],
      "3630717355": [
        118.05329,
        940.2366
      ],
      "5795013804": [
        82.58647,
        992.07915
      ],
      "5811239852": [
        46.05385,
        1047.0186
      ],
      "3630717358": [
        134.49953,
        924.4413
      ],
      "3630717359": [
        96.23975,
        976.0674
      ],
      "3630717357": [
        74.2513,
        992.15685
      ],
      "5795013811": [
        98.26752,
        974.10825
      ],
      "3630717363": [
        33.49371,
        1051.9692
      ],
      "4974882249": [
        80.65708,
        38.62245
      ],
      "5811303253": [
        71.80268,
        995.7477
      ],
      "5757766621": [
        88.00296,
        140.3928
      ],
      "2940029406": [
        99.09283,
        229.55355
      ],
      "2940029413": [
        80.79919,
        54.57315
      ],
      "2940029415": [
        94.28303,
        221.30625
      ],
      "2940029416": [
        93.81845,
        209.66235
      ],
      "5757766637": [
        80.58056,
        30.8025
      ],
      "5757766638": [
        80.65162,
        35.1204
      ],
      "5757766650": [
        80.30728,
        0.0
      ]
    },
    "edges": [
      {
        "start": "5795013804",
        "end": "5811239817",
        "reverse": false,
        "shape": {
          "type": "polyline",
          "points": [
            [
              82.58647,
              992.07915
            ],
            [
              79.6514,
              996.09735
            ],
            [
              74.37155,
              1003.1958
            ],
            [
              46.05385,
              1047.0186
            ],
            [
              17.758,
              1087.5336
            ],
            [
              3.97902,
              1109.17305
            ]
          ]
        },
        "metadata": {
          "segment_id": 83154,
          "street_id": 613631777,
          "street_name": "Tr\u1ea7n V\u0103n Gi\u00e0u",
          "street_type": "tertiary",
          "street_level": 4,
          "street_group": "613631777",
          "composite": true
        },
        "length_hint": 141.07047312523102,
        "speed_limit": 13.88888888888889
      },
      {
        "start": "5805831944",
        "end": "3630717358",
        "reverse": false,
        "shape": {
          "type": "polyline",
          "points": [
            [
              87.39627,
              974.1915
            ],
            [
              88.17786,
              973.581
            ],
            [
              101.04955,
              958.95675
            ],
            [
              111.25398,
              946.76895
            ],
            [
              118.05329,
              940.2366
            ],
            [
              129.09943,
              929.2032
            ],
            [
              134.49953,
              924.4413
            ]
          ]
        },
        "metadata": {
          "segment_id": 66967,
          "street_id": 508741147,
          "street_name": "Tr\u1ea7n V\u0103n Gi\u00e0u",
          "street_type": "tertiary",
          "street_level": 4,
          "street_group": "508741147",
          "composite": true
        },
        "length_hint": 68.6106370802013,
        "speed_limit": 13.88888888888889
      },
      {
        "start": "5757766637",
        "end": "5757766637",
        "reverse": false,
        "shape": {
          "type": "polyline",
          "points": [
            [
              80.58056,
              30.8025
            ],
            [
              80.58056,
              30.26415
            ],
            [
              80.58056,
              30.8025
            ]
          ]
        },
        "metadata": {
          "segment_id": 79213,
          "street_id": 607571719,
          "street_name": "L\u00ea Ngung",
          "street_type": "unclassified",
          "street_level": 4,
          "street_group": "607571719",
          "composite": true
        },
        "length_hint": 1.0766999999999953,
        "speed_limit": 11.11111111111111
      },
      {
        "start": "5757766665",
        "end": "5757766665",
        "reverse": false,
        "shape": {
          "type": "polyline",
          "points": [
            [
              80.58056,
              30.26415
            ],
            [
              80.30728,
              0.0
            ],
            [
              80.58056,
              30.26415
            ]
          ]
        },
        "metadata": {
          "segment_id": 79211,
          "street_id": 607571719,
          "street_name": "L\u00ea Ngung",
          "street_type": "unclassified",
          "street_level": 4,
          "street_group": "607571719",
          "composite": true
        },
        "length_hint": 60.530767620472155,
        "speed_limit": 11.11111111111111
      },
      {
        "start": "3630717357",
        "end": "5805831944",
        "reverse": false,
        "shape": {
          "type": "polyline",
          "points": [
            [
              74.2513,
              992.15685
            ],
            [
              81.82674,
              981.573
            ],
            [
              87.39627,
              974.1915
            ]
          ]
        },
        "metadata": {
          "segment_id": 83164,
          "street_id": 613631778,
          "street_name": "Tr\u1ea7n V\u0103n Gi\u00e0u",
          "street_type": "tertiary",
          "street_level": 4,
          "street_group": "613631778",
          "composite": true
        },
        "length_hint": 22.2625308266906,
        "speed_limit": 13.88888888888889
      },
      {
        "start": "5757766677",
        "end": "5757766677",
        "reverse": false,
        "shape": {
          "type": "polyline",
          "points": [
            [
              85.62539,
              112.08225
            ],
            [
              84.90392,
              103.452
            ],
            [
              85.62539,
              112.08225
            ]
          ]
        },
        "metadata": {
          "segment_id": 45979,
          "street_id": 290474579,
          "street_name": "L\u00ea Ngung",
          "street_type": "unclassified",
          "street_level": 4,
          "street_group": "290474579",
          "composite": true
        },
        "length_hint": 17.320708302306816,
        "speed_limit": 11.11111111111111
      },
      {
        "start": "5757766677",
        "end": "5757766677",
        "reverse": false,
        "shape": {
          "type": "polyline",
          "points": [
            [
              85.62539,
              112.08225
            ],
            [
              88.00296,
              140.3928
            ],
            [
              85.62539,
              112.08225
            ]
          ]
        },
        "metadata": {
          "segment_id": 45980,
          "street_id": 290474579,
          "street_name": "L\u00ea Ngung",
          "street_type": "unclassified",
          "street_level": 4,
          "street_group": "290474579",
          "composite": true
        },
        "length_hint": 56.82042169528134,
        "speed_limit": 11.11111111111111
      },
      {
        "start": "5757766621",
        "end": "5757766621",
        "reverse": false,
        "shape": {
          "type": "polyline",
          "points": [
            [
              88.00296,
              140.3928
            ],
            [
              93.81845,
              209.66235
            ],
            [
              88.00296,
              140.3928
            ]
          ]
        },
        "metadata": {
          "segment_id": 45982,
          "street_id": 290474579,
          "street_name": "L\u00ea Ngung",
          "street_type": "unclassified",
          "street_level": 4,
          "street_group": "290474579",
          "composite": true
        },
        "length_hint": 139.0264792209398,
        "speed_limit": 11.11111111111111
      },
      {
        "start": "2940029406",
        "end": "2940029406",
        "reverse": false,
        "shape": {
          "type": "polyline",
          "points": [
            [
              99.09283,
              229.55355
            ],
            [
              94.28303,
              221.30625
            ],
            [
              99.09283,
              229.55355
            ]
          ]
        },
        "metadata": {
          "segment_id": 45987,
          "street_id": 290474579,
          "street_name": "L\u00ea Ngung",
          "street_type": "unclassified",
          "street_level": 4,
          "street_group": "290474579",
          "composite": true
        },
        "length_hint": 19.094725274797753,
        "speed_limit": 11.11111111111111
      },
      {
        "start": "2940029416",
        "end": "2940029416",
        "reverse": false,
        "shape": {
          "type": "polyline",
          "points": [
            [
              93.81845,
              209.66235
            ],
            [
              94.28303,
              221.30625
            ],
            [
              93.81845,
              209.66235
            ]
          ]
        },
        "metadata": {
          "segment_id": 45984,
          "street_id": 290474579,
          "street_name": "L\u00ea Ngung",
          "street_type": "unclassified",
          "street_level": 4,
          "street_group": "290474579",
          "composite": true
        },
        "length_hint": 23.3063289075221,
        "speed_limit": 11.11111111111111
      },
      {
        "start": "5757766667",
        "end": "5757766667",
        "reverse": false,
        "shape": {
          "type": "polyline",
          "points": [
            [
              80.63522,
              35.9862
            ],
            [
              80.65162,
              35.1204
            ],
            [
              80.63522,
              35.9862
            ]
          ]
        },
        "metadata": {
          "segment_id": 45969,
          "street_id": 290474579,
          "street_name": "L\u00ea Ngung",
          "street_type": "unclassified",
          "street_level": 4,
          "street_group": "290474579",
          "composite": true
        },
        "length_hint": 1.7319106212504152,
        "speed_limit": 11.11111111111111
      },
      {
        "start": "5757766667",
        "end": "5757766667",
        "reverse": false,
        "shape": {
          "type": "polyline",
          "points": [
            [
              80.63522,
              35.9862
            ],
            [
              80.65708,
              38.62245
            ],
            [
              80.63522,
              35.9862
            ]
          ]
        },
        "metadata": {
          "segment_id": 45970,
          "street_id": 290474579,
          "street_name": "L\u00ea Ngung",
          "street_type": "unclassified",
          "street_level": 4,
          "street_group": "290474579",
          "composite": true
        },
        "length_hint": 5.272681261787032,
        "speed_limit": 11.11111111111111
      },
      {
        "start": "5757766674",
        "end": "5757766674",
        "reverse": false,
        "shape": {
          "type": "polyline",
          "points": [
            [
              82.52088,
              75.0915
            ],
            [
              80.79919,
              54.57315
            ],
            [
              82.52088,
              75.0915
            ]
          ]
        },
        "metadata": {
          "segment_id": 45975,
          "street_id": 290474579,
          "street_name": "L\u00ea Ngung",
          "street_type": "unclassified",
          "street_level": 4,
          "street_group": "290474579",
          "composite": true
        },
        "length_hint": 41.1809132088447,
        "speed_limit": 11.11111111111111
      },
      {
        "start": "5757766674",
        "end": "5757766674",
        "reverse": false,
        "shape": {
          "type": "polyline",
          "points": [
            [
              82.52088,
              75.0915
            ],
            [
              84.90392,
              103.452
            ],
            [
              82.52088,
              75.0915
            ]
          ]
        },
        "metadata": {
          "segment_id": 45976,
          "street_id": 290474579,
          "street_name": "L\u00ea Ngung",
          "street_type": "unclassified",
          "street_level": 4,
          "street_group": "290474579",
          "composite": true
        },
        "length_hint": 56.92088684803146,
        "speed_limit": 11.11111111111111
      },
      {
        "start": "4974882249",
        "end": "4974882249",
        "reverse": false,
        "shape": {
          "type": "polyline",
          "points": [
            [
              80.65708,
              38.62245
            ],
            [
              80.79919,
              54.57315
            ],
            [
              80.65708,
              38.62245
            ]
          ]
        },
        "metadata": {
          "segment_id": 45972,
          "street_id": 290474579,
          "street_name": "L\u00ea Ngung",
          "street_type": "unclassified",
          "street_level": 4,
          "street_group": "290474579",
          "composite": true
        },
        "length_hint": 31.90266607931694,
        "speed_limit": 11.11111111111111
      },
      {
        "start": "5811239839",
        "end": "3630717357",
        "reverse": false,
        "shape": {
          "type": "polyline",
          "points": [
            [
              0.0,
              1101.46965
            ],
            [
              33.49371,
              1051.9692
            ],
            [
              71.80268,
              995.7477
            ],
            [
              74.2513,
              992.15685
            ]
          ]
        },
        "metadata": {
          "segment_id": 83170,
          "street_id": 613631779,
          "street_name": "Tr\u1ea7n V\u0103n Gi\u00e0u",
          "street_type": "tertiary",
          "street_level": 4,
          "street_group": "613631779",
          "composite": true
        },
        "length_hint": 132.14609473192544,
        "speed_limit": 13.88888888888889
      },
      {
        "start": "3630717348",
        "end": "3630717359",
        "reverse": false,
        "shape": {
          "type": "polyline",
          "points": [
            [
              118.22819,
              951.936
            ],
            [
              98.26752,
              974.10825
            ],
            [
              96.23975,
              976.0674
            ]
          ]
        },
        "metadata": {
          "segment_id": 33408,
          "street_id": 211428422,
          "street_name": "Tr\u1ea7n V\u0103n Gi\u00e0u",
          "street_type": "tertiary",
          "street_level": 4,
          "street_group": "211428422",
          "composite": true
        },
        "length_hint": 32.65308387589871,
        "speed_limit": 13.88888888888889
      },
      {
        "start": "3630717359",
        "end": "5795013804",
        "reverse": false,
        "shape": {
          "type": "polyline",
          "points": [
            [
              96.23975,
              976.0674
            ],
            [
              82.58647,
              992.07915
            ]
          ]
        },
        "metadata": {
          "segment_id": 83153,
          "street_id": 613631776,
          "street_name": "Tr\u1ea7n V\u0103n Gi\u00e0u",
          "street_type": "tertiary",
          "street_level": 4,
          "street_group": "613631776",
          "composite": true
        },
        "length_hint": 21.042532946888787,
        "speed_limit": 13.88888888888889
      },
      {
        "start": "5757766637",
        "end": "5757766637",
        "reverse": false,
        "shape": {
          "type": "polyline",
          "points": [
            [
              80.58056,
              30.8025
            ],
            [
              80.65162,
              35.1204
            ],
            [
              80.58056,
              30.8025
            ]
          ]
        },
        "metadata": {
          "segment_id": 79196,
          "street_id": 607571718,
          "street_name": "L\u00ea Ngung",
          "street_type": "unclassified",
          "street_level": 4,
          "street_group": "607571718",
          "composite": true
        },
        "length_hint": 8.63696936051066,
        "speed_limit": 11.11111111111111
      }
    ]
  }
}