{
  "observation": {
    "type": "Kinematics"
  },
  "action": {
    "type": "DiscreteMetaAction"
  },
  "simulation_frequency": 15,
  "policy_frequency": 1,
  "other_vehicles_type": "highway_env.vehicle.behavior.IDMVehicle",
  "screen_width": 600,
  "screen_height": 150,
  "centering_position": [
    0.3,
    0.5
  ],
  "scaling": 5.5,
  "show_trajectories": false,
  "render_agent": true,
  "offscreen_rendering": false,
  "manual_control": false,
  "real_time_rendering": false,
  "destination": null,
  "initial_vehicle_count": 0,
  "controlled_vehicles": 0,
  "spawn_probability": 0.0,
  "duration": 40.0,
  "collision_reward": -5,
  "high_speed_reward": 1.0,
  "arrived_reward": 1.0,
  "reward_speed_range": [
    6.0,
    12.0
  ],
  "auto_curve": false,
  "corner_radius": 25.0,
  "curve_samples": 8,
  "exit_distance": 5.0,
  "graph": {
    "nodes": {
      "4331856392": [
        108.24785,
        879.39195
      ],
      "4437344264": [
        806.39594,
        109.36275
      ],
      "4437344265": [
        799.9519,
        118.3371
      ],
      "5755237908": [
        854.70712,
        751.87515
      ],
      "4446923799": [
        257.43367,
        719.9238
      ],
      "4446923800": [
        309.27021,
        664.6902
      ],
      "4446923801": [
        320.91211,
        665.99445
      ],
      "4446923802": [
        321.68824,
        677.2332
      ],
      "4446923803": [
        285.32505,
        712.4424
      ],
      "4446923804": [
        264.07448,
        726.27855
      ],
      "4446923805": [
        316.65981,
        663.3471
      ],
      "4447208990": [
        769.36594,
        73.0047
      ],
      "4446923807": [
        271.75923,
        700.06035
      ],
      "4447208992": [
        747.65078,
        48.86775
      ],
      "4447208993": [
        717.05389,
        13.0758
      ],
      "4446923808": [
        304.29097,
        669.4965
      ],
      "4446923810": [
        312.96501,
        663.05295
      ],
      "4446923809": [
        323.06013,
        673.8588
      ],
      "4446923806": [
        323.35527,
        670.47885
      ],
      "4446923812": [
        461.71357,
        534.77025
      ],
      "4446923816": [
        437.42408,
        565.82805
      ],
      "4446923817": [
        382.60328,
        619.4355
      ],
      "4446923818": [
        370.67716,
        619.2579
      ],
      "4446923819": [
        371.03243,
        606.83145
      ],
      "4446923820": [
        424.25178,
        553.0464
      ],
      "4446923821": [
        376.57463,
        621.1782
      ],
      "4446923822": [
        368.68765,
        612.98085
      ],
      "4446923823": [
        369.59495,
        609.7785
      ],
      "4446923824": [
        369.22329,
        616.51065
      ],
      "4447209003": [
        802.007,
        204.7728
      ],
      "4446923826": [
        379.29107,
        620.57325
      ],
      "3110867005": [
        0.0,
        537.3621
      ],
      "2024972863": [
        18.80742,
        962.9805
      ],
      "2024972864": [
        281.25312,
        709.01805
      ],
      "5742130761": [
        588.40264,
        413.5638
      ],
      "5742130763": [
        638.71972,
        424.58055
      ],
      "3110867028": [
        95.46362,
        562.76445
      ],
      "2024972889": [
        13.47837,
        952.77405
      ],
      "370523234": [
        482.94775,
        658.82385
      ],
      "370523235": [
        523.53591,
        668.94705
      ],
      "2024972901": [
        20.97183,
        947.4405
      ],
      "5742130789": [
        768.87949,
        641.15265
      ],
      "366447236": [
        894.74871,
        761.77635
      ],
      "5154367622": [
        952.48272,
        775.0242
      ],
      "5154367623": [
        964.66573,
        789.01575
      ],
      "366476935": [
        960.20026,
        1000.19325
      ],
      "2024972940": [
        31.89773,
        953.89515
      ],
      "2666555028": [
        810.8778,
        182.9613
      ],
      "2666555030": [
        816.68782,
        192.37965
      ],
      "2666555032": [
        693.19618,
        301.0098
      ],
      "2666555034": [
        698.36125,
        305.62185
      ],
      "5755329179": [
        250.25176,
        739.8594
      ],
      "2666555036": [
        603.66829,
        387.0903
      ],
      "2666555038": [
        609.84452,
        392.81235
      ],
      "2666555039": [
        524.558,
        460.68885
      ],
      "5755329184": [
        659.14498,
        709.91715
      ],
      "2666555041": [
        532.8549,
        467.40435
      ],
      "2666555043": [
        498.50855,
        485.6028
      ],
      "2666555045": [
        507.68543,
        490.74765
      ],
      "5154367654": [
        960.97092,
        941.6463
      ],
      "2666555046": [
        453.34015,
        531.73995
      ],
      "5755329194": [
        453.49319,
        650.73195
      ],
      "3220270762": [
        865.27228,
        153.3021
      ],
      "366468268": [
        889.72028,
        761.2491
      ],
      "3220270764": [
        823.37782,
        153.1689
      ],
      "3220270767": [
        865.84618,
        159.10185
      ],
      "3220270770": [
        823.35049,
        163.2699
      ],
      "3220270773": [
        865.04819,
        164.1246
      ],
      "3220270777": [
        825.61328,
        168.9642
      ],
      "366378682": [
        243.98809,
        600.01605
      ],
      "5764934331": [
        960.21666,
        1075.27365
      ],
      "3220270781": [
        863.09147,
        168.8199
      ],
      "3220270784": [
        860.20559,
        172.7937
      ],
      "3220270790": [
        856.49439,
        176.0127
      ],
      "3220270792": [
        829.39007,
        173.7927
      ],
      "3220270796": [
        852.14371,
        178.30485
      ],
      "3301857998": [
        962.87298,
        884.04285
      ],
      "3220270798": [
        834.38571,
        177.36135
      ],
      "3220270800": [
        840.1848,
        179.376
      ],
      "3220270801": [
        846.24077,
        179.6868
      ],
      "5742140627": [
        803.35156,
        122.655
      ],
      "3220270805": [
        823.63471,
        187.923
      ],
      "5742130903": [
        319.66594,
        679.19235
      ],
      "5742130904": [
        322.73219,
        674.6691
      ],
      "5755329752": [
        451.39436,
        659.2401
      ],
      "5742140635": [
        626.46019,
        365.1789
      ],
      "5742130911": [
        279.89763,
        715.9722
      ],
      "366434540": [
        959.10713,
        1094.69865
      ],
      "3220270835": [
        935.39699,
        258.8853
      ],
      "5755329783": [
        478.06143,
        506.24325
      ],
      "5755329784": [
        485.31439,
        498.76185
      ],
      "2940186873": [
        260.60377,
        614.8179
      ],
      "2940186874": [
        267.0806,
        607.1145
      ],
      "366404347": [
        1053.13327,
        658.9293
      ],
      "5742130939": [
        224.19685,
        752.2692
      ],
      "5742130941": [
        217.92771,
        758.36865
      ],
      "4437354744": [
        971.02778,
        24.38115
      ],
      "5742130943": [
        206.98542,
        769.0191
      ],
      "3220270848": [
        915.39259,
        280.386
      ],
      "3220270849": [
        954.29733,
        279.2871
      ],
      "5755237637": [
        983.81201,
        754.66125
      ],
      "5742130950": [
        166.02559,
        808.87365
      ],
      "366373639": [
        315.51748,
        617.5374
      ],
      "3220270853": [
        979.90952,
        307.1814
      ],
      "3220270857": [
        1003.26985,
        331.34055
      ],
      "3220270858": [
        889.54538,
        332.5449
      ],
      "3220270860": [
        880.80029,
        342.0465
      ],
      "5742130959": [
        138.50041,
        835.6635
      ],
      "2956123408": [
        1036.73622,
        683.77665
      ],
      "2956123411": [
        1006.6695,
        725.1297
      ],
      "2956123413": [
        971.58528,
        770.45655
      ],
      "5755237656": [
        482.63621,
        666.20535
      ],
      "366419231": [
        770.94006,
        730.9794
      ],
      "4615796000": [
        694.01603,
        709.9116
      ],
      "5755237665": [
        224.17499,
        603.3405
      ],
      "5755237666": [
        328.5586,
        628.48755
      ],
      "5755237667": [
        427.6569,
        653.34045
      ],
      "366455588": [
        960.18933,
        979.3308
      ],
      "5755237668": [
        373.71061,
        630.52995
      ],
      "5755237664": [
        188.05776,
        594.87675
      ],
      "5755237663": [
        92.86742,
        571.4502
      ],
      "5755237672": [
        899.35628,
        768.58065
      ],
      "5755237673": [
        958.56056,
        780.60195
      ],
      "5755237674": [
        948.19216,
        781.45665
      ],
      "5755237675": [
        897.14814,
        768.00345
      ],
      "5755237676": [
        894.65579,
        767.60385
      ],
      "5755237677": [
        892.49685,
        766.89345
      ],
      "5755237671": [
        887.15141,
        766.0776
      ],
      "5755237678": [
        854.10589,
        757.5195
      ],
      "5755237679": [
        835.3258,
        753.0129
      ],
      "366444849": [
        410.38534,
        639.68745
      ],
      "5755237680": [
        778.07824,
        739.2822
      ],
      "5755237681": [
        768.49143,
        736.8957
      ],
      "5755237683": [
        690.12993,
        716.71035
      ],
      "5755237684": [
        646.51378,
        706.68705
      ],
      "5755237686": [
        950.1926,
        781.47885
      ],
      "5755237687": [
        520.84133,
        676.03995
      ],
      "5755237685": [
        562.14003,
        685.7136
      ],
      "5755237691": [
        964.6056,
        842.81745
      ],
      "366377281": [
        139.27107,
        572.8821
      ],
      "366369602": [
        340.84546,
        622.6101
      ],
      "5755237698": [
        835.96529,
        747.6738
      ],
      "5753514310": [
        1007.15048,
        335.3532
      ],
      "5764849479": [
        112.56574,
        860.89935
      ],
      "5755237717": [
        899.94111,
        763.902
      ],
      "4447256923": [
        714.38117,
        21.9669
      ],
      "3301856095": [
        650.53106,
        698.86155
      ],
      "2024973159": [
        9.08943,
        968.88015
      ],
      "5755237670": [
        774.62939,
        738.33315
      ],
      "5748258154": [
        869.54644,
        189.02745
      ],
      "5748258155": [
        871.60154,
        186.3246
      ],
      "3220270962": [
        870.83088,
        348.6399
      ],
      "5755410293": [
        205.4113,
        590.6199
      ],
      "5748258166": [
        875.5587,
        193.1955
      ],
      "5748258167": [
        874.53115,
        192.24645
      ],
      "3220270970": [
        1049.58058,
        379.22595
      ],
      "3220270971": [
        799.92457,
        379.55895
      ],
      "5755410300": [
        76.04951,
        566.8992
      ],
      "3220270975": [
        788.94402,
        388.05045
      ],
      "366407553": [
        965.5621,
        810.63855
      ],
      "366478723": [
        192.20621,
        587.22885
      ],
      "2024972682": [
        275.12609,
        704.1285
      ],
      "3220270986": [
        766.27783,
        415.14
      ],
      "4936580492": [
        963.97158,
        31.5795
      ],
      "4936580493": [
        971.35572,
        38.4948
      ],
      "3220270991": [
        757.64752,
        420.61785
      ],
      "4936580496": [
        1058.77932,
        222.7659
      ],
      "4936580497": [
        959.52798,
        238.6833
      ],
      "4936580498": [
        978.94756,
        232.9224
      ],
      "4936580499": [
        1024.08317,
        231.3573
      ],
      "3220270997": [
        565.61074,
        435.6306
      ],
      "3220270998": [
        650.25778,
        437.27895
      ],
      "3220271001": [
        662.92176,
        444.9879
      ],
      "3220271003": [
        690.71476,
        445.88145
      ],
      "3220271004": [
        678.38418,
        447.7851
      ],
      "5764935581": [
        962.9659,
        892.65645
      ],
      "5764935582": [
        959.68649,
        1022.34885
      ],
      "5764935586": [
        959.96524,
        1049.9823
      ],
      "5764935588": [
        959.85046,
        1038.57705
      ],
      "5755410340": [
        79.29613,
        558.4632
      ],
      "5764935590": [
        959.65369,
        1018.99665
      ],
      "3220271021": [
        486.32554,
        514.6182
      ],
      "5154367406": [
        745.45904,
        730.96275
      ],
      "5154367407": [
        747.92407,
        724.18065
      ],
      "3220270511": [
        996.54159,
        0.0
      ],
      "5154367411": [
        783.42914,
        734.52585
      ],
      "4605137844": [
        1002.767,
        421.4337
      ],
      "5753513908": [
        944.28419,
        475.8459
      ],
      "4437351863": [
        1003.51034,
        5.58885
      ],
      "5764935610": [
        962.24989,
        910.3221
      ],
      "4437351867": [
        873.36149,
        191.2974
      ],
      "3220270524": [
        779.62503,
        83.6052
      ],
      "3220270525": [
        772.88584,
        87.8232
      ],
      "5755237822": [
        965.62769,
        799.6884
      ],
      "3220270527": [
        877.47168,
        119.84115
      ],
      "3220270528": [
        821.68892,
        123.099
      ],
      "3220270529": [
        869.84159,
        126.15705
      ],
      "2217890243": [
        456.52664,
        539.99835
      ],
      "3220270532": [
        829.16051,
        129.96435
      ],
      "3220270531": [
        884.10156,
        127.79985
      ],
      "3220270534": [
        862.28802,
        131.3352
      ],
      "3220270536": [
        812.17317,
        133.866
      ],
      "3220270538": [
        842.34374,
        136.87965
      ],
      "3220270539": [
        849.62403,
        137.45685
      ],
      "3220270540": [
        855.04052,
        139.64355
      ],
      "3220270541": [
        815.74773,
        138.75555
      ],
      "3220270542": [
        835.89423,
        138.50025
      ],
      "366408655": [
        965.13577,
        782.14485
      ],
      "4068051922": [
        47.25083,
        923.4201
      ],
      "4068051923": [
        93.70367,
        892.88955
      ],
      "3220270547": [
        859.66449,
        143.2011
      ],
      "3220270549": [
        830.24818,
        141.99675
      ],
      "3220270550": [
        874.24693,
        139.86
      ],
      "366427095": [
        964.64933,
        825.4626
      ],
      "3220270553": [
        863.16253,
        147.86865
      ],
      "3220270557": [
        825.94123,
        147.04725
      ],
      "5764935652": [
        961.38632,
        931.41765
      ],
      "366393317": [
        565.14069,
        678.77055
      ],
      "5764935659": [
        959.71382,
        1009.0455
      ],
      "5764935666": [
        961.64867,
        924.9741
      ],
      "5764935668": [
        962.90578,
        885.8022
      ],
      "3185949686": [
        220.32168,
        593.95545
      ],
      "2024972791": [
        3.53083,
        959.66715
      ],
      "5755237881": [
        988.56169,
        748.52295
      ],
      "2217880574": [
        100.94023,
        872.21025
      ],
      "4516191743": [
        373.22963,
        621.0117
      ]
    },
    "edges": [
      {
        "start": "4331856392",
        "end": "2024973159",
        "reverse": false,
        "shape": {
          "type": "polyline",
          "points": [
            [
              108.24785,
              879.39195
            ],
            [
              93.70367,
              892.88955
            ],
            [
              31.89773,
              953.89515
            ],
            [
              18.80742,
              962.9805
            ],
            [
              9.08943,
              968.88015
            ]
          ]
        },
        "metadata": {
          "segment_id": 60309,
          "street_id": 435246815,
          "street_name": "\u0110\u01b0\u1eddng D1",
          "street_type": "secondary",
          "street_level": 3,
          "street_group": "435246815",
          "composite": true
        },
        "length_hint": 133.98789423526725,
        "speed_limit": 11.11111111111111
      },
      {
        "start": "4447208993",
        "end": "3220270538",
        "reverse": false,
        "shape": {
          "type": "polyline",
          "points": [
            [
              717.05389,
              13.0758
            ],
            [
              747.65078,
              48.86775
            ],
            [
              769.36594,
              73.0047
            ],
            [
              779.62503,
              83.6052
            ],
            [
              806.39594,
              109.36275
            ],
            [
              821.68892,
              123.099
            ],
            [
              829.16051,
              129.96435
            ],
            [
              842.34374,
              136.87965
            ]
          ]
        },
        "metadata": {
          "segment_id": 60487,
          "street_id": 446472913,
          "street_name": "D2",
          "street_type": "secondary",
          "street_level": 3,
          "street_group": "446472913",
          "composite": true
        },
        "length_hint": 177.04704944639525,
        "speed_limit": 11.11111111111111
      },
      {
        "start": "3220270764",
        "end": "4447256923",
        "reverse": false,
        "shape": {
          "type": "polyline",
          "points": [
            [
              823.37782,
              153.1689
            ],
            [
              815.74773,
              138.75555
            ],
            [
              812.17317,
              133.866
            ],
            [
              803.35156,
              122.655
            ],
            [
              799.9519,
              118.3371
            ],
            [
              772.88584,
              87.8232
            ],
            [
              714.38117,
              21.9669
            ]
          ]
        },
        "metadata": {
          "segment_id": 48849,
          "street_id": 315899308,
          "street_name": "D2",
          "street_type": "secondary",
          "street_level": 3,
          "street_group": "315899308",
          "composite": true
        },
        "length_hint": 171.00453881447226,
        "speed_limit": 11.11111111111111
      },
      {
        "start": "370523235",
        "end": "5755237673",
        "reverse": false,
        "shape": {
          "type": "polyline",
          "points": [
            [
              523.53591,
              668.94705
            ],
            [
              565.14069,
              678.77055
            ],
            [
              650.53106,
              698.86155
            ],
            [
              694.01603,
              709.9116
            ],
            [
              747.92407,
              724.18065
            ],
            [
              770.94006,
              730.9794
            ],
            [
              783.42914,
              734.52585
            ],
            [
              835.96529,
              747.6738
            ],
            [
              854.70712,
              751.87515
            ],
            [
              889.72028,
              761.2491
            ],
            [
              894.74871,
              761.77635
            ],
            [
              899.94111,
              763.902
            ],
            [
              952.48272,
              775.0242
            ],
            [
              958.56056,
              780.60195
            ]
          ]
        },
        "metadata": {
          "segment_id": 17430,
          "street_id": 32899364,
          "street_name": "L\u00ea V\u0103n Vi\u1ec7t",
          "street_type": "tertiary",
          "street_level": 4,
          "street_group": "32899364",
          "composite": true
        },
        "length_hint": 450.3158932286609,
        "speed_limit": 13.88888888888889
      },
      {
        "start": "4446923799",
        "end": "4446923804",
        "reverse": false,
        "shape": {
          "type": "polyline",
          "points": [
            [
              257.43367,
              719.9238
            ],
            [
              271.75923,
              700.06035
            ],
            [
              304.29097,
              669.4965
            ],
            [
              309.27021,
              664.6902
            ],
            [
              312.96501,
              663.05295
            ],
            [
              316.65981,
              663.3471
            ],
            [
              320.91211,
              665.99445
            ],
            [
              323.35527,
              670.47885
            ],
            [
              323.06013,
              673.8588
            ],
            [
              322.73219,
              674.6691
            ],
            [
              321.68824,
              677.2332
            ],
            [
              319.66594,
              679.19235
            ],
            [
              285.32505,
              712.4424
            ],
            [
              279.89763,
              715.9722
            ],
            [
              264.07448,
              726.27855
            ]
          ]
        },
        "metadata": {
          "segment_id": 60579,
          "street_id": 447604563,
          "street_name": "\u0110\u01b0\u1eddng D1",
          "street_type": "secondary_link",
          "street_level": 3,
          "street_group": "447604563",
          "composite": true
        },
        "length_hint": 176.92075774559476,
        "speed_limit": 11.11111111111111
      },
      {
        "start": "2024972791",
        "end": "2024972682",
        "reverse": false,
        "shape": {
          "type": "polyline",
          "points": [
            [
              3.53083,
              959.66715
            ],
            [
              13.47837,
              952.77405
            ],
            [
              20.97183,
              947.4405
            ],
            [
              47.25083,
              923.4201
            ],
            [
              100.94023,
              872.21025
            ],
            [
              112.56574,
              860.89935
            ],
            [
              138.50041,
              835.6635
            ],
            [
              166.02559,
              808.87365
            ],
            [
              206.98542,
              769.0191
            ],
            [
              217.92771,
              758.36865
            ],
            [
              224.19685,
              752.2692
            ],
            [
              257.43367,
              719.9238
            ],
            [
              275.12609,
              704.1285
            ]
          ]
        },
        "metadata": {
          "segment_id": 29804,
          "street_id": 191937836,
          "street_name": "\u0110\u01b0\u1eddng D1",
          "street_type": "secondary",
          "street_level": 3,
          "street_group": "191937836",
          "composite": true
        },
        "length_hint": 373.1767227523658,
        "speed_limit": 11.11111111111111
      },
      {
        "start": "2024972864",
        "end": "4331856392",
        "reverse": false,
        "shape": {
          "type": "polyline",
          "points": [
            [
              281.25312,
              709.01805
            ],
            [
              264.07448,
              726.27855
            ],
            [
              250.25176,
              739.8594
            ],
            [
              108.24785,
              879.39195
            ]
          ]
        },
        "metadata": {
          "segment_id": 29748,
          "street_id": 191937825,
          "street_name": "D1",
          "street_type": "secondary",
          "street_level": 3,
          "street_group": "191937825",
          "composite": true
        },
        "length_hint": 242.81423296860842,
        "speed_limit": 11.11111111111111
      },
      {
        "start": "2666555045",
        "end": "2217890243",
        "reverse": false,
        "shape": {
          "type": "polyline",
          "points": [
            [
              507.68543,
              490.74765
            ],
            [
              486.32554,
              514.6182
            ],
            [
              461.71357,
              534.77025
            ],
            [
              456.52664,
              539.99835
            ]
          ]
        },
        "metadata": {
          "segment_id": 43464,
          "street_id": 261043955,
          "street_name": "D1",
          "street_type": "secondary",
          "street_level": 3,
          "street_group": "261043955",
          "composite": true
        },
        "length_hint": 71.20623635464604,
        "speed_limit": 11.11111111111111
      },
      {
        "start": "2217890243",
        "end": "2666555046",
        "reverse": false,
        "shape": {
          "type": "polyline",
          "points": [
            [
              456.52664,
              539.99835
            ],
            [
              437.42408,
              565.82805
            ],
            [
              382.60328,
              619.4355
            ],
            [
              379.29107,
              620.57325
            ],
            [
              376.57463,
              621.1782
            ],
            [
              373.22963,
              621.0117
            ],
            [
              370.67716,
              619.2579
            ],
            [
              369.22329,
              616.51065
            ],
            [
              368.68765,
              612.98085
            ],
            [
              369.59495,
              609.7785
            ],
            [
              371.03243,
              606.83145
            ],
            [
              424.25178,
              553.0464
            ],
            [
              453.34015,
              531.73995
            ]
          ]
        },
        "metadata": {
          "segment_id": 60593,
          "street_id": 447604565,
          "street_name": "\u0110\u01b0\u1eddng D1",
          "street_type": "secondary_link",
          "street_level": 3,
          "street_group": "447604565",
          "composite": true
        },
        "length_hint": 246.53964268427745,
        "speed_limit": 11.11111111111111
      },
      {
        "start": "3220270800",
        "end": "2666555041",
        "reverse": false,
        "shape": {
          "type": "polyline",
          "points": [
            [
              840.1848,
              179.376
            ],
            [
              823.63471,
              187.923
            ],
            [
              816.68782,
              192.37965
            ],
            [
              802.007,
              204.7728
            ],
            [
              698.36125,
              305.62185
            ],
            [
              609.84452,
              392.81235
            ],
            [
              588.40264,
              413.5638
            ],
            [
              565.61074,
              435.6306
            ],
            [
              532.8549,
              467.40435
            ]
          ]
        },
        "metadata": {
          "segment_id": 43471,
          "street_id": 261043958,
          "street_name": "D1",
          "street_type": "secondary",
          "street_level": 3,
          "street_group": "261043958",
          "composite": true
        },
        "length_hint": 422.1510353823967,
        "speed_limit": 11.11111111111111
      },
      {
        "start": "3110867005",
        "end": "370523234",
        "reverse": false,
        "shape": {
          "type": "polyline",
          "points": [
            [
              0.0,
              537.3621
            ],
            [
              79.29613,
              558.4632
            ],
            [
              95.46362,
              562.76445
            ],
            [
              139.27107,
              572.8821
            ],
            [
              192.20621,
              587.22885
            ],
            [
              205.4113,
              590.6199
            ],
            [
              220.32168,
              593.95545
            ],
            [
              243.98809,
              600.01605
            ],
            [
              267.0806,
              607.1145
            ],
            [
              315.51748,
              617.5374
            ],
            [
              340.84546,
              622.6101
            ],
            [
              373.71061,
              630.52995
            ],
            [
              410.38534,
              639.68745
            ],
            [
              453.49319,
              650.73195
            ],
            [
              482.94775,
              658.82385
            ]
          ]
        },
        "metadata": {
          "segment_id": 13349,
          "street_id": 32586067,
          "street_name": "L\u00ea V\u0103n Vi\u1ec7t",
          "street_type": "tertiary",
          "street_level": 4,
          "street_group": "32586067",
          "composite": true
        },
        "length_hint": 498.12182711445513,
        "speed_limit": 13.88888888888889
      },
      {
        "start": "3220270848",
        "end": "3220270848",
        "reverse": false,
        "shape": {
          "type": "polyline",
          "points": [
            [
              915.39259,
              280.386
            ],
            [
              935.39699,
              258.8853
            ],
            [
              915.39259,
              280.386
            ]
          ]
        },
        "metadata": {
          "segment_id": 48758,
          "street_id": 315899291,
          "street_name": "N10",
          "street_type": "tertiary",
          "street_level": 4,
          "street_group": "315899291",
          "composite": true
        },
        "length_hint": 58.73520647277913,
        "speed_limit": 13.88888888888889
      },
      {
        "start": "3220270848",
        "end": "3220270848",
        "reverse": false,
        "shape": {
          "type": "polyline",
          "points": [
            [
              915.39259,
              280.386
            ],
            [
              889.54538,
              332.5449
            ],
            [
              915.39259,
              280.386
            ]
          ]
        },
        "metadata": {
          "segment_id": 48759,
          "street_id": 315899291,
          "street_name": "N10",
          "street_type": "tertiary",
          "street_level": 4,
          "street_group": "315899291",
          "composite": true
        },
        "length_hint": 116.4238654914721,
        "speed_limit": 13.88888888888889
      },
      {
        "start": "3220270986",
        "end": "3220270986",
        "reverse": false,
        "shape": {
          "type": "polyline",
          "points": [
            [
              766.27783,
              415.14
            ],
            [
              788.94402,
              388.05045
            ],
            [
              766.27783,
              415.14
            ]
          ]
        },
        "metadata": {
          "segment_id": 48770,
          "street_id": 315899291,
          "street_name": "N10",
          "street_type": "tertiary",
          "street_level": 4,
          "street_group": "315899291",
          "composite": true
        },
        "length_hint": 70.6427600909987,
        "speed_limit": 13.88888888888889
      },
      {
        "start": "3220270986",
        "end": "3220270986",
        "reverse": false,
        "shape": {
          "type": "polyline",
          "points": [
            [
              766.27783,
              415.14
            ],
            [
              757.64752,
              420.61785
            ],
            [
              766.27783,
              415.14
            ]
          ]
        },
        "metadata": {
          "segment_id": 48771,
          "street_id": 315899291,
          "street_name": "N10",
          "street_type": "tertiary",
          "street_level": 4,
          "street_group": "315899291",
          "composite": true
        },
        "length_hint": 20.443981150314148,
        "speed_limit": 13.88888888888889
      },
      {
        "start": "3220270991",
        "end": "3220270991",
        "reverse": false,
        "shape": {
          "type": "polyline",
          "points": [
            [
              757.64752,
              420.61785
            ],
            [
              690.71476,
              445.88145
            ],
            [
              757.64752,
              420.61785
            ]
          ]
        },
        "metadata": {
          "segment_id": 48773,
          "street_id": 315899291,
          "street_name": "N10",
          "street_type": "tertiary",
          "street_level": 4,
          "street_group": "315899291",
          "composite": true
        },
        "length_hint": 143.08380545928463,
        "speed_limit": 13.88888888888889
      },
      {
        "start": "3220271003",
        "end": "3220271003",
        "reverse": false,
        "shape": {
          "type": "polyline",
          "points": [
            [
              690.71476,
              445.88145
            ],
            [
              678.38418,
              447.7851
            ],
            [
              690.71476,
              445.88145
            ]
          ]
        },
        "metadata": {
          "segment_id": 48775,
          "street_id": 315899291,
          "street_name": "N10",
          "street_type": "tertiary",
          "street_level": 4,
          "street_group": "315899291",
          "composite": true
        },
        "length_hint": 24.953323342504792,
        "speed_limit": 13.88888888888889
      },
      {
        "start": "5742130763",
        "end": "5742130763",
        "reverse": false,
        "shape": {
          "type": "polyline",
          "points": [
            [
              638.71972,
              424.58055
            ],
            [
              650.25778,
              437.27895
            ],
            [
              638.71972,
              424.58055
            ]
          ]
        },
        "metadata": {
          "segment_id": 48782,
          "street_id": 315899291,
          "street_name": "N10",
          "street_type": "tertiary",
          "street_level": 4,
          "street_group": "315899291",
          "composite": true
        },
        "length_hint": 34.3147892969547,
        "speed_limit": 13.88888888888889
      },
      {
        "start": "5742130763",
        "end": "5742130763",
        "reverse": false,
        "shape": {
          "type": "polyline",
          "points": [
            [
              638.71972,
              424.58055
            ],
            [
              609.84452,
              392.81235
            ],
            [
              638.71972,
              424.58055
            ]
          ]
        },
        "metadata": {
          "segment_id": 48783,
          "street_id": 315899291,
          "street_name": "N10",
          "street_type": "tertiary",
          "street_level": 4,
          "street_group": "315899291",
          "composite": true
        },
        "length_hint": 85.86025171824285,
        "speed_limit": 13.88888888888889
      },
      {
        "start": "3220270998",
        "end": "3220270998",
        "reverse": false,
        "shape": {
          "type": "polyline",
          "points": [
            [
              650.25778,
              437.27895
            ],
            [
              662.92176,
              444.9879
            ],
            [
              650.25778,
              437.27895
            ]
          ]
        },
        "metadata": {
          "segment_id": 48780,
          "street_id": 315899291,
          "street_name": "N10",
          "street_type": "tertiary",
          "street_level": 4,
          "street_group": "315899291",
          "composite": true
        },
        "length_hint": 29.65159689075098,
        "speed_limit": 13.88888888888889
      },
      {
        "start": "3220271001",
        "end": "3220271001",
        "reverse": false,
        "shape": {
          "type": "polyline",
          "points": [
            [
              662.92176,
              444.9879
            ],
            [
              678.38418,
              447.7851
            ],
            [
              662.92176,
              444.9879
            ]
          ]
        },
        "metadata": {
          "segment_id": 48778,
          "street_id": 315899291,
          "street_name": "N10",
          "street_type": "tertiary",
          "street_level": 4,
          "street_group": "315899291",
          "composite": true
        },
        "length_hint": 31.426788578943402,
        "speed_limit": 13.88888888888889
      },
      {
        "start": "3220270858",
        "end": "3220270858",
        "reverse": false,
        "shape": {
          "type": "polyline",
          "points": [
            [
              889.54538,
              332.5449
            ],
            [
              880.80029,
              342.0465
            ],
            [
              889.54538,
              332.5449
            ]
          ]
        },
        "metadata": {
          "segment_id": 48761,
          "street_id": 315899291,
          "street_name": "N10",
          "street_type": "tertiary",
          "street_level": 4,
          "street_group": "315899291",
          "composite": true
        },
        "length_hint": 25.826885345941353,
        "speed_limit": 13.88888888888889
      },
      {
        "start": "3220270860",
        "end": "3220270860",
        "reverse": false,
        "shape": {
          "type": "polyline",
          "points": [
            [
              880.80029,
              342.0465
            ],
            [
              870.83088,
              348.6399
            ],
            [
              880.80029,
              342.0465
            ]
          ]
        },
        "metadata": {
          "segment_id": 48763,
          "street_id": 315899291,
          "street_name": "N10",
          "street_type": "tertiary",
          "street_level": 4,
          "street_group": "315899291",
          "composite": true
        },
        "length_hint": 23.904983522947777,
        "speed_limit": 13.88888888888889
      },
      {
        "start": "3220270975",
        "end": "3220270975",
        "reverse": false,
        "shape": {
          "type": "polyline",
          "points": [
            [
              788.94402,
              388.05045
            ],
            [
              799.92457,
              379.55895
            ],
            [
              788.94402,
              388.05045
            ]
          ]
        },
        "metadata": {
          "segment_id": 48768,
          "street_id": 315899291,
          "street_name": "N10",
          "street_type": "tertiary",
          "street_level": 4,
          "street_group": "315899291",
          "composite": true
        },
        "length_hint": 27.761703878004347,
        "speed_limit": 13.88888888888889
      },
      {
        "start": "3220270971",
        "end": "3220270971",
        "reverse": false,
        "shape": {
          "type": "polyline",
          "points": [
            [
              799.92457,
              379.55895
            ],
            [
              870.83088,
              348.6399
            ],
            [
              799.92457,
              379.55895
            ]
          ]
        },
        "metadata": {
          "segment_id": 48766,
          "street_id": 315899291,
          "street_name": "N10",
          "street_type": "tertiary",
          "street_level": 4,
          "street_group": "315899291",
          "composite": true
        },
        "length_hint": 154.7086610467377,
        "speed_limit": 13.88888888888889
      },
      {
        "start": "370523234",
        "end": "370523235",
        "reverse": false,
        "shape": {
          "type": "polyline",
          "points": [
            [
              482.94775,
              658.82385
            ],
            [
              523.53591,
              668.94705
            ]
          ]
        },
        "metadata": {
          "segment_id": 17429,
          "street_id": 32899363,
          "street_name": "C\u1ea7u B\u1ebfn N\u1ecdc",
          "street_type": "tertiary",
          "street_level": 4,
          "street_group": "32899363",
          "composite": true
        },
        "length_hint": 41.8315420517293,
        "speed_limit": 13.88888888888889
      },
      {
        "start": "4605137844",
        "end": "4605137844",
        "reverse": false,
        "shape": {
          "type": "polyline",
          "points": [
            [
              1002.767,
              421.4337
            ],
            [
              1049.58058,
              379.22595
            ],
            [
              1002.767,
              421.4337
            ]
          ]
        },
        "metadata": {
          "segment_id": 48825,
          "street_id": 315899302,
          "street_name": "D28",
          "street_type": "tertiary",
          "street_level": 4,
          "street_group": "315899302",
          "composite": true
        },
        "length_hint": 126.06356226093087,
        "speed_limit": 11.11111111111111
      },
      {
        "start": "4605137844",
        "end": "4605137844",
        "reverse": false,
        "shape": {
          "type": "polyline",
          "points": [
            [
              1002.767,
              421.4337
            ],
            [
              944.28419,
              475.8459
            ],
            [
              1002.767,
              421.4337
            ]
          ]
        },
        "metadata": {
          "segment_id": 48826,
          "street_id": 315899302,
          "street_name": "D28",
          "street_type": "tertiary",
          "street_level": 4,
          "street_group": "315899302",
          "composite": true
        },
        "length_hint": 159.76140427945805,
        "speed_limit": 11.11111111111111
      },
      {
        "start": "5742130789",
        "end": "5742130789",
        "reverse": false,
        "shape": {
          "type": "polyline",
          "points": [
            [
              768.87949,
              641.15265
            ],
            [
              944.28419,
              475.8459
            ],
            [
              768.87949,
              641.15265
            ]
          ]
        },
        "metadata": {
          "segment_id": 48829,
          "street_id": 315899302,
          "street_name": "D28",
          "street_type": "tertiary",
          "street_level": 4,
          "street_group": "315899302",
          "composite": true
        },
        "length_hint": 482.05033088943105,
        "speed_limit": 11.11111111111111
      },
      {
        "start": "5742130789",
        "end": "5742130789",
        "reverse": false,
        "shape": {
          "type": "polyline",
          "points": [
            [
              768.87949,
              641.15265
            ],
            [
              694.01603,
              709.9116
            ],
            [
              768.87949,
              641.15265
            ]
          ]
        },
        "metadata": {
          "segment_id": 48830,
          "street_id": 315899302,
          "street_name": "D28",
          "street_type": "tertiary",
          "street_level": 4,
          "street_group": "315899302",
          "composite": true
        },
        "length_hint": 203.29614701980074,
        "speed_limit": 11.11111111111111
      },
      {
        "start": "3220270970",
        "end": "3220270970",
        "reverse": false,
        "shape": {
          "type": "polyline",
          "points": [
            [
              1049.58058,
              379.22595
            ],
            [
              1007.15048,
              335.3532
            ],
            [
              1049.58058,
              379.22595
            ]
          ]
        },
        "metadata": {
          "segment_id": 48823,
          "street_id": 315899302,
          "street_name": "D28",
          "street_type": "tertiary",
          "street_level": 4,
          "street_group": "315899302",
          "composite": true
        },
        "length_hint": 122.0677120056324,
        "speed_limit": 11.11111111111111
      },
      {
        "start": "5753514310",
        "end": "5753514310",
        "reverse": false,
        "shape": {
          "type": "polyline",
          "points": [
            [
              1007.15048,
              335.3532
            ],
            [
              1003.26985,
              331.34055
            ],
            [
              1007.15048,
              335.3532
            ]
          ]
        },
        "metadata": {
          "segment_id": 48821,
          "street_id": 315899302,
          "street_name": "D28",
          "street_type": "tertiary",
          "street_level": 4,
          "street_group": "315899302",
          "composite": true
        },
        "length_hint": 11.164344892451153,
        "speed_limit": 11.11111111111111
      },
      {
        "start": "3220270853",
        "end": "3220270853",
        "reverse": false,
        "shape": {
          "type": "polyline",
          "points": [
            [
              979.90952,
              307.1814
            ],
            [
              1003.26985,
              331.34055
            ],
            [
              979.90952,
              307.1814
            ]
          ]
        },
        "metadata": {
          "segment_id": 48818,
          "street_id": 315899302,
          "street_name": "D28",
          "street_type": "tertiary",
          "street_level": 4,
          "street_group": "315899302",
          "composite": true
        },
        "length_hint": 67.21218777666442,
        "speed_limit": 11.11111111111111
      },
      {
        "start": "5764935610",
        "end": "5764935610",
        "reverse": false,
        "shape": {
          "type": "polyline",
          "points": [
            [
              962.24989,
              910.3221
            ],
            [
              962.9659,
              892.65645
            ],
            [
              962.24989,
              910.3221
            ]
          ]
        },
        "metadata": {
          "segment_id": 7204,
          "street_id": 32581289,
          "street_name": "Ho\u00e0ng H\u1eefu Nam",
          "street_type": "secondary",
          "street_level": 3,
          "street_group": "32581289",
          "composite": true
        },
        "length_hint": 35.360308835902494,
        "speed_limit": 11.11111111111111
      },
      {
        "start": "5764935610",
        "end": "5764935610",
        "reverse": false,
        "shape": {
          "type": "polyline",
          "points": [
            [
              962.24989,
              910.3221
            ],
            [
              961.64867,
              924.9741
            ],
            [
              962.24989,
              910.3221
            ]
          ]
        },
        "metadata": {
          "segment_id": 7205,
          "street_id": 32581289,
          "street_name": "Ho\u00e0ng H\u1eefu Nam",
          "street_type": "secondary",
          "street_level": 3,
          "street_group": "32581289",
          "composite": true
        },
        "length_hint": 29.32865966854955,
        "speed_limit": 11.11111111111111
      },
      {
        "start": "366455588",
        "end": "366455588",
        "reverse": false,
        "shape": {
          "type": "polyline",
          "points": [
            [
              960.18933,
              979.3308
            ],
            [
              960.97092,
              941.6463
            ],
            [
              960.18933,
              979.3308
            ]
          ]
        },
        "metadata": {
          "segment_id": 7212,
          "street_id": 32581289,
          "street_name": "Ho\u00e0ng H\u1eefu Nam",
          "street_type": "secondary",
          "street_level": 3,
          "street_group": "32581289",
          "composite": true
        },
        "length_hint": 75.3852087130651,
        "speed_limit": 11.11111111111111
      },
      {
        "start": "366455588",
        "end": "366455588",
        "reverse": false,
        "shape": {
          "type": "polyline",
          "points": [
            [
              960.18933,
              979.3308
            ],
            [
              960.20026,
              1000.19325
            ],
            [
              960.18933,
              979.3308
            ]
          ]
        },
        "metadata": {
          "segment_id": 7213,
          "street_id": 32581289,
          "street_name": "Ho\u00e0ng H\u1eefu Nam",
          "street_type": "secondary",
          "street_level": 3,
          "street_group": "32581289",
          "composite": true
        },
        "length_hint": 41.724905726311874,
        "speed_limit": 11.11111111111111
      },
      {
        "start": "5764935582",
        "end": "5764935582",
        "reverse": false,
        "shape": {
          "type": "polyline",
          "points": [
            [
              959.68649,
              1022.34885
            ],
            [
              959.65369,
              1018.99665
            ],
            [
              959.68649,
              1022.34885
            ]
          ]
        },
        "metadata": {
          "segment_id": 7220,
          "street_id": 32581289,
          "street_name": "Ho\u00e0ng H\u1eefu Nam",
          "street_type": "secondary",
          "street_level": 3,
          "street_group": "32581289",
          "composite": true
        },
        "length_hint": 6.704720927823768,
        "speed_limit": 11.11111111111111
      },
      {
        "start": "5764935582",
        "end": "5764935582",
        "reverse": false,
        "shape": {
          "type": "polyline",
          "points": [
            [
              959.68649,
              1022.34885
            ],
            [
              959.85046,
              1038.57705
            ],
            [
              959.68649,
              1022.34885
            ]
          ]
        },
        "metadata": {
          "segment_id": 7221,
          "street_id": 32581289,
          "street_name": "Ho\u00e0ng H\u1eefu Nam",
          "street_type": "secondary",
          "street_level": 3,
          "street_group": "32581289",
          "composite": true
        },
        "length_hint": 32.45805671329719,
        "speed_limit": 11.11111111111111
      },
      {
        "start": "5764935588",
        "end": "5764935588",
        "reverse": false,
        "shape": {
          "type": "polyline",
          "points": [
            [
              959.85046,
              1038.57705
            ],
            [
              959.96524,
              1049.9823
            ],
            [
              959.85046,
              1038.57705
            ]
          ]
        },
        "metadata": {
          "segment_id": 7223,
          "street_id": 32581289,
          "street_name": "Ho\u00e0ng H\u1eefu Nam",
          "street_type": "secondary",
          "street_level": 3,
          "street_group": "32581289",
          "composite": true
        },
        "length_hint": 22.811655092158077,
        "speed_limit": 11.11111111111111
      },
      {
        "start": "5764935586",
        "end": "5764935586",
        "reverse": false,
        "shape": {
          "type": "polyline",
          "points": [
            [
              959.96524,
              1049.9823
            ],
            [
              960.21666,
              1075.27365
            ],
            [
              959.96524,
              1049.9823
            ]
          ]
        },
        "metadata": {
          "segment_id": 7225,
          "street_id": 32581289,
          "street_name": "Ho\u00e0ng H\u1eefu Nam",
          "street_type": "secondary",
          "street_level": 3,
          "street_group": "32581289",
          "composite": true
        },
        "length_hint": 50.585199291449264,
        "speed_limit": 11.11111111111111
      },
      {
        "start": "366434540",
        "end": "366434540",
        "reverse": false,
        "shape": {
          "type": "polyline",
          "points": [
            [
              959.10713,
              1094.69865
            ],
            [
              960.21666,
              1075.27365
            ],
            [
              959.10713,
              1094.69865
            ]
          ]
        },
        "metadata": {
          "segment_id": 7228,
          "street_id": 32581289,
          "street_name": "Ho\u00e0ng H\u1eefu Nam",
          "street_type": "secondary",
          "street_level": 3,
          "street_group": "32581289",
          "composite": true
        },
        "length_hint": 38.91332326188029,
        "speed_limit": 11.11111111111111
      },
      {
        "start": "366476935",
        "end": "366476935",
        "reverse": false,
        "shape": {
          "type": "polyline",
          "points": [
            [
              960.20026,
              1000.19325
            ],
            [
              959.71382,
              1009.0455
            ],
            [
              960.20026,
              1000.19325
            ]
          ]
        },
        "metadata": {
          "segment_id": 7215,
          "street_id": 32581289,
          "street_name": "Ho\u00e0ng H\u1eefu Nam",
          "street_type": "secondary",
          "street_level": 3,
          "street_group": "32581289",
          "composite": true
        },
        "length_hint": 17.73121021657556,
        "speed_limit": 11.11111111111111
      },
      {
        "start": "5764935659",
        "end": "5764935659",
        "reverse": false,
        "shape": {
          "type": "polyline",
          "points": [
            [
              959.71382,
              1009.0455
            ],
            [
              959.65369,
              1018.99665
            ],
            [
              959.71382,
              1009.0455
            ]
          ]
        },
        "metadata": {
          "segment_id": 7217,
          "street_id": 32581289,
          "street_name": "Ho\u00e0ng H\u1eefu Nam",
          "street_type": "secondary",
          "street_level": 3,
          "street_group": "32581289",
          "composite": true
        },
        "length_hint": 19.902663333272958,
        "speed_limit": 11.11111111111111
      },
      {
        "start": "5764935652",
        "end": "5764935652",
        "reverse": false,
        "shape": {
          "type": "polyline",
          "points": [
            [
              961.38632,
              931.41765
            ],
            [
              961.64867,
              924.9741
            ],
            [
              961.38632,
              931.41765
            ]
          ]
        },
        "metadata": {
          "segment_id": 7208,
          "street_id": 32581289,
          "street_name": "Ho\u00e0ng H\u1eefu Nam",
          "street_type": "secondary",
          "street_level": 3,
          "street_group": "32581289",
          "composite": true
        },
        "length_hint": 12.897777192214093,
        "speed_limit": 11.11111111111111
      },
      {
        "start": "5764935652",
        "end": "5764935652",
        "reverse": false,
        "shape": {
          "type": "polyline",
          "points": [
            [
              961.38632,
              931.41765
            ],
            [
              960.97092,
              941.6463
            ],
            [
              961.38632,
              931.41765
            ]
          ]
        },
        "metadata": {
          "segment_id": 7209,
          "street_id": 32581289,
          "street_name": "Ho\u00e0ng H\u1eefu Nam",
          "street_type": "secondary",
          "street_level": 3,
          "street_group": "32581289",
          "composite": true
        },
        "length_hint": 20.474163033687145,
        "speed_limit": 11.11111111111111
      },
      {
        "start": "366407553",
        "end": "366407553",
        "reverse": false,
        "shape": {
          "type": "polyline",
          "points": [
            [
              965.5621,
              810.63855
            ],
            [
              965.62769,
              799.6884
            ],
            [
              965.5621,
              810.63855
            ]
          ]
        },
        "metadata": {
          "segment_id": 7192,
          "street_id": 32581289,
          "street_name": "Ho\u00e0ng H\u1eefu Nam",
          "street_type": "secondary",
          "street_level": 3,
          "street_group": "32581289",
          "composite": true
        },
        "length_hint": 21.900692872199286,
        "speed_limit": 11.11111111111111
      },
      {
        "start": "366407553",
        "end": "366407553",
        "reverse": false,
        "shape": {
          "type": "polyline",
          "points": [
            [
              965.5621,
              810.63855
            ],
            [
              964.64933,
              825.4626
            ],
            [
              965.5621,
              810.63855
            ]
          ]
        },
        "metadata": {
          "segment_id": 7193,
          "street_id": 32581289,
          "street_name": "Ho\u00e0ng H\u1eefu Nam",
          "street_type": "secondary",
          "street_level": 3,
          "street_group": "32581289",
          "composite": true
        },
        "length_hint": 29.704249357652408,
        "speed_limit": 11.11111111111111
      },
      {
        "start": "5755237822",
        "end": "5755237822",
        "reverse": false,
        "shape": {
          "type": "polyline",
          "points": [
            [
              965.62769,
              799.6884
            ],
            [
              964.66573,
              789.01575
            ],
            [
              965.62769,
              799.6884
            ]
          ]
        },
        "metadata": {
          "segment_id": 7190,
          "street_id": 32581289,
          "street_name": "Ho\u00e0ng H\u1eefu Nam",
          "street_type": "secondary",
          "street_level": 3,
          "street_group": "32581289",
          "composite": true
        },
        "length_hint": 21.431829139305815,
        "speed_limit": 11.11111111111111
      },
      {
        "start": "5154367623",
        "end": "5154367623",
        "reverse": false,
        "shape": {
          "type": "polyline",
          "points": [
            [
              964.66573,
              789.01575
            ],
            [
              965.13577,
              782.14485
            ],
            [
              964.66573,
              789.01575
            ]
          ]
        },
        "metadata": {
          "segment_id": 7188,
          "street_id": 32581289,
          "street_name": "Ho\u00e0ng H\u1eefu Nam",
          "street_type": "secondary",
          "street_level": 3,
          "street_group": "32581289",
          "composite": true
        },
        "length_hint": 13.773918020897323,
        "speed_limit": 11.11111111111111
      },
      {
        "start": "5764935581",
        "end": "5764935581",
        "reverse": false,
        "shape": {
          "type": "polyline",
          "points": [
            [
              962.9659,
              892.65645
            ],
            [
              962.90578,
              885.8022
            ],
            [
              962.9659,
              892.65645
            ]
          ]
        },
        "metadata": {
          "segment_id": 7202,
          "street_id": 32581289,
          "street_name": "Ho\u00e0ng H\u1eefu Nam",
          "street_type": "secondary",
          "street_level": 3,
          "street_group": "32581289",
          "composite": true
        },
        "length_hint": 13.709027314423107,
        "speed_limit": 11.11111111111111
      },
      {
        "start": "366427095",
        "end": "366427095",
        "reverse": false,
        "shape": {
          "type": "polyline",
          "points": [
            [
              964.64933,
              825.4626
            ],
            [
              964.6056,
              842.81745
            ],
            [
              964.64933,
              825.4626
            ]
          ]
        },
        "metadata": {
          "segment_id": 7195,
          "street_id": 32581289,
          "street_name": "Ho\u00e0ng H\u1eefu Nam",
          "street_type": "secondary",
          "street_level": 3,
          "street_group": "32581289",
          "composite": true
        },
        "length_hint": 34.7098101887868,
        "speed_limit": 11.11111111111111
      },
      {
        "start": "3301857998",
        "end": "3301857998",
        "reverse": false,
        "shape": {
          "type": "polyline",
          "points": [
            [
              962.87298,
              884.04285
            ],
            [
              964.6056,
              842.81745
            ],
            [
              962.87298,
              884.04285
            ]
          ]
        },
        "metadata": {
          "segment_id": 7198,
          "street_id": 32581289,
          "street_name": "Ho\u00e0ng H\u1eefu Nam",
          "street_type": "secondary",
          "street_level": 3,
          "street_group": "32581289",
          "composite": true
        },
        "length_hint": 82.52358637927469,
        "speed_limit": 11.11111111111111
      },
      {
        "start": "3301857998",
        "end": "3301857998",
        "reverse": false,
        "shape": {
          "type": "polyline",
          "points": [
            [
              962.87298,
              884.04285
            ],
            [
              962.90578,
              885.8022
            ],
            [
              962.87298,
              884.04285
            ]
          ]
        },
        "metadata": {
          "segment_id": 7199,
          "street_id": 32581289,
          "street_name": "Ho\u00e0ng H\u1eefu Nam",
          "street_type": "secondary",
          "street_level": 3,
          "street_group": "32581289",
          "composite": true
        },
        "length_hint": 3.5193114454391483,
        "speed_limit": 11.11111111111111
      },
      {
        "start": "2666555039",
        "end": "3220270770",
        "reverse": false,
        "shape": {
          "type": "polyline",
          "points": [
            [
              524.558,
              460.68885
            ],
            [
              603.66829,
              387.0903
            ],
            [
              626.46019,
              365.1789
            ],
            [
              693.19618,
              301.0098
            ],
            [
              810.8778,
              182.9613
            ],
            [
              823.35049,
              163.2699
            ]
          ]
        },
        "metadata": {
          "segment_id": 43479,
          "street_id": 261043959,
          "street_name": "D1",
          "street_type": "secondary",
          "street_level": 3,
          "street_group": "261043959",
          "composite": true
        },
        "length_hint": 422.2453535942295,
        "speed_limit": 11.11111111111111
      },
      {
        "start": "2666555028",
        "end": "3220270536",
        "reverse": false,
        "shape": {
          "type": "polyline",
          "points": [
            [
              810.8778,
              182.9613
            ],
            [
              812.17317,
              133.866
            ]
          ]
        },
        "metadata": {
          "segment_id": 48789,
          "street_id": 315899295,
          "street_name": "Ph\u01b0\u1eddng Long Th\u1ea1nh M\u1ef9",
          "street_type": "secondary_link",
          "street_level": 3,
          "street_group": "315899295",
          "composite": true
        },
        "length_hint": 49.112386070388574,
        "speed_limit": 11.11111111111111
      },
      {
        "start": "2666555032",
        "end": "2666555032",
        "reverse": false,
        "shape": {
          "type": "polyline",
          "points": [
            [
              693.19618,
              301.0098
            ],
            [
              698.36125,
              305.62185
            ],
            [
              693.19618,
              301.0098
            ]
          ]
        },
        "metadata": {
          "segment_id": 43441,
          "street_id": 261043927,
          "street_name": "\u0110\u01b0\u1eddng D1",
          "street_type": "tertiary",
          "street_level": 4,
          "street_group": "261043927",
          "composite": true
        },
        "length_hint": 13.849036545175299,
        "speed_limit": 13.88888888888889
      },
      {
        "start": "2666555036",
        "end": "2666555036",
        "reverse": false,
        "shape": {
          "type": "polyline",
          "points": [
            [
              603.66829,
              387.0903
            ],
            [
              609.84452,
              392.81235
            ],
            [
              603.66829,
              387.0903
            ]
          ]
        },
        "metadata": {
          "segment_id": 43443,
          "street_id": 261043928,
          "street_name": "D\u1ee7\u1ed5ng Road N10",
          "street_type": "tertiary",
          "street_level": 4,
          "street_group": "261043928",
          "composite": true
        },
        "length_hint": 16.838963532878147,
        "speed_limit": 13.88888888888889
      },
      {
        "start": "5755237673",
        "end": "5755237687",
        "reverse": false,
        "shape": {
          "type": "polyline",
          "points": [
            [
              958.56056,
              780.60195
            ],
            [
              950.1926,
              781.47885
            ],
            [
              948.19216,
              781.45665
            ],
            [
              899.35628,
              768.58065
            ],
            [
              897.14814,
              768.00345
            ],
            [
              894.65579,
              767.60385
            ],
            [
              892.49685,
              766.89345
            ],
            [
              887.15141,
              766.0776
            ],
            [
              854.10589,
              757.5195
            ],
            [
              835.3258,
              753.0129
            ],
            [
              778.07824,
              739.2822
            ],
            [
              774.62939,
              738.33315
            ],
            [
              768.49143,
              736.8957
            ],
            [
              745.45904,
              730.96275
            ],
            [
              690.12993,
              716.71035
            ],
            [
              659.14498,
              709.91715
            ],
            [
              646.51378,
              706.68705
            ],
            [
              562.14003,
              685.7136
            ],
            [
              520.84133,
              676.03995
            ]
          ]
        },
        "metadata": {
          "segment_id": 78674,
          "street_id": 607221725,
          "street_name": "L\u00ea V\u0103n Vi\u1ec7t",
          "street_type": "tertiary",
          "street_level": 4,
          "street_group": "607221725",
          "composite": true
        },
        "length_hint": 450.6431054178079,
        "speed_limit": 13.88888888888889
      },
      {
        "start": "2666555041",
        "end": "2666555045",
        "reverse": false,
        "shape": {
          "type": "polyline",
          "points": [
            [
              532.8549,
              467.40435
            ],
            [
              507.68543,
              490.74765
            ]
          ]
        },
        "metadata": {
          "segment_id": 43467,
          "street_id": 261043956,
          "street_name": "D1",
          "street_type": "secondary",
          "street_level": 3,
          "street_group": "261043956",
          "composite": true
        },
        "length_hint": 34.32800423809841,
        "speed_limit": 11.11111111111111
      },
      {
        "start": "2666555043",
        "end": "2666555039",
        "reverse": false,
        "shape": {
          "type": "polyline",
          "points": [
            [
              498.50855,
              485.6028
            ],
            [
              524.558,
              460.68885
            ]
          ]
        },
        "metadata": {
          "segment_id": 43463,
          "street_id": 261043954,
          "street_name": "D1",
          "street_type": "secondary",
          "street_level": 3,
          "street_group": "261043954",
          "composite": true
        },
        "length_hint": 36.045509427735915,
        "speed_limit": 11.11111111111111
      },
      {
        "start": "2666555046",
        "end": "2666555043",
        "reverse": false,
        "shape": {
          "type": "polyline",
          "points": [
            [
              453.34015,
              531.73995
            ],
            [
              478.06143,
              506.24325
            ],
            [
              485.31439,
              498.76185
            ],
            [
              498.50855,
              485.6028
            ]
          ]
        },
        "metadata": {
          "segment_id": 43468,
          "street_id": 261043957,
          "street_name": "D1",
          "street_type": "secondary",
          "street_level": 3,
          "street_group": "261043957",
          "composite": true
        },
        "length_hint": 64.5682751686085,
        "speed_limit": 11.11111111111111
      },
      {
        "start": "3220270547",
        "end": "3220270547",
        "reverse": false,
        "shape": {
          "type": "polyline",
          "points": [
            [
              859.66449,
              143.2011
            ],
            [
              863.16253,
              147.86865
            ],
            [
              865.27228,
              153.3021
            ],
            [
              865.84618,
              159.10185
            ],
            [
              865.04819,
              164.1246
            ],
            [
              863.09147,
              168.8199
            ],
            [
              860.20559,
              172.7937
            ],
            [
              856.49439,
              176.0127
            ],
            [
              852.14371,
              178.30485
            ],
            [
              846.24077,
              179.6868
            ],
            [
              840.1848,
              179.376
            ],
            [
              834.38571,
              177.36135
            ],
            [
              829.39007,
              173.7927
            ],
            [
              825.61328,
              168.9642
            ],
            [
              823.35049,
              163.2699
            ],
            [
              823.37782,
              153.1689
            ],
            [
              825.94123,
              147.04725
            ],
            [
              830.24818,
              141.99675
            ],
            [
              835.89423,
              138.50025
            ],
            [
              842.34374,
              136.87965
            ],
            [
              849.62403,
              137.45685
            ],
            [
              855.04052,
              139.64355
            ],
            [
              859.66449,
              143.2011
            ]
          ]
        },
        "metadata": {
          "segment_id": 48803,
          "street_id": 315899300,
          "street_name": "Ph\u01b0\u1eddng Long Th\u1ea1nh M\u1ef9",
          "street_type": "secondary",
          "street_level": 3,
          "street_group": "315899300",
          "composite": true
        },
        "length_hint": 134.71083781949812,
        "speed_limit": 11.11111111111111
      },
      {
        "start": "3220270781",
        "end": "4437351867",
        "reverse": false,
        "shape": {
          "type": "polyline",
          "points": [
            [
              863.09147,
              168.8199
            ],
            [
              871.60154,
              186.3246
            ],
            [
              873.36149,
              191.2974
            ]
          ]
        },
        "metadata": {
          "segment_id": 48787,
          "street_id": 315899293,
          "street_name": "D\u1ee7\u1ed5ng D28",
          "street_type": "tertiary",
          "street_level": 4,
          "street_group": "315899293",
          "composite": true
        },
        "length_hint": 24.73875610487261,
        "speed_limit": 13.88888888888889
      },
      {
        "start": "5755237656",
        "end": "5755410300",
        "reverse": false,
        "shape": {
          "type": "polyline",
          "points": [
            [
              482.63621,
              666.20535
            ],
            [
              451.39436,
              659.2401
            ],
            [
              427.6569,
              653.34045
            ],
            [
              328.5586,
              628.48755
            ],
            [
              260.60377,
              614.8179
            ],
            [
              224.17499,
              603.3405
            ],
            [
              188.05776,
              594.87675
            ],
            [
              92.86742,
              571.4502
            ],
            [
              76.04951,
              566.8992
            ]
          ]
        },
        "metadata": {
          "segment_id": 78654,
          "street_id": 607221724,
          "street_name": "L\u00ea V\u0103n Vi\u1ec7t",
          "street_type": "tertiary",
          "street_level": 4,
          "street_group": "607221724",
          "composite": true
        },
        "length_hint": 418.6949447376569,
        "speed_limit": 13.88888888888889
      },
      {
        "start": "3220270835",
        "end": "3220270835",
        "reverse": false,
        "shape": {
          "type": "polyline",
          "points": [
            [
              935.39699,
              258.8853
            ],
            [
              959.52798,
              238.6833
            ],
            [
              935.39699,
              258.8853
            ]
          ]
        },
        "metadata": {
          "segment_id": 65745,
          "street_id": 503327828,
          "street_name": "Ph\u01b0\u1eddng Long Th\u1ea1nh M\u1ef9",
          "street_type": "tertiary",
          "street_level": 4,
          "street_group": "503327828",
          "composite": true
        },
        "length_hint": 62.942052155299116,
        "speed_limit": 13.88888888888889
      },
      {
        "start": "4936580496",
        "end": "4936580496",
        "reverse": false,
        "shape": {
          "type": "polyline",
          "points": [
            [
              1058.77932,
              222.7659
            ],
            [
              1024.08317,
              231.3573
            ],
            [
              1058.77932,
              222.7659
            ]
          ]
        },
        "metadata": {
          "segment_id": 65752,
          "street_id": 503327828,
          "street_name": "Ph\u01b0\u1eddng Long Th\u1ea1nh M\u1ef9",
          "street_type": "tertiary",
          "street_level": 4,
          "street_group": "503327828",
          "composite": true
        },
        "length_hint": 71.48804036431547,
        "speed_limit": 13.88888888888889
      },
      {
        "start": "4936580498",
        "end": "4936580498",
        "reverse": false,
        "shape": {
          "type": "polyline",
          "points": [
            [
              978.94756,
              232.9224
            ],
            [
              959.52798,
              238.6833
            ],
            [
              978.94756,
              232.9224
            ]
          ]
        },
        "metadata": {
          "segment_id": 65748,
          "street_id": 503327828,
          "street_name": "Ph\u01b0\u1eddng Long Th\u1ea1nh M\u1ef9",
          "street_type": "tertiary",
          "street_level": 4,
          "street_group": "503327828",
          "composite": true
        },
        "length_hint": 40.51212441659409,
        "speed_limit": 13.88888888888889
      },
      {
        "start": "4936580498",
        "end": "4936580498",
        "reverse": false,
        "shape": {
          "type": "polyline",
          "points": [
            [
              978.94756,
              232.9224
            ],
            [
              1024.08317,
              231.3573
            ],
            [
              978.94756,
              232.9224
            ]
          ]
        },
        "metadata": {
          "segment_id": 65749,
          "street_id": 503327828,
          "street_name": "Ph\u01b0\u1eddng Long Th\u1ea1nh M\u1ef9",
          "street_type": "tertiary",
          "street_level": 4,
          "street_group": "503327828",
          "composite": true
        },
        "length_hint": 90.32547432661761,
        "speed_limit": 13.88888888888889
      },
      {
        "start": "3220270835",
        "end": "3220270835",
        "reverse": false,
        "shape": {
          "type": "polyline",
          "points": [
            [
              935.39699,
              258.8853
            ],
            [
              875.5587,
              193.1955
            ],
            [
              935.39699,
              258.8853
            ]
          ]
        },
        "metadata": {
          "segment_id": 48837,
          "street_id": 315899303,
          "street_name": "D28",
          "street_type": "tertiary",
          "street_level": 4,
          "street_group": "315899303",
          "composite": true
        },
        "length_hint": 177.71629946815892,
        "speed_limit": 13.88888888888889
      },
      {
        "start": "3220270835",
        "end": "3220270835",
        "reverse": false,
        "shape": {
          "type": "polyline",
          "points": [
            [
              935.39699,
              258.8853
            ],
            [
              954.29733,
              279.2871
            ],
            [
              935.39699,
              258.8853
            ]
          ]
        },
        "metadata": {
          "segment_id": 48838,
          "street_id": 315899303,
          "street_name": "D28",
          "street_type": "tertiary",
          "street_level": 4,
          "street_group": "315899303",
          "composite": true
        },
        "length_hint": 55.62216447984032,
        "speed_limit": 13.88888888888889
      },
      {
        "start": "4437351867",
        "end": "4437351867",
        "reverse": false,
        "shape": {
          "type": "polyline",
          "points": [
            [
              873.36149,
              191.2974
            ],
            [
              874.53115,
              192.24645
            ],
            [
              873.36149,
              191.2974
            ]
          ]
        },
        "metadata": {
          "segment_id": 48832,
          "street_id": 315899303,
          "street_name": "D28",
          "street_type": "tertiary",
          "street_level": 4,
          "street_group": "315899303",
          "composite": true
        },
        "length_hint": 3.0125075389781517,
        "speed_limit": 13.88888888888889
      },
      {
        "start": "5748258167",
        "end": "5748258167",
        "reverse": false,
        "shape": {
          "type": "polyline",
          "points": [
            [
              874.53115,
              192.24645
            ],
            [
              875.5587,
              193.1955
            ],
            [
              874.53115,
              192.24645
            ]
          ]
        },
        "metadata": {
          "segment_id": 48834,
          "street_id": 315899303,
          "street_name": "D28",
          "street_type": "tertiary",
          "street_level": 4,
          "street_group": "315899303",
          "composite": true
        },
        "length_hint": 2.797538135575663,
        "speed_limit": 13.88888888888889
      },
      {
        "start": "2956123408",
        "end": "2956123408",
        "reverse": false,
        "shape": {
          "type": "polyline",
          "points": [
            [
              1036.73622,
              683.77665
            ],
            [
              1053.13327,
              658.9293
            ],
            [
              1036.73622,
              683.77665
            ]
          ]
        },
        "metadata": {
          "segment_id": 10468,
          "street_id": 32583376,
          "street_name": "Nguy\u1ec5n V\u0103n T\u0103ng",
          "street_type": "secondary",
          "street_level": 3,
          "street_group": "32583376",
          "composite": true
        },
        "length_hint": 59.540038653833655,
        "speed_limit": 11.11111111111111
      },
      {
        "start": "2956123408",
        "end": "2956123408",
        "reverse": false,
        "shape": {
          "type": "polyline",
          "points": [
            [
              1036.73622,
              683.77665
            ],
            [
              1006.6695,
              725.1297
            ],
            [
              1036.73622,
              683.77665
            ]
          ]
        },
        "metadata": {
          "segment_id": 10469,
          "street_id": 32583376,
          "street_name": "Nguy\u1ec5n V\u0103n T\u0103ng",
          "street_type": "secondary",
          "street_level": 3,
          "street_group": "32583376",
          "composite": true
        },
        "length_hint": 102.25619581934187,
        "speed_limit": 11.11111111111111
      },
      {
        "start": "366408655",
        "end": "366408655",
        "reverse": false,
        "shape": {
          "type": "polyline",
          "points": [
            [
              965.13577,
              782.14485
            ],
            [
              971.58528,
              770.45655
            ],
            [
              965.13577,
              782.14485
            ]
          ]
        },
        "metadata": {
          "segment_id": 10478,
          "street_id": 32583376,
          "street_name": "Nguy\u1ec5n V\u0103n T\u0103ng",
          "street_type": "secondary",
          "street_level": 3,
          "street_group": "32583376",
          "composite": true
        },
        "length_hint": 26.69925363227227,
        "speed_limit": 11.11111111111111
      },
      {
        "start": "2956123411",
        "end": "2956123411",
        "reverse": false,
        "shape": {
          "type": "polyline",
          "points": [
            [
              1006.6695,
              725.1297
            ],
            [
              988.56169,
              748.52295
            ],
            [
              1006.6695,
              725.1297
            ]
          ]
        },
        "metadata": {
          "segment_id": 10471,
          "street_id": 32583376,
          "street_name": "Nguy\u1ec5n V\u0103n T\u0103ng",
          "street_type": "secondary",
          "street_level": 3,
          "street_group": "32583376",
          "composite": true
        },
        "length_hint": 59.16542668006723,
        "speed_limit": 11.11111111111111
      },
      {
        "start": "5755237637",
        "end": "5755237637",
        "reverse": false,
        "shape": {
          "type": "polyline",
          "points": [
            [
              983.81201,
              754.66125
            ],
            [
              988.56169,
              748.52295
            ],
            [
              983.81201,
              754.66125
            ]
          ]
        },
        "metadata": {
          "segment_id": 10474,
          "street_id": 32583376,
          "street_name": "Nguy\u1ec5n V\u0103n T\u0103ng",
          "street_type": "secondary",
          "street_level": 3,
          "street_group": "32583376",
          "composite": true
        },
        "length_hint": 15.522652736230313,
        "speed_limit": 11.11111111111111
      },
      {
        "start": "5755237637",
        "end": "5755237637",
        "reverse": false,
        "shape": {
          "type": "polyline",
          "points": [
            [
              983.81201,
              754.66125
            ],
            [
              971.58528,
              770.45655
            ],
            [
              983.81201,
              754.66125
            ]
          ]
        },
        "metadata": {
          "segment_id": 10475,
          "street_id": 32583376,
          "street_name": "Nguy\u1ec5n V\u0103n T\u0103ng",
          "street_type": "secondary",
          "street_level": 3,
          "street_group": "32583376",
          "composite": true
        },
        "length_hint": 39.94918915737336,
        "speed_limit": 11.11111111111111
      },
      {
        "start": "3220270539",
        "end": "3220270511",
        "reverse": false,
        "shape": {
          "type": "polyline",
          "points": [
            [
              849.62403,
              137.45685
            ],
            [
              862.28802,
              131.3352
            ],
            [
              869.84159,
              126.15705
            ],
            [
              877.47168,
              119.84115
            ],
            [
              963.97158,
              31.5795
            ],
            [
              971.02778,
              24.38115
            ],
            [
              996.54159,
              0.0
            ]
          ]
        },
        "metadata": {
          "segment_id": 48840,
          "street_id": 315899305,
          "street_name": "\u0110\u01b0\u1eddng D1",
          "street_type": "tertiary",
          "street_level": 4,
          "street_group": "315899305",
          "composite": true
        },
        "length_hint": 202.08049048275774,
        "speed_limit": 13.88888888888889
      },
      {
        "start": "3220270853",
        "end": "3220270853",
        "reverse": false,
        "shape": {
          "type": "polyline",
          "points": [
            [
              979.90952,
              307.1814
            ],
            [
              954.29733,
              279.2871
            ],
            [
              979.90952,
              307.1814
            ]
          ]
        },
        "metadata": {
          "segment_id": 48791,
          "street_id": 315899296,
          "street_name": "D28",
          "street_type": "tertiary",
          "street_level": 4,
          "street_group": "315899296",
          "composite": true
        },
        "length_hint": 75.73839842737901,
        "speed_limit": 11.11111111111111
      },
      {
        "start": "5755237673",
        "end": "5755237673",
        "reverse": false,
        "shape": {
          "type": "polyline",
          "points": [
            [
              958.56056,
              780.60195
            ],
            [
              965.13577,
              782.14485
            ],
            [
              958.56056,
              780.60195
            ]
          ]
        },
        "metadata": {
          "segment_id": 78651,
          "street_id": 607221722,
          "street_name": "L\u00ea V\u0103n Vi\u1ec7t",
          "street_type": "tertiary",
          "street_level": 4,
          "street_group": "607221722",
          "composite": true
        },
        "length_hint": 13.507616659366626,
        "speed_limit": 13.88888888888889
      },
      {
        "start": "5755237687",
        "end": "5755237656",
        "reverse": false,
        "shape": {
          "type": "polyline",
          "points": [
            [
              520.84133,
              676.03995
            ],
            [
              482.63621,
              666.20535
            ]
          ]
        },
        "metadata": {
          "segment_id": 78653,
          "street_id": 607221723,
          "street_name": "L\u00ea V\u0103n Vi\u1ec7t",
          "street_type": "tertiary",
          "street_level": 4,
          "street_group": "607221723",
          "composite": true
        },
        "length_hint": 39.45060901145124,
        "speed_limit": 13.88888888888889
      },
      {
        "start": "4437351867",
        "end": "3220270796",
        "reverse": false,
        "shape": {
          "type": "polyline",
          "points": [
            [
              873.36149,
              191.2974
            ],
            [
              869.54644,
              189.02745
            ],
            [
              852.14371,
              178.30485
            ]
          ]
        },
        "metadata": {
          "segment_id": 48785,
          "street_id": 315899292,
          "street_name": "D\u1ee7\u1ed5ng D28",
          "street_type": "tertiary",
          "street_level": 4,
          "street_group": "315899292",
          "composite": true
        },
        "length_hint": 24.880158074119315,
        "speed_limit": 13.88888888888889
      },
      {
        "start": "5748258154",
        "end": "3220270805",
        "reverse": false,
        "shape": {
          "type": "polyline",
          "points": [
            [
              869.54644,
              189.02745
            ],
            [
              823.63471,
              187.923
            ]
          ]
        },
        "metadata": {
          "segment_id": 48793,
          "street_id": 315899299,
          "street_name": "Ph\u01b0\u1eddng Long Th\u1ea1nh M\u1ef9",
          "street_type": "secondary_link",
          "street_level": 3,
          "street_group": "315899299",
          "composite": true
        },
        "length_hint": 45.92501237229439,
        "speed_limit": 11.11111111111111
      },
      {
        "start": "2024972682",
        "end": "2666555046",
        "reverse": false,
        "shape": {
          "type": "polyline",
          "points": [
            [
              275.12609,
              704.1285
            ],
            [
              453.34015,
              531.73995
            ]
          ]
        },
        "metadata": {
          "segment_id": 33678,
          "street_id": 211843432,
          "street_name": "D1",
          "street_type": "secondary",
          "street_level": 3,
          "street_group": "211843432",
          "composite": true
        },
        "length_hint": 247.94770285845786,
        "speed_limit": 11.11111111111111
      },
      {
        "start": "4437351863",
        "end": "3220270531",
        "reverse": false,
        "shape": {
          "type": "polyline",
          "points": [
            [
              1003.51034,
              5.58885
            ],
            [
              971.35572,
              38.4948
            ],
            [
              884.10156,
              127.79985
            ]
          ]
        },
        "metadata": {
          "segment_id": 65785,
          "street_id": 503327832,
          "street_name": "\u0110\u01b0\u1eddng D1",
          "street_type": "tertiary",
          "street_level": 4,
          "street_group": "503327832",
          "composite": true
        },
        "length_hint": 170.8624747813882,
        "speed_limit": 13.88888888888889
      },
      {
        "start": "3220270528",
        "end": "3220270529",
        "reverse": false,
        "shape": {
          "type": "polyline",
          "points": [
            [
              821.68892,
              123.099
            ],
            [
              869.84159,
              126.15705
            ]
          ]
        },
        "metadata": {
          "segment_id": 48792,
          "street_id": 315899297,
          "street_name": "Ph\u01b0\u1eddng Long Th\u1ea1nh M\u1ef9",
          "street_type": "secondary_link",
          "street_level": 3,
          "street_group": "315899297",
          "composite": true
        },
        "length_hint": 48.2496766614181,
        "speed_limit": 11.11111111111111
      },
      {
        "start": "2217890243",
        "end": "2024972864",
        "reverse": false,
        "shape": {
          "type": "polyline",
          "points": [
            [
              456.52664,
              539.99835
            ],
            [
              281.25312,
              709.01805
            ]
          ]
        },
        "metadata": {
          "segment_id": 33677,
          "street_id": 211843431,
          "street_name": "D1",
          "street_type": "secondary",
          "street_level": 3,
          "street_group": "211843431",
          "composite": true
        },
        "length_hint": 243.49222944743104,
        "speed_limit": 11.11111111111111
      },
      {
        "start": "3220270531",
        "end": "3220270767",
        "reverse": false,
        "shape": {
          "type": "polyline",
          "points": [
            [
              884.10156,
              127.79985
            ],
            [
              874.24693,
              139.86
            ],
            [
              865.84618,
              159.10185
            ]
          ]
        },
        "metadata": {
          "segment_id": 48816,
          "street_id": 315899301,
          "street_name": "\u0110\u01b0\u1eddng D1",
          "street_type": "tertiary",
          "street_level": 4,
          "street_group": "315899301",
          "composite": true
        },
        "length_hint": 36.57011537829991,
        "speed_limit": 13.88888888888889
      },
      {
        "start": "3220270550",
        "end": "5748258155",
        "reverse": false,
        "shape": {
          "type": "polyline",
          "points": [
            [
              874.24693,
              139.86
            ],
            [
              871.60154,
              186.3246
            ]
          ]
        },
        "metadata": {
          "segment_id": 60500,
          "street_id": 446474066,
          "street_name": "Ph\u01b0\u1eddng Long Th\u1ea1nh M\u1ef9",
          "street_type": "tertiary_link",
          "street_level": 4,
          "street_group": "446474066",
          "composite": true
        },
        "length_hint": 46.53984466467523,
        "speed_limit": 11.11111111111111
      }
    ]
  }
}