{
  "observation": {
    "type": "Kinematics"
  },
  "action": {
    "type": "DiscreteMetaAction"
  },
  "simulation_frequency": 15,
  "policy_frequency": 1,
  "other_vehicles_type": "highway_env.vehicle.behavior.IDMVehicle",
  "screen_width": 600,
  "screen_height": 150,
  "centering_position": [
    0.3,
    0.5
  ],
  "scaling": 5.5,
  "show_trajectories": false,
  "render_agent": true,
  "offscreen_rendering": false,
  "manual_control": false,
  "real_time_rendering": false,
  "destination": null,
  "initial_vehicle_count": 0,
  "controlled_vehicles": 0,
  "spawn_probability": 0.0,
  "duration": 40.0,
  "collision_reward": -5,
  "high_speed_reward": 1.0,
  "arrived_reward": 1.0,
  "reward_speed_range": [
    6.0,
    12.0
  ],
  "auto_curve": false,
  "corner_radius": 25.0,
  "curve_samples": 8,
  "exit_distance": 5.0,
  "graph": {
    "nodes": {
      "366404646": [
        117.9713,
        320.4015
      ],
      "3137602602": [
        593.0922,
        425.23545
      ],
      "3137602604": [
        570.25657,
        431.61795
      ],
      "3137602606": [
        546.97276,
        436.0191
      ],
      "3137602608": [
        443.35981,
        444.3774
      ],
      "366398001": [
        114.94331,
        356.8095
      ],
      "893089332": [
        264.22205,
        673.2816
      ],
      "3137602615": [
        356.71234,
        466.7106
      ],
      "366398017": [
        170.77527,
        517.3044
      ],
      "3217666124": [
        194.66577,
        74.32005
      ],
      "3137602637": [
        178.30698,
        532.99425
      ],
      "5757648980": [
        229.36192,
        11.4219
      ],
      "5753295962": [
        109.58694,
        351.07635
      ],
      "5753295964": [
        211.69137,
        635.475
      ],
      "5753295965": [
        215.28232,
        633.93765
      ],
      "5753295969": [
        200.65069,
        605.616
      ],
      "5753295973": [
        149.50829,
        633.8544
      ],
      "366475880": [
        250.94044,
        660.339
      ],
      "5753295978": [
        182.92001,
        559.02375
      ],
      "5750834797": [
        3.8861,
        647.7516
      ],
      "5750834798": [
        55.48761,
        637.3731
      ],
      "5750834799": [
        52.41043,
        632.83875
      ],
      "5753295984": [
        172.58987,
        529.48665
      ],
      "5753295985": [
        172.73198,
        535.21425
      ],
      "5753295986": [
        176.02779,
        527.94375
      ],
      "5750834800": [
        0.0,
        643.43925
      ],
      "5753295988": [
        147.26736,
        482.48925
      ],
      "5753295998": [
        185.30305,
        575.3907
      ],
      "5753295999": [
        182.66313,
        557.2644
      ],
      "5753296000": [
        115.07996,
        402.819
      ],
      "366474386": [
        231.25305,
        7.4481
      ],
      "5755514520": [
        160.7512,
        170.2962
      ],
      "5757534364": [
        229.07771,
        0.0
      ],
      "5757534366": [
        219.62208,
        17.7378
      ],
      "3297934071": [
        527.96312,
        240.63135
      ],
      "3297934072": [
        543.17411,
        314.09115
      ],
      "3297934073": [
        556.71808,
        389.39355
      ],
      "5755657922": [
        185.2156,
        100.60485
      ],
      "5755657924": [
        500.27397,
        74.48655
      ],
      "3296670921": [
        170.60583,
        530.30805
      ],
      "5755657930": [
        191.61045,
        105.8496
      ],
      "3296670924": [
        25.49741,
        586.14105
      ],
      "3621074637": [
        190.64849,
        85.4922
      ],
      "5755657935": [
        187.91018,
        115.7286
      ],
      "3296704211": [
        149.94555,
        200.08305
      ],
      "3296704212": [
        157.59204,
        201.58155
      ],
      "366452727": [
        188.45129,
        559.2846
      ],
      "3297934039": [
        233.78913,
        2.82495
      ],
      "5742931672": [
        470.07607,
        448.35675
      ],
      "5742931673": [
        440.463,
        451.9365
      ],
      "5755657946": [
        219.39252,
        31.74045
      ],
      "5742931674": [
        418.9446,
        456.12675
      ],
      "5742931676": [
        559.64222,
        434.41515
      ],
      "3296704218": [
        131.94705,
        252.9246
      ],
      "5742931678": [
        555.57028,
        435.90255
      ],
      "3297934044": [
        216.26615,
        41.90805
      ],
      "3297934046": [
        211.98105,
        50.7048
      ],
      "5742931681": [
        575.33419,
        464.95125
      ],
      "3297934050": [
        509.58749,
        65.4567
      ],
      "5742931682": [
        568.10856,
        432.18405
      ],
      "5755657950": [
        516.17364,
        188.45025
      ],
      "5755657957": [
        555.89822,
        237.3624
      ],
      "366444262": [
        150.84192,
        220.2129
      ],
      "5755657959": [
        538.47909,
        152.27535
      ],
      "3297934053": [
        499.56343,
        112.43745
      ],
      "3297934051": [
        496.12005,
        91.6083
      ],
      "366404330": [
        176.57436,
        146.0205
      ],
      "3297934058": [
        505.72325,
        140.90895
      ],
      "3297934062": [
        512.18916,
        170.8068
      ],
      "5755657969": [
        576.799,
        13.38105
      ],
      "5755657970": [
        573.28456,
        32.8227
      ],
      "5755657971": [
        573.72182,
        41.15325
      ],
      "5755657972": [
        574.36677,
        56.9541
      ],
      "5755657973": [
        571.08189,
        60.88905
      ],
      "5755657974": [
        556.71808,
        68.34825
      ],
      "5755657975": [
        543.8136,
        74.7807
      ],
      "5755657976": [
        529.15464,
        82.8171
      ],
      "5755657977": [
        523.73268,
        86.1804
      ],
      "5755657978": [
        523.58511,
        89.10525
      ],
      "3297934074": [
        567.13567,
        432.43935
      ],
      "5755657980": [
        530.32976,
        120.68475
      ],
      "5755657979": [
        524.76023,
        97.87425
      ],
      "5742931708": [
        655.24794,
        681.3735
      ],
      "5742931709": [
        596.30602,
        424.54725
      ],
      "5742931712": [
        653.03434,
        674.43045
      ],
      "5742931710": [
        601.28526,
        448.1403
      ],
      "5742931711": [
        629.43352,
        577.3665
      ],
      "366380289": [
        121.29444,
        406.9926
      ],
      "366439685": [
        117.68162,
        386.92935
      ],
      "5755515142": [
        162.81177,
        164.3022
      ],
      "366438150": [
        125.46475,
        422.11635
      ],
      "366437127": [
        157.61937,
        492.2517
      ],
      "5742932239": [
        416.67088,
        449.82195
      ],
      "5755515157": [
        169.18475,
        145.7541
      ],
      "5742932254": [
        196.09231,
        582.13395
      ],
      "5742932260": [
        288.16721,
        699.54975
      ],
      "5742932264": [
        258.69624,
        668.21445
      ],
      "5742932283": [
        85.0187,
        631.0239
      ],
      "5742932284": [
        84.52132,
        636.8292
      ],
      "5742932288": [
        111.6639,
        636.3741
      ],
      "366468931": [
        199.36079,
        589.3656
      ],
      "5742932294": [
        257.83813,
        707.1255
      ],
      "5742932295": [
        203.55297,
        640.07595
      ],
      "5742932296": [
        202.61834,
        608.1579
      ],
      "5742932297": [
        204.25257,
        614.53485
      ],
      "5742932298": [
        202.67299,
        624.58035
      ],
      "5742932299": [
        191.88373,
        634.9755
      ],
      "366409554": [
        125.69431,
        288.38355
      ],
      "5743031168": [
        242.33199,
        668.5086
      ],
      "5743031169": [
        225.3993,
        628.82055
      ],
      "5743031172": [
        398.96207,
        454.8114
      ],
      "3656171909": [
        540.37568,
        41.4807
      ],
      "5743031174": [
        475.13729,
        443.0565
      ],
      "5743031175": [
        475.71665,
        448.13475
      ],
      "5743031176": [
        197.83586,
        525.32415
      ],
      "5743031177": [
        175.07676,
        540.1149
      ],
      "5743031178": [
        201.57986,
        529.0482
      ],
      "5743031179": [
        350.84766,
        468.9084
      ],
      "5743031180": [
        352.49283,
        473.69805
      ],
      "5743031181": [
        301.65651,
        487.3566
      ],
      "5743031182": [
        303.35087,
        492.0297
      ],
      "5743031183": [
        529.59736,
        440.0262
      ],
      "5743031184": [
        530.11113,
        444.70485
      ],
      "5743031185": [
        509.51097,
        441.63015
      ],
      "5743031186": [
        550.90806,
        436.71285
      ],
      "5743031187": [
        548.90762,
        439.4046
      ],
      "5743031188": [
        505.55382,
        446.96925
      ],
      "5743031189": [
        362.76285,
        470.21265
      ],
      "5743031190": [
        348.98386,
        474.8913
      ],
      "5743031191": [
        180.39487,
        537.7506
      ],
      "366384024": [
        116.06924,
        376.70625
      ],
      "366425498": [
        206.87064,
        63.8361
      ],
      "2338830243": [
        110.24829,
        368.0538
      ],
      "5748066723": [
        367.52892,
        469.2636
      ],
      "2338830245": [
        254.67897,
        678.29325
      ],
      "5748066725": [
        225.69445,
        515.13435
      ],
      "2338830247": [
        111.84427,
        320.40705
      ],
      "2338830248": [
        225.17521,
        6.66
      ],
      "5748066732": [
        120.75334,
        308.8686
      ],
      "5748066734": [
        116.57209,
        379.8975
      ],
      "2338830257": [
        144.39788,
        217.89855
      ],
      "2338830258": [
        119.91709,
        286.75185
      ],
      "2338830259": [
        209.77291,
        37.39035
      ],
      "5748066741": [
        343.07546,
        477.1113
      ],
      "2338830261": [
        127.91338,
        442.3572
      ],
      "366368183": [
        223.31688,
        24.1425
      ],
      "2338830263": [
        191.23332,
        593.45595
      ],
      "2338830265": [
        109.79464,
        338.67765
      ],
      "2338830266": [
        109.49949,
        356.2212
      ],
      "2338830267": [
        115.64292,
        339.5934
      ],
      "2338830269": [
        173.42612,
        133.40535
      ],
      "2338830270": [
        198.38243,
        87.75105
      ],
      "5748066751": [
        572.44285,
        316.794
      ],
      "5748066749": [
        134.41754,
        264.735
      ],
      "5748066753": [
        565.58341,
        285.6363
      ],
      "2338830274": [
        231.22572,
        650.8485
      ],
      "5755747267": [
        573.37748,
        57.8199
      ],
      "2338830275": [
        121.51853,
        425.5851
      ],
      "5748066754": [
        471.53541,
        443.20635
      ],
      "5748066759": [
        268.99359,
        499.3002
      ],
      "2338830282": [
        115.53361,
        367.188
      ],
      "5748066763": [
        556.49945,
        240.04305
      ],
      "5748066764": [
        565.95508,
        287.4789
      ],
      "2338830288": [
        152.98993,
        494.2053
      ],
      "2338830289": [
        243.46885,
        667.1988
      ],
      "2338830290": [
        110.82765,
        377.2446
      ],
      "3217904595": [
        217.13519,
        630.79635
      ],
      "5748066771": [
        153.9355,
        483.85455
      ],
      "3217904597": [
        224.78168,
        642.6789
      ],
      "5755747285": [
        171.49127,
        160.8945
      ],
      "5748066769": [
        345.38198,
        470.9619
      ],
      "3217904593": [
        26.83104,
        636.49065
      ],
      "3217904592": [
        81.67917,
        631.0683
      ],
      "3217904594": [
        81.2911,
        636.7182
      ],
      "3217904596": [
        27.7766,
        641.28585
      ],
      "5755747288": [
        531.88201,
        259.5513
      ],
      "3296704989": [
        130.49865,
        448.14585
      ],
      "5755747294": [
        504.58639,
        135.6531
      ],
      "366458337": [
        130.5533,
        435.92475
      ],
      "366371817": [
        141.12394,
        457.52535
      ],
      "5755657707": [
        502.43291,
        72.3942
      ],
      "5755657709": [
        548.02764,
        202.43625
      ],
      "5757534190": [
        208.99679,
        39.2829
      ],
      "5755657719": [
        199.91829,
        61.48845
      ],
      "366427131": [
        241.39736,
        670.2735
      ]
    },
    "edges": [
      {
        "start": "5748066749",
        "end": "366475880",
        "reverse": false,
        "shape": {
          "type": "polyline",
          "points": [
            [
              134.41754,
              264.735
            ],
            [
              125.69431,
              288.38355
            ],
            [
              120.75334,
              308.8686
            ],
            [
              117.9713,
              320.4015
            ],
            [
              115.64292,
              339.5934
            ],
            [
              114.94331,
              356.8095
            ],
            [
              115.53361,
              367.188
            ],
            [
              116.06924,
              376.70625
            ],
            [
              116.57209,
              379.8975
            ],
            [
              117.68162,
              386.92935
            ],
            [
              121.29444,
              406.9926
            ],
            [
              125.46475,
              422.11635
            ],
            [
              130.5533,
              435.92475
            ],
            [
              141.12394,
              457.52535
            ],
            [
              153.9355,
              483.85455
            ],
            [
              157.61937,
              492.2517
            ],
            [
              170.77527,
              517.3044
            ],
            [
              176.02779,
              527.94375
            ],
            [
              178.30698,
              532.99425
            ],
            [
              180.39487,
              537.7506
            ],
            [
              188.45129,
              559.2846
            ],
            [
              196.09231,
              582.13395
            ],
            [
              199.36079,
              589.3656
            ],
            [
              225.3993,
              628.82055
            ],
            [
              250.94044,
              660.339
            ]
          ]
        },
        "metadata": {
          "segment_id": 79056,
          "street_id": 607305228,
          "street_name": "\u0110\u1ea1i l\u1ed9 B\u00ecnh D\u01b0\u01a1ng",
          "street_type": "trunk",
          "street_level": 1,
          "street_group": "607305228",
          "composite": true
        },
        "length_hint": 432.0313928664522,
        "speed_limit": 22.22222222222222
      },
      {
        "start": "5742931709",
        "end": "5742931709",
        "reverse": false,
        "shape": {
          "type": "polyline",
          "points": [
            [
              596.30602,
              424.54725
            ],
            [
              593.0922,
              425.23545
            ],
            [
              596.30602,
              424.54725
            ]
          ]
        },
        "metadata": {
          "segment_id": 78959,
          "street_id": 607291489,
          "street_name": "V\u0129nh Ph\u00fa",
          "street_type": "unclassified",
          "street_level": 4,
          "street_group": "607291489",
          "composite": true
        },
        "length_hint": 6.573357812381619,
        "speed_limit": 11.11111111111111
      },
      {
        "start": "3137602604",
        "end": "3137602604",
        "reverse": false,
        "shape": {
          "type": "polyline",
          "points": [
            [
              570.25657,
              431.61795
            ],
            [
              593.0922,
              425.23545
            ],
            [
              570.25657,
              431.61795
            ]
          ]
        },
        "metadata": {
          "segment_id": 47656,
          "street_id": 308479601,
          "street_name": "V\u0129nh Ph\u00fa",
          "street_type": "unclassified",
          "street_level": 4,
          "street_group": "308479601",
          "composite": true
        },
        "length_hint": 47.42161126519856,
        "speed_limit": 11.11111111111111
      },
      {
        "start": "3137602604",
        "end": "3137602604",
        "reverse": false,
        "shape": {
          "type": "polyline",
          "points": [
            [
              570.25657,
              431.61795
            ],
            [
              568.10856,
              432.18405
            ],
            [
              570.25657,
              431.61795
            ]
          ]
        },
        "metadata": {
          "segment_id": 76036,
          "street_id": 606189080,
          "street_name": "V\u0129nh Ph\u00fa",
          "street_type": "unclassified",
          "street_level": 4,
          "street_group": "606189080",
          "composite": true
        },
        "length_hint": 4.442709160005864,
        "speed_limit": 11.11111111111111
      },
      {
        "start": "5753295985",
        "end": "5743031186",
        "reverse": false,
        "shape": {
          "type": "polyline",
          "points": [
            [
              172.73198,
              535.21425
            ],
            [
              178.30698,
              532.99425
            ],
            [
              197.83586,
              525.32415
            ],
            [
              225.69445,
              515.13435
            ],
            [
              268.99359,
              499.3002
            ],
            [
              301.65651,
              487.3566
            ],
            [
              345.38198,
              470.9619
            ],
            [
              350.84766,
              468.9084
            ],
            [
              356.71234,
              466.7106
            ],
            [
              398.96207,
              454.8114
            ],
            [
              416.67088,
              449.82195
            ],
            [
              443.35981,
              444.3774
            ],
            [
              471.53541,
              443.20635
            ],
            [
              475.13729,
              443.0565
            ],
            [
              509.51097,
              441.63015
            ],
            [
              529.59736,
              440.0262
            ],
            [
              546.97276,
              436.0191
            ],
            [
              550.90806,
              436.71285
            ]
          ]
        },
        "metadata": {
          "segment_id": 47657,
          "street_id": 308479629,
          "street_name": "V\u0129nh Ph\u00fa 41",
          "street_type": "unclassified",
          "street_level": 4,
          "street_group": "308479629",
          "composite": true
        },
        "length_hint": 394.0431026358263,
        "speed_limit": 22.22222222222222
      },
      {
        "start": "366475880",
        "end": "5742932260",
        "reverse": false,
        "shape": {
          "type": "polyline",
          "points": [
            [
              250.94044,
              660.339
            ],
            [
              258.69624,
              668.21445
            ],
            [
              264.22205,
              673.2816
            ],
            [
              288.16721,
              699.54975
            ]
          ]
        },
        "metadata": {
          "segment_id": 37877,
          "street_id": 225058630,
          "street_name": "\u0110\u1ea1i l\u1ed9 B\u00ecnh D\u01b0\u01a1ng",
          "street_type": "trunk",
          "street_level": 1,
          "street_group": "225058630",
          "composite": true
        },
        "length_hint": 54.09480565033452,
        "speed_limit": 22.22222222222222
      },
      {
        "start": "3296704218",
        "end": "2338830248",
        "reverse": false,
        "shape": {
          "type": "polyline",
          "points": [
            [
              131.94705,
              252.9246
            ],
            [
              144.39788,
              217.89855
            ],
            [
              149.94555,
              200.08305
            ],
            [
              160.7512,
              170.2962
            ],
            [
              162.81177,
              164.3022
            ],
            [
              169.18475,
              145.7541
            ],
            [
              173.42612,
              133.40535
            ],
            [
              185.2156,
              100.60485
            ],
            [
              190.64849,
              85.4922
            ],
            [
              194.66577,
              74.32005
            ],
            [
              199.91829,
              61.48845
            ],
            [
              208.99679,
              39.2829
            ],
            [
              209.77291,
              37.39035
            ],
            [
              219.62208,
              17.7378
            ],
            [
              225.17521,
              6.66
            ]
          ]
        },
        "metadata": {
          "segment_id": 79005,
          "street_id": 607305213,
          "street_name": "\u0110\u1ea1i l\u1ed9 B\u00ecnh D\u01b0\u01a1ng",
          "street_type": "trunk",
          "street_level": 1,
          "street_group": "607305213",
          "composite": true
        },
        "length_hint": 263.5876122660308,
        "speed_limit": 22.22222222222222
      },
      {
        "start": "3297934039",
        "end": "5755657946",
        "reverse": false,
        "shape": {
          "type": "polyline",
          "points": [
            [
              233.78913,
              2.82495
            ],
            [
              231.25305,
              7.4481
            ],
            [
              229.36192,
              11.4219
            ],
            [
              223.31688,
              24.1425
            ],
            [
              219.39252,
              31.74045
            ]
          ]
        },
        "metadata": {
          "segment_id": 37844,
          "street_id": 225056565,
          "street_name": "\u0110\u1ea1i l\u1ed9 B\u00ecnh D\u01b0\u01a1ng",
          "street_type": "trunk",
          "street_level": 1,
          "street_group": "225056565",
          "composite": true
        },
        "length_hint": 32.30938611790501,
        "speed_limit": 22.22222222222222
      },
      {
        "start": "2338830289",
        "end": "3296704218",
        "reverse": false,
        "shape": {
          "type": "polyline",
          "points": [
            [
              243.46885,
              667.1988
            ],
            [
              231.22572,
              650.8485
            ],
            [
              224.78168,
              642.6789
            ],
            [
              217.13519,
              630.79635
            ],
            [
              202.61834,
              608.1579
            ],
            [
              200.65069,
              605.616
            ],
            [
              191.23332,
              593.45595
            ],
            [
              185.30305,
              575.3907
            ],
            [
              182.92001,
              559.02375
            ],
            [
              182.66313,
              557.2644
            ],
            [
              175.07676,
              540.1149
            ],
            [
              172.73198,
              535.21425
            ],
            [
              170.60583,
              530.30805
            ],
            [
              152.98993,
              494.2053
            ],
            [
              147.26736,
              482.48925
            ],
            [
              130.49865,
              448.14585
            ],
            [
              127.91338,
              442.3572
            ],
            [
              121.51853,
              425.5851
            ],
            [
              115.07996,
              402.819
            ],
            [
              110.82765,
              377.2446
            ],
            [
              110.24829,
              368.0538
            ],
            [
              109.49949,
              356.2212
            ],
            [
              109.58694,
              351.07635
            ],
            [
              109.79464,
              338.67765
            ],
            [
              111.84427,
              320.40705
            ],
            [
              119.91709,
              286.75185
            ],
            [
              131.94705,
              252.9246
            ]
          ]
        },
        "metadata": {
          "segment_id": 79019,
          "street_id": 607305218,
          "street_name": "\u0110\u1ea1i l\u1ed9 B\u00ecnh D\u01b0\u01a1ng",
          "street_type": "trunk",
          "street_level": 1,
          "street_group": "607305218",
          "composite": true
        },
        "length_hint": 450.12500965087037,
        "speed_limit": 22.22222222222222
      },
      {
        "start": "5750834800",
        "end": "3217904595",
        "reverse": false,
        "shape": {
          "type": "polyline",
          "points": [
            [
              0.0,
              643.43925
            ],
            [
              26.83104,
              636.49065
            ],
            [
              52.41043,
              632.83875
            ],
            [
              81.67917,
              631.0683
            ],
            [
              85.0187,
              631.0239
            ],
            [
              149.50829,
              633.8544
            ],
            [
              191.88373,
              634.9755
            ],
            [
              211.69137,
              635.475
            ],
            [
              215.28232,
              633.93765
            ],
            [
              217.13519,
              630.79635
            ]
          ]
        },
        "metadata": {
          "segment_id": 48158,
          "street_id": 315658247,
          "street_name": "Th\u00e0nh ph\u1ed1 Thu\u1eadn An",
          "street_type": "primary",
          "street_level": 2,
          "street_group": "315658247",
          "composite": true
        },
        "length_hint": 220.5261401467456,
        "speed_limit": 16.666666666666668
      },
      {
        "start": "3217904597",
        "end": "5750834797",
        "reverse": false,
        "shape": {
          "type": "polyline",
          "points": [
            [
              224.78168,
              642.6789
            ],
            [
              203.55297,
              640.07595
            ],
            [
              111.6639,
              636.3741
            ],
            [
              84.52132,
              636.8292
            ],
            [
              81.2911,
              636.7182
            ],
            [
              55.48761,
              637.3731
            ],
            [
              27.7766,
              641.28585
            ],
            [
              3.8861,
              647.7516
            ]
          ]
        },
        "metadata": {
          "segment_id": 48167,
          "street_id": 315658252,
          "street_name": "Th\u00e0nh ph\u1ed1 Thu\u1eadn An",
          "street_type": "primary",
          "street_level": 2,
          "street_group": "315658252",
          "composite": true
        },
        "length_hint": 222.27749375302378,
        "speed_limit": 22.22222222222222
      },
      {
        "start": "3296670921",
        "end": "3296670921",
        "reverse": false,
        "shape": {
          "type": "polyline",
          "points": [
            [
              170.60583,
              530.30805
            ],
            [
              172.58987,
              529.48665
            ],
            [
              170.60583,
              530.30805
            ]
          ]
        },
        "metadata": {
          "segment_id": 75489,
          "street_id": 605527966,
          "street_name": "\u0110\u1ea1i l\u1ed9 B\u00ecnh D\u01b0\u01a1ng",
          "street_type": "trunk",
          "street_level": 4,
          "street_group": "605527966",
          "composite": true
        },
        "length_hint": 4.294700306936376,
        "speed_limit": 22.22222222222222
      },
      {
        "start": "3296670921",
        "end": "3296670921",
        "reverse": false,
        "shape": {
          "type": "polyline",
          "points": [
            [
              170.60583,
              530.30805
            ],
            [
              25.49741,
              586.14105
            ],
            [
              170.60583,
              530.30805
            ]
          ]
        },
        "metadata": {
          "segment_id": 75490,
          "street_id": 605527966,
          "street_name": "V\u0129nh Ph\u00fa 42",
          "street_type": "unclassified",
          "street_level": 4,
          "street_group": "605527966",
          "composite": true
        },
        "length_hint": 310.9583730591373,
        "speed_limit": 22.22222222222222
      },
      {
        "start": "5753295984",
        "end": "5753295984",
        "reverse": false,
        "shape": {
          "type": "polyline",
          "points": [
            [
              172.58987,
              529.48665
            ],
            [
              176.02779,
              527.94375
            ],
            [
              172.58987,
              529.48665
            ]
          ]
        },
        "metadata": {
          "segment_id": 75487,
          "street_id": 605527966,
          "street_name": "V\u0129nh Ph\u00fa 42",
          "street_type": "unclassified",
          "street_level": 4,
          "street_group": "605527966",
          "composite": true
        },
        "length_hint": 7.536533509883767,
        "speed_limit": 22.22222222222222
      },
      {
        "start": "5755657924",
        "end": "5755657924",
        "reverse": false,
        "shape": {
          "type": "polyline",
          "points": [
            [
              500.27397,
              74.48655
            ],
            [
              496.12005,
              91.6083
            ],
            [
              500.27397,
              74.48655
            ]
          ]
        },
        "metadata": {
          "segment_id": 49582,
          "street_id": 322993714,
          "street_name": "V\u0129nh Ph\u00fa",
          "street_type": "unclassified",
          "street_level": 4,
          "street_group": "322993714",
          "composite": true
        },
        "length_hint": 35.236876957466045,
        "speed_limit": 11.11111111111111
      },
      {
        "start": "5755657924",
        "end": "5755657924",
        "reverse": false,
        "shape": {
          "type": "polyline",
          "points": [
            [
              500.27397,
              74.48655
            ],
            [
              502.43291,
              72.3942
            ],
            [
              500.27397,
              74.48655
            ]
          ]
        },
        "metadata": {
          "segment_id": 49583,
          "street_id": 322993714,
          "street_name": "V\u0129nh Ph\u00fa",
          "street_type": "unclassified",
          "street_level": 4,
          "street_group": "322993714",
          "composite": true
        },
        "length_hint": 6.012969464781895,
        "speed_limit": 11.11111111111111
      },
      {
        "start": "5755657707",
        "end": "5755657707",
        "reverse": false,
        "shape": {
          "type": "polyline",
          "points": [
            [
              502.43291,
              72.3942
            ],
            [
              509.58749,
              65.4567
            ],
            [
              502.43291,
              72.3942
            ]
          ]
        },
        "metadata": {
          "segment_id": 49585,
          "street_id": 322993714,
          "street_name": "V\u0129nh Ph\u00fa",
          "street_type": "unclassified",
          "street_level": 4,
          "street_group": "322993714",
          "composite": true
        },
        "length_hint": 19.931575073375424,
        "speed_limit": 11.11111111111111
      },
      {
        "start": "3297934051",
        "end": "3297934051",
        "reverse": false,
        "shape": {
          "type": "polyline",
          "points": [
            [
              496.12005,
              91.6083
            ],
            [
              499.56343,
              112.43745
            ],
            [
              496.12005,
              91.6083
            ]
          ]
        },
        "metadata": {
          "segment_id": 49580,
          "street_id": 322993714,
          "street_name": "V\u0129nh Ph\u00fa",
          "street_type": "unclassified",
          "street_level": 4,
          "street_group": "322993714",
          "composite": true
        },
        "length_hint": 42.223706874072526,
        "speed_limit": 11.11111111111111
      },
      {
        "start": "3297934071",
        "end": "3297934071",
        "reverse": false,
        "shape": {
          "type": "polyline",
          "points": [
            [
              527.96312,
              240.63135
            ],
            [
              531.88201,
              259.5513
            ],
            [
              527.96312,
              240.63135
            ]
          ]
        },
        "metadata": {
          "segment_id": 49568,
          "street_id": 322993714,
          "street_name": "V\u0129nh Ph\u00fa",
          "street_type": "unclassified",
          "street_level": 4,
          "street_group": "322993714",
          "composite": true
        },
        "length_hint": 38.643095467863404,
        "speed_limit": 11.11111111111111
      },
      {
        "start": "3297934071",
        "end": "3297934071",
        "reverse": false,
        "shape": {
          "type": "polyline",
          "points": [
            [
              527.96312,
              240.63135
            ],
            [
              516.17364,
              188.45025
            ],
            [
              527.96312,
              240.63135
            ]
          ]
        },
        "metadata": {
          "segment_id": 49569,
          "street_id": 322993714,
          "street_name": "V\u0129nh Ph\u00fa",
          "street_type": "unclassified",
          "street_level": 4,
          "street_group": "322993714",
          "composite": true
        },
        "length_hint": 106.9926920098826,
        "speed_limit": 11.11111111111111
      },
      {
        "start": "3297934062",
        "end": "3297934062",
        "reverse": false,
        "shape": {
          "type": "polyline",
          "points": [
            [
              512.18916,
              170.8068
            ],
            [
              516.17364,
              188.45025
            ],
            [
              512.18916,
              170.8068
            ]
          ]
        },
        "metadata": {
          "segment_id": 49572,
          "street_id": 322993714,
          "street_name": "V\u0129nh Ph\u00fa",
          "street_type": "unclassified",
          "street_level": 4,
          "street_group": "322993714",
          "composite": true
        },
        "length_hint": 36.17553918176755,
        "speed_limit": 11.11111111111111
      },
      {
        "start": "3297934062",
        "end": "3297934062",
        "reverse": false,
        "shape": {
          "type": "polyline",
          "points": [
            [
              512.18916,
              170.8068
            ],
            [
              505.72325,
              140.90895
            ],
            [
              512.18916,
              170.8068
            ]
          ]
        },
        "metadata": {
          "segment_id": 49573,
          "street_id": 322993714,
          "street_name": "V\u0129nh Ph\u00fa",
          "street_type": "unclassified",
          "street_level": 4,
          "street_group": "322993714",
          "composite": true
        },
        "length_hint": 61.17808191666687,
        "speed_limit": 11.11111111111111
      },
      {
        "start": "3297934053",
        "end": "3297934053",
        "reverse": false,
        "shape": {
          "type": "polyline",
          "points": [
            [
              499.56343,
              112.43745
            ],
            [
              504.58639,
              135.6531
            ],
            [
              499.56343,
              112.43745
            ]
          ]
        },
        "metadata": {
          "segment_id": 49578,
          "street_id": 322993714,
          "street_name": "V\u0129nh Ph\u00fa",
          "street_type": "unclassified",
          "street_level": 4,
          "street_group": "322993714",
          "composite": true
        },
        "length_hint": 47.50564312096406,
        "speed_limit": 11.11111111111111
      },
      {
        "start": "5755747294",
        "end": "5755747294",
        "reverse": false,
        "shape": {
          "type": "polyline",
          "points": [
            [
              504.58639,
              135.6531
            ],
            [
              505.72325,
              140.90895
            ],
            [
              504.58639,
              135.6531
            ]
          ]
        },
        "metadata": {
          "segment_id": 49576,
          "street_id": 322993714,
          "street_name": "V\u0129nh Ph\u00fa",
          "street_type": "unclassified",
          "street_level": 4,
          "street_group": "322993714",
          "composite": true
        },
        "length_hint": 10.754796117472452,
        "speed_limit": 11.11111111111111
      },
      {
        "start": "5755747288",
        "end": "5755747288",
        "reverse": false,
        "shape": {
          "type": "polyline",
          "points": [
            [
              531.88201,
              259.5513
            ],
            [
              543.17411,
              314.09115
            ],
            [
              531.88201,
              259.5513
            ]
          ]
        },
        "metadata": {
          "segment_id": 49566,
          "street_id": 322993714,
          "street_name": "V\u0129nh Ph\u00fa",
          "street_type": "unclassified",
          "street_level": 4,
          "street_group": "322993714",
          "composite": true
        },
        "length_hint": 111.39311936439343,
        "speed_limit": 11.11111111111111
      },
      {
        "start": "3297934073",
        "end": "3297934073",
        "reverse": false,
        "shape": {
          "type": "polyline",
          "points": [
            [
              556.71808,
              389.39355
            ],
            [
              567.13567,
              432.43935
            ],
            [
              556.71808,
              389.39355
            ]
          ]
        },
        "metadata": {
          "segment_id": 79002,
          "street_id": 607305210,
          "street_name": "V\u0129nh Ph\u00fa",
          "street_type": "unclassified",
          "street_level": 4,
          "street_group": "607305210",
          "composite": true
        },
        "length_hint": 88.57690622387078,
        "speed_limit": 11.11111111111111
      },
      {
        "start": "3297934073",
        "end": "3297934073",
        "reverse": false,
        "shape": {
          "type": "polyline",
          "points": [
            [
              556.71808,
              389.39355
            ],
            [
              543.17411,
              314.09115
            ],
            [
              556.71808,
              389.39355
            ]
          ]
        },
        "metadata": {
          "segment_id": 79003,
          "street_id": 607305210,
          "street_name": "V\u0129nh Ph\u00fa",
          "street_type": "unclassified",
          "street_level": 4,
          "street_group": "607305210",
          "composite": true
        },
        "length_hint": 153.02144384524536,
        "speed_limit": 11.11111111111111
      },
      {
        "start": "5755657946",
        "end": "5748066749",
        "reverse": false,
        "shape": {
          "type": "polyline",
          "points": [
            [
              219.39252,
              31.74045
            ],
            [
              216.26615,
              41.90805
            ],
            [
              211.98105,
              50.7048
            ],
            [
              206.87064,
              63.8361
            ],
            [
              198.38243,
              87.75105
            ],
            [
              191.61045,
              105.8496
            ],
            [
              187.91018,
              115.7286
            ],
            [
              176.57436,
              146.0205
            ],
            [
              171.49127,
              160.8945
            ],
            [
              157.59204,
              201.58155
            ],
            [
              150.84192,
              220.2129
            ],
            [
              134.41754,
              264.735
            ]
          ]
        },
        "metadata": {
          "segment_id": 79045,
          "street_id": 607305223,
          "street_name": "\u0110\u1ea1i l\u1ed9 B\u00ecnh D\u01b0\u01a1ng",
          "street_type": "trunk",
          "street_level": 1,
          "street_group": "607305223",
          "composite": true
        },
        "length_hint": 248.09205190212924,
        "speed_limit": 22.22222222222222
      },
      {
        "start": "5743031186",
        "end": "5742931674",
        "reverse": false,
        "shape": {
          "type": "polyline",
          "points": [
            [
              550.90806,
              436.71285
            ],
            [
              548.90762,
              439.4046
            ],
            [
              530.11113,
              444.70485
            ],
            [
              505.55382,
              446.96925
            ],
            [
              475.71665,
              448.13475
            ],
            [
              470.07607,
              448.35675
            ],
            [
              440.463,
              451.9365
            ],
            [
              418.9446,
              456.12675
            ]
          ]
        },
        "metadata": {
          "segment_id": 75420,
          "street_id": 605510954,
          "street_name": "V\u0129nh Ph\u00fa 41",
          "street_type": "unclassified",
          "street_level": 4,
          "street_group": "605510954",
          "composite": true
        },
        "length_hint": 134.80077601008483,
        "speed_limit": 11.11111111111111
      },
      {
        "start": "5742931674",
        "end": "5743031177",
        "reverse": false,
        "shape": {
          "type": "polyline",
          "points": [
            [
              418.9446,
              456.12675
            ],
            [
              367.52892,
              469.2636
            ],
            [
              362.76285,
              470.21265
            ],
            [
              352.49283,
              473.69805
            ],
            [
              348.98386,
              474.8913
            ],
            [
              343.07546,
              477.1113
            ],
            [
              303.35087,
              492.0297
            ],
            [
              201.57986,
              529.0482
            ],
            [
              180.39487,
              537.7506
            ],
            [
              175.07676,
              540.1149
            ]
          ]
        },
        "metadata": {
          "segment_id": 75516,
          "street_id": 605527970,
          "street_name": "V\u0129nh Ph\u00fa 41",
          "street_type": "unclassified",
          "street_level": 4,
          "street_group": "605527970",
          "composite": true
        },
        "length_hint": 258.2411534499398,
        "speed_limit": 11.11111111111111
      },
      {
        "start": "5743031186",
        "end": "5743031186",
        "reverse": false,
        "shape": {
          "type": "polyline",
          "points": [
            [
              550.90806,
              436.71285
            ],
            [
              555.57028,
              435.90255
            ],
            [
              550.90806,
              436.71285
            ]
          ]
        },
        "metadata": {
          "segment_id": 75511,
          "street_id": 605527967,
          "street_name": "V\u0129nh Ph\u00fa",
          "street_type": "unclassified",
          "street_level": 4,
          "street_group": "605527967",
          "composite": true
        },
        "length_hint": 9.464223458562339,
        "speed_limit": 11.11111111111111
      },
      {
        "start": "3297934074",
        "end": "3297934074",
        "reverse": false,
        "shape": {
          "type": "polyline",
          "points": [
            [
              567.13567,
              432.43935
            ],
            [
              559.64222,
              434.41515
            ],
            [
              567.13567,
              432.43935
            ]
          ]
        },
        "metadata": {
          "segment_id": 75506,
          "street_id": 605527967,
          "street_name": "V\u0129nh Ph\u00fa",
          "street_type": "unclassified",
          "street_level": 4,
          "street_group": "605527967",
          "composite": true
        },
        "length_hint": 15.499106882978872,
        "speed_limit": 11.11111111111111
      },
      {
        "start": "5742931676",
        "end": "5742931676",
        "reverse": false,
        "shape": {
          "type": "polyline",
          "points": [
            [
              559.64222,
              434.41515
            ],
            [
              555.57028,
              435.90255
            ],
            [
              559.64222,
              434.41515
            ]
          ]
        },
        "metadata": {
          "segment_id": 75508,
          "street_id": 605527967,
          "street_name": "V\u0129nh Ph\u00fa",
          "street_type": "unclassified",
          "street_level": 4,
          "street_group": "605527967",
          "composite": true
        },
        "length_hint": 8.670191260543106,
        "speed_limit": 11.11111111111111
      },
      {
        "start": "5742931681",
        "end": "5742931681",
        "reverse": false,
        "shape": {
          "type": "polyline",
          "points": [
            [
              575.33419,
              464.95125
            ],
            [
              567.13567,
              432.43935
            ],
            [
              575.33419,
              464.95125
            ]
          ]
        },
        "metadata": {
          "segment_id": 75428,
          "street_id": 605510957,
          "street_name": "V\u0129nh Ph\u00fa",
          "street_type": "unclassified",
          "street_level": 4,
          "street_group": "605510957",
          "composite": true
        },
        "length_hint": 67.05935793907969,
        "speed_limit": 11.11111111111111
      },
      {
        "start": "3656171909",
        "end": "3656171909",
        "reverse": false,
        "shape": {
          "type": "polyline",
          "points": [
            [
              540.37568,
              41.4807
            ],
            [
              509.58749,
              65.4567
            ],
            [
              540.37568,
              41.4807
            ]
          ]
        },
        "metadata": {
          "segment_id": 55081,
          "street_id": 361097020,
          "street_name": "V\u0129nh Ph\u00fa",
          "street_type": "unclassified",
          "street_level": 4,
          "street_group": "361097020",
          "composite": true
        },
        "length_hint": 78.04514640837313,
        "speed_limit": 11.11111111111111
      },
      {
        "start": "3297934074",
        "end": "3297934074",
        "reverse": false,
        "shape": {
          "type": "polyline",
          "points": [
            [
              567.13567,
              432.43935
            ],
            [
              568.10856,
              432.18405
            ],
            [
              567.13567,
              432.43935
            ]
          ]
        },
        "metadata": {
          "segment_id": 76035,
          "street_id": 606189079,
          "street_name": "V\u0129nh Ph\u00fa",
          "street_type": "unclassified",
          "street_level": 4,
          "street_group": "606189079",
          "composite": true
        },
        "length_hint": 2.0116590586876306,
        "speed_limit": 11.11111111111111
      },
      {
        "start": "5755657980",
        "end": "5755657980",
        "reverse": false,
        "shape": {
          "type": "polyline",
          "points": [
            [
              530.32976,
              120.68475
            ],
            [
              524.76023,
              97.87425
            ],
            [
              530.32976,
              120.68475
            ]
          ]
        },
        "metadata": {
          "segment_id": 75586,
          "street_id": 606179768,
          "street_name": "V\u0129nh Ph\u00fa",
          "street_type": "unclassified",
          "street_level": 4,
          "street_group": "606179768",
          "composite": true
        },
        "length_hint": 46.961199928064,
        "speed_limit": 11.11111111111111
      },
      {
        "start": "5755657980",
        "end": "5755657980",
        "reverse": false,
        "shape": {
          "type": "polyline",
          "points": [
            [
              530.32976,
              120.68475
            ],
            [
              538.47909,
              152.27535
            ],
            [
              530.32976,
              120.68475
            ]
          ]
        },
        "metadata": {
          "segment_id": 75587,
          "street_id": 606179768,
          "street_name": "V\u0129nh Ph\u00fa",
          "street_type": "unclassified",
          "street_level": 4,
          "street_group": "606179768",
          "composite": true
        },
        "length_hint": 65.24960039138637,
        "speed_limit": 11.11111111111111
      },
      {
        "start": "5755657957",
        "end": "5755657957",
        "reverse": false,
        "shape": {
          "type": "polyline",
          "points": [
            [
              555.89822,
              237.3624
            ],
            [
              548.02764,
              202.43625
            ],
            [
              555.89822,
              237.3624
            ]
          ]
        },
        "metadata": {
          "segment_id": 75592,
          "street_id": 606179768,
          "street_name": "V\u0129nh Ph\u00fa",
          "street_type": "unclassified",
          "street_level": 4,
          "street_group": "606179768",
          "composite": true
        },
        "length_hint": 71.6039659057765,
        "speed_limit": 11.11111111111111
      },
      {
        "start": "5755657957",
        "end": "5755657957",
        "reverse": false,
        "shape": {
          "type": "polyline",
          "points": [
            [
              555.89822,
              237.3624
            ],
            [
              556.49945,
              240.04305
            ],
            [
              555.89822,
              237.3624
            ]
          ]
        },
        "metadata": {
          "segment_id": 75593,
          "street_id": 606179768,
          "street_name": "V\u0129nh Ph\u00fa",
          "street_type": "residential",
          "street_level": 4,
          "street_group": "606179768",
          "composite": true
        },
        "length_hint": 5.494492491722928,
        "speed_limit": 8.333333333333334
      },
      {
        "start": "5755657959",
        "end": "5755657959",
        "reverse": false,
        "shape": {
          "type": "polyline",
          "points": [
            [
              538.47909,
              152.27535
            ],
            [
              548.02764,
              202.43625
            ],
            [
              538.47909,
              152.27535
            ]
          ]
        },
        "metadata": {
          "segment_id": 75589,
          "street_id": 606179768,
          "street_name": "V\u0129nh Ph\u00fa",
          "street_type": "unclassified",
          "street_level": 4,
          "street_group": "606179768",
          "composite": true
        },
        "length_hint": 102.12327248795935,
        "speed_limit": 11.11111111111111
      },
      {
        "start": "5748066763",
        "end": "5748066763",
        "reverse": false,
        "shape": {
          "type": "polyline",
          "points": [
            [
              556.49945,
              240.04305
            ],
            [
              565.58341,
              285.6363
            ],
            [
              556.49945,
              240.04305
            ]
          ]
        },
        "metadata": {
          "segment_id": 75595,
          "street_id": 606179768,
          "street_name": "V\u0129nh Ph\u00fa",
          "street_type": "unclassified",
          "street_level": 4,
          "street_group": "606179768",
          "composite": true
        },
        "length_hint": 92.97876692759696,
        "speed_limit": 11.11111111111111
      },
      {
        "start": "5755657978",
        "end": "5755657978",
        "reverse": false,
        "shape": {
          "type": "polyline",
          "points": [
            [
              523.58511,
              89.10525
            ],
            [
              523.73268,
              86.1804
            ],
            [
              523.58511,
              89.10525
            ]
          ]
        },
        "metadata": {
          "segment_id": 75582,
          "street_id": 606179768,
          "street_name": "V\u0129nh Ph\u00fa",
          "street_type": "unclassified",
          "street_level": 4,
          "street_group": "606179768",
          "composite": true
        },
        "length_hint": 5.8571407452442,
        "speed_limit": 11.11111111111111
      },
      {
        "start": "5755657978",
        "end": "5755657978",
        "reverse": false,
        "shape": {
          "type": "polyline",
          "points": [
            [
              523.58511,
              89.10525
            ],
            [
              524.76023,
              97.87425
            ],
            [
              523.58511,
              89.10525
            ]
          ]
        },
        "metadata": {
          "segment_id": 75583,
          "street_id": 606179768,
          "street_name": "V\u0129nh Ph\u00fa",
          "street_type": "unclassified",
          "street_level": 4,
          "street_group": "606179768",
          "composite": true
        },
        "length_hint": 17.694775275702156,
        "speed_limit": 11.11111111111111
      },
      {
        "start": "5755657977",
        "end": "5755657977",
        "reverse": false,
        "shape": {
          "type": "polyline",
          "points": [
            [
              523.73268,
              86.1804
            ],
            [
              529.15464,
              82.8171
            ],
            [
              523.73268,
              86.1804
            ]
          ]
        },
        "metadata": {
          "segment_id": 75580,
          "street_id": 606179768,
          "street_name": "V\u0129nh Ph\u00fa",
          "street_type": "unclassified",
          "street_level": 4,
          "street_group": "606179768",
          "composite": true
        },
        "length_hint": 12.760789494635542,
        "speed_limit": 11.11111111111111
      },
      {
        "start": "5755657972",
        "end": "5755657972",
        "reverse": false,
        "shape": {
          "type": "polyline",
          "points": [
            [
              574.36677,
              56.9541
            ],
            [
              573.37748,
              57.8199
            ],
            [
              574.36677,
              56.9541
            ]
          ]
        },
        "metadata": {
          "segment_id": 75569,
          "street_id": 606179768,
          "street_name": "V\u0129nh Ph\u00fa",
          "street_type": "residential",
          "street_level": 4,
          "street_group": "606179768",
          "composite": true
        },
        "length_hint": 2.629299788232575,
        "speed_limit": 8.333333333333334
      },
      {
        "start": "5755657975",
        "end": "5755657975",
        "reverse": false,
        "shape": {
          "type": "polyline",
          "points": [
            [
              543.8136,
              74.7807
            ],
            [
              556.71808,
              68.34825
            ],
            [
              543.8136,
              74.7807
            ]
          ]
        },
        "metadata": {
          "segment_id": 75576,
          "street_id": 606179768,
          "street_name": "V\u0129nh Ph\u00fa",
          "street_type": "unclassified",
          "street_level": 4,
          "street_group": "606179768",
          "composite": true
        },
        "length_hint": 28.83761550980947,
        "speed_limit": 11.11111111111111
      },
      {
        "start": "5755657975",
        "end": "5755657975",
        "reverse": false,
        "shape": {
          "type": "polyline",
          "points": [
            [
              543.8136,
              74.7807
            ],
            [
              529.15464,
              82.8171
            ],
            [
              543.8136,
              74.7807
            ]
          ]
        },
        "metadata": {
          "segment_id": 75577,
          "street_id": 606179768,
          "street_name": "V\u0129nh Ph\u00fa",
          "street_type": "unclassified",
          "street_level": 4,
          "street_group": "606179768",
          "composite": true
        },
        "length_hint": 33.43464270732376,
        "speed_limit": 11.11111111111111
      },
      {
        "start": "5755657973",
        "end": "5755657973",
        "reverse": false,
        "shape": {
          "type": "polyline",
          "points": [
            [
              571.08189,
              60.88905
            ],
            [
              573.37748,
              57.8199
            ],
            [
              571.08189,
              60.88905
            ]
          ]
        },
        "metadata": {
          "segment_id": 75572,
          "street_id": 606179768,
          "street_name": "V\u0129nh Ph\u00fa",
          "street_type": "unclassified",
          "street_level": 4,
          "street_group": "606179768",
          "composite": true
        },
        "length_hint": 7.665354569907321,
        "speed_limit": 11.11111111111111
      },
      {
        "start": "5755657973",
        "end": "5755657973",
        "reverse": false,
        "shape": {
          "type": "polyline",
          "points": [
            [
              571.08189,
              60.88905
            ],
            [
              556.71808,
              68.34825
            ],
            [
              571.08189,
              60.88905
            ]
          ]
        },
        "metadata": {
          "segment_id": 75573,
          "street_id": 606179768,
          "street_name": "V\u0129nh Ph\u00fa",
          "street_type": "unclassified",
          "street_level": 4,
          "street_group": "606179768",
          "composite": true
        },
        "length_hint": 32.37027663496879,
        "speed_limit": 11.11111111111111
      },
      {
        "start": "5755657969",
        "end": "5755657969",
        "reverse": false,
        "shape": {
          "type": "polyline",
          "points": [
            [
              576.799,
              13.38105
            ],
            [
              573.28456,
              32.8227
            ],
            [
              576.799,
              13.38105
            ]
          ]
        },
        "metadata": {
          "segment_id": 78991,
          "street_id": 607292666,
          "street_name": "V\u0129nh Ph\u00fa",
          "street_type": "unclassified",
          "street_level": 4,
          "street_group": "607292666",
          "composite": true
        },
        "length_hint": 39.51349355529573,
        "speed_limit": 11.11111111111111
      },
      {
        "start": "5755657971",
        "end": "5755657971",
        "reverse": false,
        "shape": {
          "type": "polyline",
          "points": [
            [
              573.72182,
              41.15325
            ],
            [
              573.28456,
              32.8227
            ],
            [
              573.72182,
              41.15325
            ]
          ]
        },
        "metadata": {
          "segment_id": 78994,
          "street_id": 607292666,
          "street_name": "V\u0129nh Ph\u00fa",
          "street_type": "unclassified",
          "street_level": 4,
          "street_group": "607292666",
          "composite": true
        },
        "length_hint": 16.684035436320553,
        "speed_limit": 11.11111111111111
      },
      {
        "start": "5755657971",
        "end": "5755657971",
        "reverse": false,
        "shape": {
          "type": "polyline",
          "points": [
            [
              573.72182,
              41.15325
            ],
            [
              574.36677,
              56.9541
            ],
            [
              573.72182,
              41.15325
            ]
          ]
        },
        "metadata": {
          "segment_id": 78971,
          "street_id": 607292664,
          "street_name": "V\u0129nh Ph\u00fa",
          "street_type": "unclassified",
          "street_level": 4,
          "street_group": "607292664",
          "composite": true
        },
        "length_hint": 31.628014242124017,
        "speed_limit": 11.11111111111111
      },
      {
        "start": "5742931711",
        "end": "5742931711",
        "reverse": false,
        "shape": {
          "type": "polyline",
          "points": [
            [
              629.43352,
              577.3665
            ],
            [
              601.28526,
              448.1403
            ],
            [
              629.43352,
              577.3665
            ]
          ]
        },
        "metadata": {
          "segment_id": 72071,
          "street_id": 604114521,
          "street_name": "V\u0129nh Ph\u00fa",
          "street_type": "unclassified",
          "street_level": 4,
          "street_group": "604114521",
          "composite": true
        },
        "length_hint": 264.5126485253028,
        "speed_limit": 11.11111111111111
      },
      {
        "start": "5742931711",
        "end": "5742931711",
        "reverse": false,
        "shape": {
          "type": "polyline",
          "points": [
            [
              629.43352,
              577.3665
            ],
            [
              653.03434,
              674.43045
            ],
            [
              629.43352,
              577.3665
            ]
          ]
        },
        "metadata": {
          "segment_id": 72072,
          "street_id": 604114521,
          "street_name": "V\u0129nh Ph\u00fa",
          "street_type": "unclassified",
          "street_level": 4,
          "street_group": "604114521",
          "composite": true
        },
        "length_hint": 199.78397427496427,
        "speed_limit": 11.11111111111111
      },
      {
        "start": "5742931708",
        "end": "5742931708",
        "reverse": false,
        "shape": {
          "type": "polyline",
          "points": [
            [
              655.24794,
              681.3735
            ],
            [
              653.03434,
              674.43045
            ],
            [
              655.24794,
              681.3735
            ]
          ]
        },
        "metadata": {
          "segment_id": 72075,
          "street_id": 604114521,
          "street_name": "V\u0129nh Ph\u00fa",
          "street_type": "unclassified",
          "street_level": 4,
          "street_group": "604114521",
          "composite": true
        },
        "length_hint": 14.574768370372253,
        "speed_limit": 11.11111111111111
      },
      {
        "start": "5742931710",
        "end": "5742931710",
        "reverse": false,
        "shape": {
          "type": "polyline",
          "points": [
            [
              601.28526,
              448.1403
            ],
            [
              596.30602,
              424.54725
            ],
            [
              601.28526,
              448.1403
            ]
          ]
        },
        "metadata": {
          "segment_id": 72069,
          "street_id": 604114521,
          "street_name": "V\u0129nh Ph\u00fa",
          "street_type": "unclassified",
          "street_level": 4,
          "street_group": "604114521",
          "composite": true
        },
        "length_hint": 48.22550525521118,
        "speed_limit": 11.11111111111111
      },
      {
        "start": "5748066764",
        "end": "5748066764",
        "reverse": false,
        "shape": {
          "type": "polyline",
          "points": [
            [
              565.95508,
              287.4789
            ],
            [
              565.58341,
              285.6363
            ],
            [
              565.95508,
              287.4789
            ]
          ]
        },
        "metadata": {
          "segment_id": 78996,
          "street_id": 607305208,
          "street_name": "V\u0129nh Ph\u00fa",
          "street_type": "unclassified",
          "street_level": 4,
          "street_group": "607305208",
          "composite": true
        },
        "length_hint": 3.759421949661949,
        "speed_limit": 11.11111111111111
      },
      {
        "start": "5748066764",
        "end": "5748066764",
        "reverse": false,
        "shape": {
          "type": "polyline",
          "points": [
            [
              565.95508,
              287.4789
            ],
            [
              572.44285,
              316.794
            ],
            [
              565.95508,
              287.4789
            ]
          ]
        },
        "metadata": {
          "segment_id": 78997,
          "street_id": 607305208,
          "street_name": "V\u0129nh Ph\u00fa",
          "street_type": "unclassified",
          "street_level": 4,
          "street_group": "607305208",
          "composite": true
        },
        "length_hint": 60.04885502931423,
        "speed_limit": 11.11111111111111
      },
      {
        "start": "5742931709",
        "end": "5742931709",
        "reverse": false,
        "shape": {
          "type": "polyline",
          "points": [
            [
              596.30602,
              424.54725
            ],
            [
              572.44285,
              316.794
            ],
            [
              596.30602,
              424.54725
            ]
          ]
        },
        "metadata": {
          "segment_id": 79000,
          "street_id": 607305208,
          "street_name": "V\u0129nh Ph\u00fa",
          "street_type": "unclassified",
          "street_level": 4,
          "street_group": "607305208",
          "composite": true
        },
        "length_hint": 220.7280115256005,
        "speed_limit": 11.11111111111111
      },
      {
        "start": "5742932283",
        "end": "5742932283",
        "reverse": false,
        "shape": {
          "type": "polyline",
          "points": [
            [
              85.0187,
              631.0239
            ],
            [
              84.52132,
              636.8292
            ],
            [
              85.0187,
              631.0239
            ]
          ]
        },
        "metadata": {
          "segment_id": 75430,
          "street_id": 605510995,
          "street_name": "Th\u00e0nh ph\u1ed1 Thu\u1eadn An",
          "street_type": "secondary_link",
          "street_level": 3,
          "street_group": "605510995",
          "composite": true
        },
        "length_hint": 11.653136050763306,
        "speed_limit": 11.11111111111111
      },
      {
        "start": "2338830289",
        "end": "2338830289",
        "reverse": false,
        "shape": {
          "type": "polyline",
          "points": [
            [
              243.46885,
              667.1988
            ],
            [
              242.33199,
              668.5086
            ],
            [
              243.46885,
              667.1988
            ]
          ]
        },
        "metadata": {
          "segment_id": 83714,
          "street_id": 618139681,
          "street_name": "\u0110\u1ea1i l\u1ed9 B\u00ecnh D\u01b0\u01a1ng",
          "street_type": "tertiary",
          "street_level": 4,
          "street_group": "618139681",
          "composite": true
        },
        "length_hint": 3.4687327366633585,
        "speed_limit": 22.22222222222222
      },
      {
        "start": "5742932294",
        "end": "5742932294",
        "reverse": false,
        "shape": {
          "type": "polyline",
          "points": [
            [
              257.83813,
              707.1255
            ],
            [
              241.39736,
              670.2735
            ],
            [
              257.83813,
              707.1255
            ]
          ]
        },
        "metadata": {
          "segment_id": 83719,
          "street_id": 618139681,
          "street_name": "Th\u00e0nh ph\u1ed1 Thu\u1eadn An",
          "street_type": "tertiary",
          "street_level": 4,
          "street_group": "618139681",
          "composite": true
        },
        "length_hint": 80.70610440835063,
        "speed_limit": 13.88888888888889
      },
      {
        "start": "5743031168",
        "end": "5743031168",
        "reverse": false,
        "shape": {
          "type": "polyline",
          "points": [
            [
              242.33199,
              668.5086
            ],
            [
              241.39736,
              670.2735
            ],
            [
              242.33199,
              668.5086
            ]
          ]
        },
        "metadata": {
          "segment_id": 83716,
          "street_id": 618139681,
          "street_name": "Th\u00e0nh ph\u1ed1 Thu\u1eadn An",
          "street_type": "tertiary",
          "street_level": 4,
          "street_group": "618139681",
          "composite": true
        },
        "length_hint": 3.9941984161531274,
        "speed_limit": 13.88888888888889
      },
      {
        "start": "5742932299",
        "end": "5742932296",
        "reverse": false,
        "shape": {
          "type": "polyline",
          "points": [
            [
              191.88373,
              634.9755
            ],
            [
              202.67299,
              624.58035
            ],
            [
              204.25257,
              614.53485
            ],
            [
              202.61834,
              608.1579
            ]
          ]
        },
        "metadata": {
          "segment_id": 75431,
          "street_id": 605510998,
          "street_name": "Th\u00e0nh ph\u1ed1 Thu\u1eadn An",
          "street_type": "trunk_link",
          "street_level": 3,
          "street_group": "605510998",
          "composite": true
        },
        "length_hint": 31.734185806537127,
        "speed_limit": 12.5
      },
      {
        "start": "5743031174",
        "end": "5743031174",
        "reverse": false,
        "shape": {
          "type": "polyline",
          "points": [
            [
              475.13729,
              443.0565
            ],
            [
              475.71665,
              448.13475
            ],
            [
              475.13729,
              443.0565
            ]
          ]
        },
        "metadata": {
          "segment_id": 75485,
          "street_id": 605527965,
          "street_name": "V\u0129nh Ph\u00fa",
          "street_type": "unclassified",
          "street_level": 4,
          "street_group": "605527965",
          "composite": true
        },
        "length_hint": 10.22238349351064,
        "speed_limit": 11.11111111111111
      },
      {
        "start": "5743031179",
        "end": "5743031179",
        "reverse": false,
        "shape": {
          "type": "polyline",
          "points": [
            [
              350.84766,
              468.9084
            ],
            [
              352.49283,
              473.69805
            ],
            [
              350.84766,
              468.9084
            ]
          ]
        },
        "metadata": {
          "segment_id": 75513,
          "street_id": 605527968,
          "street_name": "V\u0129nh Ph\u00fa",
          "street_type": "unclassified",
          "street_level": 4,
          "street_group": "605527968",
          "composite": true
        },
        "length_hint": 10.128638892052676,
        "speed_limit": 11.11111111111111
      },
      {
        "start": "5743031182",
        "end": "5743031182",
        "reverse": false,
        "shape": {
          "type": "polyline",
          "points": [
            [
              303.35087,
              492.0297
            ],
            [
              301.65651,
              487.3566
            ],
            [
              303.35087,
              492.0297
            ]
          ]
        },
        "metadata": {
          "segment_id": 75514,
          "street_id": 605527969,
          "street_name": "V\u0129nh Ph\u00fa",
          "street_type": "unclassified",
          "street_level": 4,
          "street_group": "605527969",
          "composite": true
        },
        "length_hint": 9.941573199368328,
        "speed_limit": 11.11111111111111
      },
      {
        "start": "2338830282",
        "end": "2338830282",
        "reverse": false,
        "shape": {
          "type": "polyline",
          "points": [
            [
              115.53361,
              367.188
            ],
            [
              110.24829,
              368.0538
            ],
            [
              115.53361,
              367.188
            ]
          ]
        },
        "metadata": {
          "segment_id": 37849,
          "street_id": 225058625,
          "street_name": "\u0110\u1ea1i l\u1ed9 B\u00ecnh D\u01b0\u01a1ng",
          "street_type": "trunk_link",
          "street_level": 3,
          "street_group": "225058625",
          "composite": true
        },
        "length_hint": 10.711529702596179,
        "speed_limit": 22.22222222222222
      },
      {
        "start": "2338830245",
        "end": "2338830289",
        "reverse": false,
        "shape": {
          "type": "polyline",
          "points": [
            [
              254.67897,
              678.29325
            ],
            [
              243.46885,
              667.1988
            ]
          ]
        },
        "metadata": {
          "segment_id": 37876,
          "street_id": 225058628,
          "street_name": "\u0110\u1ea1i l\u1ed9 B\u00ecnh D\u01b0\u01a1ng",
          "street_type": "trunk",
          "street_level": 1,
          "street_group": "225058628",
          "composite": true
        },
        "length_hint": 15.771924778444081,
        "speed_limit": 22.22222222222222
      },
      {
        "start": "2338830248",
        "end": "5757534364",
        "reverse": false,
        "shape": {
          "type": "polyline",
          "points": [
            [
              225.17521,
              6.66
            ],
            [
              229.07771,
              0.0
            ]
          ]
        },
        "metadata": {
          "segment_id": 79158,
          "street_id": 607553133,
          "street_name": "\u0110\u1ea1i l\u1ed9 B\u00ecnh D\u01b0\u01a1ng",
          "street_type": "trunk",
          "street_level": 1,
          "street_group": "607553133",
          "composite": true
        },
        "length_hint": 7.719138957811294,
        "speed_limit": 22.22222222222222
      }
    ]
  }
}