{
  "observation": {
    "type": "Kinematics"
  },
  "action": {
    "type": "DiscreteMetaAction"
  },
  "simulation_frequency": 15,
  "policy_frequency": 1,
  "other_vehicles_type": "highway_env.vehicle.behavior.IDMVehicle",
  "screen_width": 600,
  "screen_height": 150,
  "centering_position": [
    0.3,
    0.5
  ],
  "scaling": 5.5,
  "show_trajectories": false,
  "render_agent": true,
  "offscreen_rendering": false,
  "manual_control": false,
  "real_time_rendering": false,
  "destination": null,
  "initial_vehicle_count": 0,
  "controlled_vehicles": 0,
  "spawn_probability": 0.0,
  "duration": 40.0,
  "collision_reward": -5,
  "high_speed_reward": 1.0,
  "arrived_reward": 1.0,
  "reward_speed_range": [
    6.0,
    12.0
  ],
  "auto_curve": false,
  "corner_radius": 25.0,
  "curve_samples": 8,
  "exit_distance": 5.0,
  "graph": {
    "nodes": {
      "5748274313": [
        15.29845,
        192.363
      ],
      "5740602123": [
        10.86031,
        13.764
      ],
      "5748274321": [
        33.02366,
        273.99795
      ],
      "5748274324": [
        43.61068,
        320.34045
      ],
      "5748274325": [
        30.41653,
        262.58715
      ],
      "5748274326": [
        15.46242,
        194.45535
      ],
      "5748274327": [
        10.04046,
        126.0294
      ],
      "5750592036": [
        1.08221,
        14.6187
      ],
      "5750592037": [
        127.49799,
        688.9659
      ],
      "5750592039": [
        118.9278,
        689.95935
      ],
      "5740600497": [
        4.32336,
        66.27255
      ],
      "5748274248": [
        8.30784,
        108.558
      ],
      "5740561104": [
        3.29581,
        43.45095
      ],
      "5740561105": [
        4.90818,
        74.27565
      ],
      "5740561106": [
        3.00066,
        48.2517
      ],
      "5740098138": [
        9.05117,
        14.2524
      ],
      "5750482522": [
        72.71545,
        456.0324
      ],
      "5750482524": [
        94.35955,
        560.67765
      ],
      "5750482528": [
        66.55562,
        427.4832
      ],
      "5750482529": [
        64.80114,
        419.34135
      ],
      "5740098148": [
        20.70947,
        11.1111
      ],
      "5740098149": [
        41.08554,
        7.0152
      ],
      "5740098150": [
        4.39441,
        14.25795
      ],
      "5740098151": [
        82.86522,
        0.0
      ],
      "5740098152": [
        0.0,
        12.3543
      ],
      "5750482542": [
        97.9997,
        577.94925
      ],
      "5750482543": [
        87.29789,
        527.2167
      ],
      "5750482544": [
        75.42643,
        468.59205
      ],
      "5750482545": [
        64.13432,
        416.25
      ],
      "5750482546": [
        56.07244,
        379.5534
      ],
      "3400476915": [
        235.00251,
        676.20645
      ],
      "3400476916": [
        208.7563,
        677.2554
      ],
      "3400476917": [
        126.54149,
        689.02695
      ],
      "3400476918": [
        120.05919,
        689.81505
      ],
      "366379515": [
        1.86926,
        14.62425
      ]
    },
    "edges": [
      {
        "start": "5748274324",
        "end": "5748274324",
        "reverse": false,
        "shape": {
          "type": "polyline",
          "points": [
            [
              43.61068,
              320.34045
            ],
            [
              33.02366,
              273.99795
            ],
            [
              43.61068,
              320.34045
            ]
          ]
        },
        "metadata": {
          "segment_id": 74738,
          "street_id": 605189037,
          "street_name": "X\u00e3 Xu\u00e2n Th\u1edbi Th\u01b0\u1ee3ng",
          "street_type": "unclassified",
          "street_level": 4,
          "street_group": "605189037",
          "composite": true
        },
        "length_hint": 95.072862557733,
        "speed_limit": 11.11111111111111
      },
      {
        "start": "5748274324",
        "end": "5748274324",
        "reverse": false,
        "shape": {
          "type": "polyline",
          "points": [
            [
              43.61068,
              320.34045
            ],
            [
              56.07244,
              379.5534
            ],
            [
              43.61068,
              320.34045
            ]
          ]
        },
        "metadata": {
          "segment_id": 74739,
          "street_id": 605189037,
          "street_name": "X\u00e3 Xu\u00e2n Th\u1edbi Th\u01b0\u1ee3ng",
          "street_type": "unclassified",
          "street_level": 4,
          "street_group": "605189037",
          "composite": true
        },
        "length_hint": 121.02014559568343,
        "speed_limit": 11.11111111111111
      },
      {
        "start": "5750482545",
        "end": "5750482545",
        "reverse": false,
        "shape": {
          "type": "polyline",
          "points": [
            [
              64.13432,
              416.25
            ],
            [
              56.07244,
              379.5534
            ],
            [
              64.13432,
              416.25
            ]
          ]
        },
        "metadata": {
          "segment_id": 74742,
          "street_id": 605189037,
          "street_name": "X\u00e3 Xu\u00e2n Th\u1edbi Th\u01b0\u1ee3ng",
          "street_type": "unclassified",
          "street_level": 4,
          "street_group": "605189037",
          "composite": true
        },
        "length_hint": 75.14344577391695,
        "speed_limit": 11.11111111111111
      },
      {
        "start": "5750482545",
        "end": "5750482545",
        "reverse": false,
        "shape": {
          "type": "polyline",
          "points": [
            [
              64.13432,
              416.25
            ],
            [
              64.80114,
              419.34135
            ],
            [
              64.13432,
              416.25
            ]
          ]
        },
        "metadata": {
          "segment_id": 74743,
          "street_id": 605189037,
          "street_name": "X\u00e3 Xu\u00e2n Th\u1edbi Th\u01b0\u1ee3ng",
          "street_type": "unclassified",
          "street_level": 4,
          "street_group": "605189037",
          "composite": true
        },
        "length_hint": 6.324901180224039,
        "speed_limit": 11.11111111111111
      },
      {
        "start": "5750592039",
        "end": "5750592039",
        "reverse": false,
        "shape": {
          "type": "polyline",
          "points": [
            [
              118.9278,
              689.95935
            ],
            [
              97.9997,
              577.94925
            ],
            [
              118.9278,
              689.95935
            ]
          ]
        },
        "metadata": {
          "segment_id": 74758,
          "street_id": 605189037,
          "street_name": "X\u00e3 Xu\u00e2n Th\u1edbi Th\u01b0\u1ee3ng",
          "street_type": "unclassified",
          "street_level": 4,
          "street_group": "605189037",
          "composite": true
        },
        "length_hint": 227.89688783851344,
        "speed_limit": 11.11111111111111
      },
      {
        "start": "5750482528",
        "end": "5750482528",
        "reverse": false,
        "shape": {
          "type": "polyline",
          "points": [
            [
              66.55562,
              427.4832
            ],
            [
              64.80114,
              419.34135
            ],
            [
              66.55562,
              427.4832
            ]
          ]
        },
        "metadata": {
          "segment_id": 74746,
          "street_id": 605189037,
          "street_name": "X\u00e3 Xu\u00e2n Th\u1edbi Th\u01b0\u1ee3ng",
          "street_type": "unclassified",
          "street_level": 4,
          "street_group": "605189037",
          "composite": true
        },
        "length_hint": 16.657481381397435,
        "speed_limit": 11.11111111111111
      },
      {
        "start": "5750482528",
        "end": "5750482528",
        "reverse": false,
        "shape": {
          "type": "polyline",
          "points": [
            [
              66.55562,
              427.4832
            ],
            [
              72.71545,
              456.0324
            ],
            [
              66.55562,
              427.4832
            ]
          ]
        },
        "metadata": {
          "segment_id": 74747,
          "street_id": 605189037,
          "street_name": "X\u00e3 Xu\u00e2n Th\u1edbi Th\u01b0\u1ee3ng",
          "street_type": "unclassified",
          "street_level": 4,
          "street_group": "605189037",
          "composite": true
        },
        "length_hint": 58.4123386372742,
        "speed_limit": 11.11111111111111
      },
      {
        "start": "5750482522",
        "end": "5750482522",
        "reverse": false,
        "shape": {
          "type": "polyline",
          "points": [
            [
              72.71545,
              456.0324
            ],
            [
              75.42643,
              468.59205
            ],
            [
              72.71545,
              456.0324
            ]
          ]
        },
        "metadata": {
          "segment_id": 74749,
          "street_id": 605189037,
          "street_name": "X\u00e3 Xu\u00e2n Th\u1edbi Th\u01b0\u1ee3ng",
          "street_type": "unclassified",
          "street_level": 4,
          "street_group": "605189037",
          "composite": true
        },
        "length_hint": 25.697799180700233,
        "speed_limit": 11.11111111111111
      },
      {
        "start": "5750482524",
        "end": "5750482524",
        "reverse": false,
        "shape": {
          "type": "polyline",
          "points": [
            [
              94.35955,
              560.67765
            ],
            [
              87.29789,
              527.2167
            ],
            [
              94.35955,
              560.67765
            ]
          ]
        },
        "metadata": {
          "segment_id": 74754,
          "street_id": 605189037,
          "street_name": "X\u00e3 Xu\u00e2n Th\u1edbi Th\u01b0\u1ee3ng",
          "street_type": "unclassified",
          "street_level": 4,
          "street_group": "605189037",
          "composite": true
        },
        "length_hint": 68.39597113450768,
        "speed_limit": 11.11111111111111
      },
      {
        "start": "5750482524",
        "end": "5750482524",
        "reverse": false,
        "shape": {
          "type": "polyline",
          "points": [
            [
              94.35955,
              560.67765
            ],
            [
              97.9997,
              577.94925
            ],
            [
              94.35955,
              560.67765
            ]
          ]
        },
        "metadata": {
          "segment_id": 74755,
          "street_id": 605189037,
          "street_name": "X\u00e3 Xu\u00e2n Th\u1edbi Th\u01b0\u1ee3ng",
          "street_type": "unclassified",
          "street_level": 4,
          "street_group": "605189037",
          "composite": true
        },
        "length_hint": 35.30205991624292,
        "speed_limit": 11.11111111111111
      },
      {
        "start": "5750482544",
        "end": "5750482544",
        "reverse": false,
        "shape": {
          "type": "polyline",
          "points": [
            [
              75.42643,
              468.59205
            ],
            [
              87.29789,
              527.2167
            ],
            [
              75.42643,
              468.59205
            ]
          ]
        },
        "metadata": {
          "segment_id": 74751,
          "street_id": 605189037,
          "street_name": "X\u00e3 Xu\u00e2n Th\u1edbi Th\u01b0\u1ee3ng",
          "street_type": "unclassified",
          "street_level": 4,
          "street_group": "605189037",
          "composite": true
        },
        "length_hint": 119.62911268005121,
        "speed_limit": 11.11111111111111
      },
      {
        "start": "5740600497",
        "end": "5740600497",
        "reverse": false,
        "shape": {
          "type": "polyline",
          "points": [
            [
              4.32336,
              66.27255
            ],
            [
              3.00066,
              48.2517
            ],
            [
              4.32336,
              66.27255
            ]
          ]
        },
        "metadata": {
          "segment_id": 74722,
          "street_id": 605189037,
          "street_name": "X\u00e3 Xu\u00e2n Th\u1edbi Th\u01b0\u1ee3ng",
          "street_type": "unclassified",
          "street_level": 4,
          "street_group": "605189037",
          "composite": true
        },
        "length_hint": 36.138653545061686,
        "speed_limit": 11.11111111111111
      },
      {
        "start": "5740600497",
        "end": "5740600497",
        "reverse": false,
        "shape": {
          "type": "polyline",
          "points": [
            [
              4.32336,
              66.27255
            ],
            [
              4.90818,
              74.27565
            ],
            [
              4.32336,
              66.27255
            ]
          ]
        },
        "metadata": {
          "segment_id": 74723,
          "street_id": 605189037,
          "street_name": "X\u00e3 Xu\u00e2n Th\u1edbi Th\u01b0\u1ee3ng",
          "street_type": "unclassified",
          "street_level": 4,
          "street_group": "605189037",
          "composite": true
        },
        "length_hint": 16.048878346152428,
        "speed_limit": 11.11111111111111
      },
      {
        "start": "5740561104",
        "end": "5740561104",
        "reverse": false,
        "shape": {
          "type": "polyline",
          "points": [
            [
              3.29581,
              43.45095
            ],
            [
              1.86926,
              14.62425
            ],
            [
              3.29581,
              43.45095
            ]
          ]
        },
        "metadata": {
          "segment_id": 74718,
          "street_id": 605189037,
          "street_name": "X\u00e3 Xu\u00e2n Th\u1edbi Th\u01b0\u1ee3ng",
          "street_type": "unclassified",
          "street_level": 4,
          "street_group": "605189037",
          "composite": true
        },
        "length_hint": 57.72395266412375,
        "speed_limit": 11.11111111111111
      },
      {
        "start": "5740561104",
        "end": "5740561104",
        "reverse": false,
        "shape": {
          "type": "polyline",
          "points": [
            [
              3.29581,
              43.45095
            ],
            [
              3.00066,
              48.2517
            ],
            [
              3.29581,
              43.45095
            ]
          ]
        },
        "metadata": {
          "segment_id": 74719,
          "street_id": 605189037,
          "street_name": "X\u00e3 Xu\u00e2n Th\u1edbi Th\u01b0\u1ee3ng",
          "street_type": "unclassified",
          "street_level": 4,
          "street_group": "605189037",
          "composite": true
        },
        "length_hint": 9.619628700734765,
        "speed_limit": 11.11111111111111
      },
      {
        "start": "5748274327",
        "end": "5748274327",
        "reverse": false,
        "shape": {
          "type": "polyline",
          "points": [
            [
              10.04046,
              126.0294
            ],
            [
              8.30784,
              108.558
            ],
            [
              10.04046,
              126.0294
            ]
          ]
        },
        "metadata": {
          "segment_id": 74728,
          "street_id": 605189037,
          "street_name": "X\u00e3 Xu\u00e2n Th\u1edbi Th\u01b0\u1ee3ng",
          "street_type": "unclassified",
          "street_level": 4,
          "street_group": "605189037",
          "composite": true
        },
        "length_hint": 35.11420168674775,
        "speed_limit": 11.11111111111111
      },
      {
        "start": "5748274327",
        "end": "5748274327",
        "reverse": false,
        "shape": {
          "type": "polyline",
          "points": [
            [
              10.04046,
              126.0294
            ],
            [
              15.29845,
              192.363
            ],
            [
              10.04046,
              126.0294
            ]
          ]
        },
        "metadata": {
          "segment_id": 74729,
          "street_id": 605189037,
          "street_name": "X\u00e3 Xu\u00e2n Th\u1edbi Th\u01b0\u1ee3ng",
          "street_type": "unclassified",
          "street_level": 4,
          "street_group": "605189037",
          "composite": true
        },
        "length_hint": 133.08332649584773,
        "speed_limit": 11.11111111111111
      },
      {
        "start": "5748274248",
        "end": "5748274248",
        "reverse": false,
        "shape": {
          "type": "polyline",
          "points": [
            [
              8.30784,
              108.558
            ],
            [
              4.90818,
              74.27565
            ],
            [
              8.30784,
              108.558
            ]
          ]
        },
        "metadata": {
          "segment_id": 74726,
          "street_id": 605189037,
          "street_name": "X\u00e3 Xu\u00e2n Th\u1edbi Th\u01b0\u1ee3ng",
          "street_type": "unclassified",
          "street_level": 4,
          "street_group": "605189037",
          "composite": true
        },
        "length_hint": 68.90100752929817,
        "speed_limit": 11.11111111111111
      },
      {
        "start": "5748274326",
        "end": "5748274326",
        "reverse": false,
        "shape": {
          "type": "polyline",
          "points": [
            [
              15.46242,
              194.45535
            ],
            [
              15.29845,
              192.363
            ],
            [
              15.46242,
              194.45535
            ]
          ]
        },
        "metadata": {
          "segment_id": 74732,
          "street_id": 605189037,
          "street_name": "Huy\u1ec7n B\u00ecnh Ch\u00e1nh",
          "street_type": "residential",
          "street_level": 4,
          "street_group": "605189037",
          "composite": true
        },
        "length_hint": 4.19753007536577,
        "speed_limit": 8.333333333333334
      },
      {
        "start": "5748274326",
        "end": "5748274326",
        "reverse": false,
        "shape": {
          "type": "polyline",
          "points": [
            [
              15.46242,
              194.45535
            ],
            [
              30.41653,
              262.58715
            ],
            [
              15.46242,
              194.45535
            ]
          ]
        },
        "metadata": {
          "segment_id": 74733,
          "street_id": 605189037,
          "street_name": "X\u00e3 Xu\u00e2n Th\u1edbi Th\u01b0\u1ee3ng",
          "street_type": "unclassified",
          "street_level": 4,
          "street_group": "605189037",
          "composite": true
        },
        "length_hint": 139.50724106127396,
        "speed_limit": 11.11111111111111
      },
      {
        "start": "5748274325",
        "end": "5748274325",
        "reverse": false,
        "shape": {
          "type": "polyline",
          "points": [
            [
              30.41653,
              262.58715
            ],
            [
              33.02366,
              273.99795
            ],
            [
              30.41653,
              262.58715
            ]
          ]
        },
        "metadata": {
          "segment_id": 74735,
          "street_id": 605189037,
          "street_name": "X\u00e3 Xu\u00e2n Th\u1edbi Th\u01b0\u1ee3ng",
          "street_type": "unclassified",
          "street_level": 4,
          "street_group": "605189037",
          "composite": true
        },
        "length_hint": 23.40969743306392,
        "speed_limit": 11.11111111111111
      },
      {
        "start": "5740098151",
        "end": "5740098151",
        "reverse": false,
        "shape": {
          "type": "polyline",
          "points": [
            [
              82.86522,
              0.0
            ],
            [
              41.08554,
              7.0152
            ],
            [
              82.86522,
              0.0
            ]
          ]
        },
        "metadata": {
          "segment_id": 4126,
          "street_id": 32578663,
          "street_name": "Huy\u1ec7n B\u00ecnh Ch\u00e1nh",
          "street_type": "tertiary",
          "street_level": 4,
          "street_group": "32578663",
          "composite": true
        },
        "length_hint": 84.72909044578253,
        "speed_limit": 13.88888888888889
      },
      {
        "start": "5740602123",
        "end": "5740602123",
        "reverse": false,
        "shape": {
          "type": "polyline",
          "points": [
            [
              10.86031,
              13.764
            ],
            [
              20.70947,
              11.1111
            ],
            [
              10.86031,
              13.764
            ]
          ]
        },
        "metadata": {
          "segment_id": 4131,
          "street_id": 32578663,
          "street_name": "Huy\u1ec7n B\u00ecnh Ch\u00e1nh",
          "street_type": "tertiary",
          "street_level": 4,
          "street_group": "32578663",
          "composite": true
        },
        "length_hint": 20.40037559611097,
        "speed_limit": 13.88888888888889
      },
      {
        "start": "5740602123",
        "end": "5740602123",
        "reverse": false,
        "shape": {
          "type": "polyline",
          "points": [
            [
              10.86031,
              13.764
            ],
            [
              9.05117,
              14.2524
            ],
            [
              10.86031,
              13.764
            ]
          ]
        },
        "metadata": {
          "segment_id": 4132,
          "street_id": 32578663,
          "street_name": "Huy\u1ec7n B\u00ecnh Ch\u00e1nh",
          "street_type": "tertiary",
          "street_level": 4,
          "street_group": "32578663",
          "composite": true
        },
        "length_hint": 3.74781114764338,
        "speed_limit": 13.88888888888889
      },
      {
        "start": "5740098148",
        "end": "5740098148",
        "reverse": false,
        "shape": {
          "type": "polyline",
          "points": [
            [
              20.70947,
              11.1111
            ],
            [
              41.08554,
              7.0152
            ],
            [
              20.70947,
              11.1111
            ]
          ]
        },
        "metadata": {
          "segment_id": 4129,
          "street_id": 32578663,
          "street_name": "Huy\u1ec7n B\u00ecnh Ch\u00e1nh",
          "street_type": "tertiary",
          "street_level": 4,
          "street_group": "32578663",
          "composite": true
        },
        "length_hint": 41.567324929800336,
        "speed_limit": 13.88888888888889
      },
      {
        "start": "5740098152",
        "end": "5740098152",
        "reverse": false,
        "shape": {
          "type": "polyline",
          "points": [
            [
              0.0,
              12.3543
            ],
            [
              1.08221,
              14.6187
            ],
            [
              0.0,
              12.3543
            ]
          ]
        },
        "metadata": {
          "segment_id": 4078,
          "street_id": 32578658,
          "street_name": "Kinh Trung \u01b0\u01a1ng",
          "street_type": "tertiary",
          "street_level": 4,
          "street_group": "32578658",
          "composite": true
        },
        "length_hint": 5.019436559654879,
        "speed_limit": 13.88888888888889
      },
      {
        "start": "366379515",
        "end": "366379515",
        "reverse": false,
        "shape": {
          "type": "polyline",
          "points": [
            [
              1.86926,
              14.62425
            ],
            [
              1.08221,
              14.6187
            ],
            [
              1.86926,
              14.62425
            ]
          ]
        },
        "metadata": {
          "segment_id": 77393,
          "street_id": 606541834,
          "street_name": "X\u00e3 Xu\u00e2n Th\u1edbi Th\u01b0\u1ee3ng",
          "street_type": "tertiary",
          "street_level": 4,
          "street_group": "606541834",
          "composite": true
        },
        "length_hint": 1.5741391361630013,
        "speed_limit": 13.88888888888889
      },
      {
        "start": "3400476916",
        "end": "3400476916",
        "reverse": false,
        "shape": {
          "type": "polyline",
          "points": [
            [
              208.7563,
              677.2554
            ],
            [
              235.00251,
              676.20645
            ],
            [
              208.7563,
              677.2554
            ]
          ]
        },
        "metadata": {
          "segment_id": 54182,
          "street_id": 332925046,
          "street_name": "X\u00e3 Xu\u00e2n Th\u1edbi Th\u01b0\u1ee3ng",
          "street_type": "unclassified",
          "street_level": 4,
          "street_group": "332925046",
          "composite": true
        },
        "length_hint": 52.534325367957265,
        "speed_limit": 11.11111111111111
      },
      {
        "start": "3400476916",
        "end": "3400476916",
        "reverse": false,
        "shape": {
          "type": "polyline",
          "points": [
            [
              208.7563,
              677.2554
            ],
            [
              127.49799,
              688.9659
            ],
            [
              208.7563,
              677.2554
            ]
          ]
        },
        "metadata": {
          "segment_id": 54183,
          "street_id": 332925046,
          "street_name": "X\u00e3 Xu\u00e2n Th\u1edbi Th\u01b0\u1ee3ng",
          "street_type": "unclassified",
          "street_level": 4,
          "street_group": "332925046",
          "composite": true
        },
        "length_hint": 164.19559987169086,
        "speed_limit": 11.11111111111111
      },
      {
        "start": "3400476917",
        "end": "3400476917",
        "reverse": false,
        "shape": {
          "type": "polyline",
          "points": [
            [
              126.54149,
              689.02695
            ],
            [
              127.49799,
              688.9659
            ],
            [
              126.54149,
              689.02695
            ]
          ]
        },
        "metadata": {
          "segment_id": 54186,
          "street_id": 332925046,
          "street_name": "X\u00e3 Xu\u00e2n Th\u1edbi Th\u01b0\u1ee3ng",
          "street_type": "residential",
          "street_level": 4,
          "street_group": "332925046",
          "composite": true
        },
        "length_hint": 1.9168926443596295,
        "speed_limit": 8.333333333333334
      },
      {
        "start": "5750592039",
        "end": "5750592039",
        "reverse": false,
        "shape": {
          "type": "polyline",
          "points": [
            [
              118.9278,
              689.95935
            ],
            [
              120.05919,
              689.81505
            ],
            [
              118.9278,
              689.95935
            ]
          ]
        },
        "metadata": {
          "segment_id": 54188,
          "street_id": 332925047,
          "street_name": "X\u00e3 Xu\u00e2n Th\u1edbi Th\u01b0\u1ee3ng",
          "street_type": "unclassified",
          "street_level": 4,
          "street_group": "332925047",
          "composite": true
        },
        "length_hint": 2.2811101000170693,
        "speed_limit": 11.11111111111111
      },
      {
        "start": "5740098138",
        "end": "5740098138",
        "reverse": false,
        "shape": {
          "type": "polyline",
          "points": [
            [
              9.05117,
              14.2524
            ],
            [
              4.39441,
              14.25795
            ],
            [
              9.05117,
              14.2524
            ]
          ]
        },
        "metadata": {
          "segment_id": 74128,
          "street_id": 605111047,
          "street_name": "Huy\u1ec7n B\u00ecnh Ch\u00e1nh",
          "street_type": "tertiary",
          "street_level": 4,
          "street_group": "605111047",
          "composite": true
        },
        "length_hint": 9.31352661457517,
        "speed_limit": 13.88888888888889
      },
      {
        "start": "366379515",
        "end": "366379515",
        "reverse": false,
        "shape": {
          "type": "polyline",
          "points": [
            [
              1.86926,
              14.62425
            ],
            [
              4.39441,
              14.25795
            ],
            [
              1.86926,
              14.62425
            ]
          ]
        },
        "metadata": {
          "segment_id": 74127,
          "street_id": 605111046,
          "street_name": "Huy\u1ec7n B\u00ecnh Ch\u00e1nh",
          "street_type": "tertiary",
          "street_level": 4,
          "street_group": "605111046",
          "composite": true
        },
        "length_hint": 5.103159104907469,
        "speed_limit": 13.88888888888889
      },
      {
        "start": "3400476917",
        "end": "3400476917",
        "reverse": false,
        "shape": {
          "type": "polyline",
          "points": [
            [
              126.54149,
              689.02695
            ],
            [
              120.05919,
              689.81505
            ],
            [
              126.54149,
              689.02695
            ]
          ]
        },
        "metadata": {
          "segment_id": 54189,
          "street_id": 332925048,
          "street_name": "X\u00e3 Xu\u00e2n Th\u1edbi Th\u01b0\u1ee3ng",
          "street_type": "unclassified",
          "street_level": 4,
          "street_group": "332925048",
          "composite": true
        },
        "length_hint": 13.060063537364574,
        "speed_limit": 11.11111111111111
      }
    ]
  }
}