{
  "observation": {
    "type": "Kinematics"
  },
  "action": {
    "type": "DiscreteMetaAction"
  },
  "simulation_frequency": 15,
  "policy_frequency": 1,
  "other_vehicles_type": "highway_env.vehicle.behavior.IDMVehicle",
  "screen_width": 600,
  "screen_height": 150,
  "centering_position": [
    0.3,
    0.5
  ],
  "scaling": 5.5,
  "show_trajectories": false,
  "render_agent": true,
  "offscreen_rendering": false,
  "manual_control": false,
  "real_time_rendering": false,
  "destination": null,
  "initial_vehicle_count": 0,
  "controlled_vehicles": 0,
  "spawn_probability": 0.0,
  "duration": 40.0,
  "collision_reward": -5,
  "high_speed_reward": 1.0,
  "arrived_reward": 1.0,
  "reward_speed_range": [
    6.0,
    12.0
  ],
  "auto_curve": false,
  "corner_radius": 25.0,
  "curve_samples": 8,
  "exit_distance": 5.0,
  "graph": {
    "nodes": {
      "366473888": [
        292.35392,
        211.01655
      ],
      "2592830373": [
        985.5665,
        56.7654
      ],
      "2592830375": [
        490.32096,
        161.7603
      ],
      "2592830378": [
        2.55247,
        252.95235
      ],
      "366431290": [
        378.87568,
        369.963
      ],
      "366476477": [
        379.55889,
        355.0557
      ],
      "5740175298": [
        371.15814,
        340.81995
      ],
      "2592845378": [
        0.0,
        247.2192
      ],
      "366392389": [
        268.50168,
        0.0
      ],
      "2592845381": [
        982.13405,
        49.65585
      ],
      "5963818569": [
        273.24043,
        204.73395
      ],
      "5963818570": [
        268.84055,
        199.1007
      ],
      "366375244": [
        264.66477,
        21.36195
      ],
      "366369237": [
        299.83097,
        223.6317
      ],
      "366472286": [
        358.49962,
        319.37475
      ],
      "366446688": [
        341.3483,
        459.5067
      ],
      "366453093": [
        245.4201,
        136.308
      ],
      "2592845420": [
        490.38108,
        155.38335
      ],
      "366374769": [
        350.54705,
        437.11245
      ],
      "3029259378": [
        244.10834,
        132.6672
      ],
      "3029259379": [
        380.94171,
        359.9286
      ],
      "3029259385": [
        381.20953,
        363.7026
      ],
      "3029259389": [
        244.88446,
        127.0839
      ]
    },
    "edges": [
      {
        "start": "366453093",
        "end": "366453093",
        "reverse": false,
        "shape": {
          "type": "polyline",
          "points": [
            [
              245.4201,
              136.308
            ],
            [
              244.10834,
              132.6672
            ],
            [
              245.4201,
              136.308
            ]
          ]
        },
        "metadata": {
          "segment_id": 10735,
          "street_id": 32583648,
          "street_name": "Tr\u01b0\u1eddng L\u01b0u",
          "street_type": "unclassified",
          "street_level": 4,
          "street_group": "32583648",
          "composite": true
        },
        "length_hint": 7.73980334055068,
        "speed_limit": 11.11111111111111
      },
      {
        "start": "366453093",
        "end": "366453093",
        "reverse": false,
        "shape": {
          "type": "polyline",
          "points": [
            [
              245.4201,
              136.308
            ],
            [
              292.35392,
              211.01655
            ],
            [
              245.4201,
              136.308
            ]
          ]
        },
        "metadata": {
          "segment_id": 10736,
          "street_id": 32583648,
          "street_name": "Tr\u01b0\u1eddng L\u01b0u",
          "street_type": "unclassified",
          "street_level": 4,
          "street_group": "32583648",
          "composite": true
        },
        "length_hint": 176.45567038658635,
        "speed_limit": 11.11111111111111
      },
      {
        "start": "3029259378",
        "end": "3029259378",
        "reverse": false,
        "shape": {
          "type": "polyline",
          "points": [
            [
              244.10834,
              132.6672
            ],
            [
              244.88446,
              127.0839
            ],
            [
              244.10834,
              132.6672
            ]
          ]
        },
        "metadata": {
          "segment_id": 10733,
          "street_id": 32583648,
          "street_name": "Tr\u01b0\u1eddng L\u01b0u",
          "street_type": "unclassified",
          "street_level": 4,
          "street_group": "32583648",
          "composite": true
        },
        "length_hint": 11.273970222490403,
        "speed_limit": 11.11111111111111
      },
      {
        "start": "366375244",
        "end": "366375244",
        "reverse": false,
        "shape": {
          "type": "polyline",
          "points": [
            [
              264.66477,
              21.36195
            ],
            [
              268.50168,
              0.0
            ],
            [
              264.66477,
              21.36195
            ]
          ]
        },
        "metadata": {
          "segment_id": 10729,
          "street_id": 32583648,
          "street_name": "Tr\u01b0\u1eddng L\u01b0u",
          "street_type": "unclassified",
          "street_level": 4,
          "street_group": "32583648",
          "composite": true
        },
        "length_hint": 43.40759316758304,
        "speed_limit": 11.11111111111111
      },
      {
        "start": "366375244",
        "end": "366375244",
        "reverse": false,
        "shape": {
          "type": "polyline",
          "points": [
            [
              264.66477,
              21.36195
            ],
            [
              244.88446,
              127.0839
            ],
            [
              264.66477,
              21.36195
            ]
          ]
        },
        "metadata": {
          "segment_id": 10730,
          "street_id": 32583648,
          "street_name": "Tr\u01b0\u1eddng L\u01b0u",
          "street_type": "unclassified",
          "street_level": 4,
          "street_group": "32583648",
          "composite": true
        },
        "length_hint": 215.11291337805451,
        "speed_limit": 11.11111111111111
      },
      {
        "start": "366476477",
        "end": "366476477",
        "reverse": false,
        "shape": {
          "type": "polyline",
          "points": [
            [
              379.55889,
              355.0557
            ],
            [
              371.15814,
              340.81995
            ],
            [
              379.55889,
              355.0557
            ]
          ]
        },
        "metadata": {
          "segment_id": 10745,
          "street_id": 32583648,
          "street_name": "Tr\u01b0\u1eddng L\u01b0u",
          "street_type": "unclassified",
          "street_level": 4,
          "street_group": "32583648",
          "composite": true
        },
        "length_hint": 33.05929089529902,
        "speed_limit": 11.11111111111111
      },
      {
        "start": "366476477",
        "end": "366476477",
        "reverse": false,
        "shape": {
          "type": "polyline",
          "points": [
            [
              379.55889,
              355.0557
            ],
            [
              380.94171,
              359.9286
            ],
            [
              379.55889,
              355.0557
            ]
          ]
        },
        "metadata": {
          "segment_id": 10746,
          "street_id": 32583648,
          "street_name": "Tr\u01b0\u1eddng L\u01b0u",
          "street_type": "unclassified",
          "street_level": 4,
          "street_group": "32583648",
          "composite": true
        },
        "length_hint": 10.130616084404759,
        "speed_limit": 11.11111111111111
      },
      {
        "start": "366446688",
        "end": "366446688",
        "reverse": false,
        "shape": {
          "type": "polyline",
          "points": [
            [
              341.3483,
              459.5067
            ],
            [
              350.54705,
              437.11245
            ],
            [
              341.3483,
              459.5067
            ]
          ]
        },
        "metadata": {
          "segment_id": 10755,
          "street_id": 32583648,
          "street_name": "Tr\u01b0\u1eddng L\u01b0u",
          "street_type": "unclassified",
          "street_level": 4,
          "street_group": "32583648",
          "composite": true
        },
        "length_hint": 48.41980729515558,
        "speed_limit": 11.11111111111111
      },
      {
        "start": "3029259379",
        "end": "3029259379",
        "reverse": false,
        "shape": {
          "type": "polyline",
          "points": [
            [
              380.94171,
              359.9286
            ],
            [
              381.20953,
              363.7026
            ],
            [
              380.94171,
              359.9286
            ]
          ]
        },
        "metadata": {
          "segment_id": 10748,
          "street_id": 32583648,
          "street_name": "Tr\u01b0\u1eddng L\u01b0u",
          "street_type": "unclassified",
          "street_level": 4,
          "street_group": "32583648",
          "composite": true
        },
        "length_hint": 7.566981842822141,
        "speed_limit": 11.11111111111111
      },
      {
        "start": "3029259385",
        "end": "3029259385",
        "reverse": false,
        "shape": {
          "type": "polyline",
          "points": [
            [
              381.20953,
              363.7026
            ],
            [
              378.87568,
              369.963
            ],
            [
              381.20953,
              363.7026
            ]
          ]
        },
        "metadata": {
          "segment_id": 10750,
          "street_id": 32583648,
          "street_name": "Tr\u01b0\u1eddng L\u01b0u",
          "street_type": "unclassified",
          "street_level": 4,
          "street_group": "32583648",
          "composite": true
        },
        "length_hint": 13.362554244230402,
        "speed_limit": 11.11111111111111
      },
      {
        "start": "366431290",
        "end": "366431290",
        "reverse": false,
        "shape": {
          "type": "polyline",
          "points": [
            [
              378.87568,
              369.963
            ],
            [
              350.54705,
              437.11245
            ],
            [
              378.87568,
              369.963
            ]
          ]
        },
        "metadata": {
          "segment_id": 10752,
          "street_id": 32583648,
          "street_name": "Tr\u01b0\u1eddng L\u01b0u",
          "street_type": "unclassified",
          "street_level": 4,
          "street_group": "32583648",
          "composite": true
        },
        "length_hint": 145.76089891297184,
        "speed_limit": 11.11111111111111
      },
      {
        "start": "366473888",
        "end": "366473888",
        "reverse": false,
        "shape": {
          "type": "polyline",
          "points": [
            [
              292.35392,
              211.01655
            ],
            [
              299.83097,
              223.6317
            ],
            [
              292.35392,
              211.01655
            ]
          ]
        },
        "metadata": {
          "segment_id": 10738,
          "street_id": 32583648,
          "street_name": "Tr\u01b0\u1eddng L\u01b0u",
          "street_type": "unclassified",
          "street_level": 4,
          "street_group": "32583648",
          "composite": true
        },
        "length_hint": 29.329049505566964,
        "speed_limit": 11.11111111111111
      },
      {
        "start": "5740175298",
        "end": "5740175298",
        "reverse": false,
        "shape": {
          "type": "polyline",
          "points": [
            [
              371.15814,
              340.81995
            ],
            [
              358.49962,
              319.37475
            ],
            [
              371.15814,
              340.81995
            ]
          ]
        },
        "metadata": {
          "segment_id": 10743,
          "street_id": 32583648,
          "street_name": "Tr\u01b0\u1eddng L\u01b0u",
          "street_type": "unclassified",
          "street_level": 4,
          "street_group": "32583648",
          "composite": true
        },
        "length_hint": 49.80500905051219,
        "speed_limit": 11.11111111111111
      },
      {
        "start": "366369237",
        "end": "366369237",
        "reverse": false,
        "shape": {
          "type": "polyline",
          "points": [
            [
              299.83097,
              223.6317
            ],
            [
              358.49962,
              319.37475
            ],
            [
              299.83097,
              223.6317
            ]
          ]
        },
        "metadata": {
          "segment_id": 10740,
          "street_id": 32583648,
          "street_name": "Tr\u01b0\u1eddng L\u01b0u",
          "street_type": "unclassified",
          "street_level": 4,
          "street_group": "32583648",
          "composite": true
        },
        "length_hint": 224.57731066272035,
        "speed_limit": 11.11111111111111
      },
      {
        "start": "2592830373",
        "end": "2592830378",
        "reverse": false,
        "shape": {
          "type": "polyline",
          "points": [
            [
              985.5665,
              56.7654
            ],
            [
              490.32096,
              161.7603
            ],
            [
              273.24043,
              204.73395
            ],
            [
              2.55247,
              252.95235
            ]
          ]
        },
        "metadata": {
          "segment_id": 46930,
          "street_id": 294021800,
          "street_name": "Cao t\u1ed1c TP. H\u1ed3 Ch\u00ed Minh - Long Th\u00e0nh - D\u1ea7u Gi\u00e2y",
          "street_type": "motorway",
          "street_level": 1,
          "street_group": "294021800",
          "composite": true
        },
        "length_hint": 1002.4952588305066,
        "speed_limit": 33.333333333333336
      },
      {
        "start": "2592845378",
        "end": "2592845381",
        "reverse": false,
        "shape": {
          "type": "polyline",
          "points": [
            [
              0.0,
              247.2192
            ],
            [
              268.84055,
              199.1007
            ],
            [
              490.38108,
              155.38335
            ],
            [
              982.13405,
              49.65585
            ]
          ]
        },
        "metadata": {
          "segment_id": 47914,
          "street_id": 311687973,
          "street_name": "Cao t\u1ed1c TP. H\u1ed3 Ch\u00ed Minh - Long Th\u00e0nh - D\u1ea7u Gi\u00e2y",
          "street_type": "motorway",
          "street_level": 1,
          "street_group": "311687973",
          "composite": true
        },
        "length_hint": 1001.9159835764428,
        "speed_limit": 33.333333333333336
      }
    ]
  }
}