{
  "observation": {
    "type": "Kinematics"
  },
  "action": {
    "type": "DiscreteMetaAction"
  },
  "simulation_frequency": 15,
  "policy_frequency": 1,
  "other_vehicles_type": "highway_env.vehicle.behavior.IDMVehicle",
  "screen_width": 600,
  "screen_height": 150,
  "centering_position": [
    0.3,
    0.5
  ],
  "scaling": 5.5,
  "show_trajectories": false,
  "render_agent": true,
  "offscreen_rendering": false,
  "manual_control": false,
  "real_time_rendering": false,
  "destination": null,
  "initial_vehicle_count": 0,
  "controlled_vehicles": 0,
  "spawn_probability": 0.0,
  "duration": 40.0,
  "collision_reward": -5,
  "high_speed_reward": 1.0,
  "arrived_reward": 1.0,
  "reward_speed_range": [
    6.0,
    12.0
  ],
  "auto_curve": false,
  "corner_radius": 25.0,
  "curve_samples": 8,
  "exit_distance": 5.0,
  "graph": {
    "nodes": {
      "2233541505": [
        136.72406,
        130.8246
      ],
      "366417922": [
        52.45416,
        54.47325
      ],
      "366450946": [
        312.95954,
        224.1756
      ],
      "2947068291": [
        1047.92994,
        430.2471
      ],
      "366409349": [
        31.72829,
        32.2788
      ],
      "366450566": [
        73.79765,
        76.14045
      ],
      "3431496453": [
        1012.97143,
        441.07515
      ],
      "366373003": [
        405.28586,
        348.04605
      ],
      "366371988": [
        295.10862,
        199.689
      ],
      "2947068312": [
        962.37561,
        484.6038
      ],
      "2947068313": [
        982.46199,
        465.8892
      ],
      "366462234": [
        79.65686,
        82.68945
      ],
      "2947068314": [
        1004.54335,
        442.6902
      ],
      "5748784537": [
        1072.40527,
        396.60855
      ],
      "366440733": [
        281.27498,
        194.6163
      ],
      "3431507233": [
        1008.35293,
        442.02975
      ],
      "366401445": [
        509.13384,
        484.37625
      ],
      "5750512042": [
        376.26855,
        309.1683
      ],
      "366380591": [
        160.78946,
        143.99475
      ],
      "5748784559": [
        984.13995,
        464.1243
      ],
      "5748784560": [
        1062.38121,
        417.0603
      ],
      "5740633021": [
        0.0,
        0.0
      ],
      "3432448061": [
        1020.25172,
        439.5822
      ],
      "366455365": [
        111.99731,
        113.1756
      ],
      "5742824775": [
        325.10976,
        240.3705
      ],
      "5780792907": [
        199.46464,
        161.4828
      ],
      "366457420": [
        340.19504,
        260.4837
      ],
      "366465995": [
        423.62869,
        370.5513
      ],
      "366426190": [
        89.26554,
        93.3732
      ],
      "5780792913": [
        364.43535,
        292.041
      ],
      "2947068243": [
        1056.72969,
        422.31615
      ],
      "5742824788": [
        260.7732,
        187.26255
      ],
      "5742824789": [
        253.79899,
        184.75395
      ],
      "2947068244": [
        1026.96358,
        437.84505
      ],
      "2947068245": [
        1037.00404,
        434.5317
      ],
      "2947068247": [
        1068.47544,
        406.57635
      ],
      "5742824800": [
        100.83092,
        103.44645
      ],
      "5742825828": [
        238.91594,
        178.84875
      ],
      "5742825834": [
        332.25887,
        249.9054
      ],
      "366434284": [
        251.04429,
        183.76605
      ],
      "5742825836": [
        345.93948,
        267.9651
      ],
      "366466926": [
        371.37676,
        301.0764
      ],
      "5742824816": [
        382.51583,
        316.5054
      ],
      "5750476283": [
        509.87717,
        492.729
      ],
      "2233541502": [
        214.79041,
        168.41475
      ]
    },
    "edges": [
      {
        "start": "366440733",
        "end": "366440733",
        "reverse": false,
        "shape": {
          "type": "polyline",
          "points": [
            [
              281.27498,
              194.6163
            ],
            [
              260.7732,
              187.26255
            ],
            [
              281.27498,
              194.6163
            ]
          ]
        },
        "metadata": {
          "segment_id": 18718,
          "street_id": 32928942,
          "street_name": "B\u00ecnh Qu\u1edbi",
          "street_type": "tertiary",
          "street_level": 4,
          "street_group": "32928942",
          "composite": true
        },
        "length_hint": 43.5614794161494,
        "speed_limit": 13.88888888888889
      },
      {
        "start": "366440733",
        "end": "366440733",
        "reverse": false,
        "shape": {
          "type": "polyline",
          "points": [
            [
              281.27498,
              194.6163
            ],
            [
              295.10862,
              199.689
            ],
            [
              281.27498,
              194.6163
            ]
          ]
        },
        "metadata": {
          "segment_id": 18719,
          "street_id": 32928942,
          "street_name": "B\u00ecnh Qu\u1edbi",
          "street_type": "tertiary",
          "street_level": 4,
          "street_group": "32928942",
          "composite": true
        },
        "length_hint": 29.468755042559803,
        "speed_limit": 13.88888888888889
      },
      {
        "start": "5742825836",
        "end": "5742825836",
        "reverse": false,
        "shape": {
          "type": "polyline",
          "points": [
            [
              345.93948,
              267.9651
            ],
            [
              340.19504,
              260.4837
            ],
            [
              345.93948,
              267.9651
            ]
          ]
        },
        "metadata": {
          "segment_id": 18730,
          "street_id": 32928942,
          "street_name": "B\u00ecnh Qu\u1edbi",
          "street_type": "tertiary",
          "street_level": 4,
          "street_group": "32928942",
          "composite": true
        },
        "length_hint": 18.864775309936782,
        "speed_limit": 13.88888888888889
      },
      {
        "start": "5742825836",
        "end": "5742825836",
        "reverse": false,
        "shape": {
          "type": "polyline",
          "points": [
            [
              345.93948,
              267.9651
            ],
            [
              364.43535,
              292.041
            ],
            [
              345.93948,
              267.9651
            ]
          ]
        },
        "metadata": {
          "segment_id": 18731,
          "street_id": 32928942,
          "street_name": "B\u00ecnh Qu\u1edbi",
          "street_type": "tertiary",
          "street_level": 4,
          "street_group": "32928942",
          "composite": true
        },
        "length_hint": 60.720545711213774,
        "speed_limit": 13.88888888888889
      },
      {
        "start": "366457420",
        "end": "366457420",
        "reverse": false,
        "shape": {
          "type": "polyline",
          "points": [
            [
              340.19504,
              260.4837
            ],
            [
              332.25887,
              249.9054
            ],
            [
              340.19504,
              260.4837
            ]
          ]
        },
        "metadata": {
          "segment_id": 18728,
          "street_id": 32928942,
          "street_name": "B\u00ecnh Qu\u1edbi",
          "street_type": "tertiary",
          "street_level": 4,
          "street_group": "32928942",
          "composite": true
        },
        "length_hint": 26.448684289310147,
        "speed_limit": 13.88888888888889
      },
      {
        "start": "5742825834",
        "end": "5742825834",
        "reverse": false,
        "shape": {
          "type": "polyline",
          "points": [
            [
              332.25887,
              249.9054
            ],
            [
              325.10976,
              240.3705
            ],
            [
              332.25887,
              249.9054
            ]
          ]
        },
        "metadata": {
          "segment_id": 18726,
          "street_id": 32928942,
          "street_name": "B\u00ecnh Qu\u1edbi",
          "street_type": "tertiary",
          "street_level": 4,
          "street_group": "32928942",
          "composite": true
        },
        "length_hint": 23.834772229001892,
        "speed_limit": 13.88888888888889
      },
      {
        "start": "366371988",
        "end": "366371988",
        "reverse": false,
        "shape": {
          "type": "polyline",
          "points": [
            [
              295.10862,
              199.689
            ],
            [
              312.95954,
              224.1756
            ],
            [
              295.10862,
              199.689
            ]
          ]
        },
        "metadata": {
          "segment_id": 18721,
          "street_id": 32928942,
          "street_name": "B\u00ecnh Qu\u1edbi",
          "street_type": "tertiary",
          "street_level": 4,
          "street_group": "32928942",
          "composite": true
        },
        "length_hint": 60.60524480295089,
        "speed_limit": 13.88888888888889
      },
      {
        "start": "366450946",
        "end": "366450946",
        "reverse": false,
        "shape": {
          "type": "polyline",
          "points": [
            [
              312.95954,
              224.1756
            ],
            [
              325.10976,
              240.3705
            ],
            [
              312.95954,
              224.1756
            ]
          ]
        },
        "metadata": {
          "segment_id": 18723,
          "street_id": 32928942,
          "street_name": "B\u00ecnh Qu\u1edbi",
          "street_type": "tertiary",
          "street_level": 4,
          "street_group": "32928942",
          "composite": true
        },
        "length_hint": 40.4921045172216,
        "speed_limit": 13.88888888888889
      },
      {
        "start": "5780792913",
        "end": "5780792913",
        "reverse": false,
        "shape": {
          "type": "polyline",
          "points": [
            [
              364.43535,
              292.041
            ],
            [
              371.37676,
              301.0764
            ],
            [
              364.43535,
              292.041
            ]
          ]
        },
        "metadata": {
          "segment_id": 18733,
          "street_id": 32928942,
          "street_name": "B\u00ecnh Qu\u1edbi",
          "street_type": "tertiary",
          "street_level": 4,
          "street_group": "32928942",
          "composite": true
        },
        "length_hint": 22.787858692566896,
        "speed_limit": 13.88888888888889
      },
      {
        "start": "366465995",
        "end": "366465995",
        "reverse": false,
        "shape": {
          "type": "polyline",
          "points": [
            [
              423.62869,
              370.5513
            ],
            [
              405.28586,
              348.04605
            ],
            [
              423.62869,
              370.5513
            ]
          ]
        },
        "metadata": {
          "segment_id": 18742,
          "street_id": 32928942,
          "street_name": "B\u00ecnh Qu\u1edbi",
          "street_type": "tertiary",
          "street_level": 4,
          "street_group": "32928942",
          "composite": true
        },
        "length_hint": 58.06705399695775,
        "speed_limit": 13.88888888888889
      },
      {
        "start": "366373003",
        "end": "366373003",
        "reverse": false,
        "shape": {
          "type": "polyline",
          "points": [
            [
              405.28586,
              348.04605
            ],
            [
              382.51583,
              316.5054
            ],
            [
              405.28586,
              348.04605
            ]
          ]
        },
        "metadata": {
          "segment_id": 18740,
          "street_id": 32928942,
          "street_name": "B\u00ecnh Qu\u1edbi",
          "street_type": "tertiary",
          "street_level": 4,
          "street_group": "32928942",
          "composite": true
        },
        "length_hint": 77.8019760320623,
        "speed_limit": 13.88888888888889
      },
      {
        "start": "5750512042",
        "end": "5750512042",
        "reverse": false,
        "shape": {
          "type": "polyline",
          "points": [
            [
              376.26855,
              309.1683
            ],
            [
              371.37676,
              301.0764
            ],
            [
              376.26855,
              309.1683
            ]
          ]
        },
        "metadata": {
          "segment_id": 18736,
          "street_id": 32928942,
          "street_name": "B\u00ecnh Qu\u1edbi",
          "street_type": "tertiary",
          "street_level": 4,
          "street_group": "32928942",
          "composite": true
        },
        "length_hint": 18.911208847040985,
        "speed_limit": 13.88888888888889
      },
      {
        "start": "5750512042",
        "end": "5750512042",
        "reverse": false,
        "shape": {
          "type": "polyline",
          "points": [
            [
              376.26855,
              309.1683
            ],
            [
              382.51583,
              316.5054
            ],
            [
              376.26855,
              309.1683
            ]
          ]
        },
        "metadata": {
          "segment_id": 18737,
          "street_id": 32928942,
          "street_name": "B\u00ecnh Qu\u1edbi",
          "street_type": "tertiary",
          "street_level": 4,
          "street_group": "32928942",
          "composite": true
        },
        "length_hint": 19.272938936073054,
        "speed_limit": 13.88888888888889
      },
      {
        "start": "5742824788",
        "end": "5742824788",
        "reverse": false,
        "shape": {
          "type": "polyline",
          "points": [
            [
              260.7732,
              187.26255
            ],
            [
              253.79899,
              184.75395
            ],
            [
              260.7732,
              187.26255
            ]
          ]
        },
        "metadata": {
          "segment_id": 18716,
          "street_id": 32928942,
          "street_name": "B\u00ecnh Qu\u1edbi",
          "street_type": "tertiary",
          "street_level": 4,
          "street_group": "32928942",
          "composite": true
        },
        "length_hint": 14.82331664427359,
        "speed_limit": 13.88888888888889
      },
      {
        "start": "366426190",
        "end": "366426190",
        "reverse": false,
        "shape": {
          "type": "polyline",
          "points": [
            [
              89.26554,
              93.3732
            ],
            [
              79.65686,
              82.68945
            ],
            [
              89.26554,
              93.3732
            ]
          ]
        },
        "metadata": {
          "segment_id": 18696,
          "street_id": 32928942,
          "street_name": "B\u00ecnh Qu\u1edbi",
          "street_type": "tertiary",
          "street_level": 4,
          "street_group": "32928942",
          "composite": true
        },
        "length_hint": 28.738075468263368,
        "speed_limit": 13.88888888888889
      },
      {
        "start": "366426190",
        "end": "366426190",
        "reverse": false,
        "shape": {
          "type": "polyline",
          "points": [
            [
              89.26554,
              93.3732
            ],
            [
              100.83092,
              103.44645
            ],
            [
              89.26554,
              93.3732
            ]
          ]
        },
        "metadata": {
          "segment_id": 18697,
          "street_id": 32928942,
          "street_name": "B\u00ecnh Qu\u1edbi",
          "street_type": "tertiary",
          "street_level": 4,
          "street_group": "32928942",
          "composite": true
        },
        "length_hint": 30.674313691223812,
        "speed_limit": 13.88888888888889
      },
      {
        "start": "366450566",
        "end": "366450566",
        "reverse": false,
        "shape": {
          "type": "polyline",
          "points": [
            [
              73.79765,
              76.14045
            ],
            [
              52.45416,
              54.47325
            ],
            [
              73.79765,
              76.14045
            ]
          ]
        },
        "metadata": {
          "segment_id": 18692,
          "street_id": 32928942,
          "street_name": "B\u00ecnh Qu\u1edbi",
          "street_type": "tertiary",
          "street_level": 4,
          "street_group": "32928942",
          "composite": true
        },
        "length_hint": 60.82802384493845,
        "speed_limit": 13.88888888888889
      },
      {
        "start": "366450566",
        "end": "366450566",
        "reverse": false,
        "shape": {
          "type": "polyline",
          "points": [
            [
              73.79765,
              76.14045
            ],
            [
              79.65686,
              82.68945
            ],
            [
              73.79765,
              76.14045
            ]
          ]
        },
        "metadata": {
          "segment_id": 18693,
          "street_id": 32928942,
          "street_name": "B\u00ecnh Qu\u1edbi",
          "street_type": "tertiary",
          "street_level": 4,
          "street_group": "32928942",
          "composite": true
        },
        "length_hint": 17.574952952892907,
        "speed_limit": 13.88888888888889
      },
      {
        "start": "5740633021",
        "end": "5740633021",
        "reverse": false,
        "shape": {
          "type": "polyline",
          "points": [
            [
              0.0,
              0.0
            ],
            [
              31.72829,
              32.2788
            ],
            [
              0.0,
              0.0
            ]
          ]
        },
        "metadata": {
          "segment_id": 18687,
          "street_id": 32928942,
          "street_name": "B\u00ecnh Qu\u1edbi",
          "street_type": "tertiary",
          "street_level": 4,
          "street_group": "32928942",
          "composite": true
        },
        "length_hint": 90.5230427187266,
        "speed_limit": 13.88888888888889
      },
      {
        "start": "366409349",
        "end": "366409349",
        "reverse": false,
        "shape": {
          "type": "polyline",
          "points": [
            [
              31.72829,
              32.2788
            ],
            [
              52.45416,
              54.47325
            ],
            [
              31.72829,
              32.2788
            ]
          ]
        },
        "metadata": {
          "segment_id": 18689,
          "street_id": 32928942,
          "street_name": "B\u00ecnh Qu\u1edbi",
          "street_type": "tertiary",
          "street_level": 4,
          "street_group": "32928942",
          "composite": true
        },
        "length_hint": 60.73402005661737,
        "speed_limit": 13.88888888888889
      },
      {
        "start": "366434284",
        "end": "366434284",
        "reverse": false,
        "shape": {
          "type": "polyline",
          "points": [
            [
              251.04429,
              183.76605
            ],
            [
              238.91594,
              178.84875
            ],
            [
              251.04429,
              183.76605
            ]
          ]
        },
        "metadata": {
          "segment_id": 18712,
          "street_id": 32928942,
          "street_name": "B\u00ecnh Qu\u1edbi",
          "street_type": "tertiary",
          "street_level": 4,
          "street_group": "32928942",
          "composite": true
        },
        "length_hint": 26.174545880492346,
        "speed_limit": 13.88888888888889
      },
      {
        "start": "366434284",
        "end": "366434284",
        "reverse": false,
        "shape": {
          "type": "polyline",
          "points": [
            [
              251.04429,
              183.76605
            ],
            [
              253.79899,
              184.75395
            ],
            [
              251.04429,
              183.76605
            ]
          ]
        },
        "metadata": {
          "segment_id": 18713,
          "street_id": 32928942,
          "street_name": "B\u00ecnh Qu\u1edbi",
          "street_type": "tertiary",
          "street_level": 4,
          "street_group": "32928942",
          "composite": true
        },
        "length_hint": 5.852971382127224,
        "speed_limit": 13.88888888888889
      },
      {
        "start": "5780792907",
        "end": "5780792907",
        "reverse": false,
        "shape": {
          "type": "polyline",
          "points": [
            [
              199.46464,
              161.4828
            ],
            [
              160.78946,
              143.99475
            ],
            [
              199.46464,
              161.4828
            ]
          ]
        },
        "metadata": {
          "segment_id": 18706,
          "street_id": 32928942,
          "street_name": "B\u00ecnh Qu\u1edbi",
          "street_type": "tertiary",
          "street_level": 4,
          "street_group": "32928942",
          "composite": true
        },
        "length_hint": 84.89055167296065,
        "speed_limit": 13.88888888888889
      },
      {
        "start": "5780792907",
        "end": "5780792907",
        "reverse": false,
        "shape": {
          "type": "polyline",
          "points": [
            [
              199.46464,
              161.4828
            ],
            [
              214.79041,
              168.41475
            ],
            [
              199.46464,
              161.4828
            ]
          ]
        },
        "metadata": {
          "segment_id": 18707,
          "street_id": 32928942,
          "street_name": "B\u00ecnh Qu\u1edbi",
          "street_type": "tertiary",
          "street_level": 4,
          "street_group": "32928942",
          "composite": true
        },
        "length_hint": 33.641115135821536,
        "speed_limit": 13.88888888888889
      },
      {
        "start": "5742825828",
        "end": "5742825828",
        "reverse": false,
        "shape": {
          "type": "polyline",
          "points": [
            [
              238.91594,
              178.84875
            ],
            [
              214.79041,
              168.41475
            ],
            [
              238.91594,
              178.84875
            ]
          ]
        },
        "metadata": {
          "segment_id": 18710,
          "street_id": 32928942,
          "street_name": "B\u00ecnh Qu\u1edbi",
          "street_type": "tertiary",
          "street_level": 4,
          "street_group": "32928942",
          "composite": true
        },
        "length_hint": 52.57031686345061,
        "speed_limit": 13.88888888888889
      },
      {
        "start": "2233541505",
        "end": "2233541505",
        "reverse": false,
        "shape": {
          "type": "polyline",
          "points": [
            [
              136.72406,
              130.8246
            ],
            [
              111.99731,
              113.1756
            ],
            [
              136.72406,
              130.8246
            ]
          ]
        },
        "metadata": {
          "segment_id": 18702,
          "street_id": 32928942,
          "street_name": "B\u00ecnh Qu\u1edbi",
          "street_type": "tertiary",
          "street_level": 4,
          "street_group": "32928942",
          "composite": true
        },
        "length_hint": 60.758517643619335,
        "speed_limit": 13.88888888888889
      },
      {
        "start": "2233541505",
        "end": "2233541505",
        "reverse": false,
        "shape": {
          "type": "polyline",
          "points": [
            [
              136.72406,
              130.8246
            ],
            [
              160.78946,
              143.99475
            ],
            [
              136.72406,
              130.8246
            ]
          ]
        },
        "metadata": {
          "segment_id": 18703,
          "street_id": 32928942,
          "street_name": "B\u00ecnh Qu\u1edbi",
          "street_type": "tertiary",
          "street_level": 4,
          "street_group": "32928942",
          "composite": true
        },
        "length_hint": 54.866978345175866,
        "speed_limit": 13.88888888888889
      },
      {
        "start": "366455365",
        "end": "366455365",
        "reverse": false,
        "shape": {
          "type": "polyline",
          "points": [
            [
              111.99731,
              113.1756
            ],
            [
              100.83092,
              103.44645
            ],
            [
              111.99731,
              113.1756
            ]
          ]
        },
        "metadata": {
          "segment_id": 18700,
          "street_id": 32928942,
          "street_name": "B\u00ecnh Qu\u1edbi",
          "street_type": "tertiary",
          "street_level": 4,
          "street_group": "32928942",
          "composite": true
        },
        "length_hint": 29.620575642927665,
        "speed_limit": 13.88888888888889
      },
      {
        "start": "5748784559",
        "end": "5748784559",
        "reverse": false,
        "shape": {
          "type": "polyline",
          "points": [
            [
              984.13995,
              464.1243
            ],
            [
              982.46199,
              465.8892
            ],
            [
              984.13995,
              464.1243
            ]
          ]
        },
        "metadata": {
          "segment_id": 46320,
          "street_id": 291272994,
          "street_name": "\u0110\u01b0\u1eddng s\u1ed1 2",
          "street_type": "tertiary",
          "street_level": 4,
          "street_group": "291272994",
          "composite": true
        },
        "length_hint": 4.870491462511761,
        "speed_limit": 13.88888888888889
      },
      {
        "start": "5748784559",
        "end": "5748784559",
        "reverse": false,
        "shape": {
          "type": "polyline",
          "points": [
            [
              984.13995,
              464.1243
            ],
            [
              1004.54335,
              442.6902
            ],
            [
              984.13995,
              464.1243
            ]
          ]
        },
        "metadata": {
          "segment_id": 46321,
          "street_id": 291272994,
          "street_name": "\u0110\u01b0\u1eddng s\u1ed1 2",
          "street_type": "tertiary",
          "street_level": 4,
          "street_group": "291272994",
          "composite": true
        },
        "length_hint": 59.18511212695306,
        "speed_limit": 13.88888888888889
      },
      {
        "start": "2947068244",
        "end": "2947068244",
        "reverse": false,
        "shape": {
          "type": "polyline",
          "points": [
            [
              1026.96358,
              437.84505
            ],
            [
              1020.25172,
              439.5822
            ],
            [
              1026.96358,
              437.84505
            ]
          ]
        },
        "metadata": {
          "segment_id": 46330,
          "street_id": 291272994,
          "street_name": "\u0110\u01b0\u1eddng s\u1ed1 2",
          "street_type": "tertiary",
          "street_level": 4,
          "street_group": "291272994",
          "composite": true
        },
        "length_hint": 13.866038335747021,
        "speed_limit": 13.88888888888889
      },
      {
        "start": "2947068244",
        "end": "2947068244",
        "reverse": false,
        "shape": {
          "type": "polyline",
          "points": [
            [
              1026.96358,
              437.84505
            ],
            [
              1037.00404,
              434.5317
            ],
            [
              1026.96358,
              437.84505
            ]
          ]
        },
        "metadata": {
          "segment_id": 46331,
          "street_id": 291272994,
          "street_name": "\u0110\u01b0\u1eddng s\u1ed1 2",
          "street_type": "tertiary",
          "street_level": 4,
          "street_group": "291272994",
          "composite": true
        },
        "length_hint": 21.14607530811322,
        "speed_limit": 13.88888888888889
      },
      {
        "start": "5748784560",
        "end": "5748784560",
        "reverse": false,
        "shape": {
          "type": "polyline",
          "points": [
            [
              1062.38121,
              417.0603
            ],
            [
              1056.72969,
              422.31615
            ],
            [
              1062.38121,
              417.0603
            ]
          ]
        },
        "metadata": {
          "segment_id": 46338,
          "street_id": 291272994,
          "street_name": "\u0110\u01b0\u1eddng s\u1ed1 2",
          "street_type": "tertiary",
          "street_level": 4,
          "street_group": "291272994",
          "composite": true
        },
        "length_hint": 15.435496432949792,
        "speed_limit": 13.88888888888889
      },
      {
        "start": "5748784560",
        "end": "5748784560",
        "reverse": false,
        "shape": {
          "type": "polyline",
          "points": [
            [
              1062.38121,
              417.0603
            ],
            [
              1068.47544,
              406.57635
            ],
            [
              1062.38121,
              417.0603
            ]
          ]
        },
        "metadata": {
          "segment_id": 46339,
          "street_id": 291272994,
          "street_name": "\u0110\u01b0\u1eddng s\u1ed1 2",
          "street_type": "tertiary",
          "street_level": 4,
          "street_group": "291272994",
          "composite": true
        },
        "length_hint": 24.253069652759333,
        "speed_limit": 13.88888888888889
      },
      {
        "start": "5748784537",
        "end": "5748784537",
        "reverse": false,
        "shape": {
          "type": "polyline",
          "points": [
            [
              1072.40527,
              396.60855
            ],
            [
              1068.47544,
              406.57635
            ],
            [
              1072.40527,
              396.60855
            ]
          ]
        },
        "metadata": {
          "segment_id": 46342,
          "street_id": 291272994,
          "street_name": "\u0110\u01b0\u1eddng s\u1ed1 2",
          "street_type": "tertiary",
          "street_level": 4,
          "street_group": "291272994",
          "composite": true
        },
        "length_hint": 21.429008438926942,
        "speed_limit": 13.88888888888889
      },
      {
        "start": "2947068291",
        "end": "2947068291",
        "reverse": false,
        "shape": {
          "type": "polyline",
          "points": [
            [
              1047.92994,
              430.2471
            ],
            [
              1037.00404,
              434.5317
            ],
            [
              1047.92994,
              430.2471
            ]
          ]
        },
        "metadata": {
          "segment_id": 46334,
          "street_id": 291272994,
          "street_name": "\u0110\u01b0\u1eddng s\u1ed1 2",
          "street_type": "tertiary",
          "street_level": 4,
          "street_group": "291272994",
          "composite": true
        },
        "length_hint": 23.471948190978875,
        "speed_limit": 13.88888888888889
      },
      {
        "start": "2947068291",
        "end": "2947068291",
        "reverse": false,
        "shape": {
          "type": "polyline",
          "points": [
            [
              1047.92994,
              430.2471
            ],
            [
              1056.72969,
              422.31615
            ],
            [
              1047.92994,
              430.2471
            ]
          ]
        },
        "metadata": {
          "segment_id": 46335,
          "street_id": 291272994,
          "street_name": "\u0110\u01b0\u1eddng s\u1ed1 2",
          "street_type": "tertiary",
          "street_level": 4,
          "street_group": "291272994",
          "composite": true
        },
        "length_hint": 23.692662827550492,
        "speed_limit": 13.88888888888889
      },
      {
        "start": "3432448061",
        "end": "3432448061",
        "reverse": false,
        "shape": {
          "type": "polyline",
          "points": [
            [
              1020.25172,
              439.5822
            ],
            [
              1012.97143,
              441.07515
            ],
            [
              1020.25172,
              439.5822
            ]
          ]
        },
        "metadata": {
          "segment_id": 46328,
          "street_id": 291272994,
          "street_name": "\u0110\u01b0\u1eddng s\u1ed1 2",
          "street_type": "tertiary",
          "street_level": 4,
          "street_group": "291272994",
          "composite": true
        },
        "length_hint": 14.863582634963738,
        "speed_limit": 13.88888888888889
      },
      {
        "start": "3431496453",
        "end": "3431496453",
        "reverse": false,
        "shape": {
          "type": "polyline",
          "points": [
            [
              1012.97143,
              441.07515
            ],
            [
              1008.35293,
              442.02975
            ],
            [
              1012.97143,
              441.07515
            ]
          ]
        },
        "metadata": {
          "segment_id": 46326,
          "street_id": 291272994,
          "street_name": "\u0110\u01b0\u1eddng s\u1ed1 2",
          "street_type": "tertiary",
          "street_level": 4,
          "street_group": "291272994",
          "composite": true
        },
        "length_hint": 9.432243298388844,
        "speed_limit": 13.88888888888889
      },
      {
        "start": "2947068314",
        "end": "2947068314",
        "reverse": false,
        "shape": {
          "type": "polyline",
          "points": [
            [
              1004.54335,
              442.6902
            ],
            [
              1008.35293,
              442.02975
            ],
            [
              1004.54335,
              442.6902
            ]
          ]
        },
        "metadata": {
          "segment_id": 46323,
          "street_id": 291272994,
          "street_name": "\u0110\u01b0\u1eddng s\u1ed1 2",
          "street_type": "tertiary",
          "street_level": 4,
          "street_group": "291272994",
          "composite": true
        },
        "length_hint": 7.732811643613182,
        "speed_limit": 13.88888888888889
      },
      {
        "start": "2947068312",
        "end": "2947068312",
        "reverse": false,
        "shape": {
          "type": "polyline",
          "points": [
            [
              962.37561,
              484.6038
            ],
            [
              982.46199,
              465.8892
            ],
            [
              962.37561,
              484.6038
            ]
          ]
        },
        "metadata": {
          "segment_id": 46317,
          "street_id": 291272994,
          "street_name": "\u0110\u01b0\u1eddng s\u1ed1 2",
          "street_type": "tertiary",
          "street_level": 4,
          "street_group": "291272994",
          "composite": true
        },
        "length_hint": 54.90715489494596,
        "speed_limit": 13.88888888888889
      },
      {
        "start": "5750476283",
        "end": "5750476283",
        "reverse": false,
        "shape": {
          "type": "polyline",
          "points": [
            [
              509.87717,
              492.729
            ],
            [
              509.13384,
              484.37625
            ],
            [
              509.87717,
              492.729
            ]
          ]
        },
        "metadata": {
          "segment_id": 2487,
          "street_id": 32577480,
          "street_name": "\u0110\u01b0\u1eddng s\u1ed1 36",
          "street_type": "tertiary",
          "street_level": 4,
          "street_group": "32577480",
          "composite": true
        },
        "length_hint": 16.771520151900273,
        "speed_limit": 13.88888888888889
      }
    ]
  }
}