{
  "observation": {
    "type": "Kinematics"
  },
  "action": {
    "type": "DiscreteMetaAction"
  },
  "simulation_frequency": 15,
  "policy_frequency": 1,
  "other_vehicles_type": "highway_env.vehicle.behavior.IDMVehicle",
  "screen_width": 600,
  "screen_height": 150,
  "centering_position": [
    0.3,
    0.5
  ],
  "scaling": 5.5,
  "show_trajectories": false,
  "render_agent": true,
  "offscreen_rendering": false,
  "manual_control": false,
  "real_time_rendering": false,
  "destination": null,
  "initial_vehicle_count": 0,
  "controlled_vehicles": 0,
  "spawn_probability": 0.0,
  "duration": 40.0,
  "collision_reward": -5,
  "high_speed_reward": 1.0,
  "arrived_reward": 1.0,
  "reward_speed_range": [
    6.0,
    12.0
  ],
  "auto_curve": false,
  "corner_radius": 25.0,
  "curve_samples": 8,
  "exit_distance": 5.0,
  "graph": {
    "nodes": {
      "1597983244": [
        105.0231,
        0.0
      ],
      "1597983245": [
        2.31745,
        81.97905
      ],
      "1597983246": [
        0.0,
        102.1422
      ],
      "1597983247": [
        84.81647,
        253.5462
      ],
      "1597983248": [
        66.92729,
        444.28305
      ],
      "1597983249": [
        32.46616,
        756.99225
      ],
      "1597983250": [
        76.8639,
        898.47285
      ]
    },
    "edges": [
      {
        "start": "1597983250",
        "end": "1597983250",
        "reverse": false,
        "shape": {
          "type": "polyline",
          "points": [
            [
              76.8639,
              898.47285
            ],
            [
              32.46616,
              756.99225
            ],
            [
              76.8639,
              898.47285
            ]
          ]
        },
        "metadata": {
          "segment_id": 25337,
          "street_id": 146320739,
          "street_name": "Phan V\u0103n \u0110\u00e1ng",
          "street_type": "tertiary",
          "street_level": 4,
          "street_group": "146320739",
          "composite": true
        },
        "length_hint": 296.5664815414419,
        "speed_limit": 13.88888888888889
      },
      {
        "start": "1597983248",
        "end": "1597983248",
        "reverse": false,
        "shape": {
          "type": "polyline",
          "points": [
            [
              66.92729,
              444.28305
            ],
            [
              32.46616,
              756.99225
            ],
            [
              66.92729,
              444.28305
            ]
          ]
        },
        "metadata": {
          "segment_id": 25340,
          "street_id": 146320739,
          "street_name": "Phan V\u0103n \u0110\u00e1ng",
          "street_type": "tertiary",
          "street_level": 4,
          "street_group": "146320739",
          "composite": true
        },
        "length_hint": 629.2046193267081,
        "speed_limit": 13.88888888888889
      },
      {
        "start": "1597983248",
        "end": "1597983248",
        "reverse": false,
        "shape": {
          "type": "polyline",
          "points": [
            [
              66.92729,
              444.28305
            ],
            [
              84.81647,
              253.5462
            ],
            [
              66.92729,
              444.28305
            ]
          ]
        },
        "metadata": {
          "segment_id": 25341,
          "street_id": 146320739,
          "street_name": "Phan V\u0103n \u0110\u00e1ng",
          "street_type": "tertiary",
          "street_level": 4,
          "street_group": "146320739",
          "composite": true
        },
        "length_hint": 383.1478498386486,
        "speed_limit": 13.88888888888889
      },
      {
        "start": "1597983246",
        "end": "1597983246",
        "reverse": false,
        "shape": {
          "type": "polyline",
          "points": [
            [
              0.0,
              102.1422
            ],
            [
              84.81647,
              253.5462
            ],
            [
              0.0,
              102.1422
            ]
          ]
        },
        "metadata": {
          "segment_id": 25344,
          "street_id": 146320739,
          "street_name": "Phan V\u0103n \u0110\u00e1ng",
          "street_type": "tertiary",
          "street_level": 4,
          "street_group": "146320739",
          "composite": true
        },
        "length_hint": 347.0850316522503,
        "speed_limit": 13.88888888888889
      },
      {
        "start": "1597983246",
        "end": "1597983246",
        "reverse": false,
        "shape": {
          "type": "polyline",
          "points": [
            [
              0.0,
              102.1422
            ],
            [
              2.31745,
              81.97905
            ],
            [
              0.0,
              102.1422
            ]
          ]
        },
        "metadata": {
          "segment_id": 25345,
          "street_id": 146320739,
          "street_name": "Phan V\u0103n \u0110\u00e1ng",
          "street_type": "tertiary",
          "street_level": 4,
          "street_group": "146320739",
          "composite": true
        },
        "length_hint": 40.59178204636993,
        "speed_limit": 13.88888888888889
      },
      {
        "start": "1597983244",
        "end": "1597983244",
        "reverse": false,
        "shape": {
          "type": "polyline",
          "points": [
            [
              105.0231,
              0.0
            ],
            [
              2.31745,
              81.97905
            ],
            [
              105.0231,
              0.0
            ]
          ]
        },
        "metadata": {
          "segment_id": 25348,
          "street_id": 146320739,
          "street_name": "Phan V\u0103n \u0110\u00e1ng",
          "street_type": "tertiary",
          "street_level": 4,
          "street_group": "146320739",
          "composite": true
        },
        "length_hint": 262.8232499671595,
        "speed_limit": 13.88888888888889
      }
    ]
  }
}