{
  "observation": {
    "type": "Kinematics"
  },
  "action": {
    "type": "DiscreteMetaAction"
  },
  "simulation_frequency": 15,
  "policy_frequency": 1,
  "other_vehicles_type": "highway_env.vehicle.behavior.IDMVehicle",
  "screen_width": 600,
  "screen_height": 150,
  "centering_position": [
    0.3,
    0.5
  ],
  "scaling": 5.5,
  "show_trajectories": false,
  "render_agent": true,
  "offscreen_rendering": false,
  "manual_control": false,
  "real_time_rendering": false,
  "destination": null,
  "initial_vehicle_count": 0,
  "controlled_vehicles": 0,
  "spawn_probability": 0.0,
  "duration": 40.0,
  "collision_reward": -5,
  "high_speed_reward": 1.0,
  "arrived_reward": 1.0,
  "reward_speed_range": [
    6.0,
    12.0
  ],
  "auto_curve": false,
  "corner_radius": 25.0,
  "curve_samples": 8,
  "exit_distance": 5.0,
  "graph": {
    "nodes": {
      "5735829380": [
        54.1048,
        0.0
      ],
      "5735829381": [
        84.45573,
        100.6104
      ],
      "5735829382": [
        113.18883,
        210.5781
      ],
      "5735829383": [
        129.31259,
        257.52
      ],
      "5735829384": [
        162.44557,
        317.7708
      ],
      "5740628233": [
        154.35635,
        606.2931
      ],
      "5735829386": [
        188.24905,
        364.27425
      ],
      "5735829387": [
        188.68631,
        370.7067
      ],
      "5735829388": [
        187.51665,
        374.6583
      ],
      "5735829389": [
        181.06168,
        410.33925
      ],
      "5735829390": [
        167.86752,
        473.9478
      ],
      "5735829391": [
        156.58089,
        533.02755
      ],
      "5735829385": [
        185.46156,
        358.42455
      ],
      "5735829392": [
        154.68976,
        554.73915
      ],
      "5740628242": [
        153.79339,
        637.7283
      ],
      "5740628243": [
        148.81415,
        722.5434
      ],
      "5740628244": [
        152.32859,
        746.0865
      ],
      "5740628245": [
        189.86143,
        828.5595
      ],
      "5740628246": [
        191.76349,
        835.43595
      ],
      "5740628247": [
        191.62138,
        841.1358
      ],
      "5740628248": [
        186.92636,
        859.26765
      ],
      "5740628249": [
        169.4799,
        900.654
      ],
      "5740628250": [
        141.77435,
        964.11825
      ],
      "5740628251": [
        125.06029,
        1002.5742
      ],
      "5740628252": [
        121.19059,
        1017.6036
      ],
      "4001387412": [
        0.0,
        547.72395
      ],
      "4001387413": [
        345.83016,
        561.75435
      ],
      "4001387414": [
        342.4633,
        565.1121
      ],
      "2592830359": [
        111.90986,
        557.60295
      ],
      "5740628259": [
        155.26366,
        619.3023
      ],
      "5740628260": [
        154.23611,
        604.53375
      ],
      "5740628261": [
        153.37253,
        564.5349
      ],
      "5889572016": [
        134.26997,
        981.37875
      ],
      "2592845374": [
        124.98377,
        553.65135
      ],
      "366428356": [
        118.5616,
        1105.5822
      ],
      "366459463": [
        120.51285,
        1067.58135
      ],
      "5740628174": [
        151.15346,
        682.66665
      ],
      "5740628176": [
        149.11476,
        717.4152
      ],
      "5740628184": [
        187.15592,
        822.621
      ],
      "5735829336": [
        122.64446,
        238.10055
      ],
      "5740628189": [
        164.6537,
        773.16495
      ],
      "5735829349": [
        188.22173,
        372.26625
      ],
      "5735829355": [
        89.41311,
        119.5914
      ],
      "5735829236": [
        160.59816,
        512.8866
      ],
      "5735829240": [
        110.31935,
        199.59465
      ],
      "5735829369": [
        144.15739,
        284.5152
      ],
      "5735829370": [
        166.68694,
        480.1416
      ],
      "5735829245": [
        87.53838,
        112.41525
      ]
    },
    "edges": [
      {
        "start": "5735829391",
        "end": "5735829391",
        "reverse": false,
        "shape": {
          "type": "polyline",
          "points": [
            [
              156.58089,
              533.02755
            ],
            [
              153.37253,
              564.5349
            ],
            [
              156.58089,
              533.02755
            ]
          ]
        },
        "metadata": {
          "segment_id": 73225,
          "street_id": 604509056,
          "street_name": "Ph\u01b0\u1eddng Long Ph\u01b0\u1edbc",
          "street_type": "tertiary",
          "street_level": 4,
          "street_group": "604509056",
          "composite": true
        },
        "length_hint": 63.34056134617369,
        "speed_limit": 13.88888888888889
      },
      {
        "start": "5735829391",
        "end": "5735829391",
        "reverse": false,
        "shape": {
          "type": "polyline",
          "points": [
            [
              156.58089,
              533.02755
            ],
            [
              160.59816,
              512.8866
            ],
            [
              156.58089,
              533.02755
            ]
          ]
        },
        "metadata": {
          "segment_id": 73226,
          "street_id": 604509056,
          "street_name": "Ph\u01b0\u1eddng Long Ph\u01b0\u1edbc",
          "street_type": "tertiary",
          "street_level": 4,
          "street_group": "604509056",
          "composite": true
        },
        "length_hint": 41.07536123543645,
        "speed_limit": 13.88888888888889
      },
      {
        "start": "5740628261",
        "end": "5740628261",
        "reverse": false,
        "shape": {
          "type": "polyline",
          "points": [
            [
              153.37253,
              564.5349
            ],
            [
              154.23611,
              604.53375
            ],
            [
              153.37253,
              564.5349
            ]
          ]
        },
        "metadata": {
          "segment_id": 73223,
          "street_id": 604509056,
          "street_name": "Ph\u01b0\u1eddng Long Ph\u01b0\u1edbc",
          "street_type": "tertiary",
          "street_level": 4,
          "street_group": "604509056",
          "composite": true
        },
        "length_hint": 80.01634262421409,
        "speed_limit": 13.88888888888889
      },
      {
        "start": "5740628233",
        "end": "5740628233",
        "reverse": false,
        "shape": {
          "type": "polyline",
          "points": [
            [
              154.35635,
              606.2931
            ],
            [
              155.26366,
              619.3023
            ],
            [
              154.35635,
              606.2931
            ]
          ]
        },
        "metadata": {
          "segment_id": 73219,
          "street_id": 604509056,
          "street_name": "Ph\u01b0\u1eddng Long Ph\u01b0\u1edbc",
          "street_type": "tertiary",
          "street_level": 4,
          "street_group": "604509056",
          "composite": true
        },
        "length_hint": 26.081602410595792,
        "speed_limit": 13.88888888888889
      },
      {
        "start": "5740628233",
        "end": "5740628233",
        "reverse": false,
        "shape": {
          "type": "polyline",
          "points": [
            [
              154.35635,
              606.2931
            ],
            [
              154.23611,
              604.53375
            ],
            [
              154.35635,
              606.2931
            ]
          ]
        },
        "metadata": {
          "segment_id": 73220,
          "street_id": 604509056,
          "street_name": "Ph\u01b0\u1eddng Long Ph\u01b0\u1edbc",
          "street_type": "residential",
          "street_level": 4,
          "street_group": "604509056",
          "composite": true
        },
        "length_hint": 3.526908039685606,
        "speed_limit": 8.333333333333334
      },
      {
        "start": "5735829355",
        "end": "5735829355",
        "reverse": false,
        "shape": {
          "type": "polyline",
          "points": [
            [
              89.41311,
              119.5914
            ],
            [
              110.31935,
              199.59465
            ],
            [
              89.41311,
              119.5914
            ]
          ]
        },
        "metadata": {
          "segment_id": 73257,
          "street_id": 604509056,
          "street_name": "Ph\u01b0\u1eddng Long Ph\u01b0\u1edbc",
          "street_type": "tertiary",
          "street_level": 4,
          "street_group": "604509056",
          "composite": true
        },
        "length_hint": 165.3794531554643,
        "speed_limit": 13.88888888888889
      },
      {
        "start": "5735829355",
        "end": "5735829355",
        "reverse": false,
        "shape": {
          "type": "polyline",
          "points": [
            [
              89.41311,
              119.5914
            ],
            [
              87.53838,
              112.41525
            ],
            [
              89.41311,
              119.5914
            ]
          ]
        },
        "metadata": {
          "segment_id": 73258,
          "street_id": 604509056,
          "street_name": "Ph\u01b0\u1eddng Long Ph\u01b0\u1edbc",
          "street_type": "tertiary",
          "street_level": 4,
          "street_group": "604509056",
          "composite": true
        },
        "length_hint": 14.833980099137236,
        "speed_limit": 13.88888888888889
      },
      {
        "start": "5735829349",
        "end": "5735829349",
        "reverse": false,
        "shape": {
          "type": "polyline",
          "points": [
            [
              188.22173,
              372.26625
            ],
            [
              187.51665,
              374.6583
            ],
            [
              188.22173,
              372.26625
            ]
          ]
        },
        "metadata": {
          "segment_id": 73237,
          "street_id": 604509056,
          "street_name": "Ph\u01b0\u1eddng Long Ph\u01b0\u1edbc",
          "street_type": "tertiary",
          "street_level": 4,
          "street_group": "604509056",
          "composite": true
        },
        "length_hint": 4.9876010301145515,
        "speed_limit": 13.88888888888889
      },
      {
        "start": "5735829349",
        "end": "5735829349",
        "reverse": false,
        "shape": {
          "type": "polyline",
          "points": [
            [
              188.22173,
              372.26625
            ],
            [
              188.68631,
              370.7067
            ],
            [
              188.22173,
              372.26625
            ]
          ]
        },
        "metadata": {
          "segment_id": 73238,
          "street_id": 604509056,
          "street_name": "Ph\u01b0\u1eddng Long Ph\u01b0\u1edbc",
          "street_type": "tertiary",
          "street_level": 4,
          "street_group": "604509056",
          "composite": true
        },
        "length_hint": 3.2545542115011634,
        "speed_limit": 13.88888888888889
      },
      {
        "start": "5735829389",
        "end": "5735829389",
        "reverse": false,
        "shape": {
          "type": "polyline",
          "points": [
            [
              181.06168,
              410.33925
            ],
            [
              167.86752,
              473.9478
            ],
            [
              181.06168,
              410.33925
            ]
          ]
        },
        "metadata": {
          "segment_id": 73233,
          "street_id": 604509056,
          "street_name": "Ph\u01b0\u1eddng Long Ph\u01b0\u1edbc",
          "street_type": "tertiary",
          "street_level": 4,
          "street_group": "604509056",
          "composite": true
        },
        "length_hint": 129.9251090622301,
        "speed_limit": 13.88888888888889
      },
      {
        "start": "5735829389",
        "end": "5735829389",
        "reverse": false,
        "shape": {
          "type": "polyline",
          "points": [
            [
              181.06168,
              410.33925
            ],
            [
              187.51665,
              374.6583
            ],
            [
              181.06168,
              410.33925
            ]
          ]
        },
        "metadata": {
          "segment_id": 73234,
          "street_id": 604509056,
          "street_name": "Ph\u01b0\u1eddng Long Ph\u01b0\u1edbc",
          "street_type": "tertiary",
          "street_level": 4,
          "street_group": "604509056",
          "composite": true
        },
        "length_hint": 72.52025456666296,
        "speed_limit": 13.88888888888889
      },
      {
        "start": "5735829370",
        "end": "5735829370",
        "reverse": false,
        "shape": {
          "type": "polyline",
          "points": [
            [
              166.68694,
              480.1416
            ],
            [
              160.59816,
              512.8866
            ],
            [
              166.68694,
              480.1416
            ]
          ]
        },
        "metadata": {
          "segment_id": 73229,
          "street_id": 604509056,
          "street_name": "Ph\u01b0\u1eddng Long Ph\u01b0\u1edbc",
          "street_type": "tertiary",
          "street_level": 4,
          "street_group": "604509056",
          "composite": true
        },
        "length_hint": 66.61255938299936,
        "speed_limit": 13.88888888888889
      },
      {
        "start": "5735829370",
        "end": "5735829370",
        "reverse": false,
        "shape": {
          "type": "polyline",
          "points": [
            [
              166.68694,
              480.1416
            ],
            [
              167.86752,
              473.9478
            ],
            [
              166.68694,
              480.1416
            ]
          ]
        },
        "metadata": {
          "segment_id": 73230,
          "street_id": 604509056,
          "street_name": "Ph\u01b0\u1eddng Long Ph\u01b0\u1edbc",
          "street_type": "tertiary",
          "street_level": 4,
          "street_group": "604509056",
          "composite": true
        },
        "length_hint": 12.610618950138836,
        "speed_limit": 13.88888888888889
      },
      {
        "start": "5735829383",
        "end": "5735829383",
        "reverse": false,
        "shape": {
          "type": "polyline",
          "points": [
            [
              129.31259,
              257.52
            ],
            [
              144.15739,
              284.5152
            ],
            [
              129.31259,
              257.52
            ]
          ]
        },
        "metadata": {
          "segment_id": 73249,
          "street_id": 604509056,
          "street_name": "Ph\u01b0\u1eddng Long Ph\u01b0\u1edbc",
          "street_type": "tertiary",
          "street_level": 4,
          "street_group": "604509056",
          "composite": true
        },
        "length_hint": 61.61522247237286,
        "speed_limit": 13.88888888888889
      },
      {
        "start": "5735829383",
        "end": "5735829383",
        "reverse": false,
        "shape": {
          "type": "polyline",
          "points": [
            [
              129.31259,
              257.52
            ],
            [
              122.64446,
              238.10055
            ],
            [
              129.31259,
              257.52
            ]
          ]
        },
        "metadata": {
          "segment_id": 73250,
          "street_id": 604509056,
          "street_name": "Ph\u01b0\u1eddng Long Ph\u01b0\u1edbc",
          "street_type": "tertiary",
          "street_level": 4,
          "street_group": "604509056",
          "composite": true
        },
        "length_hint": 41.064777900258974,
        "speed_limit": 13.88888888888889
      },
      {
        "start": "5735829387",
        "end": "5735829387",
        "reverse": false,
        "shape": {
          "type": "polyline",
          "points": [
            [
              188.68631,
              370.7067
            ],
            [
              188.24905,
              364.27425
            ],
            [
              188.68631,
              370.7067
            ]
          ]
        },
        "metadata": {
          "segment_id": 73240,
          "street_id": 604509056,
          "street_name": "Ph\u01b0\u1eddng Long Ph\u01b0\u1edbc",
          "street_type": "tertiary",
          "street_level": 4,
          "street_group": "604509056",
          "composite": true
        },
        "length_hint": 12.8945894560626,
        "speed_limit": 13.88888888888889
      },
      {
        "start": "5735829369",
        "end": "5735829369",
        "reverse": false,
        "shape": {
          "type": "polyline",
          "points": [
            [
              144.15739,
              284.5152
            ],
            [
              162.44557,
              317.7708
            ],
            [
              144.15739,
              284.5152
            ]
          ]
        },
        "metadata": {
          "segment_id": 73247,
          "street_id": 604509056,
          "street_name": "Ph\u01b0\u1eddng Long Ph\u01b0\u1edbc",
          "street_type": "tertiary",
          "street_level": 4,
          "street_group": "604509056",
          "composite": true
        },
        "length_hint": 75.90500534411157,
        "speed_limit": 13.88888888888889
      },
      {
        "start": "5735829384",
        "end": "5735829384",
        "reverse": false,
        "shape": {
          "type": "polyline",
          "points": [
            [
              162.44557,
              317.7708
            ],
            [
              185.46156,
              358.42455
            ],
            [
              162.44557,
              317.7708
            ]
          ]
        },
        "metadata": {
          "segment_id": 73245,
          "street_id": 604509056,
          "street_name": "Ph\u01b0\u1eddng Long Ph\u01b0\u1edbc",
          "street_type": "tertiary",
          "street_level": 4,
          "street_group": "604509056",
          "composite": true
        },
        "length_hint": 93.43368096661075,
        "speed_limit": 13.88888888888889
      },
      {
        "start": "5735829385",
        "end": "5735829385",
        "reverse": false,
        "shape": {
          "type": "polyline",
          "points": [
            [
              185.46156,
              358.42455
            ],
            [
              188.24905,
              364.27425
            ],
            [
              185.46156,
              358.42455
            ]
          ]
        },
        "metadata": {
          "segment_id": 73243,
          "street_id": 604509056,
          "street_name": "Ph\u01b0\u1eddng Long Ph\u01b0\u1edbc",
          "street_type": "tertiary",
          "street_level": 4,
          "street_group": "604509056",
          "composite": true
        },
        "length_hint": 12.95979792899564,
        "speed_limit": 13.88888888888889
      },
      {
        "start": "5735829336",
        "end": "5735829336",
        "reverse": false,
        "shape": {
          "type": "polyline",
          "points": [
            [
              122.64446,
              238.10055
            ],
            [
              113.18883,
              210.5781
            ],
            [
              122.64446,
              238.10055
            ]
          ]
        },
        "metadata": {
          "segment_id": 73252,
          "street_id": 604509056,
          "street_name": "Ph\u01b0\u1eddng Long Ph\u01b0\u1edbc",
          "street_type": "tertiary",
          "street_level": 4,
          "street_group": "604509056",
          "composite": true
        },
        "length_hint": 58.2028931480008,
        "speed_limit": 13.88888888888889
      },
      {
        "start": "5735829382",
        "end": "5735829382",
        "reverse": false,
        "shape": {
          "type": "polyline",
          "points": [
            [
              113.18883,
              210.5781
            ],
            [
              110.31935,
              199.59465
            ],
            [
              113.18883,
              210.5781
            ]
          ]
        },
        "metadata": {
          "segment_id": 73254,
          "street_id": 604509056,
          "street_name": "Ph\u01b0\u1eddng Long Ph\u01b0\u1edbc",
          "street_type": "tertiary",
          "street_level": 4,
          "street_group": "604509056",
          "composite": true
        },
        "length_hint": 22.70419250912924,
        "speed_limit": 13.88888888888889
      },
      {
        "start": "5735829381",
        "end": "5735829381",
        "reverse": false,
        "shape": {
          "type": "polyline",
          "points": [
            [
              84.45573,
              100.6104
            ],
            [
              87.53838,
              112.41525
            ],
            [
              84.45573,
              100.6104
            ]
          ]
        },
        "metadata": {
          "segment_id": 73261,
          "street_id": 604509056,
          "street_name": "Ph\u01b0\u1eddng Long Ph\u01b0\u1edbc",
          "street_type": "tertiary",
          "street_level": 4,
          "street_group": "604509056",
          "composite": true
        },
        "length_hint": 24.401410987481853,
        "speed_limit": 13.88888888888889
      },
      {
        "start": "5735829381",
        "end": "5735829381",
        "reverse": false,
        "shape": {
          "type": "polyline",
          "points": [
            [
              84.45573,
              100.6104
            ],
            [
              54.1048,
              0.0
            ],
            [
              84.45573,
              100.6104
            ]
          ]
        },
        "metadata": {
          "segment_id": 73262,
          "street_id": 604509056,
          "street_name": "Ph\u01b0\u1eddng Long Ph\u01b0\u1edbc",
          "street_type": "tertiary",
          "street_level": 4,
          "street_group": "604509056",
          "composite": true
        },
        "length_hint": 210.17736833469868,
        "speed_limit": 13.88888888888889
      },
      {
        "start": "4001387412",
        "end": "4001387413",
        "reverse": false,
        "shape": {
          "type": "polyline",
          "points": [
            [
              0.0,
              547.72395
            ],
            [
              124.98377,
              553.65135
            ],
            [
              154.68976,
              554.73915
            ],
            [
              345.83016,
              561.75435
            ]
          ]
        },
        "metadata": {
          "segment_id": 46940,
          "street_id": 294021802,
          "street_name": "Cao t\u1ed1c TP. H\u1ed3 Ch\u00ed Minh - Long Th\u00e0nh - D\u1ea7u Gi\u00e2y",
          "street_type": "motorway",
          "street_level": 1,
          "street_group": "294021802",
          "composite": true
        },
        "length_hint": 346.1192378941698,
        "speed_limit": 33.333333333333336
      },
      {
        "start": "5740628176",
        "end": "5740628176",
        "reverse": false,
        "shape": {
          "type": "polyline",
          "points": [
            [
              149.11476,
              717.4152
            ],
            [
              148.81415,
              722.5434
            ],
            [
              149.11476,
              717.4152
            ]
          ]
        },
        "metadata": {
          "segment_id": 17756,
          "street_id": 32899378,
          "street_name": "Long Ph\u01b0\u1edbc",
          "street_type": "unclassified",
          "street_level": 4,
          "street_group": "32899378",
          "composite": true
        },
        "length_hint": 10.274006348469893,
        "speed_limit": 11.11111111111111
      },
      {
        "start": "5740628176",
        "end": "5740628176",
        "reverse": false,
        "shape": {
          "type": "polyline",
          "points": [
            [
              149.11476,
              717.4152
            ],
            [
              151.15346,
              682.66665
            ],
            [
              149.11476,
              717.4152
            ]
          ]
        },
        "metadata": {
          "segment_id": 17757,
          "street_id": 32899378,
          "street_name": "Long Ph\u01b0\u1edbc",
          "street_type": "unclassified",
          "street_level": 4,
          "street_group": "32899378",
          "composite": true
        },
        "length_hint": 69.61660792634187,
        "speed_limit": 11.11111111111111
      },
      {
        "start": "5740628174",
        "end": "5740628174",
        "reverse": false,
        "shape": {
          "type": "polyline",
          "points": [
            [
              151.15346,
              682.66665
            ],
            [
              153.79339,
              637.7283
            ],
            [
              151.15346,
              682.66665
            ]
          ]
        },
        "metadata": {
          "segment_id": 17759,
          "street_id": 32899378,
          "street_name": "Long Ph\u01b0\u1edbc",
          "street_type": "unclassified",
          "street_level": 4,
          "street_group": "32899378",
          "composite": true
        },
        "length_hint": 90.03165068191078,
        "speed_limit": 11.11111111111111
      },
      {
        "start": "5889572016",
        "end": "5889572016",
        "reverse": false,
        "shape": {
          "type": "polyline",
          "points": [
            [
              134.26997,
              981.37875
            ],
            [
              125.06029,
              1002.5742
            ],
            [
              134.26997,
              981.37875
            ]
          ]
        },
        "metadata": {
          "segment_id": 17734,
          "street_id": 32899378,
          "street_name": "Long Ph\u01b0\u1edbc",
          "street_type": "unclassified",
          "street_level": 4,
          "street_group": "32899378",
          "composite": true
        },
        "length_hint": 46.219706031298045,
        "speed_limit": 11.11111111111111
      },
      {
        "start": "5889572016",
        "end": "5889572016",
        "reverse": false,
        "shape": {
          "type": "polyline",
          "points": [
            [
              134.26997,
              981.37875
            ],
            [
              141.77435,
              964.11825
            ],
            [
              134.26997,
              981.37875
            ]
          ]
        },
        "metadata": {
          "segment_id": 17735,
          "street_id": 32899378,
          "street_name": "Long Ph\u01b0\u1edbc",
          "street_type": "unclassified",
          "street_level": 4,
          "street_group": "32899378",
          "composite": true
        },
        "length_hint": 37.642559925403546,
        "speed_limit": 11.11111111111111
      },
      {
        "start": "5740628252",
        "end": "5740628252",
        "reverse": false,
        "shape": {
          "type": "polyline",
          "points": [
            [
              121.19059,
              1017.6036
            ],
            [
              120.51285,
              1067.58135
            ],
            [
              121.19059,
              1017.6036
            ]
          ]
        },
        "metadata": {
          "segment_id": 17730,
          "street_id": 32899378,
          "street_name": "Long Ph\u01b0\u1edbc",
          "street_type": "unclassified",
          "street_level": 4,
          "street_group": "32899378",
          "composite": true
        },
        "length_hint": 99.96469029752635,
        "speed_limit": 11.11111111111111
      },
      {
        "start": "5740628252",
        "end": "5740628252",
        "reverse": false,
        "shape": {
          "type": "polyline",
          "points": [
            [
              121.19059,
              1017.6036
            ],
            [
              125.06029,
              1002.5742
            ],
            [
              121.19059,
              1017.6036
            ]
          ]
        },
        "metadata": {
          "segment_id": 17731,
          "street_id": 32899378,
          "street_name": "Long Ph\u01b0\u1edbc",
          "street_type": "unclassified",
          "street_level": 4,
          "street_group": "32899378",
          "composite": true
        },
        "length_hint": 31.039165095085934,
        "speed_limit": 11.11111111111111
      },
      {
        "start": "366428356",
        "end": "366428356",
        "reverse": false,
        "shape": {
          "type": "polyline",
          "points": [
            [
              118.5616,
              1105.5822
            ],
            [
              120.51285,
              1067.58135
            ],
            [
              118.5616,
              1105.5822
            ]
          ]
        },
        "metadata": {
          "segment_id": 17727,
          "street_id": 32899378,
          "street_name": "Long Ph\u01b0\u1edbc",
          "street_type": "unclassified",
          "street_level": 4,
          "street_group": "32899378",
          "composite": true
        },
        "length_hint": 76.10182592513821,
        "speed_limit": 11.11111111111111
      },
      {
        "start": "5740628247",
        "end": "5740628247",
        "reverse": false,
        "shape": {
          "type": "polyline",
          "points": [
            [
              191.62138,
              841.1358
            ],
            [
              186.92636,
              859.26765
            ],
            [
              191.62138,
              841.1358
            ]
          ]
        },
        "metadata": {
          "segment_id": 17742,
          "street_id": 32899378,
          "street_name": "Long Ph\u01b0\u1edbc",
          "street_type": "unclassified",
          "street_level": 4,
          "street_group": "32899378",
          "composite": true
        },
        "length_hint": 37.45969552587952,
        "speed_limit": 11.11111111111111
      },
      {
        "start": "5740628247",
        "end": "5740628247",
        "reverse": false,
        "shape": {
          "type": "polyline",
          "points": [
            [
              191.62138,
              841.1358
            ],
            [
              191.76349,
              835.43595
            ],
            [
              191.62138,
              841.1358
            ]
          ]
        },
        "metadata": {
          "segment_id": 17743,
          "street_id": 32899378,
          "street_name": "Long Ph\u01b0\u1edbc",
          "street_type": "unclassified",
          "street_level": 4,
          "street_group": "32899378",
          "composite": true
        },
        "length_hint": 11.403242569479904,
        "speed_limit": 11.11111111111111
      },
      {
        "start": "5740628249",
        "end": "5740628249",
        "reverse": false,
        "shape": {
          "type": "polyline",
          "points": [
            [
              169.4799,
              900.654
            ],
            [
              141.77435,
              964.11825
            ],
            [
              169.4799,
              900.654
            ]
          ]
        },
        "metadata": {
          "segment_id": 17738,
          "street_id": 32899378,
          "street_name": "Long Ph\u01b0\u1edbc",
          "street_type": "unclassified",
          "street_level": 4,
          "street_group": "32899378",
          "composite": true
        },
        "length_hint": 138.49633249822895,
        "speed_limit": 11.11111111111111
      },
      {
        "start": "5740628249",
        "end": "5740628249",
        "reverse": false,
        "shape": {
          "type": "polyline",
          "points": [
            [
              169.4799,
              900.654
            ],
            [
              186.92636,
              859.26765
            ],
            [
              169.4799,
              900.654
            ]
          ]
        },
        "metadata": {
          "segment_id": 17739,
          "street_id": 32899378,
          "street_name": "Long Ph\u01b0\u1edbc",
          "street_type": "unclassified",
          "street_level": 4,
          "street_group": "32899378",
          "composite": true
        },
        "length_hint": 89.82669832191539,
        "speed_limit": 11.11111111111111
      },
      {
        "start": "5740628243",
        "end": "5740628243",
        "reverse": false,
        "shape": {
          "type": "polyline",
          "points": [
            [
              148.81415,
              722.5434
            ],
            [
              152.32859,
              746.0865
            ],
            [
              148.81415,
              722.5434
            ]
          ]
        },
        "metadata": {
          "segment_id": 17754,
          "street_id": 32899378,
          "street_name": "Long Ph\u01b0\u1edbc",
          "street_type": "unclassified",
          "street_level": 4,
          "street_group": "32899378",
          "composite": true
        },
        "length_hint": 47.60793404984505,
        "speed_limit": 11.11111111111111
      },
      {
        "start": "5740628244",
        "end": "5740628244",
        "reverse": false,
        "shape": {
          "type": "polyline",
          "points": [
            [
              152.32859,
              746.0865
            ],
            [
              164.6537,
              773.16495
            ],
            [
              152.32859,
              746.0865
            ]
          ]
        },
        "metadata": {
          "segment_id": 17752,
          "street_id": 32899378,
          "street_name": "Long Ph\u01b0\u1edbc",
          "street_type": "unclassified",
          "street_level": 4,
          "street_group": "32899378",
          "composite": true
        },
        "length_hint": 59.502967687825404,
        "speed_limit": 11.11111111111111
      },
      {
        "start": "5740628245",
        "end": "5740628245",
        "reverse": false,
        "shape": {
          "type": "polyline",
          "points": [
            [
              189.86143,
              828.5595
            ],
            [
              191.76349,
              835.43595
            ],
            [
              189.86143,
              828.5595
            ]
          ]
        },
        "metadata": {
          "segment_id": 17746,
          "street_id": 32899378,
          "street_name": "Long Ph\u01b0\u1edbc",
          "street_type": "unclassified",
          "street_level": 4,
          "street_group": "32899378",
          "composite": true
        },
        "length_hint": 14.26932329805463,
        "speed_limit": 11.11111111111111
      },
      {
        "start": "5740628245",
        "end": "5740628245",
        "reverse": false,
        "shape": {
          "type": "polyline",
          "points": [
            [
              189.86143,
              828.5595
            ],
            [
              187.15592,
              822.621
            ],
            [
              189.86143,
              828.5595
            ]
          ]
        },
        "metadata": {
          "segment_id": 17747,
          "street_id": 32899378,
          "street_name": "Long Ph\u01b0\u1edbc",
          "street_type": "unclassified",
          "street_level": 4,
          "street_group": "32899378",
          "composite": true
        },
        "length_hint": 13.051523529473444,
        "speed_limit": 11.11111111111111
      },
      {
        "start": "5740628189",
        "end": "5740628189",
        "reverse": false,
        "shape": {
          "type": "polyline",
          "points": [
            [
              164.6537,
              773.16495
            ],
            [
              187.15592,
              822.621
            ],
            [
              164.6537,
              773.16495
            ]
          ]
        },
        "metadata": {
          "segment_id": 17750,
          "street_id": 32899378,
          "street_name": "Long Ph\u01b0\u1edbc",
          "street_type": "unclassified",
          "street_level": 4,
          "street_group": "32899378",
          "composite": true
        },
        "length_hint": 108.66923734950754,
        "speed_limit": 11.11111111111111
      },
      {
        "start": "5740628259",
        "end": "5740628259",
        "reverse": false,
        "shape": {
          "type": "polyline",
          "points": [
            [
              155.26366,
              619.3023
            ],
            [
              153.79339,
              637.7283
            ],
            [
              155.26366,
              619.3023
            ]
          ]
        },
        "metadata": {
          "segment_id": 74868,
          "street_id": 605200362,
          "street_name": "Long Ph\u01b0\u1edbc",
          "street_type": "unclassified",
          "street_level": 4,
          "street_group": "605200362",
          "composite": true
        },
        "length_hint": 36.969131440860316,
        "speed_limit": 11.11111111111111
      },
      {
        "start": "4001387414",
        "end": "2592830359",
        "reverse": false,
        "shape": {
          "type": "polyline",
          "points": [
            [
              342.4633,
              565.1121
            ],
            [
              111.90986,
              557.60295
            ]
          ]
        },
        "metadata": {
          "segment_id": 46951,
          "street_id": 294021805,
          "street_name": "Cao t\u1ed1c TP. H\u1ed3 Ch\u00ed Minh - Long Th\u00e0nh - D\u1ea7u Gi\u00e2y",
          "street_type": "motorway",
          "street_level": 1,
          "street_group": "294021805",
          "composite": true
        },
        "length_hint": 230.67569449241094,
        "speed_limit": 33.333333333333336
      }
    ]
  }
}