{
  "observation": {
    "type": "Kinematics"
  },
  "action": {
    "type": "DiscreteMetaAction"
  },
  "simulation_frequency": 15,
  "policy_frequency": 1,
  "other_vehicles_type": "highway_env.vehicle.behavior.IDMVehicle",
  "screen_width": 600,
  "screen_height": 150,
  "centering_position": [
    0.3,
    0.5
  ],
  "scaling": 5.5,
  "show_trajectories": false,
  "render_agent": true,
  "offscreen_rendering": false,
  "manual_control": false,
  "real_time_rendering": false,
  "destination": null,
  "initial_vehicle_count": 0,
  "controlled_vehicles": 0,
  "spawn_probability": 0.0,
  "duration": 40.0,
  "collision_reward": -5,
  "high_speed_reward": 1.0,
  "arrived_reward": 1.0,
  "reward_speed_range": [
    6.0,
    12.0
  ],
  "auto_curve": false,
  "corner_radius": 25.0,
  "curve_samples": 8,
  "exit_distance": 5.0,
  "graph": {
    "nodes": {
      "366428162": [
        388.76857,
        122.49405
      ],
      "2270171158": [
        186.37979,
        579.9861
      ],
      "2270171160": [
        180.92504,
        586.22985
      ],
      "2270171161": [
        530.13299,
        895.63125
      ],
      "366369322": [
        998.706,
        83.2167
      ],
      "366453298": [
        201.79302,
        208.5579
      ],
      "2485874738": [
        555.73972,
        873.71985
      ],
      "366414389": [
        1065.043,
        851.04255
      ],
      "2209620538": [
        293.93897,
        666.56055
      ],
      "2159861313": [
        143.17903,
        556.9758
      ],
      "383531091": [
        288.15627,
        671.69985
      ],
      "383531092": [
        267.07514,
        654.3561
      ],
      "383531093": [
        652.02866,
        960.9936
      ],
      "383531094": [
        595.34952,
        914.8953
      ],
      "366431323": [
        459.40159,
        89.58255
      ],
      "366464618": [
        1066.28917,
        816.7713
      ],
      "2209620078": [
        147.19084,
        549.06705
      ],
      "2485881970": [
        472.40992,
        849.52185
      ],
      "2209619574": [
        129.34539,
        534.8757
      ],
      "2209498744": [
        166.98208,
        608.99595
      ],
      "2209622652": [
        656.35748,
        953.47335
      ],
      "5755029129": [
        32.63013,
        504.42285
      ],
      "5755029140": [
        0.0,
        301.1541
      ],
      "5755029142": [
        183.33541,
        217.0272
      ],
      "5755029150": [
        209.07877,
        205.0503
      ],
      "2685436069": [
        1015.32714,
        456.44865
      ],
      "5755029162": [
        401.77143,
        751.0704
      ],
      "5755046063": [
        1008.74099,
        405.82155
      ],
      "5755029174": [
        342.04244,
        703.50135
      ],
      "5755029175": [
        211.97012,
        643.58355
      ],
      "366390973": [
        272.45883,
        174.5475
      ],
      "5755029181": [
        198.38243,
        633.2772
      ],
      "2684989121": [
        1036.75809,
        86.01945
      ],
      "2212398279": [
        557.24825,
        885.1584
      ],
      "366427339": [
        1065.80273,
        833.943
      ],
      "2209482955": [
        268.22293,
        687.43965
      ],
      "2485874902": [
        384.00796,
        747.4851
      ],
      "2485874903": [
        389.1293,
        741.0027
      ],
      "366451420": [
        981.61481,
        182.20095
      ],
      "366379234": [
        1051.93629,
        980.75715
      ],
      "5755264746": [
        1013.91153,
        0.0
      ],
      "5755264749": [
        1013.39229,
        2.83605
      ],
      "5755264754": [
        1002.23137,
        61.8603
      ],
      "5870240499": [
        342.61088,
        143.12895
      ],
      "2350505717": [
        428.36744,
        813.85755
      ],
      "2485946616": [
        74.64483,
        530.00835
      ],
      "2485878523": [
        716.70408,
        1040.79705
      ],
      "5755264764": [
        998.02279,
        86.76315
      ],
      "5755264767": [
        986.70883,
        145.4433
      ],
      "2485878527": [
        719.32761,
        1033.1991
      ],
      "366477567": [
        982.09579,
        232.18425
      ],
      "366470403": [
        1062.19537,
        781.62315
      ],
      "2496935173": [
        990.42002,
        282.97785
      ],
      "404465414": [
        251.51434,
        662.80875
      ],
      "2209620229": [
        273.62302,
        648.4953
      ],
      "5755040525": [
        995.82559,
        315.96705
      ],
      "404465421": [
        142.51768,
        580.14705
      ],
      "2485878543": [
        729.38447,
        1018.66365
      ],
      "366382352": [
        128.42715,
        544.8546
      ],
      "404465423": [
        124.97284,
        567.28215
      ],
      "5755040533": [
        1007.99766,
        400.1328
      ],
      "5755040535": [
        1010.15661,
        416.7051
      ],
      "2496935192": [
        986.3153,
        147.49125
      ],
      "5755040537": [
        1013.31031,
        444.08325
      ],
      "366436122": [
        563.17851,
        40.9035
      ],
      "5870006043": [
        597.22425,
        25.31355
      ],
      "5755040542": [
        1035.29875,
        588.8772
      ],
      "2496935200": [
        979.98057,
        206.4267
      ],
      "5755040544": [
        1037.93321,
        605.5827
      ],
      "5755040546": [
        1040.55674,
        622.20495
      ],
      "2350505761": [
        368.20667,
        766.27185
      ],
      "5755040551": [
        1049.76641,
        687.7116
      ],
      "5870006056": [
        217.11879,
        201.18195
      ],
      "5755040554": [
        1055.84972,
        733.67115
      ],
      "5755040562": [
        1052.13852,
        705.6603
      ],
      "366421311": [
        327.8426,
        149.73345
      ],
      "2209498435": [
        202.16468,
        636.20205
      ],
      "5752795470": [
        1052.73428,
        710.15025
      ],
      "5752795472": [
        1061.90023,
        779.3976
      ],
      "2209481570": [
        638.74705,
        980.57955
      ],
      "366478180": [
        1043.92906,
        643.6002
      ],
      "2485875045": [
        493.63863,
        824.2527
      ],
      "2485875046": [
        488.77417,
        829.95255
      ],
      "5752795498": [
        1055.49991,
        731.0238
      ],
      "5755257716": [
        1000.87588,
        71.3286
      ],
      "3168990581": [
        437.34209,
        821.1558
      ],
      "3168990582": [
        429.53163,
        773.18715
      ],
      "5752795522": [
        1056.27604,
        1098.8445
      ],
      "2209481614": [
        578.68466,
        934.34805
      ],
      "366431120": [
        1001.73945,
        352.04205
      ],
      "5752795537": [
        1053.86021,
        1033.09365
      ],
      "366387602": [
        317.93878,
        693.6834
      ],
      "5752795543": [
        1052.48832,
        995.7255
      ],
      "404484510": [
        583.48353,
        926.7723
      ],
      "404484512": [
        643.95038,
        974.8464
      ],
      "404484515": [
        274.60685,
        681.44565
      ],
      "5752795558": [
        1054.83856,
        952.03035
      ],
      "5752795572": [
        1065.08672,
        806.4483
      ],
      "5752795574": [
        1063.76403,
        795.1041
      ],
      "5752795584": [
        1058.75746,
        913.2414
      ],
      "5751116740": [
        792.89024,
        1058.92335
      ],
      "2209562057": [
        139.98161,
        586.77375
      ],
      "2214286794": [
        734.10135,
        1011.9204
      ],
      "5755039695": [
        1011.1295,
        424.7748
      ],
      "5752795599": [
        1065.33814,
        808.59615
      ],
      "5755039697": [
        1016.1306,
        462.07635
      ],
      "5751116752": [
        723.3121,
        1046.0529
      ],
      "5755039701": [
        1014.70405,
        451.6479
      ],
      "2209622494": [
        322.6338,
        688.03905
      ],
      "366412257": [
        507.22632,
        67.06065
      ],
      "2209622498": [
        600.2741,
        908.868
      ],
      "2209622500": [
        571.18574,
        885.65235
      ],
      "5755039717": [
        984.55535,
        247.19145
      ],
      "5751116772": [
        738.41924,
        1015.3725
      ],
      "5755039719": [
        989.82427,
        279.34815
      ],
      "366423535": [
        1024.02851,
        517.4265
      ],
      "3182297072": [
        373.02194,
        759.8727
      ],
      "2209498098": [
        246.42032,
        669.50205
      ],
      "2209584626": [
        122.68272,
        574.47495
      ]
    },
    "edges": [
      {
        "start": "5870240499",
        "end": "5870240499",
        "reverse": false,
        "shape": {
          "type": "polyline",
          "points": [
            [
              342.61088,
              143.12895
            ],
            [
              327.8426,
              149.73345
            ],
            [
              342.61088,
              143.12895
            ]
          ]
        },
        "metadata": {
          "segment_id": 31982,
          "street_id": 205982412,
          "street_name": "Tr\u1ecbnh Quang Ngh\u1ecb",
          "street_type": "tertiary",
          "street_level": 4,
          "street_group": "205982412",
          "composite": true
        },
        "length_hint": 32.355618640872876,
        "speed_limit": 13.88888888888889
      },
      {
        "start": "5870240499",
        "end": "5870240499",
        "reverse": false,
        "shape": {
          "type": "polyline",
          "points": [
            [
              342.61088,
              143.12895
            ],
            [
              388.76857,
              122.49405
            ],
            [
              342.61088,
              143.12895
            ]
          ]
        },
        "metadata": {
          "segment_id": 31983,
          "street_id": 205982412,
          "street_name": "Tr\u1ecbnh Quang Ngh\u1ecb",
          "street_type": "tertiary",
          "street_level": 4,
          "street_group": "205982412",
          "composite": true
        },
        "length_hint": 101.12035292948894,
        "speed_limit": 13.88888888888889
      },
      {
        "start": "366428162",
        "end": "366428162",
        "reverse": false,
        "shape": {
          "type": "polyline",
          "points": [
            [
              388.76857,
              122.49405
            ],
            [
              459.40159,
              89.58255
            ],
            [
              388.76857,
              122.49405
            ]
          ]
        },
        "metadata": {
          "segment_id": 31985,
          "street_id": 205982412,
          "street_name": "Tr\u1ecbnh Quang Ngh\u1ecb",
          "street_type": "tertiary",
          "street_level": 4,
          "street_group": "205982412",
          "composite": true
        },
        "length_hint": 155.84852064194126,
        "speed_limit": 13.88888888888889
      },
      {
        "start": "366412257",
        "end": "366412257",
        "reverse": false,
        "shape": {
          "type": "polyline",
          "points": [
            [
              507.22632,
              67.06065
            ],
            [
              459.40159,
              89.58255
            ],
            [
              507.22632,
              67.06065
            ]
          ]
        },
        "metadata": {
          "segment_id": 31988,
          "street_id": 205982412,
          "street_name": "Tr\u1ecbnh Quang Ngh\u1ecb",
          "street_type": "tertiary",
          "street_level": 4,
          "street_group": "205982412",
          "composite": true
        },
        "length_hint": 105.72494084524992,
        "speed_limit": 13.88888888888889
      },
      {
        "start": "366412257",
        "end": "366412257",
        "reverse": false,
        "shape": {
          "type": "polyline",
          "points": [
            [
              507.22632,
              67.06065
            ],
            [
              563.17851,
              40.9035
            ],
            [
              507.22632,
              67.06065
            ]
          ]
        },
        "metadata": {
          "segment_id": 31989,
          "street_id": 205982412,
          "street_name": "Tr\u1ecbnh Quang Ngh\u1ecb",
          "street_type": "tertiary",
          "street_level": 4,
          "street_group": "205982412",
          "composite": true
        },
        "length_hint": 123.52884783593825,
        "speed_limit": 13.88888888888889
      },
      {
        "start": "5870006043",
        "end": "5870006043",
        "reverse": false,
        "shape": {
          "type": "polyline",
          "points": [
            [
              597.22425,
              25.31355
            ],
            [
              563.17851,
              40.9035
            ],
            [
              597.22425,
              25.31355
            ]
          ]
        },
        "metadata": {
          "segment_id": 31992,
          "street_id": 205982412,
          "street_name": "Tr\u1ecbnh Quang Ngh\u1ecb",
          "street_type": "tertiary",
          "street_level": 4,
          "street_group": "205982412",
          "composite": true
        },
        "length_hint": 74.8908259575257,
        "speed_limit": 13.88888888888889
      },
      {
        "start": "5755029140",
        "end": "5755029140",
        "reverse": false,
        "shape": {
          "type": "polyline",
          "points": [
            [
              0.0,
              301.1541
            ],
            [
              183.33541,
              217.0272
            ],
            [
              0.0,
              301.1541
            ]
          ]
        },
        "metadata": {
          "segment_id": 31969,
          "street_id": 205982412,
          "street_name": "Tr\u1ecbnh Quang Ngh\u1ecb",
          "street_type": "tertiary",
          "street_level": 4,
          "street_group": "205982412",
          "composite": true
        },
        "length_hint": 403.43132185529726,
        "speed_limit": 13.88888888888889
      },
      {
        "start": "5870006056",
        "end": "5870006056",
        "reverse": false,
        "shape": {
          "type": "polyline",
          "points": [
            [
              217.11879,
              201.18195
            ],
            [
              209.07877,
              205.0503
            ],
            [
              217.11879,
              201.18195
            ]
          ]
        },
        "metadata": {
          "segment_id": 31976,
          "street_id": 205982412,
          "street_name": "Tr\u1ecbnh Quang Ngh\u1ecb",
          "street_type": "tertiary",
          "street_level": 4,
          "street_group": "205982412",
          "composite": true
        },
        "length_hint": 17.84444488605907,
        "speed_limit": 13.88888888888889
      },
      {
        "start": "5870006056",
        "end": "5870006056",
        "reverse": false,
        "shape": {
          "type": "polyline",
          "points": [
            [
              217.11879,
              201.18195
            ],
            [
              272.45883,
              174.5475
            ],
            [
              217.11879,
              201.18195
            ]
          ]
        },
        "metadata": {
          "segment_id": 31977,
          "street_id": 205982412,
          "street_name": "Tr\u1ecbnh Quang Ngh\u1ecb",
          "street_type": "tertiary",
          "street_level": 4,
          "street_group": "205982412",
          "composite": true
        },
        "length_hint": 122.83181923270693,
        "speed_limit": 13.88888888888889
      },
      {
        "start": "5755029150",
        "end": "5755029150",
        "reverse": false,
        "shape": {
          "type": "polyline",
          "points": [
            [
              209.07877,
              205.0503
            ],
            [
              201.79302,
              208.5579
            ],
            [
              209.07877,
              205.0503
            ]
          ]
        },
        "metadata": {
          "segment_id": 31974,
          "street_id": 205982412,
          "street_name": "Tr\u1ecbnh Quang Ngh\u1ecb",
          "street_type": "tertiary",
          "street_level": 4,
          "street_group": "205982412",
          "composite": true
        },
        "length_hint": 16.172249172270337,
        "speed_limit": 13.88888888888889
      },
      {
        "start": "366453298",
        "end": "366453298",
        "reverse": false,
        "shape": {
          "type": "polyline",
          "points": [
            [
              201.79302,
              208.5579
            ],
            [
              183.33541,
              217.0272
            ],
            [
              201.79302,
              208.5579
            ]
          ]
        },
        "metadata": {
          "segment_id": 31972,
          "street_id": 205982412,
          "street_name": "Tr\u1ecbnh Quang Ngh\u1ecb",
          "street_type": "tertiary",
          "street_level": 4,
          "street_group": "205982412",
          "composite": true
        },
        "length_hint": 40.615879131300396,
        "speed_limit": 13.88888888888889
      },
      {
        "start": "366421311",
        "end": "366421311",
        "reverse": false,
        "shape": {
          "type": "polyline",
          "points": [
            [
              327.8426,
              149.73345
            ],
            [
              272.45883,
              174.5475
            ],
            [
              327.8426,
              149.73345
            ]
          ]
        },
        "metadata": {
          "segment_id": 31980,
          "street_id": 205982412,
          "street_name": "Tr\u1ecbnh Quang Ngh\u1ecb",
          "street_type": "tertiary",
          "street_level": 4,
          "street_group": "205982412",
          "composite": true
        },
        "length_hint": 121.37708279268213,
        "speed_limit": 13.88888888888889
      },
      {
        "start": "2209620078",
        "end": "2209620229",
        "reverse": false,
        "shape": {
          "type": "polyline",
          "points": [
            [
              147.19084,
              549.06705
            ],
            [
              186.37979,
              579.9861
            ],
            [
              273.62302,
              648.4953
            ]
          ]
        },
        "metadata": {
          "segment_id": 32497,
          "street_id": 210934221,
          "street_name": "Nguy\u1ec5n V\u0103n Linh",
          "street_type": "primary",
          "street_level": 2,
          "street_group": "210934221",
          "composite": true
        },
        "length_hint": 160.84496276735644,
        "speed_limit": 16.666666666666668
      },
      {
        "start": "2270171160",
        "end": "2270171160",
        "reverse": false,
        "shape": {
          "type": "polyline",
          "points": [
            [
              180.92504,
              586.22985
            ],
            [
              186.37979,
              579.9861
            ],
            [
              180.92504,
              586.22985
            ]
          ]
        },
        "metadata": {
          "segment_id": 35758,
          "street_id": 217710562,
          "street_name": "\u0110\u01b0\u1eddng Nguy\u1ec5n V\u0103n Linh",
          "street_type": "trunk_link",
          "street_level": 3,
          "street_group": "217710562",
          "composite": true
        },
        "length_hint": 16.58176246663802,
        "speed_limit": 19.444444444444446
      },
      {
        "start": "2159861313",
        "end": "383531092",
        "reverse": false,
        "shape": {
          "type": "polyline",
          "points": [
            [
              143.17903,
              556.9758
            ],
            [
              180.92504,
              586.22985
            ],
            [
              267.07514,
              654.3561
            ]
          ]
        },
        "metadata": {
          "segment_id": 32019,
          "street_id": 205982467,
          "street_name": "Nguy\u1ec5n V\u0103n Linh",
          "street_type": "trunk",
          "street_level": 1,
          "street_group": "205982467",
          "composite": true
        },
        "length_hint": 157.5870228704733,
        "speed_limit": 22.22222222222222
      },
      {
        "start": "2209481614",
        "end": "2209482955",
        "reverse": false,
        "shape": {
          "type": "polyline",
          "points": [
            [
              578.68466,
              934.34805
            ],
            [
              530.13299,
              895.63125
            ],
            [
              472.40992,
              849.52185
            ],
            [
              437.34209,
              821.1558
            ],
            [
              428.36744,
              813.85755
            ],
            [
              368.20667,
              766.27185
            ],
            [
              268.22293,
              687.43965
            ]
          ]
        },
        "metadata": {
          "segment_id": 32427,
          "street_id": 210918275,
          "street_name": "Nguy\u1ec5n V\u0103n Linh",
          "street_type": "primary",
          "street_level": 2,
          "street_group": "210918275",
          "composite": true
        },
        "length_hint": 396.6778241767564,
        "speed_limit": 16.666666666666668
      },
      {
        "start": "5755040533",
        "end": "5755040533",
        "reverse": false,
        "shape": {
          "type": "polyline",
          "points": [
            [
              1007.99766,
              400.1328
            ],
            [
              1001.73945,
              352.04205
            ],
            [
              1007.99766,
              400.1328
            ]
          ]
        },
        "metadata": {
          "segment_id": 18836,
          "street_id": 33094769,
          "street_name": "Qu\u1ed1c l\u1ed9 50",
          "street_type": "primary",
          "street_level": 2,
          "street_group": "33094769",
          "composite": true
        },
        "length_hint": 96.99248275957463,
        "speed_limit": 16.666666666666668
      },
      {
        "start": "5755040533",
        "end": "5755040533",
        "reverse": false,
        "shape": {
          "type": "polyline",
          "points": [
            [
              1007.99766,
              400.1328
            ],
            [
              1008.74099,
              405.82155
            ],
            [
              1007.99766,
              400.1328
            ]
          ]
        },
        "metadata": {
          "segment_id": 18837,
          "street_id": 33094769,
          "street_name": "Qu\u1ed1c l\u1ed9 50",
          "street_type": "primary",
          "street_level": 2,
          "street_group": "33094769",
          "composite": true
        },
        "length_hint": 11.474217367890558,
        "speed_limit": 16.666666666666668
      },
      {
        "start": "5752795537",
        "end": "5752795537",
        "reverse": false,
        "shape": {
          "type": "polyline",
          "points": [
            [
              1053.86021,
              1033.09365
            ],
            [
              1052.48832,
              995.7255
            ],
            [
              1053.86021,
              1033.09365
            ]
          ]
        },
        "metadata": {
          "segment_id": 18896,
          "street_id": 33094769,
          "street_name": "Qu\u1ed1c l\u1ed9 50",
          "street_type": "primary",
          "street_level": 2,
          "street_group": "33094769",
          "composite": true
        },
        "length_hint": 74.78664898481819,
        "speed_limit": 16.666666666666668
      },
      {
        "start": "5752795537",
        "end": "5752795537",
        "reverse": false,
        "shape": {
          "type": "polyline",
          "points": [
            [
              1053.86021,
              1033.09365
            ],
            [
              1056.27604,
              1098.8445
            ],
            [
              1053.86021,
              1033.09365
            ]
          ]
        },
        "metadata": {
          "segment_id": 18897,
          "street_id": 33094769,
          "street_name": "Qu\u1ed1c l\u1ed9 50",
          "street_type": "primary",
          "street_level": 2,
          "street_group": "33094769",
          "composite": true
        },
        "length_hint": 131.59043293965388,
        "speed_limit": 16.666666666666668
      },
      {
        "start": "366464618",
        "end": "366464618",
        "reverse": false,
        "shape": {
          "type": "polyline",
          "points": [
            [
              1066.28917,
              816.7713
            ],
            [
              1065.33814,
              808.59615
            ],
            [
              1066.28917,
              816.7713
            ]
          ]
        },
        "metadata": {
          "segment_id": 18882,
          "street_id": 33094769,
          "street_name": "Qu\u1ed1c l\u1ed9 50",
          "street_type": "primary",
          "street_level": 2,
          "street_group": "33094769",
          "composite": true
        },
        "length_hint": 16.460563244725304,
        "speed_limit": 16.666666666666668
      },
      {
        "start": "366464618",
        "end": "366464618",
        "reverse": false,
        "shape": {
          "type": "polyline",
          "points": [
            [
              1066.28917,
              816.7713
            ],
            [
              1065.80273,
              833.943
            ],
            [
              1066.28917,
              816.7713
            ]
          ]
        },
        "metadata": {
          "segment_id": 18883,
          "street_id": 33094769,
          "street_name": "Qu\u1ed1c l\u1ed9 50",
          "street_type": "primary",
          "street_level": 2,
          "street_group": "33094769",
          "composite": true
        },
        "length_hint": 34.357177111258686,
        "speed_limit": 16.666666666666668
      },
      {
        "start": "366379234",
        "end": "366379234",
        "reverse": false,
        "shape": {
          "type": "polyline",
          "points": [
            [
              1051.93629,
              980.75715
            ],
            [
              1054.83856,
              952.03035
            ],
            [
              1051.93629,
              980.75715
            ]
          ]
        },
        "metadata": {
          "segment_id": 18892,
          "street_id": 33094769,
          "street_name": "Qu\u1ed1c l\u1ed9 50",
          "street_type": "primary",
          "street_level": 2,
          "street_group": "33094769",
          "composite": true
        },
        "length_hint": 57.746072053184726,
        "speed_limit": 16.666666666666668
      },
      {
        "start": "366379234",
        "end": "366379234",
        "reverse": false,
        "shape": {
          "type": "polyline",
          "points": [
            [
              1051.93629,
              980.75715
            ],
            [
              1052.48832,
              995.7255
            ],
            [
              1051.93629,
              980.75715
            ]
          ]
        },
        "metadata": {
          "segment_id": 18893,
          "street_id": 33094769,
          "street_name": "Qu\u1ed1c l\u1ed9 50",
          "street_type": "primary",
          "street_level": 2,
          "street_group": "33094769",
          "composite": true
        },
        "length_hint": 29.95705184716276,
        "speed_limit": 16.666666666666668
      },
      {
        "start": "5752795558",
        "end": "5752795558",
        "reverse": false,
        "shape": {
          "type": "polyline",
          "points": [
            [
              1054.83856,
              952.03035
            ],
            [
              1058.75746,
              913.2414
            ],
            [
              1054.83856,
              952.03035
            ]
          ]
        },
        "metadata": {
          "segment_id": 18890,
          "street_id": 33094769,
          "street_name": "Qu\u1ed1c l\u1ed9 50",
          "street_type": "primary",
          "street_level": 2,
          "street_group": "33094769",
          "composite": true
        },
        "length_hint": 77.97282653110635,
        "speed_limit": 16.666666666666668
      },
      {
        "start": "366414389",
        "end": "366414389",
        "reverse": false,
        "shape": {
          "type": "polyline",
          "points": [
            [
              1065.043,
              851.04255
            ],
            [
              1065.80273,
              833.943
            ],
            [
              1065.043,
              851.04255
            ]
          ]
        },
        "metadata": {
          "segment_id": 18886,
          "street_id": 33094769,
          "street_name": "Qu\u1ed1c l\u1ed9 50",
          "street_type": "primary",
          "street_level": 2,
          "street_group": "33094769",
          "composite": true
        },
        "length_hint": 34.23283802873499,
        "speed_limit": 16.666666666666668
      },
      {
        "start": "366414389",
        "end": "366414389",
        "reverse": false,
        "shape": {
          "type": "polyline",
          "points": [
            [
              1065.043,
              851.04255
            ],
            [
              1058.75746,
              913.2414
            ],
            [
              1065.043,
              851.04255
            ]
          ]
        },
        "metadata": {
          "segment_id": 18887,
          "street_id": 33094769,
          "street_name": "Qu\u1ed1c l\u1ed9 50",
          "street_type": "primary",
          "street_level": 2,
          "street_group": "33094769",
          "composite": true
        },
        "length_hint": 125.03127535803348,
        "speed_limit": 16.666666666666668
      },
      {
        "start": "5755046063",
        "end": "5755046063",
        "reverse": false,
        "shape": {
          "type": "polyline",
          "points": [
            [
              1008.74099,
              405.82155
            ],
            [
              1010.15661,
              416.7051
            ],
            [
              1008.74099,
              405.82155
            ]
          ]
        },
        "metadata": {
          "segment_id": 18839,
          "street_id": 33094769,
          "street_name": "Qu\u1ed1c l\u1ed9 50",
          "street_type": "primary",
          "street_level": 2,
          "street_group": "33094769",
          "composite": true
        },
        "length_hint": 21.950456996327002,
        "speed_limit": 16.666666666666668
      },
      {
        "start": "5752795572",
        "end": "5752795572",
        "reverse": false,
        "shape": {
          "type": "polyline",
          "points": [
            [
              1065.08672,
              806.4483
            ],
            [
              1063.76403,
              795.1041
            ],
            [
              1065.08672,
              806.4483
            ]
          ]
        },
        "metadata": {
          "segment_id": 18878,
          "street_id": 33094769,
          "street_name": "Qu\u1ed1c l\u1ed9 50",
          "street_type": "primary",
          "street_level": 2,
          "street_group": "33094769",
          "composite": true
        },
        "length_hint": 22.842099945153898,
        "speed_limit": 16.666666666666668
      },
      {
        "start": "5752795572",
        "end": "5752795572",
        "reverse": false,
        "shape": {
          "type": "polyline",
          "points": [
            [
              1065.08672,
              806.4483
            ],
            [
              1065.33814,
              808.59615
            ],
            [
              1065.08672,
              806.4483
            ]
          ]
        },
        "metadata": {
          "segment_id": 18879,
          "street_id": 33094769,
          "street_name": "Qu\u1ed1c l\u1ed9 50",
          "street_type": "primary",
          "street_level": 2,
          "street_group": "33094769",
          "composite": true
        },
        "length_hint": 4.325030237535828,
        "speed_limit": 16.666666666666668
      },
      {
        "start": "5755040537",
        "end": "5755040537",
        "reverse": false,
        "shape": {
          "type": "polyline",
          "points": [
            [
              1013.31031,
              444.08325
            ],
            [
              1011.1295,
              424.7748
            ],
            [
              1013.31031,
              444.08325
            ]
          ]
        },
        "metadata": {
          "segment_id": 18844,
          "street_id": 33094769,
          "street_name": "Qu\u1ed1c l\u1ed9 50",
          "street_type": "primary",
          "street_level": 2,
          "street_group": "33094769",
          "composite": true
        },
        "length_hint": 38.862432947956286,
        "speed_limit": 16.666666666666668
      },
      {
        "start": "5755040537",
        "end": "5755040537",
        "reverse": false,
        "shape": {
          "type": "polyline",
          "points": [
            [
              1013.31031,
              444.08325
            ],
            [
              1014.70405,
              451.6479
            ],
            [
              1013.31031,
              444.08325
            ]
          ]
        },
        "metadata": {
          "segment_id": 18845,
          "street_id": 33094769,
          "street_name": "Qu\u1ed1c l\u1ed9 50",
          "street_type": "primary",
          "street_level": 2,
          "street_group": "33094769",
          "composite": true
        },
        "length_hint": 15.383944983013926,
        "speed_limit": 16.666666666666668
      },
      {
        "start": "5755040535",
        "end": "5755040535",
        "reverse": false,
        "shape": {
          "type": "polyline",
          "points": [
            [
              1010.15661,
              416.7051
            ],
            [
              1011.1295,
              424.7748
            ],
            [
              1010.15661,
              416.7051
            ]
          ]
        },
        "metadata": {
          "segment_id": 18841,
          "street_id": 33094769,
          "street_name": "Qu\u1ed1c l\u1ed9 50",
          "street_type": "primary",
          "street_level": 2,
          "street_group": "33094769",
          "composite": true
        },
        "length_hint": 16.256269318893583,
        "speed_limit": 16.666666666666668
      },
      {
        "start": "5755040546",
        "end": "5755040546",
        "reverse": false,
        "shape": {
          "type": "polyline",
          "points": [
            [
              1040.55674,
              622.20495
            ],
            [
              1037.93321,
              605.5827
            ],
            [
              1040.55674,
              622.20495
            ]
          ]
        },
        "metadata": {
          "segment_id": 18858,
          "street_id": 33094769,
          "street_name": "Qu\u1ed1c l\u1ed9 50",
          "street_type": "primary",
          "street_level": 2,
          "street_group": "33094769",
          "composite": true
        },
        "length_hint": 33.656030943853175,
        "speed_limit": 16.666666666666668
      },
      {
        "start": "5755040546",
        "end": "5755040546",
        "reverse": false,
        "shape": {
          "type": "polyline",
          "points": [
            [
              1040.55674,
              622.20495
            ],
            [
              1043.92906,
              643.6002
            ],
            [
              1040.55674,
              622.20495
            ]
          ]
        },
        "metadata": {
          "segment_id": 18859,
          "street_id": 33094769,
          "street_name": "Qu\u1ed1c l\u1ed9 50",
          "street_type": "primary",
          "street_level": 2,
          "street_group": "33094769",
          "composite": true
        },
        "length_hint": 43.31878413551775,
        "speed_limit": 16.666666666666668
      },
      {
        "start": "366478180",
        "end": "366478180",
        "reverse": false,
        "shape": {
          "type": "polyline",
          "points": [
            [
              1043.92906,
              643.6002
            ],
            [
              1049.76641,
              687.7116
            ],
            [
              1043.92906,
              643.6002
            ]
          ]
        },
        "metadata": {
          "segment_id": 18861,
          "street_id": 33094769,
          "street_name": "Qu\u1ed1c l\u1ed9 50",
          "street_type": "primary",
          "street_level": 2,
          "street_group": "33094769",
          "composite": true
        },
        "length_hint": 88.99191569985446,
        "speed_limit": 16.666666666666668
      },
      {
        "start": "5752795470",
        "end": "5752795470",
        "reverse": false,
        "shape": {
          "type": "polyline",
          "points": [
            [
              1052.73428,
              710.15025
            ],
            [
              1052.13852,
              705.6603
            ],
            [
              1052.73428,
              710.15025
            ]
          ]
        },
        "metadata": {
          "segment_id": 18866,
          "street_id": 33094769,
          "street_name": "Qu\u1ed1c l\u1ed9 50",
          "street_type": "primary",
          "street_level": 2,
          "street_group": "33094769",
          "composite": true
        },
        "length_hint": 9.058604965467941,
        "speed_limit": 16.666666666666668
      },
      {
        "start": "5752795470",
        "end": "5752795470",
        "reverse": false,
        "shape": {
          "type": "polyline",
          "points": [
            [
              1052.73428,
              710.15025
            ],
            [
              1055.49991,
              731.0238
            ],
            [
              1052.73428,
              710.15025
            ]
          ]
        },
        "metadata": {
          "segment_id": 18867,
          "street_id": 33094769,
          "street_name": "Qu\u1ed1c l\u1ed9 50",
          "street_type": "primary",
          "street_level": 2,
          "street_group": "33094769",
          "composite": true
        },
        "length_hint": 42.11193649783403,
        "speed_limit": 16.666666666666668
      },
      {
        "start": "5755040562",
        "end": "5755040562",
        "reverse": false,
        "shape": {
          "type": "polyline",
          "points": [
            [
              1052.13852,
              705.6603
            ],
            [
              1049.76641,
              687.7116
            ],
            [
              1052.13852,
              705.6603
            ]
          ]
        },
        "metadata": {
          "segment_id": 18864,
          "street_id": 33094769,
          "street_name": "Qu\u1ed1c l\u1ed9 50",
          "street_type": "primary",
          "street_level": 2,
          "street_group": "33094769",
          "composite": true
        },
        "length_hint": 36.20954225295322,
        "speed_limit": 16.666666666666668
      },
      {
        "start": "5752795472",
        "end": "5752795472",
        "reverse": false,
        "shape": {
          "type": "polyline",
          "points": [
            [
              1061.90023,
              779.3976
            ],
            [
              1055.84972,
              733.67115
            ],
            [
              1061.90023,
              779.3976
            ]
          ]
        },
        "metadata": {
          "segment_id": 18872,
          "street_id": 33094769,
          "street_name": "Qu\u1ed1c l\u1ed9 50",
          "street_type": "primary",
          "street_level": 2,
          "street_group": "33094769",
          "composite": true
        },
        "length_hint": 92.25002766097364,
        "speed_limit": 16.666666666666668
      },
      {
        "start": "5752795472",
        "end": "5752795472",
        "reverse": false,
        "shape": {
          "type": "polyline",
          "points": [
            [
              1061.90023,
              779.3976
            ],
            [
              1062.19537,
              781.62315
            ],
            [
              1061.90023,
              779.3976
            ]
          ]
        },
        "metadata": {
          "segment_id": 18873,
          "street_id": 33094769,
          "street_name": "Qu\u1ed1c l\u1ed9 50",
          "street_type": "primary",
          "street_level": 2,
          "street_group": "33094769",
          "composite": true
        },
        "length_hint": 4.490069229800342,
        "speed_limit": 16.666666666666668
      },
      {
        "start": "5752795574",
        "end": "5752795574",
        "reverse": false,
        "shape": {
          "type": "polyline",
          "points": [
            [
              1063.76403,
              795.1041
            ],
            [
              1062.19537,
              781.62315
            ],
            [
              1063.76403,
              795.1041
            ]
          ]
        },
        "metadata": {
          "segment_id": 18876,
          "street_id": 33094769,
          "street_name": "Qu\u1ed1c l\u1ed9 50",
          "street_type": "primary",
          "street_level": 2,
          "street_group": "33094769",
          "composite": true
        },
        "length_hint": 27.143817498509723,
        "speed_limit": 16.666666666666668
      },
      {
        "start": "5755040554",
        "end": "5755040554",
        "reverse": false,
        "shape": {
          "type": "polyline",
          "points": [
            [
              1055.84972,
              733.67115
            ],
            [
              1055.49991,
              731.0238
            ],
            [
              1055.84972,
              733.67115
            ]
          ]
        },
        "metadata": {
          "segment_id": 18870,
          "street_id": 33094769,
          "street_name": "Qu\u1ed1c l\u1ed9 50",
          "street_type": "primary",
          "street_level": 2,
          "street_group": "33094769",
          "composite": true
        },
        "length_hint": 5.340722444988035,
        "speed_limit": 16.666666666666668
      },
      {
        "start": "5755039701",
        "end": "5755039701",
        "reverse": false,
        "shape": {
          "type": "polyline",
          "points": [
            [
              1014.70405,
              451.6479
            ],
            [
              1015.32714,
              456.44865
            ],
            [
              1014.70405,
              451.6479
            ]
          ]
        },
        "metadata": {
          "segment_id": 18847,
          "street_id": 33094769,
          "street_name": "Qu\u1ed1c l\u1ed9 50",
          "street_type": "primary",
          "street_level": 2,
          "street_group": "33094769",
          "composite": true
        },
        "length_hint": 9.682033197753427,
        "speed_limit": 16.666666666666668
      },
      {
        "start": "2685436069",
        "end": "2685436069",
        "reverse": false,
        "shape": {
          "type": "polyline",
          "points": [
            [
              1015.32714,
              456.44865
            ],
            [
              1016.1306,
              462.07635
            ],
            [
              1015.32714,
              456.44865
            ]
          ]
        },
        "metadata": {
          "segment_id": 18849,
          "street_id": 33094769,
          "street_name": "Qu\u1ed1c l\u1ed9 50",
          "street_type": "primary",
          "street_level": 2,
          "street_group": "33094769",
          "composite": true
        },
        "length_hint": 11.36953037932526,
        "speed_limit": 16.666666666666668
      },
      {
        "start": "366423535",
        "end": "366423535",
        "reverse": false,
        "shape": {
          "type": "polyline",
          "points": [
            [
              1024.02851,
              517.4265
            ],
            [
              1016.1306,
              462.07635
            ],
            [
              1024.02851,
              517.4265
            ]
          ]
        },
        "metadata": {
          "segment_id": 18852,
          "street_id": 33094769,
          "street_name": "Qu\u1ed1c l\u1ed9 50",
          "street_type": "primary",
          "street_level": 2,
          "street_group": "33094769",
          "composite": true
        },
        "length_hint": 111.82157372154279,
        "speed_limit": 16.666666666666668
      },
      {
        "start": "366423535",
        "end": "366423535",
        "reverse": false,
        "shape": {
          "type": "polyline",
          "points": [
            [
              1024.02851,
              517.4265
            ],
            [
              1035.29875,
              588.8772
            ],
            [
              1024.02851,
              517.4265
            ]
          ]
        },
        "metadata": {
          "segment_id": 18853,
          "street_id": 33094769,
          "street_name": "Qu\u1ed1c l\u1ed9 50",
          "street_type": "primary",
          "street_level": 2,
          "street_group": "33094769",
          "composite": true
        },
        "length_hint": 144.66818365000086,
        "speed_limit": 16.666666666666668
      },
      {
        "start": "5755040542",
        "end": "5755040542",
        "reverse": false,
        "shape": {
          "type": "polyline",
          "points": [
            [
              1035.29875,
              588.8772
            ],
            [
              1037.93321,
              605.5827
            ],
            [
              1035.29875,
              588.8772
            ]
          ]
        },
        "metadata": {
          "segment_id": 18855,
          "street_id": 33094769,
          "street_name": "Qu\u1ed1c l\u1ed9 50",
          "street_type": "primary",
          "street_level": 2,
          "street_group": "33094769",
          "composite": true
        },
        "length_hint": 33.823903366796735,
        "speed_limit": 16.666666666666668
      },
      {
        "start": "366451420",
        "end": "366451420",
        "reverse": false,
        "shape": {
          "type": "polyline",
          "points": [
            [
              981.61481,
              182.20095
            ],
            [
              986.3153,
              147.49125
            ],
            [
              981.61481,
              182.20095
            ]
          ]
        },
        "metadata": {
          "segment_id": 18820,
          "street_id": 33094769,
          "street_name": "Qu\u1ed1c l\u1ed9 50",
          "street_type": "primary",
          "street_level": 2,
          "street_group": "33094769",
          "composite": true
        },
        "length_hint": 70.05306218375038,
        "speed_limit": 16.666666666666668
      },
      {
        "start": "366451420",
        "end": "366451420",
        "reverse": false,
        "shape": {
          "type": "polyline",
          "points": [
            [
              981.61481,
              182.20095
            ],
            [
              979.98057,
              206.4267
            ],
            [
              981.61481,
              182.20095
            ]
          ]
        },
        "metadata": {
          "segment_id": 18821,
          "street_id": 33094769,
          "street_name": "Qu\u1ed1c l\u1ed9 50",
          "street_type": "primary",
          "street_level": 2,
          "street_group": "33094769",
          "composite": true
        },
        "length_hint": 48.561618730849595,
        "speed_limit": 16.666666666666668
      },
      {
        "start": "5755264767",
        "end": "5755264767",
        "reverse": false,
        "shape": {
          "type": "polyline",
          "points": [
            [
              986.70883,
              145.4433
            ],
            [
              998.02279,
              86.76315
            ],
            [
              986.70883,
              145.4433
            ]
          ]
        },
        "metadata": {
          "segment_id": 18816,
          "street_id": 33094769,
          "street_name": "Qu\u1ed1c l\u1ed9 50",
          "street_type": "primary",
          "street_level": 2,
          "street_group": "33094769",
          "composite": true
        },
        "length_hint": 119.52180880331586,
        "speed_limit": 16.666666666666668
      },
      {
        "start": "5755264767",
        "end": "5755264767",
        "reverse": false,
        "shape": {
          "type": "polyline",
          "points": [
            [
              986.70883,
              145.4433
            ],
            [
              986.3153,
              147.49125
            ],
            [
              986.70883,
              145.4433
            ]
          ]
        },
        "metadata": {
          "segment_id": 18817,
          "street_id": 33094769,
          "street_name": "Qu\u1ed1c l\u1ed9 50",
          "street_type": "primary",
          "street_level": 2,
          "street_group": "33094769",
          "composite": true
        },
        "length_hint": 4.170834479285939,
        "speed_limit": 16.666666666666668
      },
      {
        "start": "5755264746",
        "end": "5755264746",
        "reverse": false,
        "shape": {
          "type": "polyline",
          "points": [
            [
              1013.91153,
              0.0
            ],
            [
              1013.39229,
              2.83605
            ],
            [
              1013.91153,
              0.0
            ]
          ]
        },
        "metadata": {
          "segment_id": 18805,
          "street_id": 33094769,
          "street_name": "Qu\u1ed1c l\u1ed9 50",
          "street_type": "primary",
          "street_level": 2,
          "street_group": "33094769",
          "composite": true
        },
        "length_hint": 5.766381804944923,
        "speed_limit": 16.666666666666668
      },
      {
        "start": "5755264754",
        "end": "5755264754",
        "reverse": false,
        "shape": {
          "type": "polyline",
          "points": [
            [
              1002.23137,
              61.8603
            ],
            [
              1013.39229,
              2.83605
            ],
            [
              1002.23137,
              61.8603
            ]
          ]
        },
        "metadata": {
          "segment_id": 18808,
          "street_id": 33094769,
          "street_name": "Qu\u1ed1c l\u1ed9 50",
          "street_type": "primary",
          "street_level": 2,
          "street_group": "33094769",
          "composite": true
        },
        "length_hint": 120.1403882682073,
        "speed_limit": 16.666666666666668
      },
      {
        "start": "5755264754",
        "end": "5755264754",
        "reverse": false,
        "shape": {
          "type": "polyline",
          "points": [
            [
              1002.23137,
              61.8603
            ],
            [
              1000.87588,
              71.3286
            ],
            [
              1002.23137,
              61.8603
            ]
          ]
        },
        "metadata": {
          "segment_id": 18809,
          "street_id": 33094769,
          "street_name": "Qu\u1ed1c l\u1ed9 50",
          "street_type": "primary",
          "street_level": 2,
          "street_group": "33094769",
          "composite": true
        },
        "length_hint": 19.12966889730187,
        "speed_limit": 16.666666666666668
      },
      {
        "start": "366369322",
        "end": "366369322",
        "reverse": false,
        "shape": {
          "type": "polyline",
          "points": [
            [
              998.706,
              83.2167
            ],
            [
              1000.87588,
              71.3286
            ],
            [
              998.706,
              83.2167
            ]
          ]
        },
        "metadata": {
          "segment_id": 18812,
          "street_id": 33094769,
          "street_name": "Qu\u1ed1c l\u1ed9 50",
          "street_type": "primary",
          "street_level": 2,
          "street_group": "33094769",
          "composite": true
        },
        "length_hint": 24.169013287629294,
        "speed_limit": 16.666666666666668
      },
      {
        "start": "366369322",
        "end": "366369322",
        "reverse": false,
        "shape": {
          "type": "polyline",
          "points": [
            [
              998.706,
              83.2167
            ],
            [
              998.02279,
              86.76315
            ],
            [
              998.706,
              83.2167
            ]
          ]
        },
        "metadata": {
          "segment_id": 18813,
          "street_id": 33094769,
          "street_name": "Qu\u1ed1c l\u1ed9 50",
          "street_type": "primary",
          "street_level": 2,
          "street_group": "33094769",
          "composite": true
        },
        "length_hint": 7.223318768156364,
        "speed_limit": 16.666666666666668
      },
      {
        "start": "366431120",
        "end": "366431120",
        "reverse": false,
        "shape": {
          "type": "polyline",
          "points": [
            [
              1001.73945,
              352.04205
            ],
            [
              995.82559,
              315.96705
            ],
            [
              1001.73945,
              352.04205
            ]
          ]
        },
        "metadata": {
          "segment_id": 18834,
          "street_id": 33094769,
          "street_name": "Qu\u1ed1c l\u1ed9 50",
          "street_type": "primary",
          "street_level": 2,
          "street_group": "33094769",
          "composite": true
        },
        "length_hint": 73.11304576064667,
        "speed_limit": 16.666666666666668
      },
      {
        "start": "2496935200",
        "end": "2496935200",
        "reverse": false,
        "shape": {
          "type": "polyline",
          "points": [
            [
              979.98057,
              206.4267
            ],
            [
              982.09579,
              232.18425
            ],
            [
              979.98057,
              206.4267
            ]
          ]
        },
        "metadata": {
          "segment_id": 18823,
          "street_id": 33094769,
          "street_name": "Qu\u1ed1c l\u1ed9 50",
          "street_type": "primary",
          "street_level": 2,
          "street_group": "33094769",
          "composite": true
        },
        "length_hint": 51.688510818204044,
        "speed_limit": 16.666666666666668
      },
      {
        "start": "5755040525",
        "end": "5755040525",
        "reverse": false,
        "shape": {
          "type": "polyline",
          "points": [
            [
              995.82559,
              315.96705
            ],
            [
              990.42002,
              282.97785
            ],
            [
              995.82559,
              315.96705
            ]
          ]
        },
        "metadata": {
          "segment_id": 18832,
          "street_id": 33094769,
          "street_name": "Qu\u1ed1c l\u1ed9 50",
          "street_type": "primary",
          "street_level": 2,
          "street_group": "33094769",
          "composite": true
        },
        "length_hint": 66.85828306694388,
        "speed_limit": 16.666666666666668
      },
      {
        "start": "5755039719",
        "end": "5755039719",
        "reverse": false,
        "shape": {
          "type": "polyline",
          "points": [
            [
              989.82427,
              279.34815
            ],
            [
              984.55535,
              247.19145
            ],
            [
              989.82427,
              279.34815
            ]
          ]
        },
        "metadata": {
          "segment_id": 18828,
          "street_id": 33094769,
          "street_name": "Qu\u1ed1c l\u1ed9 50",
          "street_type": "primary",
          "street_level": 2,
          "street_group": "33094769",
          "composite": true
        },
        "length_hint": 65.1710019212962,
        "speed_limit": 16.666666666666668
      },
      {
        "start": "5755039719",
        "end": "5755039719",
        "reverse": false,
        "shape": {
          "type": "polyline",
          "points": [
            [
              989.82427,
              279.34815
            ],
            [
              990.42002,
              282.97785
            ],
            [
              989.82427,
              279.34815
            ]
          ]
        },
        "metadata": {
          "segment_id": 18829,
          "street_id": 33094769,
          "street_name": "Qu\u1ed1c l\u1ed9 50",
          "street_type": "primary",
          "street_level": 2,
          "street_group": "33094769",
          "composite": true
        },
        "length_hint": 7.3565318330039675,
        "speed_limit": 16.666666666666668
      },
      {
        "start": "366477567",
        "end": "366477567",
        "reverse": false,
        "shape": {
          "type": "polyline",
          "points": [
            [
              982.09579,
              232.18425
            ],
            [
              984.55535,
              247.19145
            ],
            [
              982.09579,
              232.18425
            ]
          ]
        },
        "metadata": {
          "segment_id": 18825,
          "street_id": 33094769,
          "street_name": "Qu\u1ed1c l\u1ed9 50",
          "street_type": "primary",
          "street_level": 2,
          "street_group": "33094769",
          "composite": true
        },
        "length_hint": 30.4148310686481,
        "speed_limit": 16.666666666666668
      },
      {
        "start": "366369322",
        "end": "366369322",
        "reverse": false,
        "shape": {
          "type": "polyline",
          "points": [
            [
              998.706,
              83.2167
            ],
            [
              1036.75809,
              86.01945
            ],
            [
              998.706,
              83.2167
            ]
          ]
        },
        "metadata": {
          "segment_id": 44070,
          "street_id": 262891290,
          "street_name": "X\u00e3 Phong Ph\u00fa",
          "street_type": "unclassified",
          "street_level": 4,
          "street_group": "262891290",
          "composite": true
        },
        "length_hint": 76.31033903556192,
        "speed_limit": 11.11111111111111
      },
      {
        "start": "2209620538",
        "end": "2209622498",
        "reverse": false,
        "shape": {
          "type": "polyline",
          "points": [
            [
              293.93897,
              666.56055
            ],
            [
              322.6338,
              688.03905
            ],
            [
              342.04244,
              703.50135
            ],
            [
              389.1293,
              741.0027
            ],
            [
              401.77143,
              751.0704
            ],
            [
              429.53163,
              773.18715
            ],
            [
              493.63863,
              824.2527
            ],
            [
              555.73972,
              873.71985
            ],
            [
              571.18574,
              885.65235
            ],
            [
              600.2741,
              908.868
            ]
          ]
        },
        "metadata": {
          "segment_id": 32500,
          "street_id": 210934562,
          "street_name": "Nguy\u1ec5n V\u0103n Linh",
          "street_type": "primary",
          "street_level": 2,
          "street_group": "210934562",
          "composite": true
        },
        "length_hint": 390.59788117856164,
        "speed_limit": 16.666666666666668
      },
      {
        "start": "383531091",
        "end": "383531094",
        "reverse": false,
        "shape": {
          "type": "polyline",
          "points": [
            [
              288.15627,
              671.69985
            ],
            [
              317.93878,
              693.6834
            ],
            [
              384.00796,
              747.4851
            ],
            [
              488.77417,
              829.95255
            ],
            [
              557.24825,
              885.1584
            ],
            [
              595.34952,
              914.8953
            ]
          ]
        },
        "metadata": {
          "segment_id": 20209,
          "street_id": 33572190,
          "street_name": "Nguy\u1ec5n V\u0103n Linh",
          "street_type": "trunk",
          "street_level": 1,
          "street_group": "33572190",
          "composite": true
        },
        "length_hint": 391.8400581008759,
        "speed_limit": 22.22222222222222
      },
      {
        "start": "383531092",
        "end": "383531091",
        "reverse": false,
        "shape": {
          "type": "polyline",
          "points": [
            [
              267.07514,
              654.3561
            ],
            [
              288.15627,
              671.69985
            ]
          ]
        },
        "metadata": {
          "segment_id": 20208,
          "street_id": 33572189,
          "street_name": "C\u1ea7u M\u00e3 Voi",
          "street_type": "trunk",
          "street_level": 1,
          "street_group": "33572189",
          "composite": true
        },
        "length_hint": 27.29871253629741,
        "speed_limit": 22.22222222222222
      },
      {
        "start": "383531093",
        "end": "2485878543",
        "reverse": false,
        "shape": {
          "type": "polyline",
          "points": [
            [
              652.02866,
              960.9936
            ],
            [
              729.38447,
              1018.66365
            ]
          ]
        },
        "metadata": {
          "segment_id": 20215,
          "street_id": 33572192,
          "street_name": "Nguy\u1ec5n V\u0103n Linh",
          "street_type": "trunk",
          "street_level": 1,
          "street_group": "33572192",
          "composite": true
        },
        "length_hint": 96.48707689508785,
        "speed_limit": 22.22222222222222
      },
      {
        "start": "383531094",
        "end": "383531093",
        "reverse": false,
        "shape": {
          "type": "polyline",
          "points": [
            [
              595.34952,
              914.8953
            ],
            [
              652.02866,
              960.9936
            ]
          ]
        },
        "metadata": {
          "segment_id": 20214,
          "street_id": 33572191,
          "street_name": "C\u1ea7u B\u00e0 L\u1edbn",
          "street_type": "trunk",
          "street_level": 1,
          "street_group": "33572191",
          "composite": true
        },
        "length_hint": 73.0587309910978,
        "speed_limit": 22.22222222222222
      },
      {
        "start": "2209619574",
        "end": "2209620078",
        "reverse": false,
        "shape": {
          "type": "polyline",
          "points": [
            [
              129.34539,
              534.8757
            ],
            [
              147.19084,
              549.06705
            ]
          ]
        },
        "metadata": {
          "segment_id": 32496,
          "street_id": 210934206,
          "street_name": "Nguy\u1ec5n V\u0103n Linh",
          "street_type": "primary",
          "street_level": 2,
          "street_group": "210934206",
          "composite": true
        },
        "length_hint": 22.800317991751747,
        "speed_limit": 16.666666666666668
      },
      {
        "start": "2209498098",
        "end": "2209562057",
        "reverse": false,
        "shape": {
          "type": "polyline",
          "points": [
            [
              246.42032,
              669.50205
            ],
            [
              211.97012,
              643.58355
            ],
            [
              202.16468,
              636.20205
            ],
            [
              198.38243,
              633.2772
            ],
            [
              166.98208,
              608.99595
            ],
            [
              139.98161,
              586.77375
            ]
          ]
        },
        "metadata": {
          "segment_id": 32434,
          "street_id": 210921301,
          "street_name": "Nguy\u1ec5n V\u0103n Linh",
          "street_type": "primary",
          "street_level": 2,
          "street_group": "210921301",
          "composite": true
        },
        "length_hint": 134.82844279365617,
        "speed_limit": 16.666666666666668
      },
      {
        "start": "2209622652",
        "end": "5751116740",
        "reverse": false,
        "shape": {
          "type": "polyline",
          "points": [
            [
              656.35748,
              953.47335
            ],
            [
              734.10135,
              1011.9204
            ],
            [
              738.41924,
              1015.3725
            ],
            [
              792.89024,
              1058.92335
            ]
          ]
        },
        "metadata": {
          "segment_id": 32542,
          "street_id": 211063422,
          "street_name": "Nguy\u1ec5n V\u0103n Linh",
          "street_type": "primary",
          "street_level": 2,
          "street_group": "211063422",
          "composite": true
        },
        "length_hint": 172.53231354368614,
        "speed_limit": 16.666666666666668
      },
      {
        "start": "2485874903",
        "end": "2485874903",
        "reverse": false,
        "shape": {
          "type": "polyline",
          "points": [
            [
              389.1293,
              741.0027
            ],
            [
              384.00796,
              747.4851
            ],
            [
              389.1293,
              741.0027
            ]
          ]
        },
        "metadata": {
          "segment_id": 41206,
          "street_id": 240891790,
          "street_name": "Nguy\u1ec5n V\u0103n Linh",
          "street_type": "trunk_link",
          "street_level": 3,
          "street_group": "240891790",
          "composite": true
        },
        "length_hint": 16.522667236932364,
        "speed_limit": 19.444444444444446
      },
      {
        "start": "5751116752",
        "end": "2209481570",
        "reverse": false,
        "shape": {
          "type": "polyline",
          "points": [
            [
              723.3121,
              1046.0529
            ],
            [
              716.70408,
              1040.79705
            ],
            [
              638.74705,
              980.57955
            ]
          ]
        },
        "metadata": {
          "segment_id": 32424,
          "street_id": 210917943,
          "street_name": "Nguy\u1ec5n V\u0103n Linh",
          "street_type": "primary",
          "street_level": 2,
          "street_group": "210917943",
          "composite": true
        },
        "length_hint": 106.94940394117916,
        "speed_limit": 16.666666666666668
      },
      {
        "start": "2485878527",
        "end": "404484512",
        "reverse": false,
        "shape": {
          "type": "polyline",
          "points": [
            [
              719.32761,
              1033.1991
            ],
            [
              643.95038,
              974.8464
            ]
          ]
        },
        "metadata": {
          "segment_id": 22358,
          "street_id": 57765927,
          "street_name": "Nguy\u1ec5n V\u0103n Linh",
          "street_type": "trunk",
          "street_level": 1,
          "street_group": "57765927",
          "composite": true
        },
        "length_hint": 95.32452150293182,
        "speed_limit": 22.22222222222222
      },
      {
        "start": "404465414",
        "end": "404465421",
        "reverse": false,
        "shape": {
          "type": "polyline",
          "points": [
            [
              251.51434,
              662.80875
            ],
            [
              142.51768,
              580.14705
            ]
          ]
        },
        "metadata": {
          "segment_id": 20571,
          "street_id": 34719377,
          "street_name": "Nguy\u1ec5n V\u0103n Linh",
          "street_type": "trunk",
          "street_level": 1,
          "street_group": "34719377",
          "composite": true
        },
        "length_hint": 136.79630308617845,
        "speed_limit": 22.22222222222222
      },
      {
        "start": "2209620229",
        "end": "2209620538",
        "reverse": false,
        "shape": {
          "type": "polyline",
          "points": [
            [
              273.62302,
              648.4953
            ],
            [
              293.93897,
              666.56055
            ]
          ]
        },
        "metadata": {
          "segment_id": 32499,
          "street_id": 210934228,
          "street_name": "C\u1ea7u M\u00e3 Voi",
          "street_type": "primary",
          "street_level": 2,
          "street_group": "210934228",
          "composite": true
        },
        "length_hint": 27.186229638642413,
        "speed_limit": 16.666666666666668
      },
      {
        "start": "404465421",
        "end": "404465423",
        "reverse": false,
        "shape": {
          "type": "polyline",
          "points": [
            [
              142.51768,
              580.14705
            ],
            [
              124.97284,
              567.28215
            ]
          ]
        },
        "metadata": {
          "segment_id": 32010,
          "street_id": 205982460,
          "street_name": "Nguy\u1ec5n V\u0103n Linh",
          "street_type": "trunk",
          "street_level": 1,
          "street_group": "205982460",
          "composite": true
        },
        "length_hint": 21.756081049573268,
        "speed_limit": 22.22222222222222
      },
      {
        "start": "366382352",
        "end": "2159861313",
        "reverse": false,
        "shape": {
          "type": "polyline",
          "points": [
            [
              128.42715,
              544.8546
            ],
            [
              143.17903,
              556.9758
            ]
          ]
        },
        "metadata": {
          "segment_id": 32009,
          "street_id": 205982455,
          "street_name": "Nguy\u1ec5n V\u0103n Linh",
          "street_type": "trunk",
          "street_level": 1,
          "street_group": "205982455",
          "composite": true
        },
        "length_hint": 19.092968678924738,
        "speed_limit": 22.22222222222222
      },
      {
        "start": "404465423",
        "end": "2485946616",
        "reverse": false,
        "shape": {
          "type": "polyline",
          "points": [
            [
              124.97284,
              567.28215
            ],
            [
              74.64483,
              530.00835
            ]
          ]
        },
        "metadata": {
          "segment_id": 32011,
          "street_id": 205982463,
          "street_name": "Nguy\u1ec5n V\u0103n Linh",
          "street_type": "trunk",
          "street_level": 1,
          "street_group": "205982463",
          "composite": true
        },
        "length_hint": 62.627827337375386,
        "speed_limit": 22.22222222222222
      },
      {
        "start": "2209481570",
        "end": "2209481614",
        "reverse": false,
        "shape": {
          "type": "polyline",
          "points": [
            [
              638.74705,
              980.57955
            ],
            [
              578.68466,
              934.34805
            ]
          ]
        },
        "metadata": {
          "segment_id": 32426,
          "street_id": 210918191,
          "street_name": "C\u1ea7u B\u00e0 L\u1edbn",
          "street_type": "primary",
          "street_level": 2,
          "street_group": "210918191",
          "composite": true
        },
        "length_hint": 75.79473784348158,
        "speed_limit": 16.666666666666668
      },
      {
        "start": "2485875045",
        "end": "2485875045",
        "reverse": false,
        "shape": {
          "type": "polyline",
          "points": [
            [
              493.63863,
              824.2527
            ],
            [
              488.77417,
              829.95255
            ],
            [
              493.63863,
              824.2527
            ]
          ]
        },
        "metadata": {
          "segment_id": 41208,
          "street_id": 240891811,
          "street_name": "Nguy\u1ec5n V\u0103n Linh",
          "street_type": "primary_link",
          "street_level": 3,
          "street_group": "240891811",
          "composite": true
        },
        "length_hint": 14.986829032733933,
        "speed_limit": 19.444444444444446
      },
      {
        "start": "404484510",
        "end": "404484515",
        "reverse": false,
        "shape": {
          "type": "polyline",
          "points": [
            [
              583.48353,
              926.7723
            ],
            [
              373.02194,
              759.8727
            ],
            [
              274.60685,
              681.44565
            ]
          ]
        },
        "metadata": {
          "segment_id": 20568,
          "street_id": 34719375,
          "street_name": "Nguy\u1ec5n V\u0103n Linh",
          "street_type": "trunk",
          "street_level": 1,
          "street_group": "34719375",
          "composite": true
        },
        "length_hint": 394.44918568269384,
        "speed_limit": 22.22222222222222
      },
      {
        "start": "404484512",
        "end": "404484510",
        "reverse": false,
        "shape": {
          "type": "polyline",
          "points": [
            [
              643.95038,
              974.8464
            ],
            [
              583.48353,
              926.7723
            ]
          ]
        },
        "metadata": {
          "segment_id": 20567,
          "street_id": 34719374,
          "street_name": "C\u1ea7u B\u00e0 L\u1edbn",
          "street_type": "trunk",
          "street_level": 1,
          "street_group": "34719374",
          "composite": true
        },
        "length_hint": 77.2486830938399,
        "speed_limit": 22.22222222222222
      },
      {
        "start": "404484515",
        "end": "404465414",
        "reverse": false,
        "shape": {
          "type": "polyline",
          "points": [
            [
              274.60685,
              681.44565
            ],
            [
              251.51434,
              662.80875
            ]
          ]
        },
        "metadata": {
          "segment_id": 20570,
          "street_id": 34719376,
          "street_name": "C\u1ea7u M\u00e3 Voi",
          "street_type": "trunk",
          "street_level": 1,
          "street_group": "34719376",
          "composite": true
        },
        "length_hint": 29.674872530646176,
        "speed_limit": 22.22222222222222
      },
      {
        "start": "2209562057",
        "end": "2209584626",
        "reverse": false,
        "shape": {
          "type": "polyline",
          "points": [
            [
              139.98161,
              586.77375
            ],
            [
              122.68272,
              574.47495
            ]
          ]
        },
        "metadata": {
          "segment_id": 32439,
          "street_id": 210931459,
          "street_name": "Nguy\u1ec5n V\u0103n Linh",
          "street_type": "primary",
          "street_level": 2,
          "street_group": "210931459",
          "composite": true
        },
        "length_hint": 21.225269766768513,
        "speed_limit": 16.666666666666668
      },
      {
        "start": "2209622498",
        "end": "2209622652",
        "reverse": false,
        "shape": {
          "type": "polyline",
          "points": [
            [
              600.2741,
              908.868
            ],
            [
              656.35748,
              953.47335
            ]
          ]
        },
        "metadata": {
          "segment_id": 32509,
          "street_id": 210934589,
          "street_name": "C\u1ea7u B\u00e0 L\u1edbn",
          "street_type": "primary",
          "street_level": 2,
          "street_group": "210934589",
          "composite": true
        },
        "length_hint": 71.65879402311273,
        "speed_limit": 16.666666666666668
      },
      {
        "start": "2209498098",
        "end": "2209482955",
        "reverse": false,
        "shape": {
          "type": "polyline",
          "points": [
            [
              246.42032,
              669.50205
            ],
            [
              268.22293,
              687.43965
            ]
          ]
        },
        "metadata": {
          "segment_id": 32433,
          "street_id": 210921259,
          "street_name": "C\u1ea7u M\u00e3 Voi",
          "street_type": "primary",
          "street_level": 2,
          "street_group": "210921259",
          "composite": true
        },
        "length_hint": 28.23315952159977,
        "speed_limit": 16.666666666666668
      },
      {
        "start": "2209584626",
        "end": "5755029129",
        "reverse": false,
        "shape": {
          "type": "polyline",
          "points": [
            [
              122.68272,
              574.47495
            ],
            [
              32.63013,
              504.42285
            ]
          ]
        },
        "metadata": {
          "segment_id": 32440,
          "street_id": 210932012,
          "street_name": "Nguy\u1ec5n V\u0103n Linh",
          "street_type": "primary",
          "street_level": 2,
          "street_group": "210932012",
          "composite": true
        },
        "length_hint": 114.091041191314,
        "speed_limit": 16.666666666666668
      }
    ]
  }
}