{
  "observation": {
    "type": "Kinematics"
  },
  "action": {
    "type": "DiscreteMetaAction"
  },
  "simulation_frequency": 15,
  "policy_frequency": 1,
  "other_vehicles_type": "highway_env.vehicle.behavior.IDMVehicle",
  "screen_width": 600,
  "screen_height": 150,
  "centering_position": [
    0.3,
    0.5
  ],
  "scaling": 5.5,
  "show_trajectories": false,
  "render_agent": true,
  "offscreen_rendering": false,
  "manual_control": false,
  "real_time_rendering": false,
  "destination": null,
  "initial_vehicle_count": 0,
  "controlled_vehicles": 0,
  "spawn_probability": 0.0,
  "duration": 40.0,
  "collision_reward": -5,
  "high_speed_reward": 1.0,
  "arrived_reward": 1.0,
  "reward_speed_range": [
    6.0,
    12.0
  ],
  "auto_curve": false,
  "corner_radius": 25.0,
  "curve_samples": 8,
  "exit_distance": 5.0,
  "graph": {
    "nodes": {
      "3378126208": [
        998.96835,
        730.65195
      ],
      "5811531395": [
        225.29545,
        10.15095
      ],
      "5805817989": [
        977.7943,
        658.008
      ],
      "5811336457": [
        117.55044,
        64.4022
      ],
      "5805817995": [
        972.6183,
        622.82655
      ],
      "5802992907": [
        905.19909,
        1075.40685
      ],
      "5805644429": [
        986.97118,
        696.1809
      ],
      "5811336460": [
        30.46025,
        108.2583
      ],
      "5802992911": [
        899.66782,
        1088.688
      ],
      "5805817999": [
        947.07716,
        456.50415
      ],
      "366411795": [
        1006.89359,
        748.7505
      ],
      "5802992892": [
        931.64754,
        1025.95635
      ],
      "5805818007": [
        974.35638,
        634.63695
      ],
      "5805818009": [
        957.2324,
        517.9593
      ],
      "5811542426": [
        884.28739,
        50.66595
      ],
      "366411547": [
        98.98899,
        68.0874
      ],
      "5811542428": [
        917.34384,
        262.5816
      ],
      "3378126237": [
        912.70894,
        1062.0147
      ],
      "5748474218": [
        1047.86982,
        588.3666
      ],
      "5748474217": [
        1059.94898,
        586.22985
      ],
      "5811542432": [
        904.15515,
        178.89315
      ],
      "5805818017": [
        965.87911,
        579.3756
      ],
      "3378126246": [
        897.86415,
        1095.3258
      ],
      "366438952": [
        900.61885,
        1085.19705
      ],
      "5811542440": [
        890.80795,
        97.9464
      ],
      "5811542442": [
        883.06308,
        42.5019
      ],
      "366426923": [
        978.28621,
        661.3602
      ],
      "5811613101": [
        881.16649,
        29.9367
      ],
      "5038653678": [
        112.42363,
        61.2054
      ],
      "366408623": [
        928.17683,
        323.1543
      ],
      "5811613103": [
        876.64637,
        0.0
      ],
      "366417588": [
        984.84503,
        688.91595
      ],
      "5811542452": [
        883.77908,
        46.0761
      ],
      "5748475321": [
        1010.49001,
        594.78795
      ],
      "5748475322": [
        983.50047,
        599.7441
      ],
      "5748475323": [
        969.798,
        603.63465
      ],
      "366398524": [
        988.29934,
        700.70415
      ],
      "5811542460": [
        902.54824,
        170.25735
      ],
      "366411710": [
        1025.76113,
        795.8589
      ],
      "5811542462": [
        909.91051,
        212.91465
      ],
      "5811542463": [
        905.86044,
        188.8332
      ],
      "5811542464": [
        897.57447,
        140.415
      ],
      "366454601": [
        885.52264,
        58.54695
      ],
      "5806362059": [
        1010.35884,
        874.5579
      ],
      "5806361042": [
        1019.39361,
        856.90335
      ],
      "5806361043": [
        1044.79264,
        840.75285
      ],
      "5805644373": [
        1039.77514,
        829.74165
      ],
      "366414166": [
        969.03827,
        599.2557
      ],
      "5805644377": [
        1033.1562,
        830.7129
      ],
      "3378081370": [
        966.22891,
        582.85545
      ],
      "5802992865": [
        988.84044,
        915.95535
      ],
      "366479078": [
        995.83652,
        720.85065
      ],
      "366451302": [
        896.84207,
        1103.8395
      ],
      "5038653670": [
        0.0,
        118.29825
      ],
      "5038653672": [
        38.57133,
        98.72895
      ],
      "5038653674": [
        47.52411,
        94.18905
      ],
      "5748474219": [
        1039.05914,
        589.8318
      ],
      "5038653676": [
        63.46751,
        86.1027
      ],
      "5748474220": [
        1027.88182,
        591.9741
      ],
      "5802992622": [
        953.16593,
        984.57
      ],
      "5805644399": [
        1047.52548,
        846.7524
      ],
      "5805817968": [
        963.46874,
        562.2594
      ],
      "366380145": [
        1056.97565,
        867.5094
      ],
      "366384626": [
        1036.92206,
        823.4757
      ],
      "366446705": [
        904.22074,
        1077.14955
      ],
      "5805817970": [
        962.88391,
        558.10245
      ],
      "3378126197": [
        936.40268,
        391.8411
      ],
      "366438262": [
        924.4219,
        1039.85355
      ],
      "5802992887": [
        987.54508,
        918.44175
      ],
      "5038653680": [
        140.09092,
        47.02515
      ],
      "5038653682": [
        176.73833,
        28.25505
      ],
      "5802992890": [
        938.12984,
        1013.49105
      ],
      "5038653684": [
        211.60938,
        10.38405
      ],
      "3378126204": [
        982.38547,
        680.7408
      ],
      "3378126205": [
        991.11963,
        709.24005
      ],
      "5811531391": [
        167.93858,
        39.0276
      ]
    },
    "edges": [
      {
        "start": "366411710",
        "end": "366411710",
        "reverse": false,
        "shape": {
          "type": "polyline",
          "points": [
            [
              1025.76113,
              795.8589
            ],
            [
              1036.92206,
              823.4757
            ],
            [
              1025.76113,
              795.8589
            ]
          ]
        },
        "metadata": {
          "segment_id": 1985,
          "street_id": 32577210,
          "street_name": "V\u0129nh L\u1ed9c",
          "street_type": "secondary",
          "street_level": 3,
          "street_group": "32577210",
          "composite": true
        },
        "length_hint": 59.573618345871886,
        "speed_limit": 11.11111111111111
      },
      {
        "start": "366411710",
        "end": "366411710",
        "reverse": false,
        "shape": {
          "type": "polyline",
          "points": [
            [
              1025.76113,
              795.8589
            ],
            [
              1006.89359,
              748.7505
            ],
            [
              1025.76113,
              795.8589
            ]
          ]
        },
        "metadata": {
          "segment_id": 1986,
          "street_id": 32577210,
          "street_name": "V\u0129nh L\u1ed9c",
          "street_type": "secondary",
          "street_level": 3,
          "street_group": "32577210",
          "composite": true
        },
        "length_hint": 101.49256950558694,
        "speed_limit": 11.11111111111111
      },
      {
        "start": "5805644429",
        "end": "5805644429",
        "reverse": false,
        "shape": {
          "type": "polyline",
          "points": [
            [
              986.97118,
              696.1809
            ],
            [
              988.29934,
              700.70415
            ],
            [
              986.97118,
              696.1809
            ]
          ]
        },
        "metadata": {
          "segment_id": 1997,
          "street_id": 32577210,
          "street_name": "V\u0129nh L\u1ed9c",
          "street_type": "secondary",
          "street_level": 3,
          "street_group": "32577210",
          "composite": true
        },
        "length_hint": 9.428425011230827,
        "speed_limit": 11.11111111111111
      },
      {
        "start": "5805644429",
        "end": "5805644429",
        "reverse": false,
        "shape": {
          "type": "polyline",
          "points": [
            [
              986.97118,
              696.1809
            ],
            [
              984.84503,
              688.91595
            ],
            [
              986.97118,
              696.1809
            ]
          ]
        },
        "metadata": {
          "segment_id": 1998,
          "street_id": 32577210,
          "street_name": "V\u0129nh L\u1ed9c",
          "street_type": "secondary",
          "street_level": 3,
          "street_group": "32577210",
          "composite": true
        },
        "length_hint": 15.139354322427387,
        "speed_limit": 11.11111111111111
      },
      {
        "start": "366426923",
        "end": "366426923",
        "reverse": false,
        "shape": {
          "type": "polyline",
          "points": [
            [
              978.28621,
              661.3602
            ],
            [
              982.38547,
              680.7408
            ],
            [
              978.28621,
              661.3602
            ]
          ]
        },
        "metadata": {
          "segment_id": 2003,
          "street_id": 32577210,
          "street_name": "V\u0129nh L\u1ed9c",
          "street_type": "secondary",
          "street_level": 3,
          "street_group": "32577210",
          "composite": true
        },
        "length_hint": 39.61876267162332,
        "speed_limit": 11.11111111111111
      },
      {
        "start": "366426923",
        "end": "366426923",
        "reverse": false,
        "shape": {
          "type": "polyline",
          "points": [
            [
              978.28621,
              661.3602
            ],
            [
              977.7943,
              658.008
            ],
            [
              978.28621,
              661.3602
            ]
          ]
        },
        "metadata": {
          "segment_id": 2004,
          "street_id": 32577210,
          "street_name": "V\u0129nh L\u1ed9c",
          "street_type": "secondary",
          "street_level": 3,
          "street_group": "32577210",
          "composite": true
        },
        "length_hint": 6.776199609840153,
        "speed_limit": 11.11111111111111
      },
      {
        "start": "3378126204",
        "end": "3378126204",
        "reverse": false,
        "shape": {
          "type": "polyline",
          "points": [
            [
              982.38547,
              680.7408
            ],
            [
              984.84503,
              688.91595
            ],
            [
              982.38547,
              680.7408
            ]
          ]
        },
        "metadata": {
          "segment_id": 2001,
          "street_id": 32577210,
          "street_name": "V\u0129nh L\u1ed9c",
          "street_type": "secondary",
          "street_level": 3,
          "street_group": "32577210",
          "composite": true
        },
        "length_hint": 17.0742511304125,
        "speed_limit": 11.11111111111111
      },
      {
        "start": "5805818007",
        "end": "5805818007",
        "reverse": false,
        "shape": {
          "type": "polyline",
          "points": [
            [
              974.35638,
              634.63695
            ],
            [
              977.7943,
              658.008
            ],
            [
              974.35638,
              634.63695
            ]
          ]
        },
        "metadata": {
          "segment_id": 2007,
          "street_id": 32577210,
          "street_name": "V\u0129nh L\u1ed9c",
          "street_type": "secondary",
          "street_level": 3,
          "street_group": "32577210",
          "composite": true
        },
        "length_hint": 47.24511708225113,
        "speed_limit": 11.11111111111111
      },
      {
        "start": "5805818007",
        "end": "5805818007",
        "reverse": false,
        "shape": {
          "type": "polyline",
          "points": [
            [
              974.35638,
              634.63695
            ],
            [
              972.6183,
              622.82655
            ],
            [
              974.35638,
              634.63695
            ]
          ]
        },
        "metadata": {
          "segment_id": 2008,
          "street_id": 32577210,
          "street_name": "V\u0129nh L\u1ed9c",
          "street_type": "secondary",
          "street_level": 3,
          "street_group": "32577210",
          "composite": true
        },
        "length_hint": 23.875214784072533,
        "speed_limit": 11.11111111111111
      },
      {
        "start": "366414166",
        "end": "366414166",
        "reverse": false,
        "shape": {
          "type": "polyline",
          "points": [
            [
              969.03827,
              599.2557
            ],
            [
              969.798,
              603.63465
            ],
            [
              969.03827,
              599.2557
            ]
          ]
        },
        "metadata": {
          "segment_id": 2013,
          "street_id": 32577210,
          "street_name": "V\u0129nh L\u1ed9c",
          "street_type": "secondary",
          "street_level": 3,
          "street_group": "32577210",
          "composite": true
        },
        "length_hint": 8.888732817539127,
        "speed_limit": 11.11111111111111
      },
      {
        "start": "5748475323",
        "end": "5748475323",
        "reverse": false,
        "shape": {
          "type": "polyline",
          "points": [
            [
              969.798,
              603.63465
            ],
            [
              972.6183,
              622.82655
            ],
            [
              969.798,
              603.63465
            ]
          ]
        },
        "metadata": {
          "segment_id": 2011,
          "street_id": 32577210,
          "street_name": "V\u0129nh L\u1ed9c",
          "street_type": "secondary",
          "street_level": 3,
          "street_group": "32577210",
          "composite": true
        },
        "length_hint": 38.79603679243544,
        "speed_limit": 11.11111111111111
      },
      {
        "start": "3378126208",
        "end": "3378126208",
        "reverse": false,
        "shape": {
          "type": "polyline",
          "points": [
            [
              998.96835,
              730.65195
            ],
            [
              1006.89359,
              748.7505
            ],
            [
              998.96835,
              730.65195
            ]
          ]
        },
        "metadata": {
          "segment_id": 1989,
          "street_id": 32577210,
          "street_name": "V\u0129nh L\u1ed9c",
          "street_type": "secondary",
          "street_level": 3,
          "street_group": "32577210",
          "composite": true
        },
        "length_hint": 39.515411735680956,
        "speed_limit": 11.11111111111111
      },
      {
        "start": "3378126208",
        "end": "3378126208",
        "reverse": false,
        "shape": {
          "type": "polyline",
          "points": [
            [
              998.96835,
              730.65195
            ],
            [
              995.83652,
              720.85065
            ],
            [
              998.96835,
              730.65195
            ]
          ]
        },
        "metadata": {
          "segment_id": 1990,
          "street_id": 32577210,
          "street_name": "V\u0129nh L\u1ed9c",
          "street_type": "secondary",
          "street_level": 3,
          "street_group": "32577210",
          "composite": true
        },
        "length_hint": 20.579002972826633,
        "speed_limit": 11.11111111111111
      },
      {
        "start": "3378126205",
        "end": "3378126205",
        "reverse": false,
        "shape": {
          "type": "polyline",
          "points": [
            [
              991.11963,
              709.24005
            ],
            [
              995.83652,
              720.85065
            ],
            [
              991.11963,
              709.24005
            ]
          ]
        },
        "metadata": {
          "segment_id": 1993,
          "street_id": 32577210,
          "street_name": "V\u0129nh L\u1ed9c",
          "street_type": "secondary",
          "street_level": 3,
          "street_group": "32577210",
          "composite": true
        },
        "length_hint": 25.064323939184852,
        "speed_limit": 11.11111111111111
      },
      {
        "start": "3378126205",
        "end": "3378126205",
        "reverse": false,
        "shape": {
          "type": "polyline",
          "points": [
            [
              991.11963,
              709.24005
            ],
            [
              988.29934,
              700.70415
            ],
            [
              991.11963,
              709.24005
            ]
          ]
        },
        "metadata": {
          "segment_id": 1994,
          "street_id": 32577210,
          "street_name": "V\u0129nh L\u1ed9c",
          "street_type": "secondary",
          "street_level": 3,
          "street_group": "32577210",
          "composite": true
        },
        "length_hint": 17.97950216152822,
        "speed_limit": 11.11111111111111
      },
      {
        "start": "366380145",
        "end": "366380145",
        "reverse": false,
        "shape": {
          "type": "polyline",
          "points": [
            [
              1056.97565,
              867.5094
            ],
            [
              1047.52548,
              846.7524
            ],
            [
              1056.97565,
              867.5094
            ]
          ]
        },
        "metadata": {
          "segment_id": 1976,
          "street_id": 32577210,
          "street_name": "V\u0129nh L\u1ed9c",
          "street_type": "secondary",
          "street_level": 3,
          "street_group": "32577210",
          "composite": true
        },
        "length_hint": 45.61397864816898,
        "speed_limit": 11.11111111111111
      },
      {
        "start": "5805644373",
        "end": "5805644373",
        "reverse": false,
        "shape": {
          "type": "polyline",
          "points": [
            [
              1039.77514,
              829.74165
            ],
            [
              1044.79264,
              840.75285
            ],
            [
              1039.77514,
              829.74165
            ]
          ]
        },
        "metadata": {
          "segment_id": 1981,
          "street_id": 32577210,
          "street_name": "V\u0129nh L\u1ed9c",
          "street_type": "secondary",
          "street_level": 3,
          "street_group": "32577210",
          "composite": true
        },
        "length_hint": 24.200977805865403,
        "speed_limit": 11.11111111111111
      },
      {
        "start": "5805644373",
        "end": "5805644373",
        "reverse": false,
        "shape": {
          "type": "polyline",
          "points": [
            [
              1039.77514,
              829.74165
            ],
            [
              1036.92206,
              823.4757
            ],
            [
              1039.77514,
              829.74165
            ]
          ]
        },
        "metadata": {
          "segment_id": 1982,
          "street_id": 32577210,
          "street_name": "V\u0129nh L\u1ed9c",
          "street_type": "secondary",
          "street_level": 3,
          "street_group": "32577210",
          "composite": true
        },
        "length_hint": 13.769850382469714,
        "speed_limit": 11.11111111111111
      },
      {
        "start": "5806361043",
        "end": "5806361043",
        "reverse": false,
        "shape": {
          "type": "polyline",
          "points": [
            [
              1044.79264,
              840.75285
            ],
            [
              1047.52548,
              846.7524
            ],
            [
              1044.79264,
              840.75285
            ]
          ]
        },
        "metadata": {
          "segment_id": 1979,
          "street_id": 32577210,
          "street_name": "V\u0129nh L\u1ed9c",
          "street_type": "secondary",
          "street_level": 3,
          "street_group": "32577210",
          "composite": true
        },
        "length_hint": 13.185297064245564,
        "speed_limit": 11.11111111111111
      },
      {
        "start": "5811531395",
        "end": "5811336460",
        "reverse": false,
        "shape": {
          "type": "polyline",
          "points": [
            [
              225.29545,
              10.15095
            ],
            [
              167.93858,
              39.0276
            ],
            [
              117.55044,
              64.4022
            ],
            [
              30.46025,
              108.2583
            ]
          ]
        },
        "metadata": {
          "segment_id": 44443,
          "street_id": 264160514,
          "street_name": "Tr\u1ea7n V\u0103n Gi\u00e0u",
          "street_type": "secondary",
          "street_level": 3,
          "street_group": "264160514",
          "composite": true
        },
        "length_hint": 218.14171396970306,
        "speed_limit": 11.11111111111111
      },
      {
        "start": "366438952",
        "end": "366438952",
        "reverse": false,
        "shape": {
          "type": "polyline",
          "points": [
            [
              900.61885,
              1085.19705
            ],
            [
              904.22074,
              1077.14955
            ],
            [
              900.61885,
              1085.19705
            ]
          ]
        },
        "metadata": {
          "segment_id": 3907,
          "street_id": 32578658,
          "street_name": "Kinh Trung \u01b0\u01a1ng",
          "street_type": "tertiary",
          "street_level": 4,
          "street_group": "32578658",
          "composite": true
        },
        "length_hint": 17.63358929113396,
        "speed_limit": 13.88888888888889
      },
      {
        "start": "366438952",
        "end": "366438952",
        "reverse": false,
        "shape": {
          "type": "polyline",
          "points": [
            [
              900.61885,
              1085.19705
            ],
            [
              899.66782,
              1088.688
            ],
            [
              900.61885,
              1085.19705
            ]
          ]
        },
        "metadata": {
          "segment_id": 3908,
          "street_id": 32578658,
          "street_name": "Kinh Trung \u01b0\u01a1ng",
          "street_type": "tertiary",
          "street_level": 4,
          "street_group": "32578658",
          "composite": true
        },
        "length_hint": 7.236349898505648,
        "speed_limit": 13.88888888888889
      },
      {
        "start": "366451302",
        "end": "366451302",
        "reverse": false,
        "shape": {
          "type": "polyline",
          "points": [
            [
              896.84207,
              1103.8395
            ],
            [
              897.86415,
              1095.3258
            ],
            [
              896.84207,
              1103.8395
            ]
          ]
        },
        "metadata": {
          "segment_id": 3913,
          "street_id": 32578658,
          "street_name": "Kinh Trung \u01b0\u01a1ng",
          "street_type": "tertiary",
          "street_level": 4,
          "street_group": "32578658",
          "composite": true
        },
        "length_hint": 17.149662995685883,
        "speed_limit": 13.88888888888889
      },
      {
        "start": "3378126246",
        "end": "3378126246",
        "reverse": false,
        "shape": {
          "type": "polyline",
          "points": [
            [
              897.86415,
              1095.3258
            ],
            [
              899.66782,
              1088.688
            ],
            [
              897.86415,
              1095.3258
            ]
          ]
        },
        "metadata": {
          "segment_id": 3911,
          "street_id": 32578658,
          "street_name": "Kinh Trung \u01b0\u01a1ng",
          "street_type": "tertiary",
          "street_level": 4,
          "street_group": "32578658",
          "composite": true
        },
        "length_hint": 13.756978492227084,
        "speed_limit": 13.88888888888889
      },
      {
        "start": "5802992887",
        "end": "5802992887",
        "reverse": false,
        "shape": {
          "type": "polyline",
          "points": [
            [
              987.54508,
              918.44175
            ],
            [
              988.84044,
              915.95535
            ],
            [
              987.54508,
              918.44175
            ]
          ]
        },
        "metadata": {
          "segment_id": 3891,
          "street_id": 32578658,
          "street_name": "Kinh Trung \u01b0\u01a1ng",
          "street_type": "tertiary",
          "street_level": 4,
          "street_group": "32578658",
          "composite": true
        },
        "length_hint": 5.6071891316772655,
        "speed_limit": 13.88888888888889
      },
      {
        "start": "5802992887",
        "end": "5802992887",
        "reverse": false,
        "shape": {
          "type": "polyline",
          "points": [
            [
              987.54508,
              918.44175
            ],
            [
              953.16593,
              984.57
            ],
            [
              987.54508,
              918.44175
            ]
          ]
        },
        "metadata": {
          "segment_id": 3892,
          "street_id": 32578658,
          "street_name": "Kinh Trung \u01b0\u01a1ng",
          "street_type": "tertiary",
          "street_level": 4,
          "street_group": "32578658",
          "composite": true
        },
        "length_hint": 149.06201934476817,
        "speed_limit": 13.88888888888889
      },
      {
        "start": "5806361042",
        "end": "5806361042",
        "reverse": false,
        "shape": {
          "type": "polyline",
          "points": [
            [
              1019.39361,
              856.90335
            ],
            [
              1033.1562,
              830.7129
            ],
            [
              1019.39361,
              856.90335
            ]
          ]
        },
        "metadata": {
          "segment_id": 3885,
          "street_id": 32578658,
          "street_name": "Kinh Trung \u01b0\u01a1ng",
          "street_type": "tertiary",
          "street_level": 4,
          "street_group": "32578658",
          "composite": true
        },
        "length_hint": 59.17257995763244,
        "speed_limit": 13.88888888888889
      },
      {
        "start": "5806361042",
        "end": "5806361042",
        "reverse": false,
        "shape": {
          "type": "polyline",
          "points": [
            [
              1019.39361,
              856.90335
            ],
            [
              1010.35884,
              874.5579
            ],
            [
              1019.39361,
              856.90335
            ]
          ]
        },
        "metadata": {
          "segment_id": 3886,
          "street_id": 32578658,
          "street_name": "Kinh Trung \u01b0\u01a1ng",
          "street_type": "tertiary",
          "street_level": 4,
          "street_group": "32578658",
          "composite": true
        },
        "length_hint": 39.664099871566414,
        "speed_limit": 13.88888888888889
      },
      {
        "start": "5802992865",
        "end": "5802992865",
        "reverse": false,
        "shape": {
          "type": "polyline",
          "points": [
            [
              988.84044,
              915.95535
            ],
            [
              1010.35884,
              874.5579
            ],
            [
              988.84044,
              915.95535
            ]
          ]
        },
        "metadata": {
          "segment_id": 3889,
          "street_id": 32578658,
          "street_name": "Kinh Trung \u01b0\u01a1ng",
          "street_type": "tertiary",
          "street_level": 4,
          "street_group": "32578658",
          "composite": true
        },
        "length_hint": 93.31217294785277,
        "speed_limit": 13.88888888888889
      },
      {
        "start": "366384626",
        "end": "366384626",
        "reverse": false,
        "shape": {
          "type": "polyline",
          "points": [
            [
              1036.92206,
              823.4757
            ],
            [
              1033.1562,
              830.7129
            ],
            [
              1036.92206,
              823.4757
            ]
          ]
        },
        "metadata": {
          "segment_id": 3882,
          "street_id": 32578658,
          "street_name": "Kinh Trung \u01b0\u01a1ng",
          "street_type": "tertiary",
          "street_level": 4,
          "street_group": "32578658",
          "composite": true
        },
        "length_hint": 16.31671111218213,
        "speed_limit": 13.88888888888889
      },
      {
        "start": "366438262",
        "end": "366438262",
        "reverse": false,
        "shape": {
          "type": "polyline",
          "points": [
            [
              924.4219,
              1039.85355
            ],
            [
              931.64754,
              1025.95635
            ],
            [
              924.4219,
              1039.85355
            ]
          ]
        },
        "metadata": {
          "segment_id": 3899,
          "street_id": 32578658,
          "street_name": "Kinh Trung \u01b0\u01a1ng",
          "street_type": "tertiary",
          "street_level": 4,
          "street_group": "32578658",
          "composite": true
        },
        "length_hint": 31.326796277283325,
        "speed_limit": 13.88888888888889
      },
      {
        "start": "366438262",
        "end": "366438262",
        "reverse": false,
        "shape": {
          "type": "polyline",
          "points": [
            [
              924.4219,
              1039.85355
            ],
            [
              912.70894,
              1062.0147
            ],
            [
              924.4219,
              1039.85355
            ]
          ]
        },
        "metadata": {
          "segment_id": 3900,
          "street_id": 32578658,
          "street_name": "Kinh Trung \u01b0\u01a1ng",
          "street_type": "tertiary",
          "street_level": 4,
          "street_group": "32578658",
          "composite": true
        },
        "length_hint": 50.13222521628568,
        "speed_limit": 13.88888888888889
      },
      {
        "start": "5802992890",
        "end": "5802992890",
        "reverse": false,
        "shape": {
          "type": "polyline",
          "points": [
            [
              938.12984,
              1013.49105
            ],
            [
              953.16593,
              984.57
            ],
            [
              938.12984,
              1013.49105
            ]
          ]
        },
        "metadata": {
          "segment_id": 3895,
          "street_id": 32578658,
          "street_name": "Kinh Trung \u01b0\u01a1ng",
          "street_type": "tertiary",
          "street_level": 4,
          "street_group": "32578658",
          "composite": true
        },
        "length_hint": 65.19236567545612,
        "speed_limit": 13.88888888888889
      },
      {
        "start": "5802992890",
        "end": "5802992890",
        "reverse": false,
        "shape": {
          "type": "polyline",
          "points": [
            [
              938.12984,
              1013.49105
            ],
            [
              931.64754,
              1025.95635
            ],
            [
              938.12984,
              1013.49105
            ]
          ]
        },
        "metadata": {
          "segment_id": 3896,
          "street_id": 32578658,
          "street_name": "Kinh Trung \u01b0\u01a1ng",
          "street_type": "tertiary",
          "street_level": 4,
          "street_group": "32578658",
          "composite": true
        },
        "length_hint": 28.100100880957534,
        "speed_limit": 13.88888888888889
      },
      {
        "start": "3378126237",
        "end": "3378126237",
        "reverse": false,
        "shape": {
          "type": "polyline",
          "points": [
            [
              912.70894,
              1062.0147
            ],
            [
              905.19909,
              1075.40685
            ],
            [
              912.70894,
              1062.0147
            ]
          ]
        },
        "metadata": {
          "segment_id": 3902,
          "street_id": 32578658,
          "street_name": "Kinh Trung \u01b0\u01a1ng",
          "street_type": "tertiary",
          "street_level": 4,
          "street_group": "32578658",
          "composite": true
        },
        "length_hint": 30.708144108363427,
        "speed_limit": 13.88888888888889
      },
      {
        "start": "5802992907",
        "end": "5802992907",
        "reverse": false,
        "shape": {
          "type": "polyline",
          "points": [
            [
              905.19909,
              1075.40685
            ],
            [
              904.22074,
              1077.14955
            ],
            [
              905.19909,
              1075.40685
            ]
          ]
        },
        "metadata": {
          "segment_id": 3904,
          "street_id": 32578658,
          "street_name": "Kinh Trung \u01b0\u01a1ng",
          "street_type": "tertiary",
          "street_level": 4,
          "street_group": "32578658",
          "composite": true
        },
        "length_hint": 3.997084944056107,
        "speed_limit": 13.88888888888889
      },
      {
        "start": "5811542432",
        "end": "5811542432",
        "reverse": false,
        "shape": {
          "type": "polyline",
          "points": [
            [
              904.15515,
              178.89315
            ],
            [
              905.86044,
              188.8332
            ],
            [
              904.15515,
              178.89315
            ]
          ]
        },
        "metadata": {
          "segment_id": 53294,
          "street_id": 330805082,
          "street_name": "V\u0129nh L\u1ed9c",
          "street_type": "secondary",
          "street_level": 3,
          "street_group": "330805082",
          "composite": true
        },
        "length_hint": 20.170533754623374,
        "speed_limit": 11.11111111111111
      },
      {
        "start": "5811542432",
        "end": "5811542432",
        "reverse": false,
        "shape": {
          "type": "polyline",
          "points": [
            [
              904.15515,
              178.89315
            ],
            [
              902.54824,
              170.25735
            ],
            [
              904.15515,
              178.89315
            ]
          ]
        },
        "metadata": {
          "segment_id": 53295,
          "street_id": 330805082,
          "street_name": "V\u0129nh L\u1ed9c",
          "street_type": "secondary",
          "street_level": 3,
          "street_group": "330805082",
          "composite": true
        },
        "length_hint": 17.56806208869949,
        "speed_limit": 11.11111111111111
      },
      {
        "start": "5811613101",
        "end": "5811613101",
        "reverse": false,
        "shape": {
          "type": "polyline",
          "points": [
            [
              881.16649,
              29.9367
            ],
            [
              883.06308,
              42.5019
            ],
            [
              881.16649,
              29.9367
            ]
          ]
        },
        "metadata": {
          "segment_id": 53310,
          "street_id": 330805082,
          "street_name": "V\u0129nh L\u1ed9c",
          "street_type": "secondary",
          "street_level": 3,
          "street_group": "330805082",
          "composite": true
        },
        "length_hint": 25.415058895709862,
        "speed_limit": 11.11111111111111
      },
      {
        "start": "5811613101",
        "end": "5811613101",
        "reverse": false,
        "shape": {
          "type": "polyline",
          "points": [
            [
              881.16649,
              29.9367
            ],
            [
              876.64637,
              0.0
            ],
            [
              881.16649,
              29.9367
            ]
          ]
        },
        "metadata": {
          "segment_id": 53311,
          "street_id": 330805082,
          "street_name": "V\u0129nh L\u1ed9c",
          "street_type": "secondary",
          "street_level": 3,
          "street_group": "330805082",
          "composite": true
        },
        "length_hint": 60.552043456993225,
        "speed_limit": 11.11111111111111
      },
      {
        "start": "366454601",
        "end": "366454601",
        "reverse": false,
        "shape": {
          "type": "polyline",
          "points": [
            [
              885.52264,
              58.54695
            ],
            [
              890.80795,
              97.9464
            ],
            [
              885.52264,
              58.54695
            ]
          ]
        },
        "metadata": {
          "segment_id": 53302,
          "street_id": 330805082,
          "street_name": "V\u0129nh L\u1ed9c",
          "street_type": "secondary",
          "street_level": 3,
          "street_group": "330805082",
          "composite": true
        },
        "length_hint": 79.50474607464888,
        "speed_limit": 11.11111111111111
      },
      {
        "start": "366454601",
        "end": "366454601",
        "reverse": false,
        "shape": {
          "type": "polyline",
          "points": [
            [
              885.52264,
              58.54695
            ],
            [
              884.28739,
              50.66595
            ],
            [
              885.52264,
              58.54695
            ]
          ]
        },
        "metadata": {
          "segment_id": 53303,
          "street_id": 330805082,
          "street_name": "V\u0129nh L\u1ed9c",
          "street_type": "secondary",
          "street_level": 3,
          "street_group": "330805082",
          "composite": true
        },
        "length_hint": 15.954435566637908,
        "speed_limit": 11.11111111111111
      },
      {
        "start": "5811542460",
        "end": "5811542460",
        "reverse": false,
        "shape": {
          "type": "polyline",
          "points": [
            [
              902.54824,
              170.25735
            ],
            [
              897.57447,
              140.415
            ],
            [
              902.54824,
              170.25735
            ]
          ]
        },
        "metadata": {
          "segment_id": 53297,
          "street_id": 330805082,
          "street_name": "V\u0129nh L\u1ed9c",
          "street_type": "secondary",
          "street_level": 3,
          "street_group": "330805082",
          "composite": true
        },
        "length_hint": 60.50799092798901,
        "speed_limit": 11.11111111111111
      },
      {
        "start": "5811542464",
        "end": "5811542464",
        "reverse": false,
        "shape": {
          "type": "polyline",
          "points": [
            [
              897.57447,
              140.415
            ],
            [
              890.80795,
              97.9464
            ],
            [
              897.57447,
              140.415
            ]
          ]
        },
        "metadata": {
          "segment_id": 53299,
          "street_id": 330805082,
          "street_name": "V\u0129nh L\u1ed9c",
          "street_type": "secondary",
          "street_level": 3,
          "street_group": "330805082",
          "composite": true
        },
        "length_hint": 86.0085525717158,
        "speed_limit": 11.11111111111111
      },
      {
        "start": "5811542452",
        "end": "5811542452",
        "reverse": false,
        "shape": {
          "type": "polyline",
          "points": [
            [
              883.77908,
              46.0761
            ],
            [
              884.28739,
              50.66595
            ],
            [
              883.77908,
              46.0761
            ]
          ]
        },
        "metadata": {
          "segment_id": 53306,
          "street_id": 330805082,
          "street_name": "V\u0129nh L\u1ed9c",
          "street_type": "secondary",
          "street_level": 3,
          "street_group": "330805082",
          "composite": true
        },
        "length_hint": 9.235822016171594,
        "speed_limit": 11.11111111111111
      },
      {
        "start": "5811542452",
        "end": "5811542452",
        "reverse": false,
        "shape": {
          "type": "polyline",
          "points": [
            [
              883.77908,
              46.0761
            ],
            [
              883.06308,
              42.5019
            ],
            [
              883.77908,
              46.0761
            ]
          ]
        },
        "metadata": {
          "segment_id": 53307,
          "street_id": 330805082,
          "street_name": "V\u0129nh L\u1ed9c",
          "street_type": "secondary",
          "street_level": 3,
          "street_group": "330805082",
          "composite": true
        },
        "length_hint": 7.2904215625709865,
        "speed_limit": 11.11111111111111
      },
      {
        "start": "5805818017",
        "end": "5805818017",
        "reverse": false,
        "shape": {
          "type": "polyline",
          "points": [
            [
              965.87911,
              579.3756
            ],
            [
              966.22891,
              582.85545
            ],
            [
              965.87911,
              579.3756
            ]
          ]
        },
        "metadata": {
          "segment_id": 53274,
          "street_id": 330805082,
          "street_name": "V\u0129nh L\u1ed9c",
          "street_type": "secondary",
          "street_level": 3,
          "street_group": "330805082",
          "composite": true
        },
        "length_hint": 6.994774067116233,
        "speed_limit": 11.11111111111111
      },
      {
        "start": "5805818017",
        "end": "5805818017",
        "reverse": false,
        "shape": {
          "type": "polyline",
          "points": [
            [
              965.87911,
              579.3756
            ],
            [
              963.46874,
              562.2594
            ],
            [
              965.87911,
              579.3756
            ]
          ]
        },
        "metadata": {
          "segment_id": 53275,
          "street_id": 330805082,
          "street_name": "V\u0129nh L\u1ed9c",
          "street_type": "secondary",
          "street_level": 3,
          "street_group": "330805082",
          "composite": true
        },
        "length_hint": 34.570171302838375,
        "speed_limit": 11.11111111111111
      },
      {
        "start": "5811542428",
        "end": "5811542428",
        "reverse": false,
        "shape": {
          "type": "polyline",
          "points": [
            [
              917.34384,
              262.5816
            ],
            [
              928.17683,
              323.1543
            ],
            [
              917.34384,
              262.5816
            ]
          ]
        },
        "metadata": {
          "segment_id": 53288,
          "street_id": 330805082,
          "street_name": "V\u0129nh L\u1ed9c",
          "street_type": "secondary",
          "street_level": 3,
          "street_group": "330805082",
          "composite": true
        },
        "length_hint": 123.0675531182789,
        "speed_limit": 11.11111111111111
      },
      {
        "start": "5811542428",
        "end": "5811542428",
        "reverse": false,
        "shape": {
          "type": "polyline",
          "points": [
            [
              917.34384,
              262.5816
            ],
            [
              909.91051,
              212.91465
            ],
            [
              917.34384,
              262.5816
            ]
          ]
        },
        "metadata": {
          "segment_id": 53289,
          "street_id": 330805082,
          "street_name": "V\u0129nh L\u1ed9c",
          "street_type": "secondary",
          "street_level": 3,
          "street_group": "330805082",
          "composite": true
        },
        "length_hint": 100.44023729942892,
        "speed_limit": 11.11111111111111
      },
      {
        "start": "5805817999",
        "end": "5805817999",
        "reverse": false,
        "shape": {
          "type": "polyline",
          "points": [
            [
              947.07716,
              456.50415
            ],
            [
              957.2324,
              517.9593
            ],
            [
              947.07716,
              456.50415
            ]
          ]
        },
        "metadata": {
          "segment_id": 53282,
          "street_id": 330805082,
          "street_name": "V\u0129nh L\u1ed9c",
          "street_type": "secondary",
          "street_level": 3,
          "street_group": "330805082",
          "composite": true
        },
        "length_hint": 124.57711444691756,
        "speed_limit": 11.11111111111111
      },
      {
        "start": "5805817999",
        "end": "5805817999",
        "reverse": false,
        "shape": {
          "type": "polyline",
          "points": [
            [
              947.07716,
              456.50415
            ],
            [
              936.40268,
              391.8411
            ],
            [
              947.07716,
              456.50415
            ]
          ]
        },
        "metadata": {
          "segment_id": 53283,
          "street_id": 330805082,
          "street_name": "V\u0129nh L\u1ed9c",
          "street_type": "secondary",
          "street_level": 3,
          "street_group": "330805082",
          "composite": true
        },
        "length_hint": 131.0763832057156,
        "speed_limit": 11.11111111111111
      },
      {
        "start": "5805817970",
        "end": "5805817970",
        "reverse": false,
        "shape": {
          "type": "polyline",
          "points": [
            [
              962.88391,
              558.10245
            ],
            [
              963.46874,
              562.2594
            ],
            [
              962.88391,
              558.10245
            ]
          ]
        },
        "metadata": {
          "segment_id": 53278,
          "street_id": 330805082,
          "street_name": "V\u0129nh L\u1ed9c",
          "street_type": "secondary",
          "street_level": 3,
          "street_group": "330805082",
          "composite": true
        },
        "length_hint": 8.395774992554397,
        "speed_limit": 11.11111111111111
      },
      {
        "start": "5805817970",
        "end": "5805817970",
        "reverse": false,
        "shape": {
          "type": "polyline",
          "points": [
            [
              962.88391,
              558.10245
            ],
            [
              957.2324,
              517.9593
            ],
            [
              962.88391,
              558.10245
            ]
          ]
        },
        "metadata": {
          "segment_id": 53279,
          "street_id": 330805082,
          "street_name": "V\u0129nh L\u1ed9c",
          "street_type": "secondary",
          "street_level": 3,
          "street_group": "330805082",
          "composite": true
        },
        "length_hint": 81.07803789442859,
        "speed_limit": 11.11111111111111
      },
      {
        "start": "3378126197",
        "end": "3378126197",
        "reverse": false,
        "shape": {
          "type": "polyline",
          "points": [
            [
              936.40268,
              391.8411
            ],
            [
              928.17683,
              323.1543
            ],
            [
              936.40268,
              391.8411
            ]
          ]
        },
        "metadata": {
          "segment_id": 53285,
          "street_id": 330805082,
          "street_name": "V\u0129nh L\u1ed9c",
          "street_type": "secondary",
          "street_level": 3,
          "street_group": "330805082",
          "composite": true
        },
        "length_hint": 138.35521099636978,
        "speed_limit": 11.11111111111111
      },
      {
        "start": "5811542462",
        "end": "5811542462",
        "reverse": false,
        "shape": {
          "type": "polyline",
          "points": [
            [
              909.91051,
              212.91465
            ],
            [
              905.86044,
              188.8332
            ],
            [
              909.91051,
              212.91465
            ]
          ]
        },
        "metadata": {
          "segment_id": 53291,
          "street_id": 330805082,
          "street_name": "V\u0129nh L\u1ed9c",
          "street_type": "secondary",
          "street_level": 3,
          "street_group": "330805082",
          "composite": true
        },
        "length_hint": 48.83929979462849,
        "speed_limit": 11.11111111111111
      },
      {
        "start": "5038653670",
        "end": "5038653684",
        "reverse": false,
        "shape": {
          "type": "polyline",
          "points": [
            [
              0.0,
              118.29825
            ],
            [
              38.57133,
              98.72895
            ],
            [
              47.52411,
              94.18905
            ],
            [
              63.46751,
              86.1027
            ],
            [
              98.98899,
              68.0874
            ],
            [
              112.42363,
              61.2054
            ],
            [
              140.09092,
              47.02515
            ],
            [
              176.73833,
              28.25505
            ],
            [
              211.60938,
              10.38405
            ]
          ]
        },
        "metadata": {
          "segment_id": 67938,
          "street_id": 516091246,
          "street_name": "Tr\u1ea7n V\u0103n Gi\u00e0u",
          "street_type": "secondary",
          "street_level": 3,
          "street_group": "516091246",
          "composite": true
        },
        "length_hint": 237.53786658250272,
        "speed_limit": 11.11111111111111
      },
      {
        "start": "5748475322",
        "end": "5748475322",
        "reverse": false,
        "shape": {
          "type": "polyline",
          "points": [
            [
              983.50047,
              599.7441
            ],
            [
              969.798,
              603.63465
            ],
            [
              983.50047,
              599.7441
            ]
          ]
        },
        "metadata": {
          "segment_id": 76470,
          "street_id": 606244887,
          "street_name": "X\u00e3 V\u0129nh L\u1ed9c B",
          "street_type": "unclassified",
          "street_level": 4,
          "street_group": "606244887",
          "composite": true
        },
        "length_hint": 28.488177435799454,
        "speed_limit": 11.11111111111111
      },
      {
        "start": "5748475322",
        "end": "5748475322",
        "reverse": false,
        "shape": {
          "type": "polyline",
          "points": [
            [
              983.50047,
              599.7441
            ],
            [
              1010.49001,
              594.78795
            ],
            [
              983.50047,
              599.7441
            ]
          ]
        },
        "metadata": {
          "segment_id": 76471,
          "street_id": 606244887,
          "street_name": "X\u00e3 V\u0129nh L\u1ed9c B",
          "street_type": "unclassified",
          "street_level": 4,
          "street_group": "606244887",
          "composite": true
        },
        "length_hint": 54.881643278389596,
        "speed_limit": 11.11111111111111
      },
      {
        "start": "5748474219",
        "end": "5748474219",
        "reverse": false,
        "shape": {
          "type": "polyline",
          "points": [
            [
              1039.05914,
              589.8318
            ],
            [
              1027.88182,
              591.9741
            ],
            [
              1039.05914,
              589.8318
            ]
          ]
        },
        "metadata": {
          "segment_id": 76476,
          "street_id": 606244887,
          "street_name": "X\u00e3 V\u0129nh L\u1ed9c B",
          "street_type": "unclassified",
          "street_level": 4,
          "street_group": "606244887",
          "composite": true
        },
        "length_hint": 22.761540516617067,
        "speed_limit": 11.11111111111111
      },
      {
        "start": "5748474219",
        "end": "5748474219",
        "reverse": false,
        "shape": {
          "type": "polyline",
          "points": [
            [
              1039.05914,
              589.8318
            ],
            [
              1047.86982,
              588.3666
            ],
            [
              1039.05914,
              589.8318
            ]
          ]
        },
        "metadata": {
          "segment_id": 76477,
          "street_id": 606244887,
          "street_name": "X\u00e3 V\u0129nh L\u1ed9c B",
          "street_type": "unclassified",
          "street_level": 4,
          "street_group": "606244887",
          "composite": true
        },
        "length_hint": 17.863358374325596,
        "speed_limit": 11.11111111111111
      },
      {
        "start": "5748474218",
        "end": "5748474218",
        "reverse": false,
        "shape": {
          "type": "polyline",
          "points": [
            [
              1047.86982,
              588.3666
            ],
            [
              1059.94898,
              586.22985
            ],
            [
              1047.86982,
              588.3666
            ]
          ]
        },
        "metadata": {
          "segment_id": 76479,
          "street_id": 606244887,
          "street_name": "X\u00e3 V\u0129nh L\u1ed9c B",
          "street_type": "unclassified",
          "street_level": 4,
          "street_group": "606244887",
          "composite": true
        },
        "length_hint": 24.533390052587478,
        "speed_limit": 11.11111111111111
      },
      {
        "start": "5748474220",
        "end": "5748474220",
        "reverse": false,
        "shape": {
          "type": "polyline",
          "points": [
            [
              1027.88182,
              591.9741
            ],
            [
              1010.49001,
              594.78795
            ],
            [
              1027.88182,
              591.9741
            ]
          ]
        },
        "metadata": {
          "segment_id": 76474,
          "street_id": 606244887,
          "street_name": "X\u00e3 V\u0129nh L\u1ed9c B",
          "street_type": "unclassified",
          "street_level": 4,
          "street_group": "606244887",
          "composite": true
        },
        "length_hint": 35.235936593120535,
        "speed_limit": 11.11111111111111
      },
      {
        "start": "3378081370",
        "end": "3378081370",
        "reverse": false,
        "shape": {
          "type": "polyline",
          "points": [
            [
              966.22891,
              582.85545
            ],
            [
              969.03827,
              599.2557
            ],
            [
              966.22891,
              582.85545
            ]
          ]
        },
        "metadata": {
          "segment_id": 11787,
          "street_id": 32584622,
          "street_name": "V\u0129nh L\u1ed9c",
          "street_type": "secondary",
          "street_level": 3,
          "street_group": "32584622",
          "composite": true
        },
        "length_hint": 33.278263396523606,
        "speed_limit": 11.11111111111111
      }
    ]
  }
}