{
  "observation": {
    "type": "Kinematics"
  },
  "action": {
    "type": "DiscreteMetaAction"
  },
  "simulation_frequency": 15,
  "policy_frequency": 1,
  "other_vehicles_type": "highway_env.vehicle.behavior.IDMVehicle",
  "screen_width": 600,
  "screen_height": 150,
  "centering_position": [
    0.3,
    0.5
  ],
  "scaling": 5.5,
  "show_trajectories": false,
  "render_agent": true,
  "offscreen_rendering": false,
  "manual_control": false,
  "real_time_rendering": false,
  "destination": null,
  "initial_vehicle_count": 0,
  "controlled_vehicles": 0,
  "spawn_probability": 0.0,
  "duration": 40.0,
  "collision_reward": -5,
  "high_speed_reward": 1.0,
  "arrived_reward": 1.0,
  "reward_speed_range": [
    6.0,
    12.0
  ],
  "auto_curve": false,
  "corner_radius": 25.0,
  "curve_samples": 8,
  "exit_distance": 5.0,
  "graph": {
    "nodes": {
      "366418948": [
        237.25983,
        227.94405
      ],
      "366477323": [
        616.64929,
        1006.4592
      ],
      "2686965787": [
        546.43713,
        10.30635
      ],
      "366448674": [
        218.16274,
        420.246
      ],
      "5788635172": [
        390.74715,
        94.8384
      ],
      "366426159": [
        101.16433,
        0.0
      ],
      "366462002": [
        929.10053,
        898.06215
      ],
      "366435381": [
        207.58664,
        387.8007
      ],
      "366416956": [
        259.56529,
        544.21635
      ],
      "2686965821": [
        463.17838,
        40.5483
      ],
      "366458428": [
        554.08362,
        3.40215
      ],
      "366468672": [
        341.7473,
        870.0735
      ],
      "366377537": [
        671.85816,
        989.07105
      ],
      "5788992067": [
        142.74178,
        155.9661
      ],
      "366411332": [
        552.13237,
        1028.304
      ],
      "366453320": [
        502.48757,
        29.49825
      ],
      "2686965835": [
        359.62555,
        121.2564
      ],
      "366392914": [
        538.06917,
        17.8599
      ],
      "366449748": [
        966.43114,
        892.1403
      ],
      "366403669": [
        273.80339,
        585.3141
      ],
      "5811289693": [
        941.09224,
        895.38705
      ],
      "5811289694": [
        1014.39251,
        898.1676
      ],
      "5811289695": [
        1004.4231,
        895.5369
      ],
      "5811289696": [
        985.65941,
        892.61205
      ],
      "2414429282": [
        15.47335,
        410.3337
      ],
      "2414429285": [
        0.0,
        423.61485
      ],
      "366392940": [
        281.91446,
        609.5565
      ],
      "2686965868": [
        195.26699,
        345.14895
      ],
      "366445679": [
        367.1026,
        920.20665
      ],
      "366369406": [
        443.59483,
        51.58725
      ],
      "366388871": [
        384.00249,
        947.94
      ],
      "366402184": [
        326.29581,
        835.11405
      ],
      "366403720": [
        313.25469,
        160.4172
      ],
      "366440080": [
        434.54913,
        1051.3143
      ],
      "5802745499": [
        492.73133,
        1047.8511
      ],
      "5802745501": [
        506.66882,
        1043.05035
      ],
      "366397092": [
        437.89413,
        1066.0995
      ],
      "366445220": [
        886.42447,
        913.0749
      ],
      "5802629803": [
        312.81744,
        778.85925
      ],
      "366467766": [
        298.50281,
        663.0141
      ],
      "5802629829": [
        310.418,
        762.59775
      ],
      "5802629840": [
        322.57915,
        822.9096
      ],
      "5788635345": [
        519.91217,
        24.9417
      ],
      "366393555": [
        317.57258,
        805.8267
      ],
      "5802629852": [
        334.3085,
        853.62885
      ],
      "366371573": [
        356.83805,
        901.24785
      ],
      "366441227": [
        408.98613,
        988.8879
      ],
      "366458143": [
        315.05837,
        794.02185
      ],
      "366433066": [
        311.89374,
        772.5822
      ],
      "366453050": [
        115.51175,
        50.6826
      ],
      "366479173": [
        517.27224,
        1039.404
      ],
      "366452061": [
        300.10972,
        678.75945
      ],
      "366400359": [
        729.30795,
        969.6294
      ],
      "366422378": [
        306.81612,
        738.23325
      ],
      "366439277": [
        138.62065,
        140.78685
      ],
      "366411632": [
        1023.18679,
        900.9204
      ],
      "366380918": [
        525.0991,
        23.5875
      ],
      "366401407": [
        810.82315,
        940.69725
      ],
      "2153156491": [
        437.4678,
        1079.2863
      ],
      "366390170": [
        239.21108,
        485.58615
      ],
      "366377399": [
        255.22007,
        531.08505
      ],
      "366471608": [
        951.20921,
        893.6166
      ],
      "3702562245": [
        403.21983,
        979.16985
      ],
      "5802608588": [
        241.39736,
        491.80215
      ],
      "3702562253": [
        416.28282,
        1003.35675
      ],
      "3702562259": [
        469.64428,
        1055.7987
      ],
      "366397907": [
        421.36044,
        1016.44365
      ],
      "3702562261": [
        438.38604,
        1070.0178
      ],
      "5802608596": [
        246.01039,
        504.9168
      ],
      "5802608600": [
        264.89979,
        561.7155
      ],
      "3702562266": [
        438.01984,
        1073.9139
      ],
      "5802608603": [
        270.12499,
        575.5572
      ],
      "3702562272": [
        433.55984,
        1107.8355
      ],
      "3702562273": [
        433.35214,
        1109.32845
      ],
      "366387687": [
        175.9786,
        278.3547
      ],
      "5802608617": [
        277.47086,
        596.1477
      ],
      "366474220": [
        296.16897,
        652.94085
      ],
      "366432237": [
        295.21247,
        648.66735
      ]
    },
    "edges": [
      {
        "start": "366418948",
        "end": "366418948",
        "reverse": false,
        "shape": {
          "type": "polyline",
          "points": [
            [
              237.25983,
              227.94405
            ],
            [
              175.9786,
              278.3547
            ],
            [
              237.25983,
              227.94405
            ]
          ]
        },
        "metadata": {
          "segment_id": 83994,
          "street_id": 622156781,
          "street_name": "Nguy\u1ec5n B\u00ecnh",
          "street_type": "secondary",
          "street_level": 3,
          "street_group": "622156781",
          "composite": true
        },
        "length_hint": 158.7025240345647,
        "speed_limit": 11.11111111111111
      },
      {
        "start": "366418948",
        "end": "366418948",
        "reverse": false,
        "shape": {
          "type": "polyline",
          "points": [
            [
              237.25983,
              227.94405
            ],
            [
              313.25469,
              160.4172
            ],
            [
              237.25983,
              227.94405
            ]
          ]
        },
        "metadata": {
          "segment_id": 83995,
          "street_id": 622156781,
          "street_name": "Nguy\u1ec5n B\u00ecnh",
          "street_type": "secondary",
          "street_level": 3,
          "street_group": "622156781",
          "composite": true
        },
        "length_hint": 203.32333085351615,
        "speed_limit": 11.11111111111111
      },
      {
        "start": "2686965835",
        "end": "2686965835",
        "reverse": false,
        "shape": {
          "type": "polyline",
          "points": [
            [
              359.62555,
              121.2564
            ],
            [
              313.25469,
              160.4172
            ],
            [
              359.62555,
              121.2564
            ]
          ]
        },
        "metadata": {
          "segment_id": 83998,
          "street_id": 622156781,
          "street_name": "Nguy\u1ec5n B\u00ecnh",
          "street_type": "secondary",
          "street_level": 3,
          "street_group": "622156781",
          "composite": true
        },
        "length_hint": 121.38904256611632,
        "speed_limit": 11.11111111111111
      },
      {
        "start": "5811289694",
        "end": "5811289694",
        "reverse": false,
        "shape": {
          "type": "polyline",
          "points": [
            [
              1014.39251,
              898.1676
            ],
            [
              1023.18679,
              900.9204
            ],
            [
              1014.39251,
              898.1676
            ]
          ]
        },
        "metadata": {
          "segment_id": 18908,
          "street_id": 33101956,
          "street_name": "Ph\u1ea1m H\u1eefu L\u1ea7u",
          "street_type": "tertiary",
          "street_level": 4,
          "street_group": "33101956",
          "composite": true
        },
        "length_hint": 18.43011324527325,
        "speed_limit": 13.88888888888889
      },
      {
        "start": "5811289694",
        "end": "5811289694",
        "reverse": false,
        "shape": {
          "type": "polyline",
          "points": [
            [
              1014.39251,
              898.1676
            ],
            [
              1004.4231,
              895.5369
            ],
            [
              1014.39251,
              898.1676
            ]
          ]
        },
        "metadata": {
          "segment_id": 18909,
          "street_id": 33101956,
          "street_name": "Ph\u1ea1m H\u1eefu L\u1ea7u",
          "street_type": "tertiary",
          "street_level": 4,
          "street_group": "33101956",
          "composite": true
        },
        "length_hint": 20.621320834330763,
        "speed_limit": 13.88888888888889
      },
      {
        "start": "366411332",
        "end": "366411332",
        "reverse": false,
        "shape": {
          "type": "polyline",
          "points": [
            [
              552.13237,
              1028.304
            ],
            [
              616.64929,
              1006.4592
            ],
            [
              552.13237,
              1028.304
            ]
          ]
        },
        "metadata": {
          "segment_id": 18932,
          "street_id": 33101956,
          "street_name": "Ph\u1ea1m H\u1eefu L\u1ea7u",
          "street_type": "tertiary",
          "street_level": 4,
          "street_group": "33101956",
          "composite": true
        },
        "length_hint": 136.22963338901553,
        "speed_limit": 13.88888888888889
      },
      {
        "start": "366411332",
        "end": "366411332",
        "reverse": false,
        "shape": {
          "type": "polyline",
          "points": [
            [
              552.13237,
              1028.304
            ],
            [
              517.27224,
              1039.404
            ],
            [
              552.13237,
              1028.304
            ]
          ]
        },
        "metadata": {
          "segment_id": 18933,
          "street_id": 33101956,
          "street_name": "Ph\u1ea1m H\u1eefu L\u1ea7u",
          "street_type": "tertiary",
          "street_level": 4,
          "street_group": "33101956",
          "composite": true
        },
        "length_hint": 73.16935597958752,
        "speed_limit": 13.88888888888889
      },
      {
        "start": "366397092",
        "end": "366397092",
        "reverse": false,
        "shape": {
          "type": "polyline",
          "points": [
            [
              437.89413,
              1066.0995
            ],
            [
              469.64428,
              1055.7987
            ],
            [
              437.89413,
              1066.0995
            ]
          ]
        },
        "metadata": {
          "segment_id": 18942,
          "street_id": 33101956,
          "street_name": "Ph\u1ea1m H\u1eefu L\u1ea7u",
          "street_type": "tertiary",
          "street_level": 4,
          "street_group": "33101956",
          "composite": true
        },
        "length_hint": 66.75862508058407,
        "speed_limit": 13.88888888888889
      },
      {
        "start": "5802745501",
        "end": "5802745501",
        "reverse": false,
        "shape": {
          "type": "polyline",
          "points": [
            [
              506.66882,
              1043.05035
            ],
            [
              517.27224,
              1039.404
            ],
            [
              506.66882,
              1043.05035
            ]
          ]
        },
        "metadata": {
          "segment_id": 18936,
          "street_id": 33101956,
          "street_name": "Ph\u1ea1m H\u1eefu L\u1ea7u",
          "street_type": "tertiary",
          "street_level": 4,
          "street_group": "33101956",
          "composite": true
        },
        "length_hint": 22.425733791240855,
        "speed_limit": 13.88888888888889
      },
      {
        "start": "5802745501",
        "end": "5802745501",
        "reverse": false,
        "shape": {
          "type": "polyline",
          "points": [
            [
              506.66882,
              1043.05035
            ],
            [
              492.73133,
              1047.8511
            ],
            [
              506.66882,
              1043.05035
            ]
          ]
        },
        "metadata": {
          "segment_id": 18937,
          "street_id": 33101956,
          "street_name": "Ph\u1ea1m H\u1eefu L\u1ea7u",
          "street_type": "tertiary",
          "street_level": 4,
          "street_group": "33101956",
          "composite": true
        },
        "length_hint": 29.48225419214753,
        "speed_limit": 13.88888888888889
      },
      {
        "start": "5802745499",
        "end": "5802745499",
        "reverse": false,
        "shape": {
          "type": "polyline",
          "points": [
            [
              492.73133,
              1047.8511
            ],
            [
              469.64428,
              1055.7987
            ],
            [
              492.73133,
              1047.8511
            ]
          ]
        },
        "metadata": {
          "segment_id": 18939,
          "street_id": 33101956,
          "street_name": "Ph\u1ea1m H\u1eefu L\u1ea7u",
          "street_type": "tertiary",
          "street_level": 4,
          "street_group": "33101956",
          "composite": true
        },
        "length_hint": 48.833440323716744,
        "speed_limit": 13.88888888888889
      },
      {
        "start": "5811289693",
        "end": "5811289693",
        "reverse": false,
        "shape": {
          "type": "polyline",
          "points": [
            [
              941.09224,
              895.38705
            ],
            [
              951.20921,
              893.6166
            ],
            [
              941.09224,
              895.38705
            ]
          ]
        },
        "metadata": {
          "segment_id": 18918,
          "street_id": 33101956,
          "street_name": "Ph\u1ea1m H\u1eefu L\u1ea7u",
          "street_type": "tertiary",
          "street_level": 4,
          "street_group": "33101956",
          "composite": true
        },
        "length_hint": 20.54142888733898,
        "speed_limit": 13.88888888888889
      },
      {
        "start": "5811289693",
        "end": "5811289693",
        "reverse": false,
        "shape": {
          "type": "polyline",
          "points": [
            [
              941.09224,
              895.38705
            ],
            [
              929.10053,
              898.06215
            ],
            [
              941.09224,
              895.38705
            ]
          ]
        },
        "metadata": {
          "segment_id": 18919,
          "street_id": 33101956,
          "street_name": "Ph\u1ea1m H\u1eefu L\u1ea7u",
          "street_type": "tertiary",
          "street_level": 4,
          "street_group": "33101956",
          "composite": true
        },
        "length_hint": 24.5729337877346,
        "speed_limit": 13.88888888888889
      },
      {
        "start": "366477323",
        "end": "366477323",
        "reverse": false,
        "shape": {
          "type": "polyline",
          "points": [
            [
              616.64929,
              1006.4592
            ],
            [
              671.85816,
              989.07105
            ],
            [
              616.64929,
              1006.4592
            ]
          ]
        },
        "metadata": {
          "segment_id": 18930,
          "street_id": 33101956,
          "street_name": "Ph\u1ea1m H\u1eefu L\u1ea7u",
          "street_type": "tertiary",
          "street_level": 4,
          "street_group": "33101956",
          "composite": true
        },
        "length_hint": 115.76471115325957,
        "speed_limit": 13.88888888888889
      },
      {
        "start": "366401407",
        "end": "366401407",
        "reverse": false,
        "shape": {
          "type": "polyline",
          "points": [
            [
              810.82315,
              940.69725
            ],
            [
              886.42447,
              913.0749
            ],
            [
              810.82315,
              940.69725
            ]
          ]
        },
        "metadata": {
          "segment_id": 18924,
          "street_id": 33101956,
          "street_name": "Ph\u1ea1m H\u1eefu L\u1ea7u",
          "street_type": "tertiary",
          "street_level": 4,
          "street_group": "33101956",
          "composite": true
        },
        "length_hint": 160.97892787896063,
        "speed_limit": 13.88888888888889
      },
      {
        "start": "366401407",
        "end": "366401407",
        "reverse": false,
        "shape": {
          "type": "polyline",
          "points": [
            [
              810.82315,
              940.69725
            ],
            [
              729.30795,
              969.6294
            ],
            [
              810.82315,
              940.69725
            ]
          ]
        },
        "metadata": {
          "segment_id": 18925,
          "street_id": 33101956,
          "street_name": "Ph\u1ea1m H\u1eefu L\u1ea7u",
          "street_type": "tertiary",
          "street_level": 4,
          "street_group": "33101956",
          "composite": true
        },
        "length_hint": 172.99476448335085,
        "speed_limit": 13.88888888888889
      },
      {
        "start": "366462002",
        "end": "366462002",
        "reverse": false,
        "shape": {
          "type": "polyline",
          "points": [
            [
              929.10053,
              898.06215
            ],
            [
              886.42447,
              913.0749
            ],
            [
              929.10053,
              898.06215
            ]
          ]
        },
        "metadata": {
          "segment_id": 18921,
          "street_id": 33101956,
          "street_name": "Ph\u1ea1m H\u1eefu L\u1ea7u",
          "street_type": "tertiary",
          "street_level": 4,
          "street_group": "33101956",
          "composite": true
        },
        "length_hint": 90.4793625018678,
        "speed_limit": 13.88888888888889
      },
      {
        "start": "366400359",
        "end": "366400359",
        "reverse": false,
        "shape": {
          "type": "polyline",
          "points": [
            [
              729.30795,
              969.6294
            ],
            [
              671.85816,
              989.07105
            ],
            [
              729.30795,
              969.6294
            ]
          ]
        },
        "metadata": {
          "segment_id": 18927,
          "street_id": 33101956,
          "street_name": "Ph\u1ea1m H\u1eefu L\u1ea7u",
          "street_type": "tertiary",
          "street_level": 4,
          "street_group": "33101956",
          "composite": true
        },
        "length_hint": 121.30055442192504,
        "speed_limit": 13.88888888888889
      },
      {
        "start": "5811289696",
        "end": "5811289696",
        "reverse": false,
        "shape": {
          "type": "polyline",
          "points": [
            [
              985.65941,
              892.61205
            ],
            [
              1004.4231,
              895.5369
            ],
            [
              985.65941,
              892.61205
            ]
          ]
        },
        "metadata": {
          "segment_id": 18912,
          "street_id": 33101956,
          "street_name": "Ph\u1ea1m H\u1eefu L\u1ea7u",
          "street_type": "tertiary",
          "street_level": 4,
          "street_group": "33101956",
          "composite": true
        },
        "length_hint": 37.980563973622075,
        "speed_limit": 13.88888888888889
      },
      {
        "start": "5811289696",
        "end": "5811289696",
        "reverse": false,
        "shape": {
          "type": "polyline",
          "points": [
            [
              985.65941,
              892.61205
            ],
            [
              966.43114,
              892.1403
            ],
            [
              985.65941,
              892.61205
            ]
          ]
        },
        "metadata": {
          "segment_id": 18913,
          "street_id": 33101956,
          "street_name": "Ph\u1ea1m H\u1eefu L\u1ea7u",
          "street_type": "tertiary",
          "street_level": 4,
          "street_group": "33101956",
          "composite": true
        },
        "length_hint": 38.4681122622568,
        "speed_limit": 13.88888888888889
      },
      {
        "start": "366471608",
        "end": "366471608",
        "reverse": false,
        "shape": {
          "type": "polyline",
          "points": [
            [
              951.20921,
              893.6166
            ],
            [
              966.43114,
              892.1403
            ],
            [
              951.20921,
              893.6166
            ]
          ]
        },
        "metadata": {
          "segment_id": 18916,
          "street_id": 33101956,
          "street_name": "Ph\u1ea1m H\u1eefu L\u1ea7u",
          "street_type": "tertiary",
          "street_level": 4,
          "street_group": "33101956",
          "composite": true
        },
        "length_hint": 30.58670394893187,
        "speed_limit": 13.88888888888889
      },
      {
        "start": "2686965835",
        "end": "2686965835",
        "reverse": false,
        "shape": {
          "type": "polyline",
          "points": [
            [
              359.62555,
              121.2564
            ],
            [
              390.74715,
              94.8384
            ],
            [
              359.62555,
              121.2564
            ]
          ]
        },
        "metadata": {
          "segment_id": 39955,
          "street_id": 233101480,
          "street_name": "Nguy\u1ec5n B\u00ecnh",
          "street_type": "secondary",
          "street_level": 3,
          "street_group": "233101480",
          "composite": true
        },
        "length_hint": 81.64471104878749,
        "speed_limit": 11.11111111111111
      },
      {
        "start": "366380918",
        "end": "366380918",
        "reverse": false,
        "shape": {
          "type": "polyline",
          "points": [
            [
              525.0991,
              23.5875
            ],
            [
              519.91217,
              24.9417
            ],
            [
              525.0991,
              23.5875
            ]
          ]
        },
        "metadata": {
          "segment_id": 39966,
          "street_id": 233101480,
          "street_name": "Nguy\u1ec5n B\u00ecnh",
          "street_type": "secondary",
          "street_level": 3,
          "street_group": "233101480",
          "composite": true
        },
        "length_hint": 10.721585790339185,
        "speed_limit": 11.11111111111111
      },
      {
        "start": "366380918",
        "end": "366380918",
        "reverse": false,
        "shape": {
          "type": "polyline",
          "points": [
            [
              525.0991,
              23.5875
            ],
            [
              538.06917,
              17.8599
            ],
            [
              525.0991,
              23.5875
            ]
          ]
        },
        "metadata": {
          "segment_id": 39967,
          "street_id": 233101480,
          "street_name": "Nguy\u1ec5n B\u00ecnh",
          "street_type": "secondary",
          "street_level": 3,
          "street_group": "233101480",
          "composite": true
        },
        "length_hint": 28.356876948274756,
        "speed_limit": 11.11111111111111
      },
      {
        "start": "2686965787",
        "end": "2686965787",
        "reverse": false,
        "shape": {
          "type": "polyline",
          "points": [
            [
              546.43713,
              10.30635
            ],
            [
              538.06917,
              17.8599
            ],
            [
              546.43713,
              10.30635
            ]
          ]
        },
        "metadata": {
          "segment_id": 39970,
          "street_id": 233101480,
          "street_name": "Nguy\u1ec5n B\u00ecnh",
          "street_type": "secondary",
          "street_level": 3,
          "street_group": "233101480",
          "composite": true
        },
        "length_hint": 22.545853025698598,
        "speed_limit": 11.11111111111111
      },
      {
        "start": "2686965787",
        "end": "2686965787",
        "reverse": false,
        "shape": {
          "type": "polyline",
          "points": [
            [
              546.43713,
              10.30635
            ],
            [
              554.08362,
              3.40215
            ],
            [
              546.43713,
              10.30635
            ]
          ]
        },
        "metadata": {
          "segment_id": 39971,
          "street_id": 233101480,
          "street_name": "Nguy\u1ec5n B\u00ecnh",
          "street_type": "secondary",
          "street_level": 3,
          "street_group": "233101480",
          "composite": true
        },
        "length_hint": 20.604541922605275,
        "speed_limit": 11.11111111111111
      },
      {
        "start": "5788635345",
        "end": "5788635345",
        "reverse": false,
        "shape": {
          "type": "polyline",
          "points": [
            [
              519.91217,
              24.9417
            ],
            [
              502.48757,
              29.49825
            ],
            [
              519.91217,
              24.9417
            ]
          ]
        },
        "metadata": {
          "segment_id": 39964,
          "street_id": 233101480,
          "street_name": "Nguy\u1ec5n B\u00ecnh",
          "street_type": "secondary",
          "street_level": 3,
          "street_group": "233101480",
          "composite": true
        },
        "length_hint": 36.0210401328167,
        "speed_limit": 11.11111111111111
      },
      {
        "start": "2686965821",
        "end": "2686965821",
        "reverse": false,
        "shape": {
          "type": "polyline",
          "points": [
            [
              463.17838,
              40.5483
            ],
            [
              443.59483,
              51.58725
            ],
            [
              463.17838,
              40.5483
            ]
          ]
        },
        "metadata": {
          "segment_id": 39960,
          "street_id": 233101480,
          "street_name": "Nguy\u1ec5n B\u00ecnh",
          "street_type": "secondary",
          "street_level": 3,
          "street_group": "233101480",
          "composite": true
        },
        "length_hint": 44.96104303527667,
        "speed_limit": 11.11111111111111
      },
      {
        "start": "2686965821",
        "end": "2686965821",
        "reverse": false,
        "shape": {
          "type": "polyline",
          "points": [
            [
              463.17838,
              40.5483
            ],
            [
              502.48757,
              29.49825
            ],
            [
              463.17838,
              40.5483
            ]
          ]
        },
        "metadata": {
          "segment_id": 39961,
          "street_id": 233101480,
          "street_name": "Nguy\u1ec5n B\u00ecnh",
          "street_type": "secondary",
          "street_level": 3,
          "street_group": "233101480",
          "composite": true
        },
        "length_hint": 81.66556247179346,
        "speed_limit": 11.11111111111111
      },
      {
        "start": "366369406",
        "end": "366369406",
        "reverse": false,
        "shape": {
          "type": "polyline",
          "points": [
            [
              443.59483,
              51.58725
            ],
            [
              390.74715,
              94.8384
            ],
            [
              443.59483,
              51.58725
            ]
          ]
        },
        "metadata": {
          "segment_id": 39958,
          "street_id": 233101480,
          "street_name": "Nguy\u1ec5n B\u00ecnh",
          "street_type": "secondary",
          "street_level": 3,
          "street_group": "233101480",
          "composite": true
        },
        "length_hint": 136.58022196064704,
        "speed_limit": 11.11111111111111
      },
      {
        "start": "366452061",
        "end": "366452061",
        "reverse": false,
        "shape": {
          "type": "polyline",
          "points": [
            [
              300.10972,
              678.75945
            ],
            [
              298.50281,
              663.0141
            ],
            [
              300.10972,
              678.75945
            ]
          ]
        },
        "metadata": {
          "segment_id": 9868,
          "street_id": 32582894,
          "street_name": "L\u00ea V\u0103n L\u01b0\u01a1ng",
          "street_type": "secondary",
          "street_level": 3,
          "street_group": "32582894",
          "composite": true
        },
        "length_hint": 31.654270256671587,
        "speed_limit": 11.11111111111111
      },
      {
        "start": "366432237",
        "end": "366432237",
        "reverse": false,
        "shape": {
          "type": "polyline",
          "points": [
            [
              295.21247,
              648.66735
            ],
            [
              296.16897,
              652.94085
            ],
            [
              295.21247,
              648.66735
            ]
          ]
        },
        "metadata": {
          "segment_id": 9873,
          "street_id": 32582894,
          "street_name": "L\u00ea V\u0103n L\u01b0\u01a1ng",
          "street_type": "secondary",
          "street_level": 3,
          "street_group": "32582894",
          "composite": true
        },
        "length_hint": 8.758468930126806,
        "speed_limit": 11.11111111111111
      },
      {
        "start": "366432237",
        "end": "366432237",
        "reverse": false,
        "shape": {
          "type": "polyline",
          "points": [
            [
              295.21247,
              648.66735
            ],
            [
              281.91446,
              609.5565
            ],
            [
              295.21247,
              648.66735
            ]
          ]
        },
        "metadata": {
          "segment_id": 9874,
          "street_id": 32582894,
          "street_name": "L\u00ea V\u0103n L\u01b0\u01a1ng",
          "street_type": "secondary",
          "street_level": 3,
          "street_group": "32582894",
          "composite": true
        },
        "length_hint": 82.61950514697124,
        "speed_limit": 11.11111111111111
      },
      {
        "start": "366448674",
        "end": "366448674",
        "reverse": false,
        "shape": {
          "type": "polyline",
          "points": [
            [
              218.16274,
              420.246
            ],
            [
              239.21108,
              485.58615
            ],
            [
              218.16274,
              420.246
            ]
          ]
        },
        "metadata": {
          "segment_id": 9895,
          "street_id": 32582894,
          "street_name": "L\u00ea V\u0103n L\u01b0\u01a1ng",
          "street_type": "secondary",
          "street_level": 3,
          "street_group": "32582894",
          "composite": true
        },
        "length_hint": 137.293376661485,
        "speed_limit": 11.11111111111111
      },
      {
        "start": "5802608600",
        "end": "5802608600",
        "reverse": false,
        "shape": {
          "type": "polyline",
          "points": [
            [
              264.89979,
              561.7155
            ],
            [
              270.12499,
              575.5572
            ],
            [
              264.89979,
              561.7155
            ]
          ]
        },
        "metadata": {
          "segment_id": 9883,
          "street_id": 32582894,
          "street_name": "L\u00ea V\u0103n L\u01b0\u01a1ng",
          "street_type": "secondary",
          "street_level": 3,
          "street_group": "32582894",
          "composite": true
        },
        "length_hint": 29.590226354659663,
        "speed_limit": 11.11111111111111
      },
      {
        "start": "5802608600",
        "end": "5802608600",
        "reverse": false,
        "shape": {
          "type": "polyline",
          "points": [
            [
              264.89979,
              561.7155
            ],
            [
              259.56529,
              544.21635
            ],
            [
              264.89979,
              561.7155
            ]
          ]
        },
        "metadata": {
          "segment_id": 9884,
          "street_id": 32582894,
          "street_name": "L\u00ea V\u0103n L\u01b0\u01a1ng",
          "street_type": "secondary",
          "street_level": 3,
          "street_group": "32582894",
          "composite": true
        },
        "length_hint": 36.58836651027205,
        "speed_limit": 11.11111111111111
      },
      {
        "start": "366377399",
        "end": "366377399",
        "reverse": false,
        "shape": {
          "type": "polyline",
          "points": [
            [
              255.22007,
              531.08505
            ],
            [
              259.56529,
              544.21635
            ],
            [
              255.22007,
              531.08505
            ]
          ]
        },
        "metadata": {
          "segment_id": 9887,
          "street_id": 32582894,
          "street_name": "L\u00ea V\u0103n L\u01b0\u01a1ng",
          "street_type": "secondary",
          "street_level": 3,
          "street_group": "32582894",
          "composite": true
        },
        "length_hint": 27.66311454181545,
        "speed_limit": 11.11111111111111
      },
      {
        "start": "366377399",
        "end": "366377399",
        "reverse": false,
        "shape": {
          "type": "polyline",
          "points": [
            [
              255.22007,
              531.08505
            ],
            [
              246.01039,
              504.9168
            ],
            [
              255.22007,
              531.08505
            ]
          ]
        },
        "metadata": {
          "segment_id": 9888,
          "street_id": 32582894,
          "street_name": "L\u00ea V\u0103n L\u01b0\u01a1ng",
          "street_type": "secondary",
          "street_level": 3,
          "street_group": "32582894",
          "composite": true
        },
        "length_hint": 55.48316911514337,
        "speed_limit": 11.11111111111111
      },
      {
        "start": "366390170",
        "end": "366390170",
        "reverse": false,
        "shape": {
          "type": "polyline",
          "points": [
            [
              239.21108,
              485.58615
            ],
            [
              241.39736,
              491.80215
            ],
            [
              239.21108,
              485.58615
            ]
          ]
        },
        "metadata": {
          "segment_id": 9893,
          "street_id": 32582894,
          "street_name": "L\u00ea V\u0103n L\u01b0\u01a1ng",
          "street_type": "secondary",
          "street_level": 3,
          "street_group": "32582894",
          "composite": true
        },
        "length_hint": 13.178539560725236,
        "speed_limit": 11.11111111111111
      },
      {
        "start": "5802608588",
        "end": "5802608588",
        "reverse": false,
        "shape": {
          "type": "polyline",
          "points": [
            [
              241.39736,
              491.80215
            ],
            [
              246.01039,
              504.9168
            ],
            [
              241.39736,
              491.80215
            ]
          ]
        },
        "metadata": {
          "segment_id": 9891,
          "street_id": 32582894,
          "street_name": "L\u00ea V\u0103n L\u01b0\u01a1ng",
          "street_type": "secondary",
          "street_level": 3,
          "street_group": "32582894",
          "composite": true
        },
        "length_hint": 27.80461043808391,
        "speed_limit": 11.11111111111111
      },
      {
        "start": "366403669",
        "end": "366403669",
        "reverse": false,
        "shape": {
          "type": "polyline",
          "points": [
            [
              273.80339,
              585.3141
            ],
            [
              277.47086,
              596.1477
            ],
            [
              273.80339,
              585.3141
            ]
          ]
        },
        "metadata": {
          "segment_id": 9879,
          "street_id": 32582894,
          "street_name": "L\u00ea V\u0103n L\u01b0\u01a1ng",
          "street_type": "secondary",
          "street_level": 3,
          "street_group": "32582894",
          "composite": true
        },
        "length_hint": 22.875071598655058,
        "speed_limit": 11.11111111111111
      },
      {
        "start": "366403669",
        "end": "366403669",
        "reverse": false,
        "shape": {
          "type": "polyline",
          "points": [
            [
              273.80339,
              585.3141
            ],
            [
              270.12499,
              575.5572
            ],
            [
              273.80339,
              585.3141
            ]
          ]
        },
        "metadata": {
          "segment_id": 9880,
          "street_id": 32582894,
          "street_name": "L\u00ea V\u0103n L\u01b0\u01a1ng",
          "street_type": "secondary",
          "street_level": 3,
          "street_group": "32582894",
          "composite": true
        },
        "length_hint": 20.854517416617565,
        "speed_limit": 11.11111111111111
      },
      {
        "start": "366392940",
        "end": "366392940",
        "reverse": false,
        "shape": {
          "type": "polyline",
          "points": [
            [
              281.91446,
              609.5565
            ],
            [
              277.47086,
              596.1477
            ],
            [
              281.91446,
              609.5565
            ]
          ]
        },
        "metadata": {
          "segment_id": 9876,
          "street_id": 32582894,
          "street_name": "L\u00ea V\u0103n L\u01b0\u01a1ng",
          "street_type": "secondary",
          "street_level": 3,
          "street_group": "32582894",
          "composite": true
        },
        "length_hint": 28.251831685751007,
        "speed_limit": 11.11111111111111
      },
      {
        "start": "366474220",
        "end": "366474220",
        "reverse": false,
        "shape": {
          "type": "polyline",
          "points": [
            [
              296.16897,
              652.94085
            ],
            [
              298.50281,
              663.0141
            ],
            [
              296.16897,
              652.94085
            ]
          ]
        },
        "metadata": {
          "segment_id": 9871,
          "street_id": 32582894,
          "street_name": "L\u00ea V\u0103n L\u01b0\u01a1ng",
          "street_type": "secondary",
          "street_level": 3,
          "street_group": "32582894",
          "composite": true
        },
        "length_hint": 20.680152292292302,
        "speed_limit": 11.11111111111111
      },
      {
        "start": "366439277",
        "end": "366439277",
        "reverse": false,
        "shape": {
          "type": "polyline",
          "points": [
            [
              138.62065,
              140.78685
            ],
            [
              142.74178,
              155.9661
            ],
            [
              138.62065,
              140.78685
            ]
          ]
        },
        "metadata": {
          "segment_id": 83092,
          "street_id": 613172355,
          "street_name": "L\u00ea V\u0103n L\u01b0\u01a1ng",
          "street_type": "secondary",
          "street_level": 3,
          "street_group": "613172355",
          "composite": true
        },
        "length_hint": 31.457485153101523,
        "speed_limit": 11.11111111111111
      },
      {
        "start": "366439277",
        "end": "366439277",
        "reverse": false,
        "shape": {
          "type": "polyline",
          "points": [
            [
              138.62065,
              140.78685
            ],
            [
              115.51175,
              50.6826
            ],
            [
              138.62065,
              140.78685
            ]
          ]
        },
        "metadata": {
          "segment_id": 83093,
          "street_id": 613172355,
          "street_name": "L\u00ea V\u0103n L\u01b0\u01a1ng",
          "street_type": "secondary",
          "street_level": 3,
          "street_group": "613172355",
          "composite": true
        },
        "length_hint": 186.04082484522044,
        "speed_limit": 11.11111111111111
      },
      {
        "start": "366453050",
        "end": "366453050",
        "reverse": false,
        "shape": {
          "type": "polyline",
          "points": [
            [
              115.51175,
              50.6826
            ],
            [
              101.16433,
              0.0
            ],
            [
              115.51175,
              50.6826
            ]
          ]
        },
        "metadata": {
          "segment_id": 83095,
          "street_id": 613172355,
          "street_name": "L\u00ea V\u0103n L\u01b0\u01a1ng",
          "street_type": "secondary",
          "street_level": 3,
          "street_group": "613172355",
          "composite": true
        },
        "length_hint": 105.34845805072611,
        "speed_limit": 11.11111111111111
      },
      {
        "start": "366448674",
        "end": "366448674",
        "reverse": false,
        "shape": {
          "type": "polyline",
          "points": [
            [
              218.16274,
              420.246
            ],
            [
              207.58664,
              387.8007
            ],
            [
              218.16274,
              420.246
            ]
          ]
        },
        "metadata": {
          "segment_id": 83083,
          "street_id": 613172355,
          "street_name": "L\u00ea V\u0103n L\u01b0\u01a1ng",
          "street_type": "secondary",
          "street_level": 3,
          "street_group": "613172355",
          "composite": true
        },
        "length_hint": 68.25104785422708,
        "speed_limit": 11.11111111111111
      },
      {
        "start": "5788992067",
        "end": "5788992067",
        "reverse": false,
        "shape": {
          "type": "polyline",
          "points": [
            [
              142.74178,
              155.9661
            ],
            [
              175.9786,
              278.3547
            ],
            [
              142.74178,
              155.9661
            ]
          ]
        },
        "metadata": {
          "segment_id": 83090,
          "street_id": 613172355,
          "street_name": "L\u00ea V\u0103n L\u01b0\u01a1ng",
          "street_type": "secondary",
          "street_level": 3,
          "street_group": "613172355",
          "composite": true
        },
        "length_hint": 253.6427062911322,
        "speed_limit": 11.11111111111111
      },
      {
        "start": "366435381",
        "end": "366435381",
        "reverse": false,
        "shape": {
          "type": "polyline",
          "points": [
            [
              207.58664,
              387.8007
            ],
            [
              195.26699,
              345.14895
            ],
            [
              207.58664,
              387.8007
            ]
          ]
        },
        "metadata": {
          "segment_id": 83085,
          "street_id": 613172355,
          "street_name": "L\u00ea V\u0103n L\u01b0\u01a1ng",
          "street_type": "secondary",
          "street_level": 3,
          "street_group": "613172355",
          "composite": true
        },
        "length_hint": 88.79066514414676,
        "speed_limit": 11.11111111111111
      },
      {
        "start": "2686965868",
        "end": "2686965868",
        "reverse": false,
        "shape": {
          "type": "polyline",
          "points": [
            [
              195.26699,
              345.14895
            ],
            [
              175.9786,
              278.3547
            ],
            [
              195.26699,
              345.14895
            ]
          ]
        },
        "metadata": {
          "segment_id": 83087,
          "street_id": 613172355,
          "street_name": "L\u00ea V\u0103n L\u01b0\u01a1ng",
          "street_type": "secondary",
          "street_level": 3,
          "street_group": "613172355",
          "composite": true
        },
        "length_hint": 139.04695353519406,
        "speed_limit": 11.11111111111111
      },
      {
        "start": "366371573",
        "end": "366371573",
        "reverse": false,
        "shape": {
          "type": "polyline",
          "points": [
            [
              356.83805,
              901.24785
            ],
            [
              341.7473,
              870.0735
            ],
            [
              356.83805,
              901.24785
            ]
          ]
        },
        "metadata": {
          "segment_id": 226,
          "street_id": 32575966,
          "street_name": "L\u00ea V\u0103n L\u01b0\u01a1ng",
          "street_type": "secondary",
          "street_level": 3,
          "street_group": "32575966",
          "composite": true
        },
        "length_hint": 69.26964222471489,
        "speed_limit": 11.11111111111111
      },
      {
        "start": "366371573",
        "end": "366371573",
        "reverse": false,
        "shape": {
          "type": "polyline",
          "points": [
            [
              356.83805,
              901.24785
            ],
            [
              367.1026,
              920.20665
            ],
            [
              356.83805,
              901.24785
            ]
          ]
        },
        "metadata": {
          "segment_id": 227,
          "street_id": 32575966,
          "street_name": "L\u00ea V\u0103n L\u01b0\u01a1ng",
          "street_type": "secondary",
          "street_level": 3,
          "street_group": "32575966",
          "composite": true
        },
        "length_hint": 43.11830628132323,
        "speed_limit": 11.11111111111111
      },
      {
        "start": "3702562273",
        "end": "3702562273",
        "reverse": false,
        "shape": {
          "type": "polyline",
          "points": [
            [
              433.35214,
              1109.32845
            ],
            [
              433.55984,
              1107.8355
            ],
            [
              433.35214,
              1109.32845
            ]
          ]
        },
        "metadata": {
          "segment_id": 252,
          "street_id": 32575966,
          "street_name": "L\u00ea V\u0103n L\u01b0\u01a1ng",
          "street_type": "secondary",
          "street_level": 3,
          "street_group": "32575966",
          "composite": true
        },
        "length_hint": 3.0146568577535904,
        "speed_limit": 11.11111111111111
      },
      {
        "start": "366397092",
        "end": "366397092",
        "reverse": false,
        "shape": {
          "type": "polyline",
          "points": [
            [
              437.89413,
              1066.0995
            ],
            [
              434.54913,
              1051.3143
            ],
            [
              437.89413,
              1066.0995
            ]
          ]
        },
        "metadata": {
          "segment_id": 242,
          "street_id": 32575966,
          "street_name": "L\u00ea V\u0103n L\u01b0\u01a1ng",
          "street_type": "secondary",
          "street_level": 3,
          "street_group": "32575966",
          "composite": true
        },
        "length_hint": 30.317728413586735,
        "speed_limit": 11.11111111111111
      },
      {
        "start": "366397092",
        "end": "366397092",
        "reverse": false,
        "shape": {
          "type": "polyline",
          "points": [
            [
              437.89413,
              1066.0995
            ],
            [
              438.38604,
              1070.0178
            ],
            [
              437.89413,
              1066.0995
            ]
          ]
        },
        "metadata": {
          "segment_id": 243,
          "street_id": 32575966,
          "street_name": "L\u00ea V\u0103n L\u01b0\u01a1ng",
          "street_type": "secondary",
          "street_level": 3,
          "street_group": "32575966",
          "composite": true
        },
        "length_hint": 7.898113784467862,
        "speed_limit": 11.11111111111111
      },
      {
        "start": "3702562266",
        "end": "3702562266",
        "reverse": false,
        "shape": {
          "type": "polyline",
          "points": [
            [
              438.01984,
              1073.9139
            ],
            [
              438.38604,
              1070.0178
            ],
            [
              438.01984,
              1073.9139
            ]
          ]
        },
        "metadata": {
          "segment_id": 246,
          "street_id": 32575966,
          "street_name": "L\u00ea V\u0103n L\u01b0\u01a1ng",
          "street_type": "secondary",
          "street_level": 3,
          "street_group": "32575966",
          "composite": true
        },
        "length_hint": 7.826543975472053,
        "speed_limit": 11.11111111111111
      },
      {
        "start": "3702562266",
        "end": "3702562266",
        "reverse": false,
        "shape": {
          "type": "polyline",
          "points": [
            [
              438.01984,
              1073.9139
            ],
            [
              437.4678,
              1079.2863
            ],
            [
              438.01984,
              1073.9139
            ]
          ]
        },
        "metadata": {
          "segment_id": 247,
          "street_id": 32575966,
          "street_name": "L\u00ea V\u0103n L\u01b0\u01a1ng",
          "street_type": "secondary",
          "street_level": 3,
          "street_group": "32575966",
          "composite": true
        },
        "length_hint": 10.8013758237735,
        "speed_limit": 11.11111111111111
      },
      {
        "start": "3702562272",
        "end": "3702562272",
        "reverse": false,
        "shape": {
          "type": "polyline",
          "points": [
            [
              433.55984,
              1107.8355
            ],
            [
              437.4678,
              1079.2863
            ],
            [
              433.55984,
              1107.8355
            ]
          ]
        },
        "metadata": {
          "segment_id": 250,
          "street_id": 32575966,
          "street_name": "L\u00ea V\u0103n L\u01b0\u01a1ng",
          "street_type": "secondary",
          "street_level": 3,
          "street_group": "32575966",
          "composite": true
        },
        "length_hint": 57.63085881718563,
        "speed_limit": 11.11111111111111
      },
      {
        "start": "3702562253",
        "end": "3702562253",
        "reverse": false,
        "shape": {
          "type": "polyline",
          "points": [
            [
              416.28282,
              1003.35675
            ],
            [
              408.98613,
              988.8879
            ],
            [
              416.28282,
              1003.35675
            ]
          ]
        },
        "metadata": {
          "segment_id": 236,
          "street_id": 32575966,
          "street_name": "L\u00ea V\u0103n L\u01b0\u01a1ng",
          "street_type": "secondary",
          "street_level": 3,
          "street_group": "32575966",
          "composite": true
        },
        "length_hint": 32.4092150647684,
        "speed_limit": 11.11111111111111
      },
      {
        "start": "3702562253",
        "end": "3702562253",
        "reverse": false,
        "shape": {
          "type": "polyline",
          "points": [
            [
              416.28282,
              1003.35675
            ],
            [
              421.36044,
              1016.44365
            ],
            [
              416.28282,
              1003.35675
            ]
          ]
        },
        "metadata": {
          "segment_id": 237,
          "street_id": 32575966,
          "street_name": "L\u00ea V\u0103n L\u01b0\u01a1ng",
          "street_type": "secondary",
          "street_level": 3,
          "street_group": "32575966",
          "composite": true
        },
        "length_hint": 28.07484115534049,
        "speed_limit": 11.11111111111111
      },
      {
        "start": "366440080",
        "end": "366440080",
        "reverse": false,
        "shape": {
          "type": "polyline",
          "points": [
            [
              434.54913,
              1051.3143
            ],
            [
              421.36044,
              1016.44365
            ],
            [
              434.54913,
              1051.3143
            ]
          ]
        },
        "metadata": {
          "segment_id": 240,
          "street_id": 32575966,
          "street_name": "L\u00ea V\u0103n L\u01b0\u01a1ng",
          "street_type": "secondary",
          "street_level": 3,
          "street_group": "32575966",
          "composite": true
        },
        "length_hint": 74.56282653812413,
        "speed_limit": 11.11111111111111
      },
      {
        "start": "366388871",
        "end": "366388871",
        "reverse": false,
        "shape": {
          "type": "polyline",
          "points": [
            [
              384.00249,
              947.94
            ],
            [
              367.1026,
              920.20665
            ],
            [
              384.00249,
              947.94
            ]
          ]
        },
        "metadata": {
          "segment_id": 230,
          "street_id": 32575966,
          "street_name": "L\u00ea V\u0103n L\u01b0\u01a1ng",
          "street_type": "secondary",
          "street_level": 3,
          "street_group": "32575966",
          "composite": true
        },
        "length_hint": 64.95367531509224,
        "speed_limit": 11.11111111111111
      },
      {
        "start": "366388871",
        "end": "366388871",
        "reverse": false,
        "shape": {
          "type": "polyline",
          "points": [
            [
              384.00249,
              947.94
            ],
            [
              403.21983,
              979.16985
            ],
            [
              384.00249,
              947.94
            ]
          ]
        },
        "metadata": {
          "segment_id": 231,
          "street_id": 32575966,
          "street_name": "L\u00ea V\u0103n L\u01b0\u01a1ng",
          "street_type": "secondary",
          "street_level": 3,
          "street_group": "32575966",
          "composite": true
        },
        "length_hint": 73.33783982905675,
        "speed_limit": 11.11111111111111
      },
      {
        "start": "366441227",
        "end": "366441227",
        "reverse": false,
        "shape": {
          "type": "polyline",
          "points": [
            [
              408.98613,
              988.8879
            ],
            [
              403.21983,
              979.16985
            ],
            [
              408.98613,
              988.8879
            ]
          ]
        },
        "metadata": {
          "segment_id": 234,
          "street_id": 32575966,
          "street_name": "L\u00ea V\u0103n L\u01b0\u01a1ng",
          "street_type": "secondary",
          "street_level": 3,
          "street_group": "32575966",
          "composite": true
        },
        "length_hint": 22.600062963850256,
        "speed_limit": 11.11111111111111
      },
      {
        "start": "366433066",
        "end": "366433066",
        "reverse": false,
        "shape": {
          "type": "polyline",
          "points": [
            [
              311.89374,
              772.5822
            ],
            [
              310.418,
              762.59775
            ],
            [
              311.89374,
              772.5822
            ]
          ]
        },
        "metadata": {
          "segment_id": 210,
          "street_id": 32575966,
          "street_name": "L\u00ea V\u0103n L\u01b0\u01a1ng",
          "street_type": "secondary",
          "street_level": 3,
          "street_group": "32575966",
          "composite": true
        },
        "length_hint": 20.185841607433503,
        "speed_limit": 11.11111111111111
      },
      {
        "start": "366433066",
        "end": "366433066",
        "reverse": false,
        "shape": {
          "type": "polyline",
          "points": [
            [
              311.89374,
              772.5822
            ],
            [
              312.81744,
              778.85925
            ],
            [
              311.89374,
              772.5822
            ]
          ]
        },
        "metadata": {
          "segment_id": 211,
          "street_id": 32575966,
          "street_name": "L\u00ea V\u0103n L\u01b0\u01a1ng",
          "street_type": "secondary",
          "street_level": 3,
          "street_group": "32575966",
          "composite": true
        },
        "length_hint": 12.689299175683484,
        "speed_limit": 11.11111111111111
      },
      {
        "start": "5802629829",
        "end": "5802629829",
        "reverse": false,
        "shape": {
          "type": "polyline",
          "points": [
            [
              310.418,
              762.59775
            ],
            [
              306.81612,
              738.23325
            ],
            [
              310.418,
              762.59775
            ]
          ]
        },
        "metadata": {
          "segment_id": 208,
          "street_id": 32575966,
          "street_name": "L\u00ea V\u0103n L\u01b0\u01a1ng",
          "street_type": "secondary",
          "street_level": 3,
          "street_group": "32575966",
          "composite": true
        },
        "length_hint": 49.25859924051438,
        "speed_limit": 11.11111111111111
      },
      {
        "start": "366458143",
        "end": "366458143",
        "reverse": false,
        "shape": {
          "type": "polyline",
          "points": [
            [
              315.05837,
              794.02185
            ],
            [
              312.81744,
              778.85925
            ],
            [
              315.05837,
              794.02185
            ]
          ]
        },
        "metadata": {
          "segment_id": 214,
          "street_id": 32575966,
          "street_name": "L\u00ea V\u0103n L\u01b0\u01a1ng",
          "street_type": "secondary",
          "street_level": 3,
          "street_group": "32575966",
          "composite": true
        },
        "length_hint": 30.654605267391727,
        "speed_limit": 11.11111111111111
      },
      {
        "start": "366458143",
        "end": "366458143",
        "reverse": false,
        "shape": {
          "type": "polyline",
          "points": [
            [
              315.05837,
              794.02185
            ],
            [
              317.57258,
              805.8267
            ],
            [
              315.05837,
              794.02185
            ]
          ]
        },
        "metadata": {
          "segment_id": 215,
          "street_id": 32575966,
          "street_name": "L\u00ea V\u0103n L\u01b0\u01a1ng",
          "street_type": "secondary",
          "street_level": 3,
          "street_group": "32575966",
          "composite": true
        },
        "length_hint": 24.139240704429763,
        "speed_limit": 11.11111111111111
      },
      {
        "start": "366393555",
        "end": "366393555",
        "reverse": false,
        "shape": {
          "type": "polyline",
          "points": [
            [
              317.57258,
              805.8267
            ],
            [
              322.57915,
              822.9096
            ],
            [
              317.57258,
              805.8267
            ]
          ]
        },
        "metadata": {
          "segment_id": 217,
          "street_id": 32575966,
          "street_name": "L\u00ea V\u0103n L\u01b0\u01a1ng",
          "street_type": "secondary",
          "street_level": 3,
          "street_group": "32575966",
          "composite": true
        },
        "length_hint": 35.60287716322375,
        "speed_limit": 11.11111111111111
      },
      {
        "start": "5802629852",
        "end": "5802629852",
        "reverse": false,
        "shape": {
          "type": "polyline",
          "points": [
            [
              334.3085,
              853.62885
            ],
            [
              326.29581,
              835.11405
            ],
            [
              334.3085,
              853.62885
            ]
          ]
        },
        "metadata": {
          "segment_id": 222,
          "street_id": 32575966,
          "street_name": "L\u00ea V\u0103n L\u01b0\u01a1ng",
          "street_type": "secondary",
          "street_level": 3,
          "street_group": "32575966",
          "composite": true
        },
        "length_hint": 40.348532566927425,
        "speed_limit": 11.11111111111111
      },
      {
        "start": "5802629852",
        "end": "5802629852",
        "reverse": false,
        "shape": {
          "type": "polyline",
          "points": [
            [
              334.3085,
              853.62885
            ],
            [
              341.7473,
              870.0735
            ],
            [
              334.3085,
              853.62885
            ]
          ]
        },
        "metadata": {
          "segment_id": 223,
          "street_id": 32575966,
          "street_name": "L\u00ea V\u0103n L\u01b0\u01a1ng",
          "street_type": "secondary",
          "street_level": 3,
          "street_group": "32575966",
          "composite": true
        },
        "length_hint": 36.09777051633507,
        "speed_limit": 11.11111111111111
      },
      {
        "start": "5802629840",
        "end": "5802629840",
        "reverse": false,
        "shape": {
          "type": "polyline",
          "points": [
            [
              322.57915,
              822.9096
            ],
            [
              326.29581,
              835.11405
            ],
            [
              322.57915,
              822.9096
            ]
          ]
        },
        "metadata": {
          "segment_id": 219,
          "street_id": 32575966,
          "street_name": "L\u00ea V\u0103n L\u01b0\u01a1ng",
          "street_type": "secondary",
          "street_level": 3,
          "street_group": "32575966",
          "composite": true
        },
        "length_hint": 25.515654908945727,
        "speed_limit": 11.11111111111111
      },
      {
        "start": "2414429282",
        "end": "2414429282",
        "reverse": false,
        "shape": {
          "type": "polyline",
          "points": [
            [
              15.47335,
              410.3337
            ],
            [
              0.0,
              423.61485
            ],
            [
              15.47335,
              410.3337
            ]
          ]
        },
        "metadata": {
          "segment_id": 39974,
          "street_id": 233101485,
          "street_name": "Nguy\u1ec5n B\u00ecnh",
          "street_type": "tertiary",
          "street_level": 4,
          "street_group": "233101485",
          "composite": true
        },
        "length_hint": 40.783011440794766,
        "speed_limit": 13.88888888888889
      },
      {
        "start": "2414429282",
        "end": "2414429282",
        "reverse": false,
        "shape": {
          "type": "polyline",
          "points": [
            [
              15.47335,
              410.3337
            ],
            [
              175.9786,
              278.3547
            ],
            [
              15.47335,
              410.3337
            ]
          ]
        },
        "metadata": {
          "segment_id": 83999,
          "street_id": 622156782,
          "street_name": "Nguy\u1ec5n B\u00ecnh",
          "street_type": "tertiary",
          "street_level": 4,
          "street_group": "622156782",
          "composite": true
        },
        "length_hint": 415.59784272088086,
        "speed_limit": 13.88888888888889
      },
      {
        "start": "366452061",
        "end": "366452061",
        "reverse": false,
        "shape": {
          "type": "polyline",
          "points": [
            [
              300.10972,
              678.75945
            ],
            [
              306.81612,
              738.23325
            ],
            [
              300.10972,
              678.75945
            ]
          ]
        },
        "metadata": {
          "segment_id": 18944,
          "street_id": 33101960,
          "street_name": "C\u1ea7u Long Ki\u1ec3ng",
          "street_type": "secondary",
          "street_level": 3,
          "street_group": "33101960",
          "composite": true
        },
        "length_hint": 119.70144004814642,
        "speed_limit": 11.11111111111111
      }
    ]
  }
}