{
  "observation": {
    "type": "Kinematics"
  },
  "action": {
    "type": "DiscreteMetaAction"
  },
  "simulation_frequency": 15,
  "policy_frequency": 1,
  "other_vehicles_type": "highway_env.vehicle.behavior.IDMVehicle",
  "screen_width": 600,
  "screen_height": 150,
  "centering_position": [
    0.3,
    0.5
  ],
  "scaling": 5.5,
  "show_trajectories": false,
  "render_agent": true,
  "offscreen_rendering": false,
  "manual_control": false,
  "real_time_rendering": false,
  "destination": null,
  "initial_vehicle_count": 0,
  "controlled_vehicles": 0,
  "spawn_probability": 0.0,
  "duration": 40.0,
  "collision_reward": -5,
  "high_speed_reward": 1.0,
  "arrived_reward": 1.0,
  "reward_speed_range": [
    6.0,
    12.0
  ],
  "auto_curve": false,
  "corner_radius": 25.0,
  "curve_samples": 8,
  "exit_distance": 5.0,
  "graph": {
    "nodes": {
      "366368261": [
        448.70525,
        518.3256
      ],
      "366441487": [
        546.53551,
        808.96245
      ],
      "2500297234": [
        122.68272,
        1033.57095
      ],
      "2500297238": [
        63.74626,
        1064.7786
      ],
      "5817112645": [
        428.09962,
        514.8735
      ],
      "3378124373": [
        599.61822,
        850.9482
      ],
      "3378081368": [
        621.74877,
        1005.47685
      ],
      "5042481759": [
        308.17161,
        287.00715
      ],
      "5042481760": [
        311.1504,
        292.5849
      ],
      "5042481761": [
        326.55816,
        289.14945
      ],
      "5042481762": [
        322.65567,
        282.162
      ],
      "366412406": [
        211.74056,
        981.55635
      ],
      "366382205": [
        189.36405,
        64.68525
      ],
      "5811531394": [
        146.57322,
        1021.23885
      ],
      "5811531397": [
        161.31417,
        1013.6298
      ],
      "366385287": [
        736.36961,
        711.1659
      ],
      "5038652566": [
        559.92643,
        724.85775
      ],
      "366474932": [
        549.29021,
        739.8927
      ],
      "5038653635": [
        545.04884,
        809.7006
      ],
      "5038653637": [
        484.66398,
        839.7483
      ],
      "5038653638": [
        473.74354,
        845.3649
      ],
      "366400709": [
        377.04468,
        379.5312
      ],
      "366448840": [
        600.33969,
        854.99415
      ],
      "5038653640": [
        383.49418,
        892.5177
      ],
      "5038652618": [
        574.12081,
        787.45065
      ],
      "366458066": [
        425.29573,
        509.0238
      ],
      "366432472": [
        602.29094,
        882.3057
      ],
      "2500270322": [
        658.6312,
        757.1976
      ],
      "2500270323": [
        641.89528,
        766.69365
      ],
      "2500270324": [
        652.69547,
        755.4438
      ],
      "366372085": [
        439.38626,
        501.5202
      ],
      "2500270326": [
        588.0583,
        778.9425
      ],
      "2500270327": [
        593.10313,
        793.00065
      ],
      "366452472": [
        197.81947,
        48.90105
      ],
      "2500270329": [
        625.88083,
        775.08525
      ],
      "2500270330": [
        576.90284,
        794.99865
      ],
      "5038653686": [
        0.0,
        1089.9645
      ],
      "5038653688": [
        30.27442,
        1074.45225
      ],
      "5038653690": [
        82.03444,
        1047.93435
      ],
      "5038653692": [
        117.45206,
        1029.80805
      ],
      "2500270333": [
        317.90052,
        926.62245
      ],
      "5038653696": [
        194.55099,
        990.3531
      ],
      "5038653694": [
        171.99958,
        1001.89155
      ],
      "5038653698": [
        228.90281,
        972.67635
      ],
      "2500270339": [
        591.52355,
        787.3674
      ],
      "5038653700": [
        306.40619,
        932.5665
      ],
      "2500270338": [
        593.25617,
        800.2989
      ],
      "2500270335": [
        83.62495,
        1047.1185
      ],
      "366397694": [
        150.89111,
        0.0
      ],
      "2500270337": [
        319.53476,
        931.95045
      ],
      "2500302602": [
        170.11392,
        1009.0899
      ],
      "378247435": [
        637.44075,
        763.1916
      ],
      "5811626270": [
        600.85347,
        862.22025
      ],
      "378247455": [
        659.60956,
        751.89735
      ],
      "5038427424": [
        772.34474,
        692.34585
      ],
      "5038427422": [
        808.64234,
        673.36485
      ],
      "5038427426": [
        759.00301,
        699.32775
      ],
      "366473502": [
        316.11324,
        301.88115
      ],
      "5038427428": [
        706.43407,
        726.828
      ],
      "5038427430": [
        675.16489,
        743.32815
      ],
      "2500302632": [
        576.99576,
        799.94925
      ],
      "366472492": [
        622.91296,
        770.7507
      ],
      "366464813": [
        235.68572,
        119.20845
      ],
      "366435117": [
        598.12063,
        843.49455
      ],
      "5038426948": [
        586.93784,
        776.79465
      ],
      "5811626311": [
        593.14685,
        795.1152
      ],
      "5811626312": [
        591.14641,
        786.69585
      ],
      "5811876682": [
        147.39307,
        1014.4845
      ],
      "5811876683": [
        149.91275,
        1019.51835
      ],
      "366368594": [
        564.22246,
        733.2438
      ],
      "366472531": [
        251.94066,
        150.4494
      ],
      "366371683": [
        442.60555,
        507.4476
      ],
      "2500270325": [
        480.81614,
        847.7625
      ],
      "5038653851": [
        301.30671,
        243.9447
      ],
      "5038653852": [
        201.64544,
        56.00505
      ],
      "5038653853": [
        174.07107,
        6.7266
      ],
      "5811613088": [
        608.78964,
        923.65875
      ],
      "2500270328": [
        550.78781,
        812.298
      ],
      "5811613106": [
        625.17576,
        1028.5149
      ],
      "5811613112": [
        613.96564,
        956.9643
      ],
      "5811613139": [
        604.61932,
        895.659
      ],
      "5811613141": [
        610.54412,
        935.8077
      ],
      "5811673559": [
        548.02764,
        737.5284
      ],
      "5811673560": [
        546.27316,
        734.2539
      ],
      "2500267992": [
        673.35575,
        749.4498
      ],
      "5811673562": [
        561.00317,
        726.95565
      ],
      "2500267995": [
        738.88929,
        716.1054
      ],
      "2500267996": [
        677.7119,
        741.85185
      ],
      "5811673561": [
        563.12932,
        731.10705
      ],
      "5811613159": [
        634.95933,
        1089.4983
      ],
      "366431743": [
        481.12768,
        841.50765
      ]
    },
    "edges": [
      {
        "start": "366371683",
        "end": "366371683",
        "reverse": false,
        "shape": {
          "type": "polyline",
          "points": [
            [
              442.60555,
              507.4476
            ],
            [
              448.70525,
              518.3256
            ],
            [
              442.60555,
              507.4476
            ]
          ]
        },
        "metadata": {
          "segment_id": 42240,
          "street_id": 242555810,
          "street_name": "L\u00e1ng Le B\u00e0u C\u00f2",
          "street_type": "tertiary",
          "street_level": 4,
          "street_group": "242555810",
          "composite": true
        },
        "length_hint": 24.9429127481134,
        "speed_limit": 13.88888888888889
      },
      {
        "start": "5038652566",
        "end": "5038652566",
        "reverse": false,
        "shape": {
          "type": "polyline",
          "points": [
            [
              559.92643,
              724.85775
            ],
            [
              561.00317,
              726.95565
            ],
            [
              559.92643,
              724.85775
            ]
          ]
        },
        "metadata": {
          "segment_id": 42236,
          "street_id": 242555810,
          "street_name": "L\u00e1ng Le B\u00e0u C\u00f2",
          "street_type": "tertiary",
          "street_level": 4,
          "street_group": "242555810",
          "composite": true
        },
        "length_hint": 4.716165153002962,
        "speed_limit": 13.88888888888889
      },
      {
        "start": "5038652566",
        "end": "5038652566",
        "reverse": false,
        "shape": {
          "type": "polyline",
          "points": [
            [
              559.92643,
              724.85775
            ],
            [
              448.70525,
              518.3256
            ],
            [
              559.92643,
              724.85775
            ]
          ]
        },
        "metadata": {
          "segment_id": 42237,
          "street_id": 242555810,
          "street_name": "L\u00e1ng Le B\u00e0u C\u00f2",
          "street_type": "tertiary",
          "street_level": 4,
          "street_group": "242555810",
          "composite": true
        },
        "length_hint": 469.1510625127685,
        "speed_limit": 13.88888888888889
      },
      {
        "start": "5038653686",
        "end": "366472492",
        "reverse": false,
        "shape": {
          "type": "polyline",
          "points": [
            [
              0.0,
              1089.9645
            ],
            [
              30.27442,
              1074.45225
            ],
            [
              82.03444,
              1047.93435
            ],
            [
              83.62495,
              1047.1185
            ],
            [
              117.45206,
              1029.80805
            ],
            [
              147.39307,
              1014.4845
            ],
            [
              171.99958,
              1001.89155
            ],
            [
              194.55099,
              990.3531
            ],
            [
              211.74056,
              981.55635
            ],
            [
              228.90281,
              972.67635
            ],
            [
              306.40619,
              932.5665
            ],
            [
              317.90052,
              926.62245
            ],
            [
              383.49418,
              892.5177
            ],
            [
              473.74354,
              845.3649
            ],
            [
              481.12768,
              841.50765
            ],
            [
              484.66398,
              839.7483
            ],
            [
              545.04884,
              809.7006
            ],
            [
              546.53551,
              808.96245
            ],
            [
              576.90284,
              794.99865
            ],
            [
              591.52355,
              787.3674
            ],
            [
              622.91296,
              770.7507
            ]
          ]
        },
        "metadata": {
          "segment_id": 67947,
          "street_id": 516091246,
          "street_name": "Tr\u1ea7n V\u0103n Gi\u00e0u",
          "street_type": "secondary",
          "street_level": 3,
          "street_group": "516091246",
          "composite": true
        },
        "length_hint": 699.9861310830646,
        "speed_limit": 11.11111111111111
      },
      {
        "start": "2500270329",
        "end": "2500297238",
        "reverse": false,
        "shape": {
          "type": "polyline",
          "points": [
            [
              625.88083,
              775.08525
            ],
            [
              593.10313,
              793.00065
            ],
            [
              576.99576,
              799.94925
            ],
            [
              550.78781,
              812.298
            ],
            [
              480.81614,
              847.7625
            ],
            [
              319.53476,
              931.95045
            ],
            [
              170.11392,
              1009.0899
            ],
            [
              161.31417,
              1013.6298
            ],
            [
              149.91275,
              1019.51835
            ],
            [
              146.57322,
              1021.23885
            ],
            [
              122.68272,
              1033.57095
            ],
            [
              63.74626,
              1064.7786
            ]
          ]
        },
        "metadata": {
          "segment_id": 44431,
          "street_id": 264160514,
          "street_name": "Tr\u1ea7n V\u0103n Gi\u00e0u",
          "street_type": "secondary",
          "street_level": 3,
          "street_group": "264160514",
          "composite": true
        },
        "length_hint": 632.4693695688301,
        "speed_limit": 11.11111111111111
      },
      {
        "start": "366458066",
        "end": "366458066",
        "reverse": false,
        "shape": {
          "type": "polyline",
          "points": [
            [
              425.29573,
              509.0238
            ],
            [
              428.09962,
              514.8735
            ],
            [
              425.29573,
              509.0238
            ]
          ]
        },
        "metadata": {
          "segment_id": 83673,
          "street_id": 615100258,
          "street_name": "V\u00f5 H\u1eefu L\u1ee3i",
          "street_type": "tertiary",
          "street_level": 4,
          "street_group": "615100258",
          "composite": true
        },
        "length_hint": 12.973941455409859,
        "speed_limit": 13.88888888888889
      },
      {
        "start": "5811673560",
        "end": "5811673560",
        "reverse": false,
        "shape": {
          "type": "polyline",
          "points": [
            [
              546.27316,
              734.2539
            ],
            [
              428.09962,
              514.8735
            ],
            [
              546.27316,
              734.2539
            ]
          ]
        },
        "metadata": {
          "segment_id": 83674,
          "street_id": 615100259,
          "street_name": "V\u00f5 H\u1eefu L\u1ee3i",
          "street_type": "tertiary",
          "street_level": 4,
          "street_group": "615100259",
          "composite": true
        },
        "length_hint": 498.36831945978105,
        "speed_limit": 13.88888888888889
      },
      {
        "start": "5811613159",
        "end": "5811613159",
        "reverse": false,
        "shape": {
          "type": "polyline",
          "points": [
            [
              634.95933,
              1089.4983
            ],
            [
              625.17576,
              1028.5149
            ],
            [
              634.95933,
              1089.4983
            ]
          ]
        },
        "metadata": {
          "segment_id": 53315,
          "street_id": 330805082,
          "street_name": "V\u0129nh L\u1ed9c",
          "street_type": "secondary",
          "street_level": 3,
          "street_group": "330805082",
          "composite": true
        },
        "length_hint": 123.52640717684474,
        "speed_limit": 11.11111111111111
      },
      {
        "start": "5811613088",
        "end": "5811613088",
        "reverse": false,
        "shape": {
          "type": "polyline",
          "points": [
            [
              608.78964,
              923.65875
            ],
            [
              610.54412,
              935.8077
            ],
            [
              608.78964,
              923.65875
            ]
          ]
        },
        "metadata": {
          "segment_id": 53324,
          "street_id": 330805082,
          "street_name": "V\u0129nh L\u1ed9c",
          "street_type": "secondary",
          "street_level": 3,
          "street_group": "330805082",
          "composite": true
        },
        "length_hint": 24.549964250311877,
        "speed_limit": 11.11111111111111
      },
      {
        "start": "5811613088",
        "end": "5811613088",
        "reverse": false,
        "shape": {
          "type": "polyline",
          "points": [
            [
              608.78964,
              923.65875
            ],
            [
              604.61932,
              895.659
            ],
            [
              608.78964,
              923.65875
            ]
          ]
        },
        "metadata": {
          "segment_id": 53325,
          "street_id": 330805082,
          "street_name": "V\u0129nh L\u1ed9c",
          "street_type": "secondary",
          "street_level": 3,
          "street_group": "330805082",
          "composite": true
        },
        "length_hint": 56.617225964008625,
        "speed_limit": 11.11111111111111
      },
      {
        "start": "3378124373",
        "end": "3378124373",
        "reverse": false,
        "shape": {
          "type": "polyline",
          "points": [
            [
              599.61822,
              850.9482
            ],
            [
              600.33969,
              854.99415
            ],
            [
              599.61822,
              850.9482
            ]
          ]
        },
        "metadata": {
          "segment_id": 53334,
          "street_id": 330805082,
          "street_name": "V\u0129nh L\u1ed9c",
          "street_type": "secondary",
          "street_level": 3,
          "street_group": "330805082",
          "composite": true
        },
        "length_hint": 8.219545087995971,
        "speed_limit": 11.11111111111111
      },
      {
        "start": "366432472",
        "end": "366432472",
        "reverse": false,
        "shape": {
          "type": "polyline",
          "points": [
            [
              602.29094,
              882.3057
            ],
            [
              604.61932,
              895.659
            ],
            [
              602.29094,
              882.3057
            ]
          ]
        },
        "metadata": {
          "segment_id": 53328,
          "street_id": 330805082,
          "street_name": "V\u0129nh L\u1ed9c",
          "street_type": "secondary",
          "street_level": 3,
          "street_group": "330805082",
          "composite": true
        },
        "length_hint": 27.109553615978253,
        "speed_limit": 11.11111111111111
      },
      {
        "start": "366432472",
        "end": "366432472",
        "reverse": false,
        "shape": {
          "type": "polyline",
          "points": [
            [
              602.29094,
              882.3057
            ],
            [
              600.85347,
              862.22025
            ],
            [
              602.29094,
              882.3057
            ]
          ]
        },
        "metadata": {
          "segment_id": 53329,
          "street_id": 330805082,
          "street_name": "V\u0129nh L\u1ed9c",
          "street_type": "secondary",
          "street_level": 3,
          "street_group": "330805082",
          "composite": true
        },
        "length_hint": 40.27364506490076,
        "speed_limit": 11.11111111111111
      },
      {
        "start": "5811626270",
        "end": "5811626270",
        "reverse": false,
        "shape": {
          "type": "polyline",
          "points": [
            [
              600.85347,
              862.22025
            ],
            [
              600.33969,
              854.99415
            ],
            [
              600.85347,
              862.22025
            ]
          ]
        },
        "metadata": {
          "segment_id": 53331,
          "street_id": 330805082,
          "street_name": "V\u0129nh L\u1ed9c",
          "street_type": "secondary",
          "street_level": 3,
          "street_group": "330805082",
          "composite": true
        },
        "length_hint": 14.488684011793428,
        "speed_limit": 11.11111111111111
      },
      {
        "start": "5811613141",
        "end": "5811613141",
        "reverse": false,
        "shape": {
          "type": "polyline",
          "points": [
            [
              610.54412,
              935.8077
            ],
            [
              613.96564,
              956.9643
            ],
            [
              610.54412,
              935.8077
            ]
          ]
        },
        "metadata": {
          "segment_id": 53322,
          "street_id": 330805082,
          "street_name": "V\u0129nh L\u1ed9c",
          "street_type": "secondary",
          "street_level": 3,
          "street_group": "330805082",
          "composite": true
        },
        "length_hint": 42.86296875721051,
        "speed_limit": 11.11111111111111
      },
      {
        "start": "3378081368",
        "end": "3378081368",
        "reverse": false,
        "shape": {
          "type": "polyline",
          "points": [
            [
              621.74877,
              1005.47685
            ],
            [
              625.17576,
              1028.5149
            ],
            [
              621.74877,
              1005.47685
            ]
          ]
        },
        "metadata": {
          "segment_id": 53318,
          "street_id": 330805082,
          "street_name": "V\u0129nh L\u1ed9c",
          "street_type": "secondary",
          "street_level": 3,
          "street_group": "330805082",
          "composite": true
        },
        "length_hint": 46.58308741432213,
        "speed_limit": 11.11111111111111
      },
      {
        "start": "3378081368",
        "end": "3378081368",
        "reverse": false,
        "shape": {
          "type": "polyline",
          "points": [
            [
              621.74877,
              1005.47685
            ],
            [
              613.96564,
              956.9643
            ],
            [
              621.74877,
              1005.47685
            ]
          ]
        },
        "metadata": {
          "segment_id": 53319,
          "street_id": 330805082,
          "street_name": "V\u0129nh L\u1ed9c",
          "street_type": "secondary",
          "street_level": 3,
          "street_group": "330805082",
          "composite": true
        },
        "length_hint": 98.265856127129,
        "speed_limit": 11.11111111111111
      },
      {
        "start": "366435117",
        "end": "366435117",
        "reverse": false,
        "shape": {
          "type": "polyline",
          "points": [
            [
              598.12063,
              843.49455
            ],
            [
              599.61822,
              850.9482
            ],
            [
              598.12063,
              843.49455
            ]
          ]
        },
        "metadata": {
          "segment_id": 83328,
          "street_id": 614371718,
          "street_name": "V\u0129nh L\u1ed9c",
          "street_type": "secondary",
          "street_level": 3,
          "street_group": "614371718",
          "composite": true
        },
        "length_hint": 15.20521938422467,
        "speed_limit": 11.11111111111111
      },
      {
        "start": "5042481760",
        "end": "5042481760",
        "reverse": false,
        "shape": {
          "type": "polyline",
          "points": [
            [
              311.1504,
              292.5849
            ],
            [
              308.17161,
              287.00715
            ],
            [
              311.1504,
              292.5849
            ]
          ]
        },
        "metadata": {
          "segment_id": 68145,
          "street_id": 516562718,
          "street_name": "V\u00f5 H\u1eefu L\u1ee3i",
          "street_type": "tertiary",
          "street_level": 4,
          "street_group": "516562718",
          "composite": true
        },
        "length_hint": 12.646657254247037,
        "speed_limit": 13.88888888888889
      },
      {
        "start": "366382205",
        "end": "366382205",
        "reverse": false,
        "shape": {
          "type": "polyline",
          "points": [
            [
              189.36405,
              64.68525
            ],
            [
              308.17161,
              287.00715
            ],
            [
              189.36405,
              64.68525
            ]
          ]
        },
        "metadata": {
          "segment_id": 83661,
          "street_id": 615100249,
          "street_name": "V\u00f5 H\u1eefu L\u1ee3i",
          "street_type": "tertiary",
          "street_level": 4,
          "street_group": "615100249",
          "composite": true
        },
        "length_hint": 504.1518165503864,
        "speed_limit": 13.88888888888889
      },
      {
        "start": "366382205",
        "end": "366382205",
        "reverse": false,
        "shape": {
          "type": "polyline",
          "points": [
            [
              189.36405,
              64.68525
            ],
            [
              150.89111,
              0.0
            ],
            [
              189.36405,
              64.68525
            ]
          ]
        },
        "metadata": {
          "segment_id": 83662,
          "street_id": 615100249,
          "street_name": "V\u00f5 H\u1eefu L\u1ee3i",
          "street_type": "tertiary",
          "street_level": 4,
          "street_group": "615100249",
          "composite": true
        },
        "length_hint": 150.52373473716494,
        "speed_limit": 13.88888888888889
      },
      {
        "start": "366458066",
        "end": "366458066",
        "reverse": false,
        "shape": {
          "type": "polyline",
          "points": [
            [
              425.29573,
              509.0238
            ],
            [
              316.11324,
              301.88115
            ],
            [
              425.29573,
              509.0238
            ]
          ]
        },
        "metadata": {
          "segment_id": 83337,
          "street_id": 614376671,
          "street_name": "V\u00f5 H\u1eefu L\u1ee3i",
          "street_type": "tertiary",
          "street_level": 4,
          "street_group": "614376671",
          "composite": true
        },
        "length_hint": 468.31140738454195,
        "speed_limit": 13.88888888888889
      },
      {
        "start": "5042481760",
        "end": "5042481760",
        "reverse": false,
        "shape": {
          "type": "polyline",
          "points": [
            [
              311.1504,
              292.5849
            ],
            [
              316.11324,
              301.88115
            ],
            [
              311.1504,
              292.5849
            ]
          ]
        },
        "metadata": {
          "segment_id": 83340,
          "street_id": 614376671,
          "street_name": "V\u00f5 H\u1eefu L\u1ee3i",
          "street_type": "tertiary",
          "street_level": 4,
          "street_group": "614376671",
          "composite": true
        },
        "length_hint": 21.07605702479475,
        "speed_limit": 13.88888888888889
      },
      {
        "start": "5042481762",
        "end": "5042481762",
        "reverse": false,
        "shape": {
          "type": "polyline",
          "points": [
            [
              322.65567,
              282.162
            ],
            [
              326.55816,
              289.14945
            ],
            [
              322.65567,
              282.162
            ]
          ]
        },
        "metadata": {
          "segment_id": 68172,
          "street_id": 516562720,
          "street_name": "L\u00e1ng Le B\u00e0u C\u00f2",
          "street_type": "tertiary",
          "street_level": 4,
          "street_group": "516562720",
          "composite": true
        },
        "length_hint": 16.006734295614496,
        "speed_limit": 13.88888888888889
      },
      {
        "start": "366372085",
        "end": "366372085",
        "reverse": false,
        "shape": {
          "type": "polyline",
          "points": [
            [
              439.38626,
              501.5202
            ],
            [
              377.04468,
              379.5312
            ],
            [
              439.38626,
              501.5202
            ]
          ]
        },
        "metadata": {
          "segment_id": 83666,
          "street_id": 615100256,
          "street_name": "L\u00e1ng Le B\u00e0u C\u00f2",
          "street_type": "tertiary",
          "street_level": 4,
          "street_group": "615100256",
          "composite": true
        },
        "length_hint": 273.9911583821375,
        "speed_limit": 13.88888888888889
      },
      {
        "start": "366400709",
        "end": "366400709",
        "reverse": false,
        "shape": {
          "type": "polyline",
          "points": [
            [
              377.04468,
              379.5312
            ],
            [
              326.55816,
              289.14945
            ],
            [
              377.04468,
              379.5312
            ]
          ]
        },
        "metadata": {
          "segment_id": 83668,
          "street_id": 615100256,
          "street_name": "L\u00e1ng Le B\u00e0u C\u00f2",
          "street_type": "tertiary",
          "street_level": 4,
          "street_group": "615100256",
          "composite": true
        },
        "length_hint": 207.05312781769712,
        "speed_limit": 13.88888888888889
      },
      {
        "start": "5038653853",
        "end": "5038653853",
        "reverse": false,
        "shape": {
          "type": "polyline",
          "points": [
            [
              174.07107,
              6.7266
            ],
            [
              197.81947,
              48.90105
            ],
            [
              174.07107,
              6.7266
            ]
          ]
        },
        "metadata": {
          "segment_id": 68158,
          "street_id": 516562719,
          "street_name": "L\u00e1ng Le B\u00e0u C\u00f2",
          "street_type": "tertiary",
          "street_level": 4,
          "street_group": "516562719",
          "composite": true
        },
        "length_hint": 96.80228789367533,
        "speed_limit": 13.88888888888889
      },
      {
        "start": "366472531",
        "end": "366472531",
        "reverse": false,
        "shape": {
          "type": "polyline",
          "points": [
            [
              251.94066,
              150.4494
            ],
            [
              301.30671,
              243.9447
            ],
            [
              251.94066,
              150.4494
            ]
          ]
        },
        "metadata": {
          "segment_id": 68150,
          "street_id": 516562719,
          "street_name": "L\u00e1ng Le B\u00e0u C\u00f2",
          "street_type": "tertiary",
          "street_level": 4,
          "street_group": "516562719",
          "composite": true
        },
        "length_hint": 211.45569762664238,
        "speed_limit": 13.88888888888889
      },
      {
        "start": "366472531",
        "end": "366472531",
        "reverse": false,
        "shape": {
          "type": "polyline",
          "points": [
            [
              251.94066,
              150.4494
            ],
            [
              235.68572,
              119.20845
            ],
            [
              251.94066,
              150.4494
            ]
          ]
        },
        "metadata": {
          "segment_id": 68151,
          "street_id": 516562719,
          "street_name": "L\u00e1ng Le B\u00e0u C\u00f2",
          "street_type": "tertiary",
          "street_level": 4,
          "street_group": "516562719",
          "composite": true
        },
        "length_hint": 70.43351563868156,
        "speed_limit": 13.88888888888889
      },
      {
        "start": "5042481762",
        "end": "5042481762",
        "reverse": false,
        "shape": {
          "type": "polyline",
          "points": [
            [
              322.65567,
              282.162
            ],
            [
              301.30671,
              243.9447
            ],
            [
              322.65567,
              282.162
            ]
          ]
        },
        "metadata": {
          "segment_id": 68147,
          "street_id": 516562719,
          "street_name": "L\u00e1ng Le B\u00e0u C\u00f2",
          "street_type": "tertiary",
          "street_level": 4,
          "street_group": "516562719",
          "composite": true
        },
        "length_hint": 87.55204423362362,
        "speed_limit": 13.88888888888889
      },
      {
        "start": "5038653852",
        "end": "5038653852",
        "reverse": false,
        "shape": {
          "type": "polyline",
          "points": [
            [
              201.64544,
              56.00505
            ],
            [
              235.68572,
              119.20845
            ],
            [
              201.64544,
              56.00505
            ]
          ]
        },
        "metadata": {
          "segment_id": 68154,
          "street_id": 516562719,
          "street_name": "L\u00e1ng Le B\u00e0u C\u00f2",
          "street_type": "tertiary",
          "street_level": 4,
          "street_group": "516562719",
          "composite": true
        },
        "length_hint": 143.57451631871723,
        "speed_limit": 13.88888888888889
      },
      {
        "start": "5038653852",
        "end": "5038653852",
        "reverse": false,
        "shape": {
          "type": "polyline",
          "points": [
            [
              201.64544,
              56.00505
            ],
            [
              197.81947,
              48.90105
            ],
            [
              201.64544,
              56.00505
            ]
          ]
        },
        "metadata": {
          "segment_id": 68155,
          "street_id": 516562719,
          "street_name": "L\u00e1ng Le B\u00e0u C\u00f2",
          "street_type": "tertiary",
          "street_level": 4,
          "street_group": "516562719",
          "composite": true
        },
        "length_hint": 16.13751684007178,
        "speed_limit": 13.88888888888889
      },
      {
        "start": "378247435",
        "end": "5038427422",
        "reverse": false,
        "shape": {
          "type": "polyline",
          "points": [
            [
              637.44075,
              763.1916
            ],
            [
              652.69547,
              755.4438
            ],
            [
              659.60956,
              751.89735
            ],
            [
              675.16489,
              743.32815
            ],
            [
              677.7119,
              741.85185
            ],
            [
              706.43407,
              726.828
            ],
            [
              736.36961,
              711.1659
            ],
            [
              759.00301,
              699.32775
            ],
            [
              772.34474,
              692.34585
            ],
            [
              808.64234,
              673.36485
            ]
          ]
        },
        "metadata": {
          "segment_id": 19482,
          "street_id": 33285425,
          "street_name": "Tr\u1ea7n V\u0103n Gi\u00e0u",
          "street_type": "secondary",
          "street_level": 3,
          "street_group": "33285425",
          "composite": true
        },
        "length_hint": 193.34428338859004,
        "speed_limit": 11.11111111111111
      },
      {
        "start": "366385287",
        "end": "366385287",
        "reverse": false,
        "shape": {
          "type": "polyline",
          "points": [
            [
              736.36961,
              711.1659
            ],
            [
              738.88929,
              716.1054
            ],
            [
              736.36961,
              711.1659
            ]
          ]
        },
        "metadata": {
          "segment_id": 42218,
          "street_id": 242555484,
          "street_name": "Tr\u1ea7n V\u0103n Gi\u00e0u",
          "street_type": "secondary_link",
          "street_level": 3,
          "street_group": "242555484",
          "composite": true
        },
        "length_hint": 11.090076203958317,
        "speed_limit": 11.11111111111111
      },
      {
        "start": "2500302632",
        "end": "2500302632",
        "reverse": false,
        "shape": {
          "type": "polyline",
          "points": [
            [
              576.99576,
              799.94925
            ],
            [
              576.90284,
              794.99865
            ],
            [
              576.99576,
              799.94925
            ]
          ]
        },
        "metadata": {
          "segment_id": 67983,
          "street_id": 516091307,
          "street_name": "V\u00f5 H\u1eefu L\u1ee3i",
          "street_type": "tertiary",
          "street_level": 4,
          "street_group": "516091307",
          "composite": true
        },
        "length_hint": 9.902943902981596,
        "speed_limit": 13.88888888888889
      },
      {
        "start": "366474932",
        "end": "366474932",
        "reverse": false,
        "shape": {
          "type": "polyline",
          "points": [
            [
              549.29021,
              739.8927
            ],
            [
              574.12081,
              787.45065
            ],
            [
              549.29021,
              739.8927
            ]
          ]
        },
        "metadata": {
          "segment_id": 67988,
          "street_id": 516091307,
          "street_name": "V\u00f5 H\u1eefu L\u1ee3i",
          "street_type": "tertiary",
          "street_level": 4,
          "street_group": "516091307",
          "composite": true
        },
        "length_hint": 107.29990316048753,
        "speed_limit": 13.88888888888889
      },
      {
        "start": "366474932",
        "end": "366474932",
        "reverse": false,
        "shape": {
          "type": "polyline",
          "points": [
            [
              549.29021,
              739.8927
            ],
            [
              548.02764,
              737.5284
            ],
            [
              549.29021,
              739.8927
            ]
          ]
        },
        "metadata": {
          "segment_id": 67989,
          "street_id": 516091307,
          "street_name": "V\u00f5 H\u1eefu L\u1ee3i",
          "street_type": "tertiary",
          "street_level": 4,
          "street_group": "516091307",
          "composite": true
        },
        "length_hint": 5.360596047045423,
        "speed_limit": 13.88888888888889
      },
      {
        "start": "5038652618",
        "end": "5038652618",
        "reverse": false,
        "shape": {
          "type": "polyline",
          "points": [
            [
              574.12081,
              787.45065
            ],
            [
              576.90284,
              794.99865
            ],
            [
              574.12081,
              787.45065
            ]
          ]
        },
        "metadata": {
          "segment_id": 67986,
          "street_id": 516091307,
          "street_name": "V\u00f5 H\u1eefu L\u1ee3i",
          "street_type": "tertiary",
          "street_level": 4,
          "street_group": "516091307",
          "composite": true
        },
        "length_hint": 16.08875320475764,
        "speed_limit": 13.88888888888889
      },
      {
        "start": "2500267995",
        "end": "2500270323",
        "reverse": false,
        "shape": {
          "type": "polyline",
          "points": [
            [
              738.88929,
              716.1054
            ],
            [
              673.35575,
              749.4498
            ],
            [
              658.6312,
              757.1976
            ],
            [
              641.89528,
              766.69365
            ]
          ]
        },
        "metadata": {
          "segment_id": 42225,
          "street_id": 242555485,
          "street_name": "Tr\u1ea7n V\u0103n Gi\u00e0u",
          "street_type": "secondary",
          "street_level": 3,
          "street_group": "242555485",
          "composite": true
        },
        "length_hint": 109.40969389395062,
        "speed_limit": 11.11111111111111
      },
      {
        "start": "2500270323",
        "end": "2500270329",
        "reverse": false,
        "shape": {
          "type": "polyline",
          "points": [
            [
              641.89528,
              766.69365
            ],
            [
              625.88083,
              775.08525
            ]
          ]
        },
        "metadata": {
          "segment_id": 42234,
          "street_id": 242555809,
          "street_name": "C\u1ea7u B\u00e0 L\u00e1t",
          "street_type": "secondary",
          "street_level": 3,
          "street_group": "242555809",
          "composite": true
        },
        "length_hint": 18.079866132316884,
        "speed_limit": 11.11111111111111
      },
      {
        "start": "366371683",
        "end": "366371683",
        "reverse": false,
        "shape": {
          "type": "polyline",
          "points": [
            [
              442.60555,
              507.4476
            ],
            [
              439.38626,
              501.5202
            ],
            [
              442.60555,
              507.4476
            ]
          ]
        },
        "metadata": {
          "segment_id": 83670,
          "street_id": 615100257,
          "street_name": "L\u00e1ng Le B\u00e0u C\u00f2",
          "street_type": "tertiary",
          "street_level": 4,
          "street_group": "615100257",
          "composite": true
        },
        "length_hint": 13.490426066525906,
        "speed_limit": 13.88888888888889
      },
      {
        "start": "2500270326",
        "end": "2500270326",
        "reverse": false,
        "shape": {
          "type": "polyline",
          "points": [
            [
              588.0583,
              778.9425
            ],
            [
              591.14641,
              786.69585
            ],
            [
              588.0583,
              778.9425
            ]
          ]
        },
        "metadata": {
          "segment_id": 14775,
          "street_id": 32587244,
          "street_name": "C\u1ea7u B1",
          "street_type": "tertiary",
          "street_level": 4,
          "street_group": "32587244",
          "composite": true
        },
        "length_hint": 16.6914181056732,
        "speed_limit": 13.88888888888889
      },
      {
        "start": "366368594",
        "end": "366368594",
        "reverse": false,
        "shape": {
          "type": "polyline",
          "points": [
            [
              564.22246,
              733.2438
            ],
            [
              586.93784,
              776.79465
            ],
            [
              564.22246,
              733.2438
            ]
          ]
        },
        "metadata": {
          "segment_id": 83334,
          "street_id": 614376670,
          "street_name": "L\u00e1ng Le B\u00e0u C\u00f2",
          "street_type": "tertiary",
          "street_level": 4,
          "street_group": "614376670",
          "composite": true
        },
        "length_hint": 98.23777327010036,
        "speed_limit": 13.88888888888889
      },
      {
        "start": "366368594",
        "end": "366368594",
        "reverse": false,
        "shape": {
          "type": "polyline",
          "points": [
            [
              564.22246,
              733.2438
            ],
            [
              563.12932,
              731.10705
            ],
            [
              564.22246,
              733.2438
            ]
          ]
        },
        "metadata": {
          "segment_id": 83335,
          "street_id": 614376670,
          "street_name": "L\u00e1ng Le B\u00e0u C\u00f2",
          "street_type": "tertiary",
          "street_level": 4,
          "street_group": "614376670",
          "composite": true
        },
        "length_hint": 4.800273168101963,
        "speed_limit": 13.88888888888889
      },
      {
        "start": "2500270326",
        "end": "2500270326",
        "reverse": false,
        "shape": {
          "type": "polyline",
          "points": [
            [
              588.0583,
              778.9425
            ],
            [
              586.93784,
              776.79465
            ],
            [
              588.0583,
              778.9425
            ]
          ]
        },
        "metadata": {
          "segment_id": 83331,
          "street_id": 614376670,
          "street_name": "L\u00e1ng Le B\u00e0u C\u00f2",
          "street_type": "tertiary",
          "street_level": 4,
          "street_group": "614376670",
          "composite": true
        },
        "length_hint": 4.845075947433532,
        "speed_limit": 13.88888888888889
      },
      {
        "start": "5811626311",
        "end": "5811626311",
        "reverse": false,
        "shape": {
          "type": "polyline",
          "points": [
            [
              593.14685,
              795.1152
            ],
            [
              593.25617,
              800.2989
            ],
            [
              593.14685,
              795.1152
            ]
          ]
        },
        "metadata": {
          "segment_id": 83322,
          "street_id": 614371717,
          "street_name": "V\u0129nh L\u1ed9c",
          "street_type": "secondary",
          "street_level": 3,
          "street_group": "614371717",
          "composite": true
        },
        "length_hint": 10.369705213245064,
        "speed_limit": 11.11111111111111
      },
      {
        "start": "5811626311",
        "end": "5811626311",
        "reverse": false,
        "shape": {
          "type": "polyline",
          "points": [
            [
              593.14685,
              795.1152
            ],
            [
              593.10313,
              793.00065
            ],
            [
              593.14685,
              795.1152
            ]
          ]
        },
        "metadata": {
          "segment_id": 83323,
          "street_id": 614371717,
          "street_name": "V\u0129nh L\u1ed9c",
          "street_type": "secondary",
          "street_level": 3,
          "street_group": "614371717",
          "composite": true
        },
        "length_hint": 4.230003849123562,
        "speed_limit": 11.11111111111111
      },
      {
        "start": "2500270339",
        "end": "2500270339",
        "reverse": false,
        "shape": {
          "type": "polyline",
          "points": [
            [
              591.52355,
              787.3674
            ],
            [
              593.10313,
              793.00065
            ],
            [
              591.52355,
              787.3674
            ]
          ]
        },
        "metadata": {
          "segment_id": 83326,
          "street_id": 614371717,
          "street_name": "V\u0129nh L\u1ed9c",
          "street_type": "secondary",
          "street_level": 3,
          "street_group": "614371717",
          "composite": true
        },
        "length_hint": 11.701039020343384,
        "speed_limit": 11.11111111111111
      },
      {
        "start": "366435117",
        "end": "366435117",
        "reverse": false,
        "shape": {
          "type": "polyline",
          "points": [
            [
              598.12063,
              843.49455
            ],
            [
              593.25617,
              800.2989
            ],
            [
              598.12063,
              843.49455
            ]
          ]
        },
        "metadata": {
          "segment_id": 83319,
          "street_id": 614371717,
          "street_name": "V\u0129nh L\u1ed9c",
          "street_type": "secondary",
          "street_level": 3,
          "street_group": "614371717",
          "composite": true
        },
        "length_hint": 86.9373832137614,
        "speed_limit": 11.11111111111111
      },
      {
        "start": "2500270339",
        "end": "2500270339",
        "reverse": false,
        "shape": {
          "type": "polyline",
          "points": [
            [
              591.52355,
              787.3674
            ],
            [
              591.14641,
              786.69585
            ],
            [
              591.52355,
              787.3674
            ]
          ]
        },
        "metadata": {
          "segment_id": 83317,
          "street_id": 614371715,
          "street_name": "V\u0129nh L\u1ed9c",
          "street_type": "tertiary",
          "street_level": 4,
          "street_group": "614371715",
          "composite": true
        },
        "length_hint": 1.5404077149898645,
        "speed_limit": 13.88888888888889
      },
      {
        "start": "366472492",
        "end": "378247435",
        "reverse": false,
        "shape": {
          "type": "polyline",
          "points": [
            [
              622.91296,
              770.7507
            ],
            [
              637.44075,
              763.1916
            ]
          ]
        },
        "metadata": {
          "segment_id": 19481,
          "street_id": 33285422,
          "street_name": "C\u1ea7u B\u00e0 L\u00e1t",
          "street_type": "secondary",
          "street_level": 3,
          "street_group": "33285422",
          "composite": true
        },
        "length_hint": 16.376711363827,
        "speed_limit": 11.11111111111111
      },
      {
        "start": "5811876683",
        "end": "5811876683",
        "reverse": false,
        "shape": {
          "type": "polyline",
          "points": [
            [
              149.91275,
              1019.51835
            ],
            [
              147.39307,
              1014.4845
            ],
            [
              149.91275,
              1019.51835
            ]
          ]
        },
        "metadata": {
          "segment_id": 83387,
          "street_id": 614403847,
          "street_name": "Tr\u1ea7n V\u0103n Gi\u00e0u",
          "street_type": "secondary_link",
          "street_level": 3,
          "street_group": "614403847",
          "composite": true
        },
        "length_hint": 11.25849601410424,
        "speed_limit": 11.11111111111111
      },
      {
        "start": "5811673560",
        "end": "5811673560",
        "reverse": false,
        "shape": {
          "type": "polyline",
          "points": [
            [
              546.27316,
              734.2539
            ],
            [
              548.02764,
              737.5284
            ],
            [
              546.27316,
              734.2539
            ]
          ]
        },
        "metadata": {
          "segment_id": 83342,
          "street_id": 614376672,
          "street_name": "V\u00f5 H\u1eefu L\u1ee3i",
          "street_type": "tertiary",
          "street_level": 4,
          "street_group": "614376672",
          "composite": true
        },
        "length_hint": 7.42981838819769,
        "speed_limit": 13.88888888888889
      },
      {
        "start": "5811673561",
        "end": "5811673561",
        "reverse": false,
        "shape": {
          "type": "polyline",
          "points": [
            [
              563.12932,
              731.10705
            ],
            [
              561.00317,
              726.95565
            ],
            [
              563.12932,
              731.10705
            ]
          ]
        },
        "metadata": {
          "segment_id": 83329,
          "street_id": 614376669,
          "street_name": "L\u00e1ng Le B\u00e0u C\u00f2",
          "street_type": "tertiary",
          "street_level": 4,
          "street_group": "614376669",
          "composite": true
        },
        "length_hint": 9.328373016233849,
        "speed_limit": 13.88888888888889
      }
    ]
  }
}