{
  "observation": {
    "type": "Kinematics"
  },
  "action": {
    "type": "DiscreteMetaAction"
  },
  "simulation_frequency": 15,
  "policy_frequency": 1,
  "other_vehicles_type": "highway_env.vehicle.behavior.IDMVehicle",
  "screen_width": 600,
  "screen_height": 150,
  "centering_position": [
    0.3,
    0.5
  ],
  "scaling": 5.5,
  "show_trajectories": false,
  "render_agent": true,
  "offscreen_rendering": false,
  "manual_control": false,
  "real_time_rendering": false,
  "destination": null,
  "initial_vehicle_count": 0,
  "controlled_vehicles": 0,
  "spawn_probability": 0.0,
  "duration": 40.0,
  "collision_reward": -5,
  "high_speed_reward": 1.0,
  "arrived_reward": 1.0,
  "reward_speed_range": [
    6.0,
    12.0
  ],
  "auto_curve": false,
  "corner_radius": 25.0,
  "curve_samples": 8,
  "exit_distance": 5.0,
  "graph": {
    "nodes": {
      "6150226443": [
        278.00104,
        542.9121
      ],
      "6150226444": [
        249.00559,
        506.6262
      ],
      "6150226445": [
        228.36717,
        483.5826
      ],
      "6150226446": [
        197.90145,
        444.8436
      ],
      "6150226447": [
        145.80803,
        384.28755
      ],
      "6150226448": [
        107.23124,
        339.17715
      ],
      "6150226449": [
        98.38776,
        331.08525
      ],
      "6150226450": [
        0.0,
        213.63615
      ],
      "6150226451": [
        48.15813,
        267.54885
      ],
      "6150226452": [
        88.66431,
        214.43535
      ],
      "6150226453": [
        138.24352,
        146.8086
      ],
      "6150226454": [
        160.36314,
        123.67065
      ],
      "6150226455": [
        162.93748,
        120.0576
      ],
      "6150226457": [
        138.94859,
        146.076
      ],
      "6150224566": [
        429.08345,
        508.59645
      ],
      "1588180665": [
        701.69532,
        274.6917
      ],
      "1588180666": [
        623.35568,
        352.8579
      ],
      "1588180667": [
        564.12954,
        411.01635
      ],
      "1588180668": [
        529.66295,
        437.5953
      ],
      "1588180669": [
        345.4093,
        567.65955
      ],
      "5140843582": [
        199.49743,
        668.1978
      ],
      "5140843583": [
        289.51176,
        606.1821
      ],
      "5140843585": [
        342.26107,
        569.83515
      ],
      "6150241374": [
        729.54844,
        123.68175
      ],
      "6150241375": [
        698.52522,
        94.4388
      ],
      "6150241376": [
        675.6896,
        71.7837
      ],
      "6150241377": [
        664.46855,
        61.51065
      ],
      "6150241378": [
        630.14953,
        27.528
      ],
      "6150241379": [
        602.29641,
        0.0
      ]
    },
    "edges": [
      {
        "start": "6150226444",
        "end": "6150226444",
        "reverse": false,
        "shape": {
          "type": "polyline",
          "points": [
            [
              249.00559,
              506.6262
            ],
            [
              278.00104,
              542.9121
            ],
            [
              249.00559,
              506.6262
            ]
          ]
        },
        "metadata": {
          "segment_id": 84538,
          "street_id": 656562463,
          "street_name": "NaN",
          "street_type": "unclassified",
          "street_level": 4,
          "street_group": "656562463",
          "composite": true
        },
        "length_hint": 92.89569762938433,
        "speed_limit": 11.11111111111111
      },
      {
        "start": "6150226444",
        "end": "6150226444",
        "reverse": false,
        "shape": {
          "type": "polyline",
          "points": [
            [
              249.00559,
              506.6262
            ],
            [
              228.36717,
              483.5826
            ],
            [
              249.00559,
              506.6262
            ]
          ]
        },
        "metadata": {
          "segment_id": 84539,
          "street_id": 656562463,
          "street_name": "NaN",
          "street_type": "unclassified",
          "street_level": 4,
          "street_group": "656562463",
          "composite": true
        },
        "length_hint": 61.86927770893724,
        "speed_limit": 11.11111111111111
      },
      {
        "start": "6150226448",
        "end": "6150226448",
        "reverse": false,
        "shape": {
          "type": "polyline",
          "points": [
            [
              107.23124,
              339.17715
            ],
            [
              145.80803,
              384.28755
            ],
            [
              107.23124,
              339.17715
            ]
          ]
        },
        "metadata": {
          "segment_id": 84546,
          "street_id": 656562463,
          "street_name": "NaN",
          "street_type": "unclassified",
          "street_level": 4,
          "street_group": "656562463",
          "composite": true
        },
        "length_hint": 118.71169975809634,
        "speed_limit": 11.11111111111111
      },
      {
        "start": "6150226448",
        "end": "6150226448",
        "reverse": false,
        "shape": {
          "type": "polyline",
          "points": [
            [
              107.23124,
              339.17715
            ],
            [
              98.38776,
              331.08525
            ],
            [
              107.23124,
              339.17715
            ]
          ]
        },
        "metadata": {
          "segment_id": 84547,
          "street_id": 656562463,
          "street_name": "NaN",
          "street_type": "unclassified",
          "street_level": 4,
          "street_group": "656562463",
          "composite": true
        },
        "length_hint": 23.973817728547125,
        "speed_limit": 11.11111111111111
      },
      {
        "start": "6150226451",
        "end": "6150226451",
        "reverse": false,
        "shape": {
          "type": "polyline",
          "points": [
            [
              48.15813,
              267.54885
            ],
            [
              98.38776,
              331.08525
            ],
            [
              48.15813,
              267.54885
            ]
          ]
        },
        "metadata": {
          "segment_id": 84550,
          "street_id": 656562463,
          "street_name": "NaN",
          "street_type": "unclassified",
          "street_level": 4,
          "street_group": "656562463",
          "composite": true
        },
        "length_hint": 161.98629392509596,
        "speed_limit": 11.11111111111111
      },
      {
        "start": "6150226451",
        "end": "6150226451",
        "reverse": false,
        "shape": {
          "type": "polyline",
          "points": [
            [
              48.15813,
              267.54885
            ],
            [
              0.0,
              213.63615
            ],
            [
              48.15813,
              267.54885
            ]
          ]
        },
        "metadata": {
          "segment_id": 84551,
          "street_id": 656562463,
          "street_name": "NaN",
          "street_type": "unclassified",
          "street_level": 4,
          "street_group": "656562463",
          "composite": true
        },
        "length_hint": 144.57917839560307,
        "speed_limit": 11.11111111111111
      },
      {
        "start": "6150226446",
        "end": "6150226446",
        "reverse": false,
        "shape": {
          "type": "polyline",
          "points": [
            [
              197.90145,
              444.8436
            ],
            [
              228.36717,
              483.5826
            ],
            [
              197.90145,
              444.8436
            ]
          ]
        },
        "metadata": {
          "segment_id": 84542,
          "street_id": 656562463,
          "street_name": "NaN",
          "street_type": "unclassified",
          "street_level": 4,
          "street_group": "656562463",
          "composite": true
        },
        "length_hint": 98.56713886723914,
        "speed_limit": 11.11111111111111
      },
      {
        "start": "6150226446",
        "end": "6150226446",
        "reverse": false,
        "shape": {
          "type": "polyline",
          "points": [
            [
              197.90145,
              444.8436
            ],
            [
              145.80803,
              384.28755
            ],
            [
              197.90145,
              444.8436
            ]
          ]
        },
        "metadata": {
          "segment_id": 84543,
          "street_id": 656562463,
          "street_name": "NaN",
          "street_type": "unclassified",
          "street_level": 4,
          "street_group": "656562463",
          "composite": true
        },
        "length_hint": 159.75931395569896,
        "speed_limit": 11.11111111111111
      },
      {
        "start": "6150226443",
        "end": "6150226443",
        "reverse": false,
        "shape": {
          "type": "polyline",
          "points": [
            [
              278.00104,
              542.9121
            ],
            [
              342.26107,
              569.83515
            ],
            [
              278.00104,
              542.9121
            ]
          ]
        },
        "metadata": {
          "segment_id": 84536,
          "street_id": 656562463,
          "street_name": "NaN",
          "street_type": "unclassified",
          "street_level": 4,
          "street_group": "656562463",
          "composite": true
        },
        "length_hint": 139.34420801602633,
        "speed_limit": 11.11111111111111
      },
      {
        "start": "6150226453",
        "end": "6150226453",
        "reverse": false,
        "shape": {
          "type": "polyline",
          "points": [
            [
              138.24352,
              146.8086
            ],
            [
              88.66431,
              214.43535
            ],
            [
              138.24352,
              146.8086
            ]
          ]
        },
        "metadata": {
          "segment_id": 84556,
          "street_id": 656562464,
          "street_name": "NaN",
          "street_type": "unclassified",
          "street_level": 4,
          "street_group": "656562464",
          "composite": true
        },
        "length_hint": 167.70778610173826,
        "speed_limit": 11.11111111111111
      },
      {
        "start": "6150226453",
        "end": "6150226453",
        "reverse": false,
        "shape": {
          "type": "polyline",
          "points": [
            [
              138.24352,
              146.8086
            ],
            [
              138.94859,
              146.076
            ],
            [
              138.24352,
              146.8086
            ]
          ]
        },
        "metadata": {
          "segment_id": 84557,
          "street_id": 656562464,
          "street_name": "NaN",
          "street_type": "unclassified",
          "street_level": 4,
          "street_group": "656562464",
          "composite": true
        },
        "length_hint": 2.033545145700028,
        "speed_limit": 11.11111111111111
      },
      {
        "start": "6150226455",
        "end": "6150226455",
        "reverse": false,
        "shape": {
          "type": "polyline",
          "points": [
            [
              162.93748,
              120.0576
            ],
            [
              160.36314,
              123.67065
            ],
            [
              162.93748,
              120.0576
            ]
          ]
        },
        "metadata": {
          "segment_id": 84562,
          "street_id": 656562464,
          "street_name": "NaN",
          "street_type": "unclassified",
          "street_level": 4,
          "street_group": "656562464",
          "composite": true
        },
        "length_hint": 8.87273503224345,
        "speed_limit": 11.11111111111111
      },
      {
        "start": "6150226454",
        "end": "6150226454",
        "reverse": false,
        "shape": {
          "type": "polyline",
          "points": [
            [
              160.36314,
              123.67065
            ],
            [
              138.94859,
              146.076
            ],
            [
              160.36314,
              123.67065
            ]
          ]
        },
        "metadata": {
          "segment_id": 84560,
          "street_id": 656562464,
          "street_name": "NaN",
          "street_type": "unclassified",
          "street_level": 4,
          "street_group": "656562464",
          "composite": true
        },
        "length_hint": 61.986535967901915,
        "speed_limit": 11.11111111111111
      },
      {
        "start": "6150226451",
        "end": "6150226451",
        "reverse": false,
        "shape": {
          "type": "polyline",
          "points": [
            [
              48.15813,
              267.54885
            ],
            [
              88.66431,
              214.43535
            ],
            [
              48.15813,
              267.54885
            ]
          ]
        },
        "metadata": {
          "segment_id": 84553,
          "street_id": 656562464,
          "street_name": "NaN",
          "street_type": "unclassified",
          "street_level": 4,
          "street_group": "656562464",
          "composite": true
        },
        "length_hint": 133.59333067847965,
        "speed_limit": 11.11111111111111
      },
      {
        "start": "1588180669",
        "end": "1588180669",
        "reverse": false,
        "shape": {
          "type": "polyline",
          "points": [
            [
              345.4093,
              567.65955
            ],
            [
              429.08345,
              508.59645
            ],
            [
              345.4093,
              567.65955
            ]
          ]
        },
        "metadata": {
          "segment_id": 25016,
          "street_id": 146028723,
          "street_name": "H\u00f9ng V\u01b0\u01a1ng",
          "street_type": "secondary",
          "street_level": 3,
          "street_group": "146028723",
          "composite": true
        },
        "length_hint": 204.8395778147622,
        "speed_limit": 11.11111111111111
      },
      {
        "start": "1588180669",
        "end": "1588180669",
        "reverse": false,
        "shape": {
          "type": "polyline",
          "points": [
            [
              345.4093,
              567.65955
            ],
            [
              342.26107,
              569.83515
            ],
            [
              345.4093,
              567.65955
            ]
          ]
        },
        "metadata": {
          "segment_id": 25017,
          "street_id": 146028723,
          "street_name": "H\u00f9ng V\u01b0\u01a1ng",
          "street_type": "secondary",
          "street_level": 3,
          "street_group": "146028723",
          "composite": true
        },
        "length_hint": 7.653649454449781,
        "speed_limit": 11.11111111111111
      },
      {
        "start": "5140843583",
        "end": "5140843583",
        "reverse": false,
        "shape": {
          "type": "polyline",
          "points": [
            [
              289.51176,
              606.1821
            ],
            [
              342.26107,
              569.83515
            ],
            [
              289.51176,
              606.1821
            ]
          ]
        },
        "metadata": {
          "segment_id": 25020,
          "street_id": 146028723,
          "street_name": "H\u00f9ng V\u01b0\u01a1ng",
          "street_type": "secondary",
          "street_level": 3,
          "street_group": "146028723",
          "composite": true
        },
        "length_hint": 128.11854635108227,
        "speed_limit": 11.11111111111111
      },
      {
        "start": "5140843583",
        "end": "5140843583",
        "reverse": false,
        "shape": {
          "type": "polyline",
          "points": [
            [
              289.51176,
              606.1821
            ],
            [
              199.49743,
              668.1978
            ],
            [
              289.51176,
              606.1821
            ]
          ]
        },
        "metadata": {
          "segment_id": 25021,
          "street_id": 146028723,
          "street_name": "H\u00f9ng V\u01b0\u01a1ng",
          "street_type": "secondary",
          "street_level": 3,
          "street_group": "146028723",
          "composite": true
        },
        "length_hint": 218.61863280003286,
        "speed_limit": 11.11111111111111
      },
      {
        "start": "1588180666",
        "end": "1588180666",
        "reverse": false,
        "shape": {
          "type": "polyline",
          "points": [
            [
              623.35568,
              352.8579
            ],
            [
              701.69532,
              274.6917
            ],
            [
              623.35568,
              352.8579
            ]
          ]
        },
        "metadata": {
          "segment_id": 25008,
          "street_id": 146028723,
          "street_name": "H\u00f9ng V\u01b0\u01a1ng",
          "street_type": "secondary",
          "street_level": 3,
          "street_group": "146028723",
          "composite": true
        },
        "length_hint": 221.3328174290437,
        "speed_limit": 11.11111111111111
      },
      {
        "start": "1588180666",
        "end": "1588180666",
        "reverse": false,
        "shape": {
          "type": "polyline",
          "points": [
            [
              623.35568,
              352.8579
            ],
            [
              564.12954,
              411.01635
            ],
            [
              623.35568,
              352.8579
            ]
          ]
        },
        "metadata": {
          "segment_id": 25009,
          "street_id": 146028723,
          "street_name": "H\u00f9ng V\u01b0\u01a1ng",
          "street_type": "secondary",
          "street_level": 3,
          "street_group": "146028723",
          "composite": true
        },
        "length_hint": 166.01374600558955,
        "speed_limit": 11.11111111111111
      },
      {
        "start": "6150224566",
        "end": "6150224566",
        "reverse": false,
        "shape": {
          "type": "polyline",
          "points": [
            [
              429.08345,
              508.59645
            ],
            [
              529.66295,
              437.5953
            ],
            [
              429.08345,
              508.59645
            ]
          ]
        },
        "metadata": {
          "segment_id": 25014,
          "street_id": 146028723,
          "street_name": "H\u00f9ng V\u01b0\u01a1ng",
          "street_type": "secondary",
          "street_level": 3,
          "street_group": "146028723",
          "composite": true
        },
        "length_hint": 246.2307789174416,
        "speed_limit": 11.11111111111111
      },
      {
        "start": "1588180667",
        "end": "1588180667",
        "reverse": false,
        "shape": {
          "type": "polyline",
          "points": [
            [
              564.12954,
              411.01635
            ],
            [
              529.66295,
              437.5953
            ],
            [
              564.12954,
              411.01635
            ]
          ]
        },
        "metadata": {
          "segment_id": 25011,
          "street_id": 146028723,
          "street_name": "H\u00f9ng V\u01b0\u01a1ng",
          "street_type": "secondary",
          "street_level": 3,
          "street_group": "146028723",
          "composite": true
        },
        "length_hint": 87.04909900350722,
        "speed_limit": 11.11111111111111
      },
      {
        "start": "6150241379",
        "end": "6150241379",
        "reverse": false,
        "shape": {
          "type": "polyline",
          "points": [
            [
              602.29641,
              0.0
            ],
            [
              630.14953,
              27.528
            ],
            [
              602.29641,
              0.0
            ]
          ]
        },
        "metadata": {
          "segment_id": 84578,
          "street_id": 656564397,
          "street_name": "NaN",
          "street_type": "unclassified",
          "street_level": 4,
          "street_group": "656564397",
          "composite": true
        },
        "length_hint": 78.32208060909514,
        "speed_limit": 11.11111111111111
      },
      {
        "start": "6150241376",
        "end": "6150241376",
        "reverse": false,
        "shape": {
          "type": "polyline",
          "points": [
            [
              675.6896,
              71.7837
            ],
            [
              698.52522,
              94.4388
            ],
            [
              675.6896,
              71.7837
            ]
          ]
        },
        "metadata": {
          "segment_id": 84572,
          "street_id": 656564397,
          "street_name": "NaN",
          "street_type": "unclassified",
          "street_level": 4,
          "street_group": "656564397",
          "composite": true
        },
        "length_hint": 64.33409972306748,
        "speed_limit": 11.11111111111111
      },
      {
        "start": "6150241376",
        "end": "6150241376",
        "reverse": false,
        "shape": {
          "type": "polyline",
          "points": [
            [
              675.6896,
              71.7837
            ],
            [
              664.46855,
              61.51065
            ],
            [
              675.6896,
              71.7837
            ]
          ]
        },
        "metadata": {
          "segment_id": 84573,
          "street_id": 656564397,
          "street_name": "NaN",
          "street_type": "unclassified",
          "street_level": 4,
          "street_group": "656564397",
          "composite": true
        },
        "length_hint": 30.426798675181047,
        "speed_limit": 11.11111111111111
      },
      {
        "start": "6150241374",
        "end": "6150241374",
        "reverse": false,
        "shape": {
          "type": "polyline",
          "points": [
            [
              729.54844,
              123.68175
            ],
            [
              698.52522,
              94.4388
            ],
            [
              729.54844,
              123.68175
            ]
          ]
        },
        "metadata": {
          "segment_id": 84569,
          "street_id": 656564397,
          "street_name": "NaN",
          "street_type": "unclassified",
          "street_level": 4,
          "street_group": "656564397",
          "composite": true
        },
        "length_hint": 85.26641317355626,
        "speed_limit": 11.11111111111111
      },
      {
        "start": "6150241377",
        "end": "6150241377",
        "reverse": false,
        "shape": {
          "type": "polyline",
          "points": [
            [
              664.46855,
              61.51065
            ],
            [
              630.14953,
              27.528
            ],
            [
              664.46855,
              61.51065
            ]
          ]
        },
        "metadata": {
          "segment_id": 84575,
          "street_id": 656564397,
          "street_name": "NaN",
          "street_type": "unclassified",
          "street_level": 4,
          "street_group": "656564397",
          "composite": true
        },
        "length_hint": 96.59431939369729,
        "speed_limit": 11.11111111111111
      }
    ]
  }
}