{
  "observation": {
    "type": "Kinematics"
  },
  "action": {
    "type": "DiscreteMetaAction"
  },
  "simulation_frequency": 15,
  "policy_frequency": 1,
  "other_vehicles_type": "highway_env.vehicle.behavior.IDMVehicle",
  "screen_width": 600,
  "screen_height": 150,
  "centering_position": [
    0.3,
    0.5
  ],
  "scaling": 5.5,
  "show_trajectories": false,
  "render_agent": true,
  "offscreen_rendering": false,
  "manual_control": false,
  "real_time_rendering": false,
  "destination": null,
  "initial_vehicle_count": 0,
  "controlled_vehicles": 0,
  "spawn_probability": 0.0,
  "duration": 40.0,
  "collision_reward": -5,
  "high_speed_reward": 1.0,
  "arrived_reward": 1.0,
  "reward_speed_range": [
    6.0,
    12.0
  ],
  "auto_curve": false,
  "corner_radius": 25.0,
  "curve_samples": 8,
  "exit_distance": 5.0,
  "graph": {
    "nodes": {
      "1605303749": [
        634.11761,
        992.72295
      ],
      "1605303722": [
        333.58157,
        741.17475
      ],
      "1605303820": [
        258.30271,
        678.62625
      ],
      "1605303791": [
        495.13623,
        874.5579
      ],
      "1605303729": [
        0.0,
        464.10765
      ],
      "1605303732": [
        197.97797,
        630.2247
      ],
      "1605303701": [
        421.83595,
        813.71325
      ],
      "934971575": [
        1020.27359,
        11.7882
      ],
      "2686826200": [
        1024.6516,
        14.64645
      ],
      "1605303707": [
        693.34375,
        1040.98575
      ],
      "1605303773": [
        554.65751,
        926.3283
      ],
      "934971614": [
        1009.12359,
        0.0
      ],
      "1605303741": [
        733.87726,
        1073.2035
      ]
    },
    "edges": [
      {
        "start": "1605303701",
        "end": "1605303701",
        "reverse": false,
        "shape": {
          "type": "polyline",
          "points": [
            [
              421.83595,
              813.71325
            ],
            [
              333.58157,
              741.17475
            ],
            [
              421.83595,
              813.71325
            ]
          ]
        },
        "metadata": {
          "segment_id": 25882,
          "street_id": 147293406,
          "street_name": "Khu \u0111\u00f4 th\u1ecb \u0110\u1ea1i Ph\u01b0\u1edbc",
          "street_type": "unclassified",
          "street_level": 4,
          "street_group": "147293406",
          "composite": true
        },
        "length_hint": 228.47905436984288,
        "speed_limit": 11.11111111111111
      },
      {
        "start": "1605303701",
        "end": "1605303701",
        "reverse": false,
        "shape": {
          "type": "polyline",
          "points": [
            [
              421.83595,
              813.71325
            ],
            [
              495.13623,
              874.5579
            ],
            [
              421.83595,
              813.71325
            ]
          ]
        },
        "metadata": {
          "segment_id": 25883,
          "street_id": 147293406,
          "street_name": "Khu \u0111\u00f4 th\u1ecb \u0110\u1ea1i Ph\u01b0\u1edbc",
          "street_type": "unclassified",
          "street_level": 4,
          "street_group": "147293406",
          "composite": true
        },
        "length_hint": 190.52561488367803,
        "speed_limit": 11.11111111111111
      },
      {
        "start": "1605303820",
        "end": "1605303820",
        "reverse": false,
        "shape": {
          "type": "polyline",
          "points": [
            [
              258.30271,
              678.62625
            ],
            [
              333.58157,
              741.17475
            ],
            [
              258.30271,
              678.62625
            ]
          ]
        },
        "metadata": {
          "segment_id": 25879,
          "street_id": 147293406,
          "street_name": "Khu \u0111\u00f4 th\u1ecb \u0110\u1ea1i Ph\u01b0\u1edbc",
          "street_type": "unclassified",
          "street_level": 4,
          "street_group": "147293406",
          "composite": true
        },
        "length_hint": 195.74699604489055,
        "speed_limit": 11.11111111111111
      },
      {
        "start": "1605303707",
        "end": "1605303707",
        "reverse": false,
        "shape": {
          "type": "polyline",
          "points": [
            [
              693.34375,
              1040.98575
            ],
            [
              634.11761,
              992.72295
            ],
            [
              693.34375,
              1040.98575
            ]
          ]
        },
        "metadata": {
          "segment_id": 25890,
          "street_id": 147293406,
          "street_name": "Khu \u0111\u00f4 th\u1ecb \u0110\u1ea1i Ph\u01b0\u1edbc",
          "street_type": "unclassified",
          "street_level": 4,
          "street_group": "147293406",
          "composite": true
        },
        "length_hint": 152.80096234172882,
        "speed_limit": 11.11111111111111
      },
      {
        "start": "1605303707",
        "end": "1605303707",
        "reverse": false,
        "shape": {
          "type": "polyline",
          "points": [
            [
              693.34375,
              1040.98575
            ],
            [
              733.87726,
              1073.2035
            ],
            [
              693.34375,
              1040.98575
            ]
          ]
        },
        "metadata": {
          "segment_id": 25891,
          "street_id": 147293406,
          "street_name": "Khu \u0111\u00f4 th\u1ecb \u0110\u1ea1i Ph\u01b0\u1edbc",
          "street_type": "unclassified",
          "street_level": 4,
          "street_group": "147293406",
          "composite": true
        },
        "length_hint": 103.55575982015871,
        "speed_limit": 11.11111111111111
      },
      {
        "start": "1605303773",
        "end": "1605303773",
        "reverse": false,
        "shape": {
          "type": "polyline",
          "points": [
            [
              554.65751,
              926.3283
            ],
            [
              495.13623,
              874.5579
            ],
            [
              554.65751,
              926.3283
            ]
          ]
        },
        "metadata": {
          "segment_id": 25886,
          "street_id": 147293406,
          "street_name": "Khu \u0111\u00f4 th\u1ecb \u0110\u1ea1i Ph\u01b0\u1edbc",
          "street_type": "unclassified",
          "street_level": 4,
          "street_group": "147293406",
          "composite": true
        },
        "length_hint": 157.77144341101018,
        "speed_limit": 11.11111111111111
      },
      {
        "start": "1605303773",
        "end": "1605303773",
        "reverse": false,
        "shape": {
          "type": "polyline",
          "points": [
            [
              554.65751,
              926.3283
            ],
            [
              634.11761,
              992.72295
            ],
            [
              554.65751,
              926.3283
            ]
          ]
        },
        "metadata": {
          "segment_id": 25887,
          "street_id": 147293406,
          "street_name": "Khu \u0111\u00f4 th\u1ecb \u0110\u1ea1i Ph\u01b0\u1edbc",
          "street_type": "unclassified",
          "street_level": 4,
          "street_group": "147293406",
          "composite": true
        },
        "length_hint": 207.09569807827972,
        "speed_limit": 11.11111111111111
      },
      {
        "start": "1605303820",
        "end": "1605303820",
        "reverse": false,
        "shape": {
          "type": "polyline",
          "points": [
            [
              258.30271,
              678.62625
            ],
            [
              197.97797,
              630.2247
            ],
            [
              258.30271,
              678.62625
            ]
          ]
        },
        "metadata": {
          "segment_id": 25827,
          "street_id": 147293392,
          "street_name": "Khu \u0111\u00f4 th\u1ecb \u0110\u1ea1i Ph\u01b0\u1edbc",
          "street_type": "unclassified",
          "street_level": 4,
          "street_group": "147293392",
          "composite": true
        },
        "length_hint": 154.68399139497407,
        "speed_limit": 11.11111111111111
      },
      {
        "start": "1605303732",
        "end": "1605303732",
        "reverse": false,
        "shape": {
          "type": "polyline",
          "points": [
            [
              197.97797,
              630.2247
            ],
            [
              0.0,
              464.10765
            ],
            [
              197.97797,
              630.2247
            ]
          ]
        },
        "metadata": {
          "segment_id": 25877,
          "street_id": 147293404,
          "street_name": "C\u1ea7u \u0110\u1ea1i Ph\u01b0\u1edbc",
          "street_type": "bridge",
          "street_level": 4,
          "street_group": "147293404",
          "composite": true
        },
        "length_hint": 516.8758106393581,
        "speed_limit": 13.88888888888889
      },
      {
        "start": "2686826200",
        "end": "2686826200",
        "reverse": false,
        "shape": {
          "type": "polyline",
          "points": [
            [
              1024.6516,
              14.64645
            ],
            [
              1020.27359,
              11.7882
            ],
            [
              1024.6516,
              14.64645
            ]
          ]
        },
        "metadata": {
          "segment_id": 59680,
          "street_id": 410411589,
          "street_name": "L\u00fd Th\u00e1i T\u1ed5",
          "street_type": "secondary",
          "street_level": 3,
          "street_group": "410411589",
          "composite": true
        },
        "length_hint": 10.456876134410154,
        "speed_limit": 11.11111111111111
      },
      {
        "start": "934971614",
        "end": "934971614",
        "reverse": false,
        "shape": {
          "type": "polyline",
          "points": [
            [
              1009.12359,
              0.0
            ],
            [
              1020.27359,
              11.7882
            ],
            [
              1009.12359,
              0.0
            ]
          ]
        },
        "metadata": {
          "segment_id": 59683,
          "street_id": 410411589,
          "street_name": "L\u00fd Th\u00e1i T\u1ed5",
          "street_type": "secondary",
          "street_level": 3,
          "street_group": "410411589",
          "composite": true
        },
        "length_hint": 32.452066759453054,
        "speed_limit": 11.11111111111111
      }
    ]
  }
}