{
  "observation": {
    "type": "Kinematics"
  },
  "action": {
    "type": "DiscreteMetaAction"
  },
  "simulation_frequency": 15,
  "policy_frequency": 1,
  "other_vehicles_type": "highway_env.vehicle.behavior.IDMVehicle",
  "screen_width": 600,
  "screen_height": 150,
  "centering_position": [
    0.3,
    0.5
  ],
  "scaling": 5.5,
  "show_trajectories": false,
  "render_agent": true,
  "offscreen_rendering": false,
  "manual_control": false,
  "real_time_rendering": false,
  "destination": null,
  "initial_vehicle_count": 0,
  "controlled_vehicles": 0,
  "spawn_probability": 0.0,
  "duration": 40.0,
  "collision_reward": -5,
  "high_speed_reward": 1.0,
  "arrived_reward": 1.0,
  "reward_speed_range": [
    6.0,
    12.0
  ],
  "auto_curve": false,
  "corner_radius": 25.0,
  "curve_samples": 8,
  "exit_distance": 5.0,
  "graph": {
    "nodes": {
      "1605285891": [
        421.3659,
        258.2415
      ],
      "444352298": [
        419.99948,
        11.4552
      ],
      "1605285292": [
        169.98274,
        0.0
      ],
      "2592302003": [
        425.71659,
        25.46895
      ],
      "2592302013": [
        399.26815,
        1.40415
      ],
      "1588180670": [
        44.23377,
        0.76035
      ],
      "1588180672": [
        421.30578,
        630.50775
      ],
      "1612118726": [
        420.83573,
        620.37345
      ],
      "1612118604": [
        416.52877,
        462.0819
      ],
      "4122537301": [
        0.0,
        3.9849
      ],
      "4122537302": [
        79.01738,
        0.0
      ],
      "4122537304": [
        414.03096,
        5.8386
      ],
      "1612118745": [
        421.33311,
        304.20105
      ],
      "1605285085": [
        278.7553,
        0.7992
      ],
      "4122537310": [
        420.23451,
        332.31735
      ],
      "4122537312": [
        421.20193,
        307.5921
      ],
      "5599264355": [
        429.72293,
        638.00025
      ],
      "5599264356": [
        424.98418,
        634.8534
      ],
      "5599264357": [
        435.15582,
        639.7152
      ],
      "1612118631": [
        417.18465,
        497.7018
      ],
      "1612118634": [
        417.61098,
        399.4779
      ],
      "1605285358": [
        423.82546,
        103.18005
      ]
    },
    "edges": [
      {
        "start": "444352298",
        "end": "444352298",
        "reverse": false,
        "shape": {
          "type": "polyline",
          "points": [
            [
              419.99948,
              11.4552
            ],
            [
              425.71659,
              25.46895
            ],
            [
              419.99948,
              11.4552
            ]
          ]
        },
        "metadata": {
          "segment_id": 44190,
          "street_id": 263054098,
          "street_name": "Qu\u00e1ch Th\u1ecb Trang",
          "street_type": "secondary",
          "street_level": 3,
          "street_group": "263054098",
          "composite": true
        },
        "length_hint": 30.270152679799942,
        "speed_limit": 11.11111111111111
      },
      {
        "start": "444352298",
        "end": "444352298",
        "reverse": false,
        "shape": {
          "type": "polyline",
          "points": [
            [
              419.99948,
              11.4552
            ],
            [
              414.03096,
              5.8386
            ],
            [
              419.99948,
              11.4552
            ]
          ]
        },
        "metadata": {
          "segment_id": 44191,
          "street_id": 263054098,
          "street_name": "Qu\u00e1ch Th\u1ecb Trang",
          "street_type": "secondary",
          "street_level": 3,
          "street_group": "263054098",
          "composite": true
        },
        "length_hint": 16.391391222272762,
        "speed_limit": 11.11111111111111
      },
      {
        "start": "1605285085",
        "end": "1605285085",
        "reverse": false,
        "shape": {
          "type": "polyline",
          "points": [
            [
              278.7553,
              0.7992
            ],
            [
              399.26815,
              1.40415
            ],
            [
              278.7553,
              0.7992
            ]
          ]
        },
        "metadata": {
          "segment_id": 44196,
          "street_id": 263054098,
          "street_name": "Qu\u00e1ch Th\u1ecb Trang",
          "street_type": "secondary",
          "street_level": 3,
          "street_group": "263054098",
          "composite": true
        },
        "length_hint": 241.02873670684997,
        "speed_limit": 11.11111111111111
      },
      {
        "start": "1605285085",
        "end": "1605285085",
        "reverse": false,
        "shape": {
          "type": "polyline",
          "points": [
            [
              278.7553,
              0.7992
            ],
            [
              169.98274,
              0.0
            ],
            [
              278.7553,
              0.7992
            ]
          ]
        },
        "metadata": {
          "segment_id": 44197,
          "street_id": 263054098,
          "street_name": "Qu\u00e1ch Th\u1ecb Trang",
          "street_type": "secondary",
          "street_level": 3,
          "street_group": "263054098",
          "composite": true
        },
        "length_hint": 217.55099199584077,
        "speed_limit": 11.11111111111111
      },
      {
        "start": "2592302013",
        "end": "2592302013",
        "reverse": false,
        "shape": {
          "type": "polyline",
          "points": [
            [
              399.26815,
              1.40415
            ],
            [
              414.03096,
              5.8386
            ],
            [
              399.26815,
              1.40415
            ]
          ]
        },
        "metadata": {
          "segment_id": 44194,
          "street_id": 263054098,
          "street_name": "Qu\u00e1ch Th\u1ecb Trang",
          "street_type": "secondary",
          "street_level": 3,
          "street_group": "263054098",
          "composite": true
        },
        "length_hint": 30.828876456893468,
        "speed_limit": 11.11111111111111
      },
      {
        "start": "4122537301",
        "end": "4122537301",
        "reverse": false,
        "shape": {
          "type": "polyline",
          "points": [
            [
              0.0,
              3.9849
            ],
            [
              44.23377,
              0.76035
            ],
            [
              0.0,
              3.9849
            ]
          ]
        },
        "metadata": {
          "segment_id": 44204,
          "street_id": 263054098,
          "street_name": "Qu\u00e1ch Th\u1ecb Trang",
          "street_type": "secondary",
          "street_level": 3,
          "street_group": "263054098",
          "composite": true
        },
        "length_hint": 88.70229154008142,
        "speed_limit": 11.11111111111111
      },
      {
        "start": "1605285292",
        "end": "1605285292",
        "reverse": false,
        "shape": {
          "type": "polyline",
          "points": [
            [
              169.98274,
              0.0
            ],
            [
              79.01738,
              0.0
            ],
            [
              169.98274,
              0.0
            ]
          ]
        },
        "metadata": {
          "segment_id": 44199,
          "street_id": 263054098,
          "street_name": "Qu\u00e1ch Th\u1ecb Trang",
          "street_type": "secondary",
          "street_level": 3,
          "street_group": "263054098",
          "composite": true
        },
        "length_hint": 181.93072,
        "speed_limit": 11.11111111111111
      },
      {
        "start": "1588180670",
        "end": "1588180670",
        "reverse": false,
        "shape": {
          "type": "polyline",
          "points": [
            [
              44.23377,
              0.76035
            ],
            [
              79.01738,
              0.0
            ],
            [
              44.23377,
              0.76035
            ]
          ]
        },
        "metadata": {
          "segment_id": 44202,
          "street_id": 263054098,
          "street_name": "Qu\u00e1ch Th\u1ecb Trang",
          "street_type": "secondary",
          "street_level": 3,
          "street_group": "263054098",
          "composite": true
        },
        "length_hint": 69.5838388350226,
        "speed_limit": 11.11111111111111
      },
      {
        "start": "1612118604",
        "end": "1612118604",
        "reverse": false,
        "shape": {
          "type": "polyline",
          "points": [
            [
              416.52877,
              462.0819
            ],
            [
              417.18465,
              497.7018
            ],
            [
              416.52877,
              462.0819
            ]
          ]
        },
        "metadata": {
          "segment_id": 44174,
          "street_id": 263054098,
          "street_name": "Qu\u00e1ch Th\u1ecb Trang",
          "street_type": "secondary",
          "street_level": 3,
          "street_group": "263054098",
          "composite": true
        },
        "length_hint": 71.25187589346397,
        "speed_limit": 11.11111111111111
      },
      {
        "start": "1612118604",
        "end": "1612118604",
        "reverse": false,
        "shape": {
          "type": "polyline",
          "points": [
            [
              416.52877,
              462.0819
            ],
            [
              417.61098,
              399.4779
            ],
            [
              416.52877,
              462.0819
            ]
          ]
        },
        "metadata": {
          "segment_id": 44175,
          "street_id": 263054098,
          "street_name": "Qu\u00e1ch Th\u1ecb Trang",
          "street_type": "secondary",
          "street_level": 3,
          "street_group": "263054098",
          "composite": true
        },
        "length_hint": 125.22670632870778,
        "speed_limit": 11.11111111111111
      },
      {
        "start": "1588180672",
        "end": "1588180672",
        "reverse": false,
        "shape": {
          "type": "polyline",
          "points": [
            [
              421.30578,
              630.50775
            ],
            [
              420.83573,
              620.37345
            ],
            [
              421.30578,
              630.50775
            ]
          ]
        },
        "metadata": {
          "segment_id": 44169,
          "street_id": 263054098,
          "street_name": "Qu\u00e1ch Th\u1ecb Trang",
          "street_type": "secondary",
          "street_level": 3,
          "street_group": "263054098",
          "composite": true
        },
        "length_hint": 20.29039018772175,
        "speed_limit": 11.11111111111111
      },
      {
        "start": "1612118726",
        "end": "1612118726",
        "reverse": false,
        "shape": {
          "type": "polyline",
          "points": [
            [
              420.83573,
              620.37345
            ],
            [
              417.18465,
              497.7018
            ],
            [
              420.83573,
              620.37345
            ]
          ]
        },
        "metadata": {
          "segment_id": 44171,
          "street_id": 263054098,
          "street_name": "Qu\u00e1ch Th\u1ecb Trang",
          "street_type": "secondary",
          "street_level": 3,
          "street_group": "263054098",
          "composite": true
        },
        "length_hint": 245.45194314886908,
        "speed_limit": 11.11111111111111
      },
      {
        "start": "1612118634",
        "end": "1612118634",
        "reverse": false,
        "shape": {
          "type": "polyline",
          "points": [
            [
              417.61098,
              399.4779
            ],
            [
              420.23451,
              332.31735
            ],
            [
              417.61098,
              399.4779
            ]
          ]
        },
        "metadata": {
          "segment_id": 44177,
          "street_id": 263054098,
          "street_name": "Qu\u00e1ch Th\u1ecb Trang",
          "street_type": "secondary",
          "street_level": 3,
          "street_group": "263054098",
          "composite": true
        },
        "length_hint": 134.4235453477314,
        "speed_limit": 11.11111111111111
      },
      {
        "start": "1605285891",
        "end": "1605285891",
        "reverse": false,
        "shape": {
          "type": "polyline",
          "points": [
            [
              421.3659,
              258.2415
            ],
            [
              421.33311,
              304.20105
            ],
            [
              421.3659,
              258.2415
            ]
          ]
        },
        "metadata": {
          "segment_id": 44184,
          "street_id": 263054098,
          "street_name": "Qu\u00e1ch Th\u1ecb Trang",
          "street_type": "secondary",
          "street_level": 3,
          "street_group": "263054098",
          "composite": true
        },
        "length_hint": 91.91912339413607,
        "speed_limit": 11.11111111111111
      },
      {
        "start": "1605285891",
        "end": "1605285891",
        "reverse": false,
        "shape": {
          "type": "polyline",
          "points": [
            [
              421.3659,
              258.2415
            ],
            [
              423.82546,
              103.18005
            ],
            [
              421.3659,
              258.2415
            ]
          ]
        },
        "metadata": {
          "segment_id": 44185,
          "street_id": 263054098,
          "street_name": "Qu\u00e1ch Th\u1ecb Trang",
          "street_type": "secondary",
          "street_level": 3,
          "street_group": "263054098",
          "composite": true
        },
        "length_hint": 310.1619106950181,
        "speed_limit": 11.11111111111111
      },
      {
        "start": "2592302003",
        "end": "2592302003",
        "reverse": false,
        "shape": {
          "type": "polyline",
          "points": [
            [
              425.71659,
              25.46895
            ],
            [
              423.82546,
              103.18005
            ],
            [
              425.71659,
              25.46895
            ]
          ]
        },
        "metadata": {
          "segment_id": 44188,
          "street_id": 263054098,
          "street_name": "Qu\u00e1ch Th\u1ecb Trang",
          "street_type": "secondary",
          "street_level": 3,
          "street_group": "263054098",
          "composite": true
        },
        "length_hint": 155.4682145763165,
        "speed_limit": 11.11111111111111
      },
      {
        "start": "4122537310",
        "end": "4122537310",
        "reverse": false,
        "shape": {
          "type": "polyline",
          "points": [
            [
              420.23451,
              332.31735
            ],
            [
              421.20193,
              307.5921
            ],
            [
              420.23451,
              332.31735
            ]
          ]
        },
        "metadata": {
          "segment_id": 44179,
          "street_id": 263054098,
          "street_name": "Qu\u00e1ch Th\u1ecb Trang",
          "street_type": "secondary",
          "street_level": 3,
          "street_group": "263054098",
          "composite": true
        },
        "length_hint": 49.48833757639866,
        "speed_limit": 11.11111111111111
      },
      {
        "start": "4122537312",
        "end": "4122537312",
        "reverse": false,
        "shape": {
          "type": "polyline",
          "points": [
            [
              421.20193,
              307.5921
            ],
            [
              421.33311,
              304.20105
            ],
            [
              421.20193,
              307.5921
            ]
          ]
        },
        "metadata": {
          "segment_id": 44181,
          "street_id": 263054098,
          "street_name": "Qu\u00e1ch Th\u1ecb Trang",
          "street_type": "secondary",
          "street_level": 3,
          "street_group": "263054098",
          "composite": true
        },
        "length_hint": 6.787172694104679,
        "speed_limit": 11.11111111111111
      },
      {
        "start": "5599264355",
        "end": "5599264355",
        "reverse": false,
        "shape": {
          "type": "polyline",
          "points": [
            [
              429.72293,
              638.00025
            ],
            [
              424.98418,
              634.8534
            ],
            [
              429.72293,
              638.00025
            ]
          ]
        },
        "metadata": {
          "segment_id": 43286,
          "street_id": 258467250,
          "street_name": "T\u00f4n \u0110\u1ee9c Th\u1eafng",
          "street_type": "secondary",
          "street_level": 3,
          "street_group": "258467250",
          "composite": true
        },
        "length_hint": 11.376891752144065,
        "speed_limit": 11.11111111111111
      },
      {
        "start": "5599264355",
        "end": "5599264355",
        "reverse": false,
        "shape": {
          "type": "polyline",
          "points": [
            [
              429.72293,
              638.00025
            ],
            [
              435.15582,
              639.7152
            ],
            [
              429.72293,
              638.00025
            ]
          ]
        },
        "metadata": {
          "segment_id": 43287,
          "street_id": 258467250,
          "street_name": "T\u00f4n \u0110\u1ee9c Th\u1eafng",
          "street_type": "secondary",
          "street_level": 3,
          "street_group": "258467250",
          "composite": true
        },
        "length_hint": 11.394270008139989,
        "speed_limit": 11.11111111111111
      },
      {
        "start": "1588180672",
        "end": "1588180672",
        "reverse": false,
        "shape": {
          "type": "polyline",
          "points": [
            [
              421.30578,
              630.50775
            ],
            [
              424.98418,
              634.8534
            ],
            [
              421.30578,
              630.50775
            ]
          ]
        },
        "metadata": {
          "segment_id": 43283,
          "street_id": 258467250,
          "street_name": "T\u00f4n \u0110\u1ee9c Th\u1eafng",
          "street_type": "secondary",
          "street_level": 3,
          "street_group": "258467250",
          "composite": true
        },
        "length_hint": 11.38688728011294,
        "speed_limit": 11.11111111111111
      }
    ]
  }
}