{
  "observation": {
    "type": "Kinematics"
  },
  "action": {
    "type": "DiscreteMetaAction"
  },
  "simulation_frequency": 15,
  "policy_frequency": 1,
  "other_vehicles_type": "highway_env.vehicle.behavior.IDMVehicle",
  "screen_width": 600,
  "screen_height": 150,
  "centering_position": [
    0.3,
    0.5
  ],
  "scaling": 5.5,
  "show_trajectories": false,
  "render_agent": true,
  "offscreen_rendering": false,
  "manual_control": false,
  "real_time_rendering": false,
  "destination": null,
  "initial_vehicle_count": 0,
  "controlled_vehicles": 0,
  "spawn_probability": 0.0,
  "duration": 40.0,
  "collision_reward": -5,
  "high_speed_reward": 1.0,
  "arrived_reward": 1.0,
  "reward_speed_range": [
    6.0,
    12.0
  ],
  "auto_curve": false,
  "corner_radius": 25.0,
  "curve_samples": 8,
  "exit_distance": 5.0,
  "graph": {
    "nodes": {
      "2685435265": [
        957.88828,
        26.76765
      ],
      "2685435267": [
        971.37759,
        28.3161
      ],
      "2685435269": [
        992.31115,
        28.4715
      ],
      "2685435271": [
        981.30327,
        30.01995
      ],
      "2685435274": [
        932.92104,
        30.3252
      ],
      "2685435276": [
        949.0448,
        30.3252
      ],
      "2685435278": [
        899.42187,
        31.1022
      ],
      "2685435280": [
        909.34755,
        32.9559
      ],
      "2685435282": [
        799.86992,
        33.4221
      ],
      "2685435284": [
        1009.68109,
        34.0437
      ],
      "2685435286": [
        917.4149,
        34.65975
      ],
      "2685435288": [
        887.9494,
        35.12595
      ],
      "2685435290": [
        764.20087,
        41.93025
      ],
      "2685435292": [
        740.47434,
        49.66695
      ],
      "2685435295": [
        718.30006,
        50.75475
      ],
      "2685435299": [
        574.08255,
        51.2154
      ],
      "2685435301": [
        646.19131,
        53.8461
      ],
      "2685435303": [
        554.85428,
        55.70535
      ],
      "2685435305": [
        599.20283,
        56.166
      ],
      "2685435307": [
        533.91525,
        60.81135
      ],
      "2685435309": [
        518.56214,
        68.23725
      ],
      "2685435311": [
        498.4047,
        85.1037
      ],
      "2685435313": [
        480.1056,
        97.48575
      ],
      "2685435315": [
        461.34191,
        104.60085
      ],
      "2685435342": [
        436.68621,
        108.3138
      ],
      "2685435344": [
        397.14199,
        113.5752
      ],
      "2685435346": [
        352.63494,
        114.50205
      ],
      "2685435348": [
        151.50873,
        118.5258
      ],
      "2685435349": [
        287.50586,
        118.992
      ],
      "2685435351": [
        265.64313,
        119.4582
      ],
      "2685435353": [
        175.3883,
        119.60805
      ],
      "2685435355": [
        248.11468,
        120.07425
      ],
      "2685435357": [
        135.69105,
        122.39415
      ],
      "2685435362": [
        71.64417,
        158.60235
      ],
      "2685435240": [
        854.76177,
        0.0
      ],
      "2685435242": [
        860.03616,
        7.1151
      ],
      "2685435243": [
        842.97776,
        7.2705
      ],
      "2685435244": [
        857.70778,
        15.0072
      ],
      "2685435246": [
        832.27595,
        23.98155
      ],
      "2685435375": [
        0.0,
        198.6789
      ],
      "2685435247": [
        854.45023,
        24.44775
      ],
      "2685435248": [
        936.94925,
        26.61225
      ]
    },
    "edges": [
      {
        "start": "2685435284",
        "end": "2685435284",
        "reverse": false,
        "shape": {
          "type": "polyline",
          "points": [
            [
              1009.68109,
              34.0437
            ],
            [
              992.31115,
              28.4715
            ],
            [
              1009.68109,
              34.0437
            ]
          ]
        },
        "metadata": {
          "segment_id": 44128,
          "street_id": 262891291,
          "street_name": "X\u00e3 Phong Ph\u00fa",
          "street_type": "unclassified",
          "street_level": 4,
          "street_group": "262891291",
          "composite": true
        },
        "length_hint": 36.483652692327915,
        "speed_limit": 11.11111111111111
      },
      {
        "start": "2685435269",
        "end": "2685435269",
        "reverse": false,
        "shape": {
          "type": "polyline",
          "points": [
            [
              992.31115,
              28.4715
            ],
            [
              981.30327,
              30.01995
            ],
            [
              992.31115,
              28.4715
            ]
          ]
        },
        "metadata": {
          "segment_id": 44126,
          "street_id": 262891291,
          "street_name": "X\u00e3 Phong Ph\u00fa",
          "street_type": "unclassified",
          "street_level": 4,
          "street_group": "262891291",
          "composite": true
        },
        "length_hint": 22.2325094847073,
        "speed_limit": 11.11111111111111
      },
      {
        "start": "2685435242",
        "end": "2685435242",
        "reverse": false,
        "shape": {
          "type": "polyline",
          "points": [
            [
              860.03616,
              7.1151
            ],
            [
              854.76177,
              0.0
            ],
            [
              860.03616,
              7.1151
            ]
          ]
        },
        "metadata": {
          "segment_id": 44100,
          "street_id": 262891291,
          "street_name": "X\u00e3 Phong Ph\u00fa",
          "street_type": "unclassified",
          "street_level": 4,
          "street_group": "262891291",
          "composite": true
        },
        "length_hint": 17.71370518915796,
        "speed_limit": 11.11111111111111
      },
      {
        "start": "2685435242",
        "end": "2685435242",
        "reverse": false,
        "shape": {
          "type": "polyline",
          "points": [
            [
              860.03616,
              7.1151
            ],
            [
              857.70778,
              15.0072
            ],
            [
              860.03616,
              7.1151
            ]
          ]
        },
        "metadata": {
          "segment_id": 44101,
          "street_id": 262891291,
          "street_name": "X\u00e3 Phong Ph\u00fa",
          "street_type": "unclassified",
          "street_level": 4,
          "street_group": "262891291",
          "composite": true
        },
        "length_hint": 16.45680355772653,
        "speed_limit": 11.11111111111111
      },
      {
        "start": "2685435290",
        "end": "2685435290",
        "reverse": false,
        "shape": {
          "type": "polyline",
          "points": [
            [
              764.20087,
              41.93025
            ],
            [
              740.47434,
              49.66695
            ],
            [
              764.20087,
              41.93025
            ]
          ]
        },
        "metadata": {
          "segment_id": 44090,
          "street_id": 262891291,
          "street_name": "X\u00e3 Phong Ph\u00fa",
          "street_type": "unclassified",
          "street_level": 4,
          "street_group": "262891291",
          "composite": true
        },
        "length_hint": 49.9121128677559,
        "speed_limit": 11.11111111111111
      },
      {
        "start": "2685435290",
        "end": "2685435290",
        "reverse": false,
        "shape": {
          "type": "polyline",
          "points": [
            [
              764.20087,
              41.93025
            ],
            [
              799.86992,
              33.4221
            ],
            [
              764.20087,
              41.93025
            ]
          ]
        },
        "metadata": {
          "segment_id": 44091,
          "street_id": 262891291,
          "street_name": "X\u00e3 Phong Ph\u00fa",
          "street_type": "unclassified",
          "street_level": 4,
          "street_group": "262891291",
          "composite": true
        },
        "length_hint": 73.33947761812864,
        "speed_limit": 11.11111111111111
      },
      {
        "start": "2685435295",
        "end": "2685435295",
        "reverse": false,
        "shape": {
          "type": "polyline",
          "points": [
            [
              718.30006,
              50.75475
            ],
            [
              646.19131,
              53.8461
            ],
            [
              718.30006,
              50.75475
            ]
          ]
        },
        "metadata": {
          "segment_id": 44086,
          "street_id": 262891291,
          "street_name": "X\u00e3 Phong Ph\u00fa",
          "street_type": "unclassified",
          "street_level": 4,
          "street_group": "262891291",
          "composite": true
        },
        "length_hint": 144.34996739015907,
        "speed_limit": 11.11111111111111
      },
      {
        "start": "2685435295",
        "end": "2685435295",
        "reverse": false,
        "shape": {
          "type": "polyline",
          "points": [
            [
              718.30006,
              50.75475
            ],
            [
              740.47434,
              49.66695
            ],
            [
              718.30006,
              50.75475
            ]
          ]
        },
        "metadata": {
          "segment_id": 44087,
          "street_id": 262891291,
          "street_name": "X\u00e3 Phong Ph\u00fa",
          "street_type": "unclassified",
          "street_level": 4,
          "street_group": "262891291",
          "composite": true
        },
        "length_hint": 44.4018919578163,
        "speed_limit": 11.11111111111111
      },
      {
        "start": "2685435303",
        "end": "2685435303",
        "reverse": false,
        "shape": {
          "type": "polyline",
          "points": [
            [
              554.85428,
              55.70535
            ],
            [
              533.91525,
              60.81135
            ],
            [
              554.85428,
              55.70535
            ]
          ]
        },
        "metadata": {
          "segment_id": 44078,
          "street_id": 262891291,
          "street_name": "X\u00e3 Phong Ph\u00fa",
          "street_type": "unclassified",
          "street_level": 4,
          "street_group": "262891291",
          "composite": true
        },
        "length_hint": 43.10518360201706,
        "speed_limit": 11.11111111111111
      },
      {
        "start": "2685435303",
        "end": "2685435303",
        "reverse": false,
        "shape": {
          "type": "polyline",
          "points": [
            [
              554.85428,
              55.70535
            ],
            [
              574.08255,
              51.2154
            ],
            [
              554.85428,
              55.70535
            ]
          ]
        },
        "metadata": {
          "segment_id": 44079,
          "street_id": 262891291,
          "street_name": "X\u00e3 Phong Ph\u00fa",
          "street_type": "unclassified",
          "street_level": 4,
          "street_group": "262891291",
          "composite": true
        },
        "length_hint": 39.49106320145854,
        "speed_limit": 11.11111111111111
      },
      {
        "start": "2685435307",
        "end": "2685435307",
        "reverse": false,
        "shape": {
          "type": "polyline",
          "points": [
            [
              533.91525,
              60.81135
            ],
            [
              518.56214,
              68.23725
            ],
            [
              533.91525,
              60.81135
            ]
          ]
        },
        "metadata": {
          "segment_id": 44076,
          "street_id": 262891291,
          "street_name": "X\u00e3 Phong Ph\u00fa",
          "street_type": "unclassified",
          "street_level": 4,
          "street_group": "262891291",
          "composite": true
        },
        "length_hint": 34.10935223554388,
        "speed_limit": 11.11111111111111
      },
      {
        "start": "2685435309",
        "end": "2685435309",
        "reverse": false,
        "shape": {
          "type": "polyline",
          "points": [
            [
              518.56214,
              68.23725
            ],
            [
              498.4047,
              85.1037
            ],
            [
              518.56214,
              68.23725
            ]
          ]
        },
        "metadata": {
          "segment_id": 44074,
          "street_id": 262891291,
          "street_name": "X\u00e3 Phong Ph\u00fa",
          "street_type": "unclassified",
          "street_level": 4,
          "street_group": "262891291",
          "composite": true
        },
        "length_hint": 52.56613065296324,
        "speed_limit": 11.11111111111111
      },
      {
        "start": "2685435313",
        "end": "2685435313",
        "reverse": false,
        "shape": {
          "type": "polyline",
          "points": [
            [
              480.1056,
              97.48575
            ],
            [
              498.4047,
              85.1037
            ],
            [
              480.1056,
              97.48575
            ]
          ]
        },
        "metadata": {
          "segment_id": 44071,
          "street_id": 262891291,
          "street_name": "X\u00e3 Phong Ph\u00fa",
          "street_type": "unclassified",
          "street_level": 4,
          "street_group": "262891291",
          "composite": true
        },
        "length_hint": 44.189239550483336,
        "speed_limit": 11.11111111111111
      },
      {
        "start": "2685435299",
        "end": "2685435299",
        "reverse": false,
        "shape": {
          "type": "polyline",
          "points": [
            [
              574.08255,
              51.2154
            ],
            [
              599.20283,
              56.166
            ],
            [
              574.08255,
              51.2154
            ]
          ]
        },
        "metadata": {
          "segment_id": 44081,
          "street_id": 262891291,
          "street_name": "X\u00e3 Phong Ph\u00fa",
          "street_type": "unclassified",
          "street_level": 4,
          "street_group": "262891291",
          "composite": true
        },
        "length_hint": 51.20690998833649,
        "speed_limit": 11.11111111111111
      },
      {
        "start": "2685435301",
        "end": "2685435301",
        "reverse": false,
        "shape": {
          "type": "polyline",
          "points": [
            [
              646.19131,
              53.8461
            ],
            [
              599.20283,
              56.166
            ],
            [
              646.19131,
              53.8461
            ]
          ]
        },
        "metadata": {
          "segment_id": 44084,
          "street_id": 262891291,
          "street_name": "X\u00e3 Phong Ph\u00fa",
          "street_type": "unclassified",
          "street_level": 4,
          "street_group": "262891291",
          "composite": true
        },
        "length_hint": 94.09142763759957,
        "speed_limit": 11.11111111111111
      },
      {
        "start": "2685435246",
        "end": "2685435246",
        "reverse": false,
        "shape": {
          "type": "polyline",
          "points": [
            [
              832.27595,
              23.98155
            ],
            [
              799.86992,
              33.4221
            ],
            [
              832.27595,
              23.98155
            ]
          ]
        },
        "metadata": {
          "segment_id": 44094,
          "street_id": 262891291,
          "street_name": "X\u00e3 Phong Ph\u00fa",
          "street_type": "unclassified",
          "street_level": 4,
          "street_group": "262891291",
          "composite": true
        },
        "length_hint": 67.50628903038292,
        "speed_limit": 11.11111111111111
      },
      {
        "start": "2685435246",
        "end": "2685435246",
        "reverse": false,
        "shape": {
          "type": "polyline",
          "points": [
            [
              832.27595,
              23.98155
            ],
            [
              842.97776,
              7.2705
            ],
            [
              832.27595,
              23.98155
            ]
          ]
        },
        "metadata": {
          "segment_id": 44095,
          "street_id": 262891291,
          "street_name": "X\u00e3 Phong Ph\u00fa",
          "street_type": "unclassified",
          "street_level": 4,
          "street_group": "262891291",
          "composite": true
        },
        "length_hint": 39.688181080951566,
        "speed_limit": 11.11111111111111
      },
      {
        "start": "2685435243",
        "end": "2685435243",
        "reverse": false,
        "shape": {
          "type": "polyline",
          "points": [
            [
              842.97776,
              7.2705
            ],
            [
              854.76177,
              0.0
            ],
            [
              842.97776,
              7.2705
            ]
          ]
        },
        "metadata": {
          "segment_id": 44097,
          "street_id": 262891291,
          "street_name": "X\u00e3 Phong Ph\u00fa",
          "street_type": "unclassified",
          "street_level": 4,
          "street_group": "262891291",
          "composite": true
        },
        "length_hint": 27.692819425266126,
        "speed_limit": 11.11111111111111
      },
      {
        "start": "2685435278",
        "end": "2685435278",
        "reverse": false,
        "shape": {
          "type": "polyline",
          "points": [
            [
              899.42187,
              31.1022
            ],
            [
              887.9494,
              35.12595
            ],
            [
              899.42187,
              31.1022
            ]
          ]
        },
        "metadata": {
          "segment_id": 44108,
          "street_id": 262891291,
          "street_name": "X\u00e3 Phong Ph\u00fa",
          "street_type": "unclassified",
          "street_level": 4,
          "street_group": "262891291",
          "composite": true
        },
        "length_hint": 24.3152735508693,
        "speed_limit": 11.11111111111111
      },
      {
        "start": "2685435278",
        "end": "2685435278",
        "reverse": false,
        "shape": {
          "type": "polyline",
          "points": [
            [
              899.42187,
              31.1022
            ],
            [
              909.34755,
              32.9559
            ],
            [
              899.42187,
              31.1022
            ]
          ]
        },
        "metadata": {
          "segment_id": 44109,
          "street_id": 262891291,
          "street_name": "X\u00e3 Phong Ph\u00fa",
          "street_type": "unclassified",
          "street_level": 4,
          "street_group": "262891291",
          "composite": true
        },
        "length_hint": 20.194586121275066,
        "speed_limit": 11.11111111111111
      },
      {
        "start": "2685435288",
        "end": "2685435288",
        "reverse": false,
        "shape": {
          "type": "polyline",
          "points": [
            [
              887.9494,
              35.12595
            ],
            [
              854.45023,
              24.44775
            ],
            [
              887.9494,
              35.12595
            ]
          ]
        },
        "metadata": {
          "segment_id": 44106,
          "street_id": 262891291,
          "street_name": "X\u00e3 Phong Ph\u00fa",
          "street_type": "unclassified",
          "street_level": 4,
          "street_group": "262891291",
          "composite": true
        },
        "length_hint": 70.31979368368187,
        "speed_limit": 11.11111111111111
      },
      {
        "start": "2685435244",
        "end": "2685435244",
        "reverse": false,
        "shape": {
          "type": "polyline",
          "points": [
            [
              857.70778,
              15.0072
            ],
            [
              854.45023,
              24.44775
            ],
            [
              857.70778,
              15.0072
            ]
          ]
        },
        "metadata": {
          "segment_id": 44103,
          "street_id": 262891291,
          "street_name": "X\u00e3 Phong Ph\u00fa",
          "street_type": "unclassified",
          "street_level": 4,
          "street_group": "262891291",
          "composite": true
        },
        "length_hint": 19.973544132677056,
        "speed_limit": 11.11111111111111
      },
      {
        "start": "2685435276",
        "end": "2685435276",
        "reverse": false,
        "shape": {
          "type": "polyline",
          "points": [
            [
              949.0448,
              30.3252
            ],
            [
              936.94925,
              26.61225
            ],
            [
              949.0448,
              30.3252
            ]
          ]
        },
        "metadata": {
          "segment_id": 44118,
          "street_id": 262891291,
          "street_name": "X\u00e3 Phong Ph\u00fa",
          "street_type": "unclassified",
          "street_level": 4,
          "street_group": "262891291",
          "composite": true
        },
        "length_hint": 25.30520322028654,
        "speed_limit": 11.11111111111111
      },
      {
        "start": "2685435276",
        "end": "2685435276",
        "reverse": false,
        "shape": {
          "type": "polyline",
          "points": [
            [
              949.0448,
              30.3252
            ],
            [
              957.88828,
              26.76765
            ],
            [
              949.0448,
              30.3252
            ]
          ]
        },
        "metadata": {
          "segment_id": 44119,
          "street_id": 262891291,
          "street_name": "X\u00e3 Phong Ph\u00fa",
          "street_type": "unclassified",
          "street_level": 4,
          "street_group": "262891291",
          "composite": true
        },
        "length_hint": 19.064448642738135,
        "speed_limit": 11.11111111111111
      },
      {
        "start": "2685435274",
        "end": "2685435274",
        "reverse": false,
        "shape": {
          "type": "polyline",
          "points": [
            [
              932.92104,
              30.3252
            ],
            [
              917.4149,
              34.65975
            ],
            [
              932.92104,
              30.3252
            ]
          ]
        },
        "metadata": {
          "segment_id": 44114,
          "street_id": 262891291,
          "street_name": "X\u00e3 Phong Ph\u00fa",
          "street_type": "unclassified",
          "street_level": 4,
          "street_group": "262891291",
          "composite": true
        },
        "length_hint": 32.20116155681958,
        "speed_limit": 11.11111111111111
      },
      {
        "start": "2685435274",
        "end": "2685435274",
        "reverse": false,
        "shape": {
          "type": "polyline",
          "points": [
            [
              932.92104,
              30.3252
            ],
            [
              936.94925,
              26.61225
            ],
            [
              932.92104,
              30.3252
            ]
          ]
        },
        "metadata": {
          "segment_id": 44115,
          "street_id": 262891291,
          "street_name": "X\u00e3 Phong Ph\u00fa",
          "street_type": "unclassified",
          "street_level": 4,
          "street_group": "262891291",
          "composite": true
        },
        "length_hint": 10.956728253744448,
        "speed_limit": 11.11111111111111
      },
      {
        "start": "2685435286",
        "end": "2685435286",
        "reverse": false,
        "shape": {
          "type": "polyline",
          "points": [
            [
              917.4149,
              34.65975
            ],
            [
              909.34755,
              32.9559
            ],
            [
              917.4149,
              34.65975
            ]
          ]
        },
        "metadata": {
          "segment_id": 44112,
          "street_id": 262891291,
          "street_name": "X\u00e3 Phong Ph\u00fa",
          "street_type": "unclassified",
          "street_level": 4,
          "street_group": "262891291",
          "composite": true
        },
        "length_hint": 16.490632594900724,
        "speed_limit": 11.11111111111111
      },
      {
        "start": "2685435267",
        "end": "2685435267",
        "reverse": false,
        "shape": {
          "type": "polyline",
          "points": [
            [
              971.37759,
              28.3161
            ],
            [
              957.88828,
              26.76765
            ],
            [
              971.37759,
              28.3161
            ]
          ]
        },
        "metadata": {
          "segment_id": 44122,
          "street_id": 262891291,
          "street_name": "X\u00e3 Phong Ph\u00fa",
          "street_type": "unclassified",
          "street_level": 4,
          "street_group": "262891291",
          "composite": true
        },
        "length_hint": 27.155786247398638,
        "speed_limit": 11.11111111111111
      },
      {
        "start": "2685435267",
        "end": "2685435267",
        "reverse": false,
        "shape": {
          "type": "polyline",
          "points": [
            [
              971.37759,
              28.3161
            ],
            [
              981.30327,
              30.01995
            ],
            [
              971.37759,
              28.3161
            ]
          ]
        },
        "metadata": {
          "segment_id": 44123,
          "street_id": 262891291,
          "street_name": "X\u00e3 Phong Ph\u00fa",
          "street_type": "unclassified",
          "street_level": 4,
          "street_group": "262891291",
          "composite": true
        },
        "length_hint": 20.14172070950234,
        "speed_limit": 11.11111111111111
      },
      {
        "start": "2685435315",
        "end": "2685435315",
        "reverse": false,
        "shape": {
          "type": "polyline",
          "points": [
            [
              461.34191,
              104.60085
            ],
            [
              480.1056,
              97.48575
            ],
            [
              461.34191,
              104.60085
            ]
          ]
        },
        "metadata": {
          "segment_id": 44003,
          "street_id": 262891195,
          "street_name": "X\u00e3 Phong Ph\u00fa",
          "street_type": "unclassified",
          "street_level": 4,
          "street_group": "262891195",
          "composite": true
        },
        "length_hint": 40.13480835514728,
        "speed_limit": 11.11111111111111
      },
      {
        "start": "2685435349",
        "end": "2685435349",
        "reverse": false,
        "shape": {
          "type": "polyline",
          "points": [
            [
              287.50586,
              118.992
            ],
            [
              265.64313,
              119.4582
            ],
            [
              287.50586,
              118.992
            ]
          ]
        },
        "metadata": {
          "segment_id": 44130,
          "street_id": 262891356,
          "street_name": "X\u00e3 Phong Ph\u00fa",
          "street_type": "unclassified",
          "street_level": 4,
          "street_group": "262891356",
          "composite": true
        },
        "length_hint": 43.735400100737614,
        "speed_limit": 11.11111111111111
      },
      {
        "start": "2685435349",
        "end": "2685435349",
        "reverse": false,
        "shape": {
          "type": "polyline",
          "points": [
            [
              287.50586,
              118.992
            ],
            [
              352.63494,
              114.50205
            ],
            [
              287.50586,
              118.992
            ]
          ]
        },
        "metadata": {
          "segment_id": 44131,
          "street_id": 262891356,
          "street_name": "X\u00e3 Phong Ph\u00fa",
          "street_type": "unclassified",
          "street_level": 4,
          "street_group": "262891356",
          "composite": true
        },
        "length_hint": 130.567326887685,
        "speed_limit": 11.11111111111111
      },
      {
        "start": "2685435342",
        "end": "2685435342",
        "reverse": false,
        "shape": {
          "type": "polyline",
          "points": [
            [
              436.68621,
              108.3138
            ],
            [
              397.14199,
              113.5752
            ],
            [
              436.68621,
              108.3138
            ]
          ]
        },
        "metadata": {
          "segment_id": 44136,
          "street_id": 262891356,
          "street_name": "X\u00e3 Phong Ph\u00fa",
          "street_type": "unclassified",
          "street_level": 4,
          "street_group": "262891356",
          "composite": true
        },
        "length_hint": 79.78540381218609,
        "speed_limit": 11.11111111111111
      },
      {
        "start": "2685435342",
        "end": "2685435342",
        "reverse": false,
        "shape": {
          "type": "polyline",
          "points": [
            [
              436.68621,
              108.3138
            ],
            [
              461.34191,
              104.60085
            ],
            [
              436.68621,
              108.3138
            ]
          ]
        },
        "metadata": {
          "segment_id": 44137,
          "street_id": 262891356,
          "street_name": "X\u00e3 Phong Ph\u00fa",
          "street_type": "unclassified",
          "street_level": 4,
          "street_group": "262891356",
          "composite": true
        },
        "length_hint": 49.86740579546918,
        "speed_limit": 11.11111111111111
      },
      {
        "start": "2685435344",
        "end": "2685435344",
        "reverse": false,
        "shape": {
          "type": "polyline",
          "points": [
            [
              397.14199,
              113.5752
            ],
            [
              352.63494,
              114.50205
            ],
            [
              397.14199,
              113.5752
            ]
          ]
        },
        "metadata": {
          "segment_id": 44134,
          "street_id": 262891356,
          "street_name": "X\u00e3 Phong Ph\u00fa",
          "street_type": "unclassified",
          "street_level": 4,
          "street_group": "262891356",
          "composite": true
        },
        "length_hint": 89.03339936506984,
        "speed_limit": 11.11111111111111
      },
      {
        "start": "2685435357",
        "end": "2685435357",
        "reverse": false,
        "shape": {
          "type": "polyline",
          "points": [
            [
              135.69105,
              122.39415
            ],
            [
              71.64417,
              158.60235
            ],
            [
              135.69105,
              122.39415
            ]
          ]
        },
        "metadata": {
          "segment_id": 43992,
          "street_id": 262891167,
          "street_name": "X\u00e3 Phong Ph\u00fa",
          "street_type": "unclassified",
          "street_level": 4,
          "street_group": "262891167",
          "composite": true
        },
        "length_hint": 147.14668307473872,
        "speed_limit": 11.11111111111111
      },
      {
        "start": "2685435357",
        "end": "2685435357",
        "reverse": false,
        "shape": {
          "type": "polyline",
          "points": [
            [
              135.69105,
              122.39415
            ],
            [
              151.50873,
              118.5258
            ],
            [
              135.69105,
              122.39415
            ]
          ]
        },
        "metadata": {
          "segment_id": 43993,
          "street_id": 262891167,
          "street_name": "X\u00e3 Phong Ph\u00fa",
          "street_type": "unclassified",
          "street_level": 4,
          "street_group": "262891167",
          "composite": true
        },
        "length_hint": 32.56766078826668,
        "speed_limit": 11.11111111111111
      },
      {
        "start": "2685435355",
        "end": "2685435355",
        "reverse": false,
        "shape": {
          "type": "polyline",
          "points": [
            [
              248.11468,
              120.07425
            ],
            [
              175.3883,
              119.60805
            ],
            [
              248.11468,
              120.07425
            ]
          ]
        },
        "metadata": {
          "segment_id": 43998,
          "street_id": 262891167,
          "street_name": "X\u00e3 Phong Ph\u00fa",
          "street_type": "unclassified",
          "street_level": 4,
          "street_group": "262891167",
          "composite": true
        },
        "length_hint": 145.45574846453337,
        "speed_limit": 11.11111111111111
      },
      {
        "start": "2685435348",
        "end": "2685435348",
        "reverse": false,
        "shape": {
          "type": "polyline",
          "points": [
            [
              151.50873,
              118.5258
            ],
            [
              175.3883,
              119.60805
            ],
            [
              151.50873,
              118.5258
            ]
          ]
        },
        "metadata": {
          "segment_id": 43995,
          "street_id": 262891167,
          "street_name": "X\u00e3 Phong Ph\u00fa",
          "street_type": "unclassified",
          "street_level": 4,
          "street_group": "262891167",
          "composite": true
        },
        "length_hint": 47.80816367305478,
        "speed_limit": 11.11111111111111
      },
      {
        "start": "2685435362",
        "end": "2685435362",
        "reverse": false,
        "shape": {
          "type": "polyline",
          "points": [
            [
              71.64417,
              158.60235
            ],
            [
              0.0,
              198.6789
            ],
            [
              71.64417,
              158.60235
            ]
          ]
        },
        "metadata": {
          "segment_id": 43990,
          "street_id": 262891167,
          "street_name": "X\u00e3 Phong Ph\u00fa",
          "street_type": "unclassified",
          "street_level": 4,
          "street_group": "262891167",
          "composite": true
        },
        "length_hint": 164.18303146051846,
        "speed_limit": 11.11111111111111
      },
      {
        "start": "2685435355",
        "end": "2685435355",
        "reverse": false,
        "shape": {
          "type": "polyline",
          "points": [
            [
              248.11468,
              120.07425
            ],
            [
              265.64313,
              119.4582
            ],
            [
              248.11468,
              120.07425
            ]
          ]
        },
        "metadata": {
          "segment_id": 43999,
          "street_id": 262891182,
          "street_name": "X\u00e3 Phong Ph\u00fa",
          "street_type": "unclassified",
          "street_level": 4,
          "street_group": "262891182",
          "composite": true
        },
        "length_hint": 35.078544838975276,
        "speed_limit": 11.11111111111111
      }
    ]
  }
}