{
  "observation": {
    "type": "Kinematics"
  },
  "action": {
    "type": "DiscreteMetaAction"
  },
  "simulation_frequency": 15,
  "policy_frequency": 1,
  "other_vehicles_type": "highway_env.vehicle.behavior.IDMVehicle",
  "screen_width": 600,
  "screen_height": 150,
  "centering_position": [
    0.3,
    0.5
  ],
  "scaling": 5.5,
  "show_trajectories": false,
  "render_agent": true,
  "offscreen_rendering": false,
  "manual_control": false,
  "real_time_rendering": false,
  "destination": null,
  "initial_vehicle_count": 0,
  "controlled_vehicles": 0,
  "spawn_probability": 0.0,
  "duration": 40.0,
  "collision_reward": -5,
  "high_speed_reward": 1.0,
  "arrived_reward": 1.0,
  "reward_speed_range": [
    6.0,
    12.0
  ],
  "auto_curve": false,
  "corner_radius": 25.0,
  "curve_samples": 8,
  "exit_distance": 5.0,
  "graph": {
    "nodes": {
      "2409498635": [
        1038.63281,
        326.0181
      ],
      "2409498636": [
        1086.26078,
        391.62465
      ],
      "366465037": [
        361.0193,
        6.48795
      ],
      "2942307863": [
        486.88304,
        661.6377
      ],
      "2942307864": [
        491.47968,
        658.5075
      ],
      "2939301402": [
        371.3549,
        80.12535
      ],
      "676024889": [
        809.03587,
        10.96125
      ],
      "2949182361": [
        391.43036,
        20.6127
      ],
      "5742651972": [
        175.18061,
        634.9422
      ],
      "1503295375": [
        195.28339,
        580.69095
      ],
      "366447180": [
        1067.93434,
        21.06225
      ],
      "4765763151": [
        72.75917,
        162.19875
      ],
      "676021328": [
        932.84452,
        170.26845
      ],
      "676021329": [
        1036.77448,
        313.20315
      ],
      "2938729561": [
        821.80917,
        295.7373
      ],
      "2938729562": [
        425.72205,
        555.1332
      ],
      "2938729563": [
        421.05982,
        558.15795
      ],
      "2938729564": [
        487.63184,
        515.5617
      ],
      "2938729565": [
        485.48383,
        511.66005
      ],
      "5753090654": [
        6.33473,
        126.3957
      ],
      "2938729567": [
        566.33221,
        463.77465
      ],
      "2938729566": [
        559.92097,
        462.6813
      ],
      "2938729569": [
        763.94398,
        328.5156
      ],
      "5753090655": [
        3.55816,
        131.91795
      ],
      "2938729568": [
        766.01001,
        331.86225
      ],
      "5753090662": [
        66.78518,
        154.65075
      ],
      "5753090663": [
        92.4247,
        160.44495
      ],
      "5753090664": [
        131.62458,
        164.76285
      ],
      "5753090669": [
        928.60315,
        164.69625
      ],
      "5750669934": [
        711.16735,
        368.12595
      ],
      "5750669935": [
        707.47255,
        370.36815
      ],
      "4828147822": [
        156.93616,
        170.1408
      ],
      "5753090673": [
        1009.27663,
        271.5837
      ],
      "2949182363": [
        398.16408,
        23.10465
      ],
      "3149096721": [
        63.62055,
        159.74565
      ],
      "5763106961": [
        1078.06772,
        58.4637
      ],
      "2409487507": [
        199.48103,
        566.24985
      ],
      "5740356245": [
        181.35683,
        633.0441
      ],
      "5740356246": [
        183.11131,
        626.44515
      ],
      "5740356251": [
        177.90252,
        624.71355
      ],
      "366429856": [
        1071.08804,
        36.2637
      ],
      "5762890403": [
        805.9095,
        45.87075
      ],
      "2937933476": [
        708.91002,
        364.3131
      ],
      "5750636709": [
        1030.02983,
        314.13555
      ],
      "5750636707": [
        1049.8156,
        341.4249
      ],
      "2937933475": [
        218.917,
        385.5252
      ],
      "366431910": [
        788.91122,
        244.0779
      ],
      "2409487529": [
        208.69071,
        533.466
      ],
      "5750636714": [
        1024.41657,
        306.35445
      ],
      "2409487532": [
        218.39776,
        504.3396
      ],
      "5740356269": [
        176.04965,
        631.6788
      ],
      "5753170097": [
        222.0543,
        155.93835
      ],
      "2024972992": [
        1073.31804,
        364.7904
      ],
      "2938679158": [
        250.79833,
        398.6676
      ],
      "2938679159": [
        194.61111,
        379.176
      ],
      "366423251": [
        914.12456,
        157.0428
      ],
      "2938679160": [
        160.28115,
        359.92305
      ],
      "2409492695": [
        527.77728,
        717.43185
      ],
      "2409492696": [
        333.00767,
        434.1321
      ],
      "2409492697": [
        308.78376,
        418.6476
      ],
      "2409492698": [
        287.95951,
        408.06375
      ],
      "2409492699": [
        370.24537,
        468.65865
      ],
      "2409492700": [
        280.81586,
        404.8947
      ],
      "5753048797": [
        929.77281,
        177.09495
      ],
      "2409492702": [
        353.53131,
        450.5046
      ],
      "2409492701": [
        383.73467,
        489.12705
      ],
      "4809043168": [
        780.88213,
        232.9557
      ],
      "5753048808": [
        977.18761,
        241.1031
      ],
      "5738215667": [
        34.19878,
        279.29265
      ],
      "5753048830": [
        708.33066,
        121.3896
      ],
      "5753048832": [
        762.03646,
        329.3925
      ],
      "2938681601": [
        353.65155,
        151.0266
      ],
      "3149096705": [
        184.4668,
        162.1377
      ],
      "2938681603": [
        194.1192,
        565.07325
      ],
      "5753048836": [
        789.28289,
        311.8434
      ],
      "5753048837": [
        794.76497,
        308.3358
      ],
      "2938681605": [
        376.29041,
        82.4841
      ],
      "2938681607": [
        390.09673,
        42.4908
      ],
      "2938681606": [
        330.0398,
        216.0393
      ],
      "5455933194": [
        913.40309,
        145.5099
      ],
      "5753048843": [
        777.88694,
        228.5934
      ],
      "3149096719": [
        12.06823,
        137.14605
      ],
      "3149096720": [
        39.62074,
        150.4383
      ],
      "2949148433": [
        453.94684,
        9.1797
      ],
      "366411026": [
        936.69236,
        185.67525
      ],
      "5753048851": [
        954.83843,
        208.5468
      ],
      "3149096724": [
        116.94922,
        170.385
      ],
      "3149096725": [
        140.05813,
        170.82345
      ],
      "3149096726": [
        163.28181,
        169.45815
      ],
      "3149096727": [
        179.06671,
        169.55805
      ],
      "3149096728": [
        208.94213,
        165.95055
      ],
      "3149096723": [
        104.95205,
        169.053
      ],
      "3149096722": [
        86.72946,
        165.95055
      ],
      "5753048860": [
        892.19623,
        126.85635
      ],
      "5753048863": [
        817.3601,
        59.5182
      ],
      "3149104929": [
        228.49834,
        163.7361
      ],
      "3149104930": [
        257.38448,
        157.0872
      ],
      "5750505251": [
        385.96467,
        493.14525
      ],
      "5750505252": [
        380.23664,
        496.29765
      ],
      "5753048868": [
        686.50619,
        88.06185
      ],
      "3149104934": [
        330.71208,
        145.1214
      ],
      "3149104935": [
        346.81945,
        148.4847
      ],
      "3149104933": [
        315.15675,
        143.35095
      ],
      "3149104932": [
        300.93504,
        145.5654
      ],
      "3149104931": [
        287.60424,
        149.11185
      ],
      "1503295357": [
        202.67846,
        553.7235
      ],
      "2217927985": [
        258.10595,
        393.828
      ],
      "5750505269": [
        416.60529,
        551.4258
      ],
      "2950203189": [
        809.70268,
        277.3668
      ],
      "2217927994": [
        310.72408,
        264.72945
      ],
      "2217927996": [
        204.23618,
        379.7532
      ],
      "2217928000": [
        114.36395,
        327.1392
      ],
      "366467904": [
        386.64242,
        13.9416
      ],
      "2217928007": [
        443.17398,
        13.49205
      ],
      "2217928011": [
        411.7299,
        22.9992
      ],
      "2217928013": [
        394.62778,
        20.01885
      ],
      "2217928014": [
        1.51399,
        270.6957
      ],
      "2217928016": [
        467.3159,
        4.8729
      ],
      "5753048912": [
        700.11027,
        108.82995
      ],
      "676021584": [
        896.92952,
        123.14895
      ],
      "5750600534": [
        1082.16151,
        377.2002
      ],
      "366385495": [
        866.74801,
        93.7395
      ],
      "2938679136": [
        251.80948,
        395.4042
      ],
      "2938679139": [
        243.27209,
        432.05085
      ],
      "2938679140": [
        238.03596,
        430.48575
      ],
      "2938679141": [
        285.27586,
        413.30295
      ],
      "366467942": [
        1033.84488,
        319.4247
      ],
      "5750505317": [
        201.07701,
        559.98945
      ],
      "2938679144": [
        365.32625,
        471.6723
      ],
      "366416745": [
        897.0443,
        133.1667
      ],
      "4834867049": [
        359.41785,
        6.13275
      ],
      "2938679147": [
        217.33742,
        389.87085
      ],
      "2938679148": [
        197.32209,
        552.5358
      ],
      "2938679150": [
        377.14306,
        492.1185
      ],
      "2938679152": [
        324.80368,
        214.46865
      ],
      "2938679153": [
        32.0617,
        282.96675
      ],
      "5753048949": [
        290.27696,
        314.89035
      ],
      "2938679157": [
        189.92702,
        579.4977
      ],
      "5753048951": [
        315.64319,
        252.3252
      ],
      "5753048950": [
        285.27039,
        311.9655
      ],
      "5753048953": [
        304.40575,
        280.23615
      ],
      "5753048952": [
        310.65303,
        250.14405
      ],
      "5753048955": [
        365.96027,
        113.35875
      ],
      "5753048954": [
        299.41012,
        277.83855
      ],
      "2938679165": [
        349.49764,
        454.2897
      ],
      "5753048956": [
        360.90452,
        111.4884
      ],
      "366414719": [
        1015.00467,
        293.30085
      ],
      "5753048957": [
        197.9889,
        159.9066
      ],
      "5753048961": [
        301.87514,
        138.01185
      ],
      "2938679170": [
        254.67897,
        401.38155
      ],
      "2940783491": [
        475.73305,
        0.0
      ],
      "2938679172": [
        203.37807,
        532.12845
      ],
      "5753048963": [
        257.16039,
        150.14415
      ],
      "2938679174": [
        329.32927,
        438.20025
      ],
      "5753048962": [
        282.37905,
        143.12895
      ],
      "5358463368": [
        1084.76865,
        88.3893
      ],
      "5753048960": [
        323.5739,
        136.6965
      ],
      "2938679173": [
        188.11788,
        371.12295
      ],
      "2938679179": [
        349.94582,
        140.27625
      ],
      "2938679171": [
        111.55459,
        330.2694
      ],
      "2024973193": [
        985.48998,
        235.58085
      ],
      "2938679182": [
        249.8801,
        401.08185
      ],
      "366466959": [
        821.91848,
        62.66505
      ],
      "366410640": [
        975.05052,
        238.1505
      ],
      "2949182359": [
        393.69315,
        19.9467
      ],
      "2949182354": [
        427.19232,
        19.34175
      ],
      "2949182355": [
        394.07575,
        29.05425
      ],
      "2938679188": [
        172.91235,
        643.4781
      ],
      "2938679189": [
        278.29072,
        410.4114
      ],
      "2938679187": [
        213.11791,
        502.9077
      ],
      "2938679191": [
        204.91392,
        384.5151
      ],
      "2949182360": [
        392.76945,
        20.06325
      ],
      "2938679193": [
        418.54561,
        554.4894
      ],
      "2949182362": [
        398.32805,
        25.21365
      ],
      "2938679195": [
        562.34226,
        466.39425
      ],
      "2938679194": [
        305.52622,
        263.07
      ],
      "2942307741": [
        179.56955,
        639.7707
      ],
      "2938679190": [
        384.60372,
        41.98575
      ],
      "2938679199": [
        304.58065,
        422.6769
      ],
      "1503295391": [
        178.26872,
        644.66025
      ],
      "2938679200": [
        163.14517,
        677.6661
      ],
      "2949182370": [
        389.41898,
        25.75755
      ],
      "2942307742": [
        199.37172,
        659.00145
      ],
      "2942307743": [
        248.62299,
        715.80015
      ],
      "2949182366": [
        390.33175,
        21.55065
      ],
      "2939003302": [
        773.62371,
        222.38295
      ],
      "2949182375": [
        389.88903,
        16.6056
      ],
      "2409496488": [
        564.00383,
        459.9951
      ],
      "2939003305": [
        749.63482,
        184.4598
      ],
      "2942307753": [
        194.87346,
        656.2653
      ],
      "2942307755": [
        224.42641,
        697.81815
      ],
      "2942307752": [
        193.86778,
        663.68565
      ],
      "2942307756": [
        228.79896,
        693.86655
      ],
      "2949182365": [
        396.35494,
        20.7126
      ],
      "2949182364": [
        397.459,
        21.756
      ],
      "5740315569": [
        159.80017,
        718.5585
      ],
      "5740315570": [
        154.51486,
        717.0267
      ],
      "2409496499": [
        705.05671,
        366.52755
      ],
      "2409496500": [
        819.25669,
        292.30185
      ],
      "2409496501": [
        423.34994,
        551.3703
      ],
      "2949182390": [
        419.79179,
        21.3897
      ],
      "3342113719": [
        461.00304,
        6.8043
      ],
      "1503295409": [
        168.52887,
        678.75945
      ],
      "2949182367": [
        389.57749,
        22.7883
      ],
      "5753161659": [
        0.0,
        270.13515
      ],
      "2949182397": [
        461.17794,
        1.69275
      ],
      "2949182368": [
        389.24955,
        24.198
      ],
      "2409496511": [
        356.61395,
        141.28635
      ],
      "2949182400": [
        422.32786,
        16.16715
      ],
      "2949182401": [
        408.83856,
        19.3806
      ],
      "2949182356": [
        396.0106,
        28.49925
      ],
      "2949182369": [
        389.26595,
        24.9861
      ],
      "2949182402": [
        401.80422,
        20.55165
      ],
      "2949182399": [
        437.1344,
        11.4885
      ],
      "2949182398": [
        448.86375,
        7.104
      ],
      "2949182371": [
        390.08033,
        27.1395
      ],
      "2949182372": [
        391.168,
        28.22175
      ],
      "2949182373": [
        392.55082,
        28.8822
      ],
      "2949182357": [
        397.51913,
        27.16725
      ],
      "1516645341": [
        919.54105,
        152.7804
      ],
      "5763116000": [
        457.43394,
        3.3411
      ],
      "1516645345": [
        926.15452,
        174.4254
      ],
      "366403554": [
        728.89802,
        152.7915
      ],
      "5750600682": [
        1073.47108,
        374.00895
      ],
      "5455870964": [
        852.67935,
        75.6687
      ],
      "5455870965": [
        838.62708,
        69.65805
      ],
      "5455870966": [
        814.74751,
        57.71445
      ],
      "5455870967": [
        960.57193,
        203.019
      ],
      "5455870968": [
        852.77773,
        64.47435
      ],
      "2949172725": [
        345.9996,
        150.69915
      ],
      "2949182358": [
        395.52415,
        20.27415
      ]
    },
    "edges": [
      {
        "start": "2409498635",
        "end": "5762890403",
        "reverse": false,
        "shape": {
          "type": "polyline",
          "points": [
            [
              1038.63281,
              326.0181
            ],
            [
              1033.84488,
              319.4247
            ],
            [
              1030.02983,
              314.13555
            ],
            [
              1024.41657,
              306.35445
            ],
            [
              1015.00467,
              293.30085
            ],
            [
              977.18761,
              241.1031
            ],
            [
              975.05052,
              238.1505
            ],
            [
              954.83843,
              208.5468
            ],
            [
              936.69236,
              185.67525
            ],
            [
              929.77281,
              177.09495
            ],
            [
              926.15452,
              174.4254
            ],
            [
              914.12456,
              157.0428
            ],
            [
              897.0443,
              133.1667
            ],
            [
              892.19623,
              126.85635
            ],
            [
              866.74801,
              93.7395
            ],
            [
              852.67935,
              75.6687
            ],
            [
              838.62708,
              69.65805
            ],
            [
              821.91848,
              62.66505
            ],
            [
              817.3601,
              59.5182
            ],
            [
              814.74751,
              57.71445
            ],
            [
              805.9095,
              45.87075
            ]
          ]
        },
        "metadata": {
          "segment_id": 23259,
          "street_id": 59986418,
          "street_name": "Xa L\u1ed9 H\u00e0 N\u1ed9i",
          "street_type": "trunk",
          "street_level": 1,
          "street_group": "59986418",
          "composite": true
        },
        "length_hint": 369.02873621495405,
        "speed_limit": 13.88888888888889
      },
      {
        "start": "2409498636",
        "end": "2409498635",
        "reverse": false,
        "shape": {
          "type": "polyline",
          "points": [
            [
              1086.26078,
              391.62465
            ],
            [
              1073.47108,
              374.00895
            ],
            [
              1049.8156,
              341.4249
            ],
            [
              1038.63281,
              326.0181
            ]
          ]
        },
        "metadata": {
          "segment_id": 77428,
          "street_id": 606543189,
          "street_name": "Xa L\u1ed9 H\u00e0 N\u1ed9i",
          "street_type": "trunk",
          "street_level": 1,
          "street_group": "606543189",
          "composite": true
        },
        "length_hint": 81.07183817560566,
        "speed_limit": 13.88888888888889
      },
      {
        "start": "4834867049",
        "end": "4834867049",
        "reverse": false,
        "shape": {
          "type": "polyline",
          "points": [
            [
              359.41785,
              6.13275
            ],
            [
              361.0193,
              6.48795
            ],
            [
              359.41785,
              6.13275
            ]
          ]
        },
        "metadata": {
          "segment_id": 33708,
          "street_id": 211848819,
          "street_name": "Qu\u1ea3ng tr\u01b0\u1eddng s\u00e1ng t\u1ea1o",
          "street_type": "tertiary",
          "street_level": 4,
          "street_group": "211848819",
          "composite": true
        },
        "length_hint": 3.2807371991672842,
        "speed_limit": 13.88888888888889
      },
      {
        "start": "2949182375",
        "end": "2949182375",
        "reverse": false,
        "shape": {
          "type": "polyline",
          "points": [
            [
              389.88903,
              16.6056
            ],
            [
              386.64242,
              13.9416
            ],
            [
              389.88903,
              16.6056
            ]
          ]
        },
        "metadata": {
          "segment_id": 33713,
          "street_id": 211848819,
          "street_name": "Qu\u1ea3ng tr\u01b0\u1eddng s\u00e1ng t\u1ea1o",
          "street_type": "tertiary",
          "street_level": 4,
          "street_group": "211848819",
          "composite": true
        },
        "length_hint": 8.399374379583241,
        "speed_limit": 13.88888888888889
      },
      {
        "start": "2949182375",
        "end": "2949182375",
        "reverse": false,
        "shape": {
          "type": "polyline",
          "points": [
            [
              389.88903,
              16.6056
            ],
            [
              392.76945,
              20.06325
            ],
            [
              389.88903,
              16.6056
            ]
          ]
        },
        "metadata": {
          "segment_id": 33714,
          "street_id": 211848819,
          "street_name": "Ph\u01b0\u1eddng \u0110\u00f4ng H\u00f2a",
          "street_type": "tertiary",
          "street_level": 4,
          "street_group": "211848819",
          "composite": true
        },
        "length_hint": 9.000480631366326,
        "speed_limit": 13.88888888888889
      },
      {
        "start": "366465037",
        "end": "366465037",
        "reverse": false,
        "shape": {
          "type": "polyline",
          "points": [
            [
              361.0193,
              6.48795
            ],
            [
              386.64242,
              13.9416
            ],
            [
              361.0193,
              6.48795
            ]
          ]
        },
        "metadata": {
          "segment_id": 33710,
          "street_id": 211848819,
          "street_name": "Qu\u1ea3ng tr\u01b0\u1eddng s\u00e1ng t\u1ea1o",
          "street_type": "tertiary",
          "street_level": 4,
          "street_group": "211848819",
          "composite": true
        },
        "length_hint": 53.37044788483235,
        "speed_limit": 13.88888888888889
      },
      {
        "start": "2942307863",
        "end": "2938679182",
        "reverse": false,
        "shape": {
          "type": "polyline",
          "points": [
            [
              486.88304,
              661.6377
            ],
            [
              421.05982,
              558.15795
            ],
            [
              418.54561,
              554.4894
            ],
            [
              416.60529,
              551.4258
            ],
            [
              380.23664,
              496.29765
            ],
            [
              377.14306,
              492.1185
            ],
            [
              365.32625,
              471.6723
            ],
            [
              349.49764,
              454.2897
            ],
            [
              329.32927,
              438.20025
            ],
            [
              304.58065,
              422.6769
            ],
            [
              285.27586,
              413.30295
            ],
            [
              278.29072,
              410.4114
            ],
            [
              254.67897,
              401.38155
            ],
            [
              249.8801,
              401.08185
            ]
          ]
        },
        "metadata": {
          "segment_id": 73729,
          "street_id": 604839605,
          "street_name": "Nguy\u1ec5n Du",
          "street_type": "tertiary",
          "street_level": 4,
          "street_group": "604839605",
          "composite": true
        },
        "length_hint": 363.2049489611028,
        "speed_limit": 13.88888888888889
      },
      {
        "start": "2938679136",
        "end": "2409492695",
        "reverse": false,
        "shape": {
          "type": "polyline",
          "points": [
            [
              251.80948,
              395.4042
            ],
            [
              258.10595,
              393.828
            ],
            [
              280.81586,
              404.8947
            ],
            [
              287.95951,
              408.06375
            ],
            [
              308.78376,
              418.6476
            ],
            [
              333.00767,
              434.1321
            ],
            [
              353.53131,
              450.5046
            ],
            [
              370.24537,
              468.65865
            ],
            [
              383.73467,
              489.12705
            ],
            [
              385.96467,
              493.14525
            ],
            [
              423.34994,
              551.3703
            ],
            [
              425.72205,
              555.1332
            ],
            [
              491.47968,
              658.5075
            ],
            [
              527.77728,
              717.43185
            ]
          ]
        },
        "metadata": {
          "segment_id": 73716,
          "street_id": 604839601,
          "street_name": "Nguy\u1ec5n Du",
          "street_type": "tertiary",
          "street_level": 4,
          "street_group": "604839601",
          "composite": true
        },
        "length_hint": 437.0836760823489,
        "speed_limit": 13.88888888888889
      },
      {
        "start": "2938679182",
        "end": "2949182370",
        "reverse": false,
        "shape": {
          "type": "polyline",
          "points": [
            [
              249.8801,
              401.08185
            ],
            [
              250.79833,
              398.6676
            ],
            [
              251.80948,
              395.4042
            ],
            [
              285.27039,
              311.9655
            ],
            [
              299.41012,
              277.83855
            ],
            [
              305.52622,
              263.07
            ],
            [
              310.65303,
              250.14405
            ],
            [
              324.80368,
              214.46865
            ],
            [
              345.9996,
              150.69915
            ],
            [
              346.81945,
              148.4847
            ],
            [
              349.94582,
              140.27625
            ],
            [
              360.90452,
              111.4884
            ],
            [
              371.3549,
              80.12535
            ],
            [
              384.60372,
              41.98575
            ],
            [
              389.41898,
              25.75755
            ]
          ]
        },
        "metadata": {
          "segment_id": 45911,
          "street_id": 290318811,
          "street_name": "L\u00ea Q\u00fay \u0110\u00f4n",
          "street_type": "tertiary",
          "street_level": 4,
          "street_group": "290318811",
          "composite": true
        },
        "length_hint": 400.6165067883136,
        "speed_limit": 13.88888888888889
      },
      {
        "start": "676024889",
        "end": "676021329",
        "reverse": false,
        "shape": {
          "type": "polyline",
          "points": [
            [
              809.03587,
              10.96125
            ],
            [
              852.77773,
              64.47435
            ],
            [
              896.92952,
              123.14895
            ],
            [
              913.40309,
              145.5099
            ],
            [
              919.54105,
              152.7804
            ],
            [
              928.60315,
              164.69625
            ],
            [
              932.84452,
              170.26845
            ],
            [
              960.57193,
              203.019
            ],
            [
              985.48998,
              235.58085
            ],
            [
              1009.27663,
              271.5837
            ],
            [
              1036.77448,
              313.20315
            ]
          ]
        },
        "metadata": {
          "segment_id": 84352,
          "street_id": 635485850,
          "street_name": "Xa L\u1ed9 H\u00e0 N\u1ed9i",
          "street_type": "trunk",
          "street_level": 1,
          "street_group": "635485850",
          "composite": true
        },
        "length_hint": 378.7564769604418,
        "speed_limit": 13.88888888888889
      },
      {
        "start": "2949182358",
        "end": "2949182358",
        "reverse": false,
        "shape": {
          "type": "polyline",
          "points": [
            [
              395.52415,
              20.27415
            ],
            [
              396.35494,
              20.7126
            ],
            [
              397.459,
              21.756
            ],
            [
              398.16408,
              23.10465
            ],
            [
              398.32805,
              25.21365
            ],
            [
              397.51913,
              27.16725
            ],
            [
              396.0106,
              28.49925
            ],
            [
              394.07575,
              29.05425
            ],
            [
              392.55082,
              28.8822
            ],
            [
              391.168,
              28.22175
            ],
            [
              390.08033,
              27.1395
            ],
            [
              389.41898,
              25.75755
            ],
            [
              389.26595,
              24.9861
            ],
            [
              389.24955,
              24.198
            ],
            [
              389.57749,
              22.7883
            ],
            [
              390.33175,
              21.55065
            ],
            [
              391.43036,
              20.6127
            ],
            [
              392.76945,
              20.06325
            ],
            [
              393.69315,
              19.9467
            ],
            [
              394.62778,
              20.01885
            ],
            [
              395.52415,
              20.27415
            ]
          ]
        },
        "metadata": {
          "segment_id": 46392,
          "street_id": 291445892,
          "street_name": "Ph\u01b0\u1eddng \u0110\u00f4ng H\u00f2a",
          "street_type": "tertiary",
          "street_level": 4,
          "street_group": "291445892",
          "composite": true
        },
        "length_hint": 28.532800027596494,
        "speed_limit": 13.88888888888889
      },
      {
        "start": "2938679188",
        "end": "5740356269",
        "reverse": false,
        "shape": {
          "type": "polyline",
          "points": [
            [
              172.91235,
              643.4781
            ],
            [
              175.18061,
              634.9422
            ],
            [
              176.04965,
              631.6788
            ]
          ]
        },
        "metadata": {
          "segment_id": 74459,
          "street_id": 605158621,
          "street_name": "Ph\u01b0\u1eddng \u0110\u00f4ng H\u00f2a",
          "street_type": "tertiary",
          "street_level": 4,
          "street_group": "605158621",
          "composite": true
        },
        "length_hint": 12.209264521186663,
        "speed_limit": 13.88888888888889
      },
      {
        "start": "2942307741",
        "end": "2942307741",
        "reverse": false,
        "shape": {
          "type": "polyline",
          "points": [
            [
              179.56955,
              639.7707
            ],
            [
              175.18061,
              634.9422
            ],
            [
              179.56955,
              639.7707
            ]
          ]
        },
        "metadata": {
          "segment_id": 46184,
          "street_id": 290725739,
          "street_name": "Ph\u01b0\u1eddng \u0110\u00f4ng H\u00f2a",
          "street_type": "tertiary",
          "street_level": 4,
          "street_group": "290725739",
          "composite": true
        },
        "length_hint": 13.050242384507754,
        "speed_limit": 13.88888888888889
      },
      {
        "start": "2942307741",
        "end": "2942307741",
        "reverse": false,
        "shape": {
          "type": "polyline",
          "points": [
            [
              179.56955,
              639.7707
            ],
            [
              194.87346,
              656.2653
            ],
            [
              179.56955,
              639.7707
            ]
          ]
        },
        "metadata": {
          "segment_id": 46185,
          "street_id": 290725739,
          "street_name": "Ph\u01b0\u1eddng \u0110\u00f4ng H\u00f2a",
          "street_type": "unclassified",
          "street_level": 4,
          "street_group": "290725739",
          "composite": true
        },
        "length_hint": 45.0013995537072,
        "speed_limit": 11.11111111111111
      },
      {
        "start": "2938679170",
        "end": "2942307741",
        "reverse": false,
        "shape": {
          "type": "polyline",
          "points": [
            [
              254.67897,
              401.38155
            ],
            [
              243.27209,
              432.05085
            ],
            [
              218.39776,
              504.3396
            ],
            [
              208.69071,
              533.466
            ],
            [
              202.67846,
              553.7235
            ],
            [
              201.07701,
              559.98945
            ],
            [
              199.48103,
              566.24985
            ],
            [
              195.28339,
              580.69095
            ],
            [
              183.11131,
              626.44515
            ],
            [
              181.35683,
              633.0441
            ],
            [
              179.56955,
              639.7707
            ]
          ]
        },
        "metadata": {
          "segment_id": 46407,
          "street_id": 291445896,
          "street_name": "L\u00ea Qu\u00fd \u0110\u00f4n",
          "street_type": "tertiary",
          "street_level": 4,
          "street_group": "291445896",
          "composite": true
        },
        "length_hint": 250.10337877733184,
        "speed_limit": 13.88888888888889
      },
      {
        "start": "366447180",
        "end": "366447180",
        "reverse": false,
        "shape": {
          "type": "polyline",
          "points": [
            [
              1067.93434,
              21.06225
            ],
            [
              1071.08804,
              36.2637
            ],
            [
              1067.93434,
              21.06225
            ]
          ]
        },
        "metadata": {
          "segment_id": 7325,
          "street_id": 32581289,
          "street_name": "Ho\u00e0ng H\u1eefu Nam",
          "street_type": "secondary",
          "street_level": 3,
          "street_group": "32581289",
          "composite": true
        },
        "length_hint": 31.050275734202458,
        "speed_limit": 11.11111111111111
      },
      {
        "start": "2938681601",
        "end": "5753090655",
        "reverse": false,
        "shape": {
          "type": "polyline",
          "points": [
            [
              353.65155,
              151.0266
            ],
            [
              346.81945,
              148.4847
            ],
            [
              330.71208,
              145.1214
            ],
            [
              315.15675,
              143.35095
            ],
            [
              300.93504,
              145.5654
            ],
            [
              287.60424,
              149.11185
            ],
            [
              257.38448,
              157.0872
            ],
            [
              228.49834,
              163.7361
            ],
            [
              208.94213,
              165.95055
            ],
            [
              179.06671,
              169.55805
            ],
            [
              163.28181,
              169.45815
            ],
            [
              156.93616,
              170.1408
            ],
            [
              140.05813,
              170.82345
            ],
            [
              116.94922,
              170.385
            ],
            [
              104.95205,
              169.053
            ],
            [
              86.72946,
              165.95055
            ],
            [
              72.75917,
              162.19875
            ],
            [
              63.62055,
              159.74565
            ],
            [
              39.62074,
              150.4383
            ],
            [
              12.06823,
              137.14605
            ],
            [
              3.55816,
              131.91795
            ]
          ]
        },
        "metadata": {
          "segment_id": 47761,
          "street_id": 309569638,
          "street_name": "Marie Curie",
          "street_type": "residential",
          "street_level": 4,
          "street_group": "309569638",
          "composite": true
        },
        "length_hint": 361.23308924188524,
        "speed_limit": 8.333333333333334
      },
      {
        "start": "676021329",
        "end": "5750600534",
        "reverse": false,
        "shape": {
          "type": "polyline",
          "points": [
            [
              1036.77448,
              313.20315
            ],
            [
              1073.31804,
              364.7904
            ],
            [
              1082.16151,
              377.2002
            ]
          ]
        },
        "metadata": {
          "segment_id": 77397,
          "street_id": 606543188,
          "street_name": "Xa L\u1ed9 H\u00e0 N\u1ed9i",
          "street_type": "trunk",
          "street_level": 1,
          "street_group": "606543188",
          "composite": true
        },
        "length_hint": 78.45771176719002,
        "speed_limit": 13.88888888888889
      },
      {
        "start": "366431910",
        "end": "366431910",
        "reverse": false,
        "shape": {
          "type": "polyline",
          "points": [
            [
              788.91122,
              244.0779
            ],
            [
              809.70268,
              277.3668
            ],
            [
              788.91122,
              244.0779
            ]
          ]
        },
        "metadata": {
          "segment_id": 79981,
          "street_id": 608214342,
          "street_name": "\u0110\u01b0\u1eddng V\u00e0nh \u0111ai \u0110HQG",
          "street_type": "unclassified",
          "street_level": 4,
          "street_group": "608214342",
          "composite": true
        },
        "length_hint": 78.49676865047635,
        "speed_limit": 11.11111111111111
      },
      {
        "start": "366431910",
        "end": "366431910",
        "reverse": false,
        "shape": {
          "type": "polyline",
          "points": [
            [
              788.91122,
              244.0779
            ],
            [
              780.88213,
              232.9557
            ],
            [
              788.91122,
              244.0779
            ]
          ]
        },
        "metadata": {
          "segment_id": 79982,
          "street_id": 608214342,
          "street_name": "\u0110\u01b0\u1eddng V\u00e0nh \u0111ai \u0110HQG",
          "street_type": "unclassified",
          "street_level": 4,
          "street_group": "608214342",
          "composite": true
        },
        "length_hint": 27.434986354514542,
        "speed_limit": 11.11111111111111
      },
      {
        "start": "2938729561",
        "end": "2938729561",
        "reverse": false,
        "shape": {
          "type": "polyline",
          "points": [
            [
              821.80917,
              295.7373
            ],
            [
              819.25669,
              292.30185
            ],
            [
              821.80917,
              295.7373
            ]
          ]
        },
        "metadata": {
          "segment_id": 79976,
          "street_id": 608214342,
          "street_name": "\u0110\u01b0\u1eddng V\u00e0nh \u0111ai \u0110HQG",
          "street_type": "unclassified",
          "street_level": 4,
          "street_group": "608214342",
          "composite": true
        },
        "length_hint": 8.559782906803127,
        "speed_limit": 11.11111111111111
      },
      {
        "start": "2409496500",
        "end": "2409496500",
        "reverse": false,
        "shape": {
          "type": "polyline",
          "points": [
            [
              819.25669,
              292.30185
            ],
            [
              809.70268,
              277.3668
            ],
            [
              819.25669,
              292.30185
            ]
          ]
        },
        "metadata": {
          "segment_id": 79978,
          "street_id": 608214342,
          "street_name": "\u0110\u01b0\u1eddng V\u00e0nh \u0111ai \u0110HQG",
          "street_type": "unclassified",
          "street_level": 4,
          "street_group": "608214342",
          "composite": true
        },
        "length_hint": 35.458980559660816,
        "speed_limit": 11.11111111111111
      },
      {
        "start": "5753048912",
        "end": "5753048912",
        "reverse": false,
        "shape": {
          "type": "polyline",
          "points": [
            [
              700.11027,
              108.82995
            ],
            [
              708.33066,
              121.3896
            ],
            [
              700.11027,
              108.82995
            ]
          ]
        },
        "metadata": {
          "segment_id": 79995,
          "street_id": 608214342,
          "street_name": "\u0110\u01b0\u1eddng V\u00e0nh \u0111ai \u0110HQG",
          "street_type": "unclassified",
          "street_level": 4,
          "street_group": "608214342",
          "composite": true
        },
        "length_hint": 30.02130042983477,
        "speed_limit": 11.11111111111111
      },
      {
        "start": "5753048912",
        "end": "5753048912",
        "reverse": false,
        "shape": {
          "type": "polyline",
          "points": [
            [
              700.11027,
              108.82995
            ],
            [
              686.50619,
              88.06185
            ],
            [
              700.11027,
              108.82995
            ]
          ]
        },
        "metadata": {
          "segment_id": 79996,
          "street_id": 608214342,
          "street_name": "\u0110\u01b0\u1eddng V\u00e0nh \u0111ai \u0110HQG",
          "street_type": "unclassified",
          "street_level": 4,
          "street_group": "608214342",
          "composite": true
        },
        "length_hint": 49.65420305498424,
        "speed_limit": 11.11111111111111
      },
      {
        "start": "4809043168",
        "end": "4809043168",
        "reverse": false,
        "shape": {
          "type": "polyline",
          "points": [
            [
              780.88213,
              232.9557
            ],
            [
              777.88694,
              228.5934
            ],
            [
              780.88213,
              232.9557
            ]
          ]
        },
        "metadata": {
          "segment_id": 79984,
          "street_id": 608214342,
          "street_name": "\u0110\u01b0\u1eddng V\u00e0nh \u0111ai \u0110HQG",
          "street_type": "unclassified",
          "street_level": 4,
          "street_group": "608214342",
          "composite": true
        },
        "length_hint": 10.583161044999725,
        "speed_limit": 11.11111111111111
      },
      {
        "start": "2939003302",
        "end": "2939003302",
        "reverse": false,
        "shape": {
          "type": "polyline",
          "points": [
            [
              773.62371,
              222.38295
            ],
            [
              777.88694,
              228.5934
            ],
            [
              773.62371,
              222.38295
            ]
          ]
        },
        "metadata": {
          "segment_id": 79987,
          "street_id": 608214342,
          "street_name": "\u0110\u01b0\u1eddng V\u00e0nh \u0111ai \u0110HQG",
          "street_type": "unclassified",
          "street_level": 4,
          "street_group": "608214342",
          "composite": true
        },
        "length_hint": 15.065831438775662,
        "speed_limit": 11.11111111111111
      },
      {
        "start": "2939003302",
        "end": "2939003302",
        "reverse": false,
        "shape": {
          "type": "polyline",
          "points": [
            [
              773.62371,
              222.38295
            ],
            [
              749.63482,
              184.4598
            ],
            [
              773.62371,
              222.38295
            ]
          ]
        },
        "metadata": {
          "segment_id": 79988,
          "street_id": 608214342,
          "street_name": "\u0110\u01b0\u1eddng V\u00e0nh \u0111ai \u0110HQG",
          "street_type": "unclassified",
          "street_level": 4,
          "street_group": "608214342",
          "composite": true
        },
        "length_hint": 89.74702556307028,
        "speed_limit": 11.11111111111111
      },
      {
        "start": "5753048830",
        "end": "5753048830",
        "reverse": false,
        "shape": {
          "type": "polyline",
          "points": [
            [
              708.33066,
              121.3896
            ],
            [
              728.89802,
              152.7915
            ],
            [
              708.33066,
              121.3896
            ]
          ]
        },
        "metadata": {
          "segment_id": 79993,
          "street_id": 608214342,
          "street_name": "\u0110\u01b0\u1eddng V\u00e0nh \u0111ai \u0110HQG",
          "street_type": "unclassified",
          "street_level": 4,
          "street_group": "608214342",
          "composite": true
        },
        "length_hint": 75.07584487648744,
        "speed_limit": 11.11111111111111
      },
      {
        "start": "2939003305",
        "end": "2939003305",
        "reverse": false,
        "shape": {
          "type": "polyline",
          "points": [
            [
              749.63482,
              184.4598
            ],
            [
              728.89802,
              152.7915
            ],
            [
              749.63482,
              184.4598
            ]
          ]
        },
        "metadata": {
          "segment_id": 79990,
          "street_id": 608214342,
          "street_name": "\u0110\u01b0\u1eddng V\u00e0nh \u0111ai \u0110HQG",
          "street_type": "unclassified",
          "street_level": 4,
          "street_group": "608214342",
          "composite": true
        },
        "length_hint": 75.70722816561177,
        "speed_limit": 11.11111111111111
      },
      {
        "start": "2938729561",
        "end": "2938729567",
        "reverse": false,
        "shape": {
          "type": "polyline",
          "points": [
            [
              821.80917,
              295.7373
            ],
            [
              766.01001,
              331.86225
            ],
            [
              711.16735,
              368.12595
            ],
            [
              707.47255,
              370.36815
            ],
            [
              566.33221,
              463.77465
            ]
          ]
        },
        "metadata": {
          "segment_id": 45925,
          "street_id": 290326848,
          "street_name": "Th\u00e1nh Gi\u00f3ng",
          "street_type": "pitch",
          "street_level": 4,
          "street_group": "290326848",
          "composite": true
        },
        "length_hint": 305.79139006051764,
        "speed_limit": 8.333333333333334
      },
      {
        "start": "2938729567",
        "end": "2938729563",
        "reverse": false,
        "shape": {
          "type": "polyline",
          "points": [
            [
              566.33221,
              463.77465
            ],
            [
              562.34226,
              466.39425
            ],
            [
              487.63184,
              515.5617
            ],
            [
              425.72205,
              555.1332
            ],
            [
              421.05982,
              558.15795
            ]
          ]
        },
        "metadata": {
          "segment_id": 78239,
          "street_id": 606911388,
          "street_name": "Ph\u01b0\u1eddng B\u00ecnh Th\u1eafng",
          "street_type": "residential",
          "street_level": 4,
          "street_group": "606911388",
          "composite": true
        },
        "length_hint": 173.24414768344107,
        "speed_limit": 8.333333333333334
      },
      {
        "start": "2938729565",
        "end": "2938729565",
        "reverse": false,
        "shape": {
          "type": "polyline",
          "points": [
            [
              485.48383,
              511.66005
            ],
            [
              487.63184,
              515.5617
            ],
            [
              485.48383,
              511.66005
            ]
          ]
        },
        "metadata": {
          "segment_id": 45930,
          "street_id": 290326849,
          "street_name": "Ph\u01b0\u1eddng B\u00ecnh Th\u1eafng",
          "street_type": "residential",
          "street_level": 4,
          "street_group": "290326849",
          "composite": true
        },
        "length_hint": 8.90770894957838,
        "speed_limit": 8.333333333333334
      },
      {
        "start": "2409496501",
        "end": "2409496488",
        "reverse": false,
        "shape": {
          "type": "polyline",
          "points": [
            [
              423.34994,
              551.3703
            ],
            [
              485.48383,
              511.66005
            ],
            [
              559.92097,
              462.6813
            ],
            [
              564.00383,
              459.9951
            ]
          ]
        },
        "metadata": {
          "segment_id": 78243,
          "street_id": 606911390,
          "street_name": "Ph\u01b0\u1eddng \u0110\u00f4ng H\u00f2a",
          "street_type": "residential",
          "street_level": 4,
          "street_group": "606911390",
          "composite": true
        },
        "length_hint": 167.7324289475798,
        "speed_limit": 8.333333333333334
      },
      {
        "start": "5753090654",
        "end": "2409496511",
        "reverse": false,
        "shape": {
          "type": "polyline",
          "points": [
            [
              6.33473,
              126.3957
            ],
            [
              66.78518,
              154.65075
            ],
            [
              92.4247,
              160.44495
            ],
            [
              131.62458,
              164.76285
            ],
            [
              184.4668,
              162.1377
            ],
            [
              197.9889,
              159.9066
            ],
            [
              222.0543,
              155.93835
            ],
            [
              257.16039,
              150.14415
            ],
            [
              282.37905,
              143.12895
            ],
            [
              301.87514,
              138.01185
            ],
            [
              323.5739,
              136.6965
            ],
            [
              349.94582,
              140.27625
            ],
            [
              356.61395,
              141.28635
            ]
          ]
        },
        "metadata": {
          "segment_id": 78123,
          "street_id": 606904785,
          "street_name": "Marie Curie",
          "street_type": "residential",
          "street_level": 4,
          "street_group": "606904785",
          "composite": true
        },
        "length_hint": 360.46383265164906,
        "speed_limit": 8.333333333333334
      },
      {
        "start": "5753090655",
        "end": "5753090655",
        "reverse": false,
        "shape": {
          "type": "polyline",
          "points": [
            [
              3.55816,
              131.91795
            ],
            [
              6.33473,
              126.3957
            ],
            [
              3.55816,
              131.91795
            ]
          ]
        },
        "metadata": {
          "segment_id": 78247,
          "street_id": 606911394,
          "street_name": "Ph\u01b0\u1eddng \u0110\u00f4ng H\u00f2a",
          "street_type": "unclassified",
          "street_level": 4,
          "street_group": "606911394",
          "composite": true
        },
        "length_hint": 12.361971691829721,
        "speed_limit": 11.11111111111111
      },
      {
        "start": "2409496488",
        "end": "2409496500",
        "reverse": false,
        "shape": {
          "type": "polyline",
          "points": [
            [
              564.00383,
              459.9951
            ],
            [
              705.05671,
              366.52755
            ],
            [
              708.91002,
              364.3131
            ],
            [
              762.03646,
              329.3925
            ],
            [
              763.94398,
              328.5156
            ],
            [
              789.28289,
              311.8434
            ],
            [
              794.76497,
              308.3358
            ],
            [
              819.25669,
              292.30185
            ]
          ]
        },
        "metadata": {
          "segment_id": 39585,
          "street_id": 232604863,
          "street_name": "Ph\u01b0\u1eddng B\u00ecnh Th\u1eafng",
          "street_type": "residential",
          "street_level": 4,
          "street_group": "232604863",
          "composite": true
        },
        "length_hint": 305.44307788828104,
        "speed_limit": 8.333333333333334
      },
      {
        "start": "2938729568",
        "end": "2938729568",
        "reverse": false,
        "shape": {
          "type": "polyline",
          "points": [
            [
              766.01001,
              331.86225
            ],
            [
              763.94398,
              328.5156
            ],
            [
              766.01001,
              331.86225
            ]
          ]
        },
        "metadata": {
          "segment_id": 45931,
          "street_id": 290326850,
          "street_name": "Th\u00e1nh Gi\u00f3ng",
          "street_type": "pitch",
          "street_level": 4,
          "street_group": "290326850",
          "composite": true
        },
        "length_hint": 7.8660145393712275,
        "speed_limit": 13.88888888888889
      },
      {
        "start": "5358463368",
        "end": "5358463368",
        "reverse": false,
        "shape": {
          "type": "polyline",
          "points": [
            [
              1084.76865,
              88.3893
            ],
            [
              1078.06772,
              58.4637
            ],
            [
              1084.76865,
              88.3893
            ]
          ]
        },
        "metadata": {
          "segment_id": 16188,
          "street_id": 32588499,
          "street_name": "Ho\u00e0ng H\u1eefu Nam",
          "street_type": "secondary",
          "street_level": 3,
          "street_group": "32588499",
          "composite": true
        },
        "length_hint": 61.33331878269428,
        "speed_limit": 11.11111111111111
      },
      {
        "start": "366429856",
        "end": "366429856",
        "reverse": false,
        "shape": {
          "type": "polyline",
          "points": [
            [
              1071.08804,
              36.2637
            ],
            [
              1078.06772,
              58.4637
            ],
            [
              1071.08804,
              36.2637
            ]
          ]
        },
        "metadata": {
          "segment_id": 16185,
          "street_id": 32588499,
          "street_name": "Ho\u00e0ng H\u1eefu Nam",
          "street_type": "secondary",
          "street_level": 3,
          "street_group": "32588499",
          "composite": true
        },
        "length_hint": 46.54270868363375,
        "speed_limit": 11.11111111111111
      },
      {
        "start": "5740356269",
        "end": "2938679182",
        "reverse": false,
        "shape": {
          "type": "polyline",
          "points": [
            [
              176.04965,
              631.6788
            ],
            [
              177.90252,
              624.71355
            ],
            [
              189.92702,
              579.4977
            ],
            [
              194.1192,
              565.07325
            ],
            [
              197.32209,
              552.5358
            ],
            [
              203.37807,
              532.12845
            ],
            [
              213.11791,
              502.9077
            ],
            [
              238.03596,
              430.48575
            ],
            [
              249.8801,
              401.08185
            ]
          ]
        },
        "metadata": {
          "segment_id": 74451,
          "street_id": 605158620,
          "street_name": "L\u00ea Q\u00fay \u0110\u00f4n",
          "street_type": "tertiary",
          "street_level": 4,
          "street_group": "605158620",
          "composite": true
        },
        "length_hint": 242.33304764851366,
        "speed_limit": 13.88888888888889
      },
      {
        "start": "2217928000",
        "end": "2938679136",
        "reverse": false,
        "shape": {
          "type": "polyline",
          "points": [
            [
              114.36395,
              327.1392
            ],
            [
              188.11788,
              371.12295
            ],
            [
              204.23618,
              379.7532
            ],
            [
              218.917,
              385.5252
            ],
            [
              251.80948,
              395.4042
            ]
          ]
        },
        "metadata": {
          "segment_id": 78252,
          "street_id": 606923266,
          "street_name": "Ph\u01b0\u1eddng \u0110\u00f4ng H\u00f2a",
          "street_type": "tertiary",
          "street_level": 4,
          "street_group": "606923266",
          "composite": true
        },
        "length_hint": 154.27531726604104,
        "speed_limit": 13.88888888888889
      },
      {
        "start": "2938679182",
        "end": "2938679171",
        "reverse": false,
        "shape": {
          "type": "polyline",
          "points": [
            [
              249.8801,
              401.08185
            ],
            [
              217.33742,
              389.87085
            ],
            [
              204.91392,
              384.5151
            ],
            [
              194.61111,
              379.176
            ],
            [
              160.28115,
              359.92305
            ],
            [
              111.55459,
              330.2694
            ]
          ]
        },
        "metadata": {
          "segment_id": 78256,
          "street_id": 606923267,
          "street_name": "Nguy\u1ec5n Du",
          "street_type": "tertiary",
          "street_level": 4,
          "street_group": "606923267",
          "composite": true
        },
        "length_hint": 155.95310445085647,
        "speed_limit": 13.88888888888889
      },
      {
        "start": "5753161659",
        "end": "2217928000",
        "reverse": false,
        "shape": {
          "type": "polyline",
          "points": [
            [
              0.0,
              270.13515
            ],
            [
              1.51399,
              270.6957
            ],
            [
              34.19878,
              279.29265
            ],
            [
              114.36395,
              327.1392
            ]
          ]
        },
        "metadata": {
          "segment_id": 33701,
          "street_id": 211848194,
          "street_name": "Nguy\u1ec5n Du",
          "street_type": "tertiary",
          "street_level": 4,
          "street_group": "211848194",
          "composite": true
        },
        "length_hint": 128.76908813708684,
        "speed_limit": 13.88888888888889
      },
      {
        "start": "2949182355",
        "end": "2938679170",
        "reverse": false,
        "shape": {
          "type": "polyline",
          "points": [
            [
              394.07575,
              29.05425
            ],
            [
              390.09673,
              42.4908
            ],
            [
              376.29041,
              82.4841
            ],
            [
              365.96027,
              113.35875
            ],
            [
              356.61395,
              141.28635
            ],
            [
              353.65155,
              151.0266
            ],
            [
              330.0398,
              216.0393
            ],
            [
              315.64319,
              252.3252
            ],
            [
              310.72408,
              264.72945
            ],
            [
              304.40575,
              280.23615
            ],
            [
              290.27696,
              314.89035
            ],
            [
              258.10595,
              393.828
            ],
            [
              254.67897,
              401.38155
            ]
          ]
        },
        "metadata": {
          "segment_id": 74439,
          "street_id": 605158619,
          "street_name": "L\u00ea Qu\u00fd \u0110\u00f4n",
          "street_type": "tertiary",
          "street_level": 4,
          "street_group": "605158619",
          "composite": true
        },
        "length_hint": 397.7640878422122,
        "speed_limit": 13.88888888888889
      },
      {
        "start": "2940783491",
        "end": "2949182362",
        "reverse": false,
        "shape": {
          "type": "polyline",
          "points": [
            [
              475.73305,
              0.0
            ],
            [
              467.3159,
              4.8729
            ],
            [
              461.00304,
              6.8043
            ],
            [
              453.94684,
              9.1797
            ],
            [
              443.17398,
              13.49205
            ],
            [
              427.19232,
              19.34175
            ],
            [
              419.79179,
              21.3897
            ],
            [
              411.7299,
              22.9992
            ],
            [
              398.32805,
              25.21365
            ]
          ]
        },
        "metadata": {
          "segment_id": 33686,
          "street_id": 211848193,
          "street_name": "Qu\u1ea3ng tr\u01b0\u1eddng s\u00e1ng t\u1ea1o",
          "street_type": "tertiary",
          "street_level": 4,
          "street_group": "211848193",
          "composite": true
        },
        "length_hint": 81.87865534772554,
        "speed_limit": 13.88888888888889
      },
      {
        "start": "5750505251",
        "end": "5750505251",
        "reverse": false,
        "shape": {
          "type": "polyline",
          "points": [
            [
              385.96467,
              493.14525
            ],
            [
              380.23664,
              496.29765
            ],
            [
              385.96467,
              493.14525
            ]
          ]
        },
        "metadata": {
          "segment_id": 77391,
          "street_id": 606526846,
          "street_name": "Ph\u01b0\u1eddng \u0110\u00f4ng H\u00f2a",
          "street_type": "tertiary_link",
          "street_level": 4,
          "street_group": "606526846",
          "composite": true
        },
        "length_hint": 13.07638381830388,
        "speed_limit": 11.11111111111111
      },
      {
        "start": "5753048950",
        "end": "5753048950",
        "reverse": false,
        "shape": {
          "type": "polyline",
          "points": [
            [
              285.27039,
              311.9655
            ],
            [
              290.27696,
              314.89035
            ],
            [
              285.27039,
              311.9655
            ]
          ]
        },
        "metadata": {
          "segment_id": 78109,
          "street_id": 606904780,
          "street_name": "L\u00ea Qu\u00fd \u0110\u00f4n",
          "street_type": "tertiary_link",
          "street_level": 4,
          "street_group": "606904780",
          "composite": true
        },
        "length_hint": 11.596635837586604,
        "speed_limit": 11.11111111111111
      },
      {
        "start": "5753048952",
        "end": "5753048952",
        "reverse": false,
        "shape": {
          "type": "polyline",
          "points": [
            [
              310.65303,
              250.14405
            ],
            [
              315.64319,
              252.3252
            ],
            [
              310.65303,
              250.14405
            ]
          ]
        },
        "metadata": {
          "segment_id": 78111,
          "street_id": 606904781,
          "street_name": "L\u00ea Qu\u00fd \u0110\u00f4n",
          "street_type": "tertiary_link",
          "street_level": 4,
          "street_group": "606904781",
          "composite": true
        },
        "length_hint": 10.892036016851954,
        "speed_limit": 11.11111111111111
      },
      {
        "start": "5753048954",
        "end": "5753048954",
        "reverse": false,
        "shape": {
          "type": "polyline",
          "points": [
            [
              299.41012,
              277.83855
            ],
            [
              304.40575,
              280.23615
            ],
            [
              299.41012,
              277.83855
            ]
          ]
        },
        "metadata": {
          "segment_id": 78113,
          "street_id": 606904782,
          "street_name": "L\u00ea Qu\u00fd \u0110\u00f4n",
          "street_type": "tertiary_link",
          "street_level": 4,
          "street_group": "606904782",
          "composite": true
        },
        "length_hint": 11.082383291855612,
        "speed_limit": 11.11111111111111
      },
      {
        "start": "5753048955",
        "end": "5753048955",
        "reverse": false,
        "shape": {
          "type": "polyline",
          "points": [
            [
              365.96027,
              113.35875
            ],
            [
              360.90452,
              111.4884
            ],
            [
              365.96027,
              113.35875
            ]
          ]
        },
        "metadata": {
          "segment_id": 78116,
          "street_id": 606904783,
          "street_name": "L\u00ea Q\u00fay \u0110\u00f4n",
          "street_type": "tertiary_link",
          "street_level": 4,
          "street_group": "606904783",
          "composite": true
        },
        "length_hint": 10.781246158955819,
        "speed_limit": 11.11111111111111
      },
      {
        "start": "2938679171",
        "end": "2938679153",
        "reverse": false,
        "shape": {
          "type": "polyline",
          "points": [
            [
              111.55459,
              330.2694
            ],
            [
              32.0617,
              282.96675
            ]
          ]
        },
        "metadata": {
          "segment_id": 45903,
          "street_id": 290318808,
          "street_name": "Nguy\u1ec5n Du",
          "street_type": "tertiary",
          "street_level": 4,
          "street_group": "290318808",
          "composite": true
        },
        "length_hint": 92.50221758192937,
        "speed_limit": 13.88888888888889
      },
      {
        "start": "2938679193",
        "end": "2409496501",
        "reverse": false,
        "shape": {
          "type": "polyline",
          "points": [
            [
              418.54561,
              554.4894
            ],
            [
              423.34994,
              551.3703
            ]
          ]
        },
        "metadata": {
          "segment_id": 78246,
          "street_id": 606911392,
          "street_name": "Ph\u01b0\u1eddng \u0110\u00f4ng H\u00f2a",
          "street_type": "residential",
          "street_level": 4,
          "street_group": "606911392",
          "composite": true
        },
        "length_hint": 5.728033830111337,
        "speed_limit": 8.333333333333334
      },
      {
        "start": "2942307741",
        "end": "5740315569",
        "reverse": false,
        "shape": {
          "type": "polyline",
          "points": [
            [
              179.56955,
              639.7707
            ],
            [
              178.26872,
              644.66025
            ],
            [
              168.52887,
              678.75945
            ],
            [
              159.80017,
              718.5585
            ]
          ]
        },
        "metadata": {
          "segment_id": 74432,
          "street_id": 605154930,
          "street_name": "L\u00ea Qu\u00fd \u0110\u00f4n",
          "street_type": "tertiary",
          "street_level": 4,
          "street_group": "605154930",
          "composite": true
        },
        "length_hint": 81.26756488205673,
        "speed_limit": 13.88888888888889
      },
      {
        "start": "5740315570",
        "end": "2938679188",
        "reverse": false,
        "shape": {
          "type": "polyline",
          "points": [
            [
              154.51486,
              717.0267
            ],
            [
              163.14517,
              677.6661
            ],
            [
              172.91235,
              643.4781
            ]
          ]
        },
        "metadata": {
          "segment_id": 74435,
          "street_id": 605154931,
          "street_name": "L\u00ea Q\u00fay \u0110\u00f4n",
          "street_type": "tertiary",
          "street_level": 4,
          "street_group": "605154931",
          "composite": true
        },
        "length_hint": 75.85147739321897,
        "speed_limit": 13.88888888888889
      },
      {
        "start": "2942307753",
        "end": "2942307743",
        "reverse": false,
        "shape": {
          "type": "polyline",
          "points": [
            [
              194.87346,
              656.2653
            ],
            [
              199.37172,
              659.00145
            ],
            [
              228.79896,
              693.86655
            ],
            [
              248.62299,
              715.80015
            ]
          ]
        },
        "metadata": {
          "segment_id": 46191,
          "street_id": 290725745,
          "street_name": "Ph\u01b0\u1eddng \u0110\u00f4ng H\u00f2a",
          "street_type": "unclassified",
          "street_level": 4,
          "street_group": "290725745",
          "composite": true
        },
        "length_hint": 80.45369079889332,
        "speed_limit": 11.11111111111111
      },
      {
        "start": "2942307755",
        "end": "2942307753",
        "reverse": false,
        "shape": {
          "type": "polyline",
          "points": [
            [
              224.42641,
              697.81815
            ],
            [
              193.86778,
              663.68565
            ],
            [
              194.87346,
              656.2653
            ]
          ]
        },
        "metadata": {
          "segment_id": 46187,
          "street_id": 290725740,
          "street_name": "Ph\u01b0\u1eddng \u0110\u00f4ng H\u00f2a",
          "street_type": "unclassified",
          "street_level": 4,
          "street_group": "290725740",
          "composite": true
        },
        "length_hint": 53.30147851779479,
        "speed_limit": 11.11111111111111
      },
      {
        "start": "2942307756",
        "end": "2942307756",
        "reverse": false,
        "shape": {
          "type": "polyline",
          "points": [
            [
              228.79896,
              693.86655
            ],
            [
              224.42641,
              697.81815
            ],
            [
              228.79896,
              693.86655
            ]
          ]
        },
        "metadata": {
          "segment_id": 46190,
          "street_id": 290725741,
          "street_name": "Ph\u01b0\u1eddng \u0110\u00f4ng H\u00f2a",
          "street_type": "unclassified",
          "street_level": 4,
          "street_group": "290725741",
          "composite": true
        },
        "length_hint": 11.787168627367608,
        "speed_limit": 11.11111111111111
      },
      {
        "start": "2949182365",
        "end": "2949182397",
        "reverse": false,
        "shape": {
          "type": "polyline",
          "points": [
            [
              396.35494,
              20.7126
            ],
            [
              401.80422,
              20.55165
            ],
            [
              408.83856,
              19.3806
            ],
            [
              422.32786,
              16.16715
            ],
            [
              437.1344,
              11.4885
            ],
            [
              448.86375,
              7.104
            ],
            [
              457.43394,
              3.3411
            ],
            [
              461.17794,
              1.69275
            ]
          ]
        },
        "metadata": {
          "segment_id": 46417,
          "street_id": 291445897,
          "street_name": "Qu\u1ea3ng tr\u01b0\u1eddng s\u00e1ng t\u1ea1o",
          "street_type": "tertiary",
          "street_level": 4,
          "street_group": "291445897",
          "composite": true
        },
        "length_hint": 67.95045626845396,
        "speed_limit": 13.88888888888889
      },
      {
        "start": "5740315569",
        "end": "5740315569",
        "reverse": false,
        "shape": {
          "type": "polyline",
          "points": [
            [
              159.80017,
              718.5585
            ],
            [
              154.51486,
              717.0267
            ],
            [
              159.80017,
              718.5585
            ]
          ]
        },
        "metadata": {
          "segment_id": 74417,
          "street_id": 605147906,
          "street_name": "Ph\u01b0\u1eddng \u0110\u00f4ng H\u00f2a",
          "street_type": "tertiary_link",
          "street_level": 4,
          "street_group": "605147906",
          "composite": true
        },
        "length_hint": 11.005619116814835,
        "speed_limit": 11.11111111111111
      }
    ]
  }
}