{
  "observation": {
    "type": "Kinematics"
  },
  "action": {
    "type": "DiscreteMetaAction"
  },
  "simulation_frequency": 15,
  "policy_frequency": 1,
  "other_vehicles_type": "highway_env.vehicle.behavior.IDMVehicle",
  "screen_width": 600,
  "screen_height": 150,
  "centering_position": [
    0.3,
    0.5
  ],
  "scaling": 5.5,
  "show_trajectories": false,
  "render_agent": true,
  "offscreen_rendering": false,
  "manual_control": false,
  "real_time_rendering": false,
  "destination": null,
  "initial_vehicle_count": 0,
  "controlled_vehicles": 0,
  "spawn_probability": 0.0,
  "duration": 40.0,
  "collision_reward": -5,
  "high_speed_reward": 1.0,
  "arrived_reward": 1.0,
  "reward_speed_range": [
    6.0,
    12.0
  ],
  "auto_curve": false,
  "corner_radius": 25.0,
  "curve_samples": 8,
  "exit_distance": 5.0,
  "graph": {
    "nodes": {
      "5733535232": [
        760.1508,
        653.9787
      ],
      "714480649": [
        365.85642,
        286.30785
      ],
      "5733535243": [
        599.2083,
        961.11015
      ],
      "2274989071": [
        558.51629,
        970.30095
      ],
      "366454800": [
        384.74036,
        933.50445
      ],
      "5733535251": [
        842.94497,
        779.56965
      ],
      "5733535252": [
        727.82675,
        878.32635
      ],
      "366431253": [
        518.05383,
        1015.73325
      ],
      "2274989075": [
        167.39747,
        960.11115
      ],
      "370818071": [
        800.3509,
        790.9416
      ],
      "2274989078": [
        563.58297,
        968.1531
      ],
      "2274989081": [
        594.88494,
        932.3223
      ],
      "2274989084": [
        586.89411,
        937.22295
      ],
      "366401053": [
        115.86701,
        964.7565
      ],
      "2274989087": [
        548.7819,
        953.4567
      ],
      "2274989090": [
        578.07797,
        945.4203
      ],
      "2274989093": [
        559.04099,
        974.58555
      ],
      "2967125545": [
        845.67781,
        779.6085
      ],
      "2967125546": [
        867.44762,
        763.61895
      ],
      "2274989097": [
        558.38511,
        981.462
      ],
      "2274989100": [
        527.87567,
        946.45815
      ],
      "2361106992": [
        578.30206,
        961.13235
      ],
      "2361106993": [
        569.38753,
        979.8192
      ],
      "2361106994": [
        558.56548,
        929.0811
      ],
      "366403123": [
        412.09064,
        1087.2561
      ],
      "2274989106": [
        114.97064,
        990.74715
      ],
      "2361106996": [
        576.98483,
        965.811
      ],
      "2361106997": [
        574.56353,
        971.51085
      ],
      "2274989104": [
        573.16978,
        950.85375
      ],
      "2361106995": [
        569.50231,
        934.8087
      ],
      "1834115848": [
        309.76212,
        1075.09605
      ],
      "5473242178": [
        609.62042,
        954.6
      ],
      "1835411011": [
        279.25268,
        965.3892
      ],
      "1835411013": [
        285.81696,
        991.42425
      ],
      "3178488393": [
        534.45088,
        1005.99855
      ],
      "1835411018": [
        296.13617,
        1042.90605
      ],
      "1834115850": [
        310.90445,
        1078.4094
      ],
      "2657238750": [
        459.38519,
        410.589
      ],
      "5473135702": [
        837.85095,
        784.14285
      ],
      "1835411033": [
        39.81204,
        1075.28475
      ],
      "5473153629": [
        853.73969,
        778.332
      ],
      "5473153630": [
        860.23292,
        780.9627
      ],
      "5473153631": [
        866.23424,
        784.28715
      ],
      "5473153632": [
        873.6785,
        790.71405
      ],
      "5473153633": [
        880.34117,
        798.47295
      ],
      "5473153634": [
        886.89999,
        806.45385
      ],
      "5473153635": [
        893.22925,
        815.32275
      ],
      "1834115854": [
        310.72408,
        1084.2813
      ],
      "3628303464": [
        365.00378,
        952.7241
      ],
      "3628303465": [
        55.25806,
        1027.51035
      ],
      "1834115856": [
        308.25359,
        1091.13555
      ],
      "3628303467": [
        70.35427,
        1040.27535
      ],
      "5738267247": [
        223.47538,
        1094.14365
      ],
      "1832031359": [
        696.27336,
        587.856
      ],
      "366430851": [
        203.03919,
        937.51155
      ],
      "5738267277": [
        37.59843,
        1077.78225
      ],
      "5473139855": [
        855.45591,
        796.0365
      ],
      "5473139856": [
        852.23116,
        790.49205
      ],
      "366416529": [
        816.25057,
        800.70405
      ],
      "5473139857": [
        850.3455,
        786.06315
      ],
      "5473139858": [
        849.67869,
        782.8497
      ],
      "5473139859": [
        848.90256,
        777.30525
      ],
      "5473139860": [
        848.56915,
        772.3158
      ],
      "5473139861": [
        850.3455,
        763.78545
      ],
      "5473139862": [
        851.78844,
        760.017
      ],
      "5473139863": [
        853.34616,
        755.80455
      ],
      "5473139864": [
        856.78954,
        751.9251
      ],
      "5473139865": [
        861.23314,
        748.26765
      ],
      "1894611104": [
        749.02813,
        673.80885
      ],
      "366474429": [
        641.54548,
        918.83025
      ],
      "1833101503": [
        171.5022,
        940.39755
      ],
      "5175149760": [
        868.79218,
        77.67225
      ],
      "3706401989": [
        27.25736,
        1061.8371
      ],
      "1834115781": [
        275.26273,
        1017.3705
      ],
      "1834115785": [
        281.99645,
        1018.1919
      ],
      "1834115787": [
        270.58957,
        1019.2908
      ],
      "1834115789": [
        286.94836,
        1020.5229
      ],
      "1833101518": [
        157.29689,
        944.94855
      ],
      "2274985169": [
        198.40429,
        956.6757
      ],
      "1834115794": [
        262.61514,
        1026.55575
      ],
      "714480340": [
        676.95764,
        896.14185
      ],
      "3056709333": [
        858.09584,
        744.58245
      ],
      "2274985174": [
        134.51593,
        975.21825
      ],
      "2274985175": [
        256.75046,
        954.62775
      ],
      "2274985176": [
        394.7043,
        950.16555
      ],
      "2274985173": [
        99.30053,
        1009.31745
      ],
      "1834115797": [
        291.06948,
        1029.98565
      ],
      "1834115803": [
        252.30686,
        1033.95945
      ],
      "3056709340": [
        822.2191,
        772.9929
      ],
      "366414045": [
        605.2752,
        957.30285
      ],
      "1834115806": [
        229.51496,
        1049.838
      ],
      "1834115805": [
        232.98567,
        1045.00395
      ],
      "5733481184": [
        847.07702,
        753.357
      ],
      "1834115809": [
        227.00621,
        1057.85775
      ],
      "1833373405": [
        754.24786,
        821.07255
      ],
      "3706402019": [
        0.0,
        1094.5932
      ],
      "1834115807": [
        299.45384,
        1051.37535
      ],
      "5473233125": [
        578.70105,
        954.51675
      ],
      "5473233126": [
        608.32506,
        944.9319
      ],
      "1834115815": [
        305.36225,
        1066.59345
      ],
      "5473233127": [
        620.73762,
        943.22805
      ],
      "714480361": [
        487.51706,
        434.22645
      ],
      "5473233124": [
        568.37638,
        958.62375
      ],
      "5473233122": [
        552.21435,
        957.14745
      ],
      "5473233123": [
        541.07529,
        950.57625
      ],
      "714480368": [
        682.10631,
        891.49095
      ],
      "1832031480": [
        775.94116,
        704.9499
      ],
      "1832031487": [
        829.90385,
        733.36035
      ],
      "1832031490": [
        815.11917,
        748.1733
      ],
      "5473176322": [
        837.21693,
        777.49395
      ],
      "714480388": [
        330.25297,
        251.30955
      ],
      "5473176325": [
        831.22654,
        767.27085
      ],
      "5473176323": [
        834.86122,
        775.5348
      ],
      "5473176324": [
        831.78404,
        770.2845
      ],
      "5473175304": [
        865.09738,
        773.5146
      ],
      "5473176326": [
        831.57088,
        763.2471
      ],
      "5473175306": [
        833.1122,
        759.51195
      ],
      "5473175307": [
        835.7084,
        756.41505
      ],
      "1834115852": [
        225.30092,
        1080.1854
      ],
      "5473175308": [
        839.11899,
        754.23945
      ],
      "5473175309": [
        843.03242,
        753.18495
      ],
      "5473175311": [
        850.5368,
        754.5447
      ],
      "5473175312": [
        853.53746,
        756.6315
      ],
      "5473175313": [
        855.85491,
        759.4509
      ],
      "366416658": [
        139.99801,
        950.493
      ],
      "5473175315": [
        857.81709,
        766.4106
      ],
      "5473175314": [
        857.31971,
        762.792
      ],
      "5473175317": [
        857.00817,
        770.93385
      ],
      "5473175318": [
        854.70165,
        774.9132
      ],
      "714480407": [
        792.25622,
        687.9114
      ],
      "5473175319": [
        849.43273,
        778.71495
      ],
      "5473175320": [
        847.5908,
        779.2977
      ],
      "5475834133": [
        436.99229,
        390.9309
      ],
      "1834115858": [
        307.01288,
        1103.20125
      ],
      "714480414": [
        597.19692,
        521.6001
      ],
      "1833373473": [
        653.85966,
        911.69295
      ],
      "1833373478": [
        629.40619,
        923.53665
      ],
      "1833373480": [
        605.05111,
        928.02105
      ],
      "1833373486": [
        450.49253,
        930.6462
      ],
      "714480434": [
        290.80713,
        208.3359
      ],
      "1833373495": [
        364.75236,
        933.4545
      ],
      "1833373496": [
        282.90922,
        935.7522
      ],
      "1833373497": [
        223.05999,
        937.06755
      ],
      "1833373498": [
        635.78465,
        940.2033
      ],
      "2274992956": [
        274.38822,
        224.89155
      ],
      "5614661436": [
        827.04529,
        792.429
      ],
      "714480447": [
        206.37873,
        152.98575
      ],
      "714480452": [
        710.07421,
        601.0539
      ],
      "1833101638": [
        86.48897,
        992.50095
      ],
      "714480457": [
        705.05671,
        623.21505
      ],
      "5738009429": [
        455.73412,
        1060.938
      ],
      "5738009430": [
        434.04629,
        1072.6929
      ],
      "714480472": [
        502.92482,
        416.8605
      ],
      "714480475": [
        268.52901,
        185.86395
      ],
      "5473231711": [
        757.66391,
        822.27135
      ],
      "5473231712": [
        767.49121,
        836.7846
      ],
      "5473231713": [
        769.52991,
        841.8795
      ],
      "5473231714": [
        769.14731,
        845.05965
      ],
      "5473231715": [
        766.72602,
        850.0269
      ],
      "2321477476": [
        861.14022,
        802.9296
      ],
      "5473231716": [
        757.02443,
        857.1531
      ],
      "5473231717": [
        730.60878,
        877.01655
      ],
      "5473231718": [
        726.01214,
        879.18105
      ],
      "4947229032": [
        165.59926,
        960.9381
      ],
      "5473231720": [
        557.23732,
        965.46135
      ],
      "714480492": [
        254.98504,
        204.77835
      ],
      "714480495": [
        615.47963,
        512.21505
      ],
      "5473181554": [
        851.17628,
        777.87135
      ],
      "4625335669": [
        293.0262,
        210.76125
      ],
      "4625335670": [
        288.40223,
        205.7718
      ],
      "4625335671": [
        271.51874,
        221.91675
      ],
      "4625335672": [
        276.24655,
        226.81185
      ],
      "5728549241": [
        275.38297,
        954.3003
      ],
      "714480511": [
        234.08427,
        147.45795
      ],
      "366475653": [
        723.53072,
        876.6447
      ],
      "714480525": [
        114.30929,
        23.81505
      ],
      "5733534608": [
        717.07575,
        882.9828
      ],
      "366410129": [
        593.96124,
        928.182
      ],
      "5733534609": [
        723.33942,
        881.60085
      ],
      "5733534619": [
        553.0506,
        992.02365
      ],
      "5733534620": [
        506.17691,
        1024.74645
      ],
      "1833101724": [
        238.16714,
        1040.80815
      ],
      "2967121823": [
        707.08995,
        870.5841
      ],
      "714480543": [
        741.98287,
        840.04245
      ],
      "2967121824": [
        712.61575,
        887.3562
      ],
      "2967121826": [
        666.67122,
        922.9206
      ],
      "2967121825": [
        701.2362,
        875.35155
      ],
      "3628302758": [
        638.67053,
        938.7159
      ],
      "3647266727": [
        285.40704,
        202.56945
      ],
      "4602754987": [
        582.07338,
        941.00805
      ],
      "5473233121": [
        554.182,
        960.55515
      ],
      "714480565": [
        343.52911,
        296.4477
      ],
      "5473218489": [
        575.73319,
        942.7008
      ],
      "5473218490": [
        833.01382,
        773.08725
      ],
      "5473218491": [
        839.9607,
        778.85925
      ],
      "714480591": [
        97.67722,
        38.4837
      ],
      "714480597": [
        452.98488,
        375.87375
      ],
      "714480608": [
        698.92422,
        877.233
      ],
      "1833101806": [
        9.26433,
        1083.88725
      ],
      "4886880240": [
        781.37405,
        44.46105
      ],
      "4886880241": [
        717.74803,
        20.7681
      ],
      "4886880242": [
        632.7184,
        15.21255
      ],
      "4886880243": [
        531.565,
        0.0
      ],
      "714480628": [
        414.01456,
        370.75665
      ],
      "5733535221": [
        843.74295,
        779.63625
      ]
    },
    "edges": [
      {
        "start": "4625335669",
        "end": "714480407",
        "reverse": false,
        "shape": {
          "type": "polyline",
          "points": [
            [
              293.0262,
              210.76125
            ],
            [
              330.25297,
              251.30955
            ],
            [
              365.85642,
              286.30785
            ],
            [
              452.98488,
              375.87375
            ],
            [
              502.92482,
              416.8605
            ],
            [
              615.47963,
              512.21505
            ],
            [
              696.27336,
              587.856
            ],
            [
              710.07421,
              601.0539
            ],
            [
              760.1508,
              653.9787
            ],
            [
              792.25622,
              687.9114
            ]
          ]
        },
        "metadata": {
          "segment_id": 27499,
          "street_id": 172404015,
          "street_name": "V\u00f5 Ch\u00ed C\u00f4ng",
          "street_type": "trunk",
          "street_level": 1,
          "street_group": "172404015",
          "composite": true
        },
        "length_hint": 691.3925276436104,
        "speed_limit": 16.666666666666668
      },
      {
        "start": "366414045",
        "end": "366414045",
        "reverse": false,
        "shape": {
          "type": "polyline",
          "points": [
            [
              605.2752,
              957.30285
            ],
            [
              599.2083,
              961.11015
            ],
            [
              605.2752,
              957.30285
            ]
          ]
        },
        "metadata": {
          "segment_id": 19935,
          "street_id": 33287653,
          "street_name": "Nguy\u1ec5n Th\u1ecb \u0110\u1ecbnh",
          "street_type": "secondary",
          "street_level": 3,
          "street_group": "33287653",
          "composite": true
        },
        "length_hint": 14.325195831122162,
        "speed_limit": 11.11111111111111
      },
      {
        "start": "366414045",
        "end": "366414045",
        "reverse": false,
        "shape": {
          "type": "polyline",
          "points": [
            [
              605.2752,
              957.30285
            ],
            [
              609.62042,
              954.6
            ],
            [
              605.2752,
              957.30285
            ]
          ]
        },
        "metadata": {
          "segment_id": 19936,
          "street_id": 33287653,
          "street_name": "Nguy\u1ec5n Th\u1ecb \u0110\u1ecbnh",
          "street_type": "secondary",
          "street_level": 3,
          "street_group": "33287653",
          "composite": true
        },
        "length_hint": 10.234517081113193,
        "speed_limit": 11.11111111111111
      },
      {
        "start": "1833373498",
        "end": "1833373498",
        "reverse": false,
        "shape": {
          "type": "polyline",
          "points": [
            [
              635.78465,
              940.2033
            ],
            [
              609.62042,
              954.6
            ],
            [
              635.78465,
              940.2033
            ]
          ]
        },
        "metadata": {
          "segment_id": 19939,
          "street_id": 33287653,
          "street_name": "Nguy\u1ec5n Th\u1ecb \u0110\u1ecbnh",
          "street_type": "secondary",
          "street_level": 3,
          "street_group": "33287653",
          "composite": true
        },
        "length_hint": 59.72710950256692,
        "speed_limit": 16.666666666666668
      },
      {
        "start": "5733535243",
        "end": "5733535243",
        "reverse": false,
        "shape": {
          "type": "polyline",
          "points": [
            [
              599.2083,
              961.11015
            ],
            [
              569.38753,
              979.8192
            ],
            [
              599.2083,
              961.11015
            ]
          ]
        },
        "metadata": {
          "segment_id": 19933,
          "street_id": 33287653,
          "street_name": "Nguy\u1ec5n Th\u1ecb \u0110\u1ecbnh",
          "street_type": "secondary",
          "street_level": 3,
          "street_group": "33287653",
          "composite": true
        },
        "length_hint": 70.40758127632007,
        "speed_limit": 11.11111111111111
      },
      {
        "start": "366403123",
        "end": "366403123",
        "reverse": false,
        "shape": {
          "type": "polyline",
          "points": [
            [
              412.09064,
              1087.2561
            ],
            [
              434.04629,
              1072.6929
            ],
            [
              412.09064,
              1087.2561
            ]
          ]
        },
        "metadata": {
          "segment_id": 19918,
          "street_id": 33287653,
          "street_name": "Nguy\u1ec5n Th\u1ecb \u0110\u1ecbnh",
          "street_type": "secondary",
          "street_level": 3,
          "street_group": "33287653",
          "composite": true
        },
        "length_hint": 52.69297338972251,
        "speed_limit": 11.11111111111111
      },
      {
        "start": "5733534620",
        "end": "5733534620",
        "reverse": false,
        "shape": {
          "type": "polyline",
          "points": [
            [
              506.17691,
              1024.74645
            ],
            [
              455.73412,
              1060.938
            ],
            [
              506.17691,
              1024.74645
            ]
          ]
        },
        "metadata": {
          "segment_id": 19923,
          "street_id": 33287653,
          "street_name": "Nguy\u1ec5n Th\u1ecb \u0110\u1ecbnh",
          "street_type": "secondary",
          "street_level": 3,
          "street_group": "33287653",
          "composite": true
        },
        "length_hint": 124.16607192605555,
        "speed_limit": 11.11111111111111
      },
      {
        "start": "5733534620",
        "end": "5733534620",
        "reverse": false,
        "shape": {
          "type": "polyline",
          "points": [
            [
              506.17691,
              1024.74645
            ],
            [
              518.05383,
              1015.73325
            ],
            [
              506.17691,
              1024.74645
            ]
          ]
        },
        "metadata": {
          "segment_id": 19924,
          "street_id": 33287653,
          "street_name": "Nguy\u1ec5n Th\u1ecb \u0110\u1ecbnh",
          "street_type": "secondary",
          "street_level": 3,
          "street_group": "33287653",
          "composite": true
        },
        "length_hint": 29.819389861390526,
        "speed_limit": 11.11111111111111
      },
      {
        "start": "5738009429",
        "end": "5738009429",
        "reverse": false,
        "shape": {
          "type": "polyline",
          "points": [
            [
              455.73412,
              1060.938
            ],
            [
              434.04629,
              1072.6929
            ],
            [
              455.73412,
              1060.938
            ]
          ]
        },
        "metadata": {
          "segment_id": 19921,
          "street_id": 33287653,
          "street_name": "Nguy\u1ec5n Th\u1ecb \u0110\u1ecbnh",
          "street_type": "secondary",
          "street_level": 3,
          "street_group": "33287653",
          "composite": true
        },
        "length_hint": 49.337192628640665,
        "speed_limit": 11.11111111111111
      },
      {
        "start": "5733534619",
        "end": "5733534619",
        "reverse": false,
        "shape": {
          "type": "polyline",
          "points": [
            [
              553.0506,
              992.02365
            ],
            [
              534.45088,
              1005.99855
            ],
            [
              553.0506,
              992.02365
            ]
          ]
        },
        "metadata": {
          "segment_id": 19929,
          "street_id": 33287653,
          "street_name": "Nguy\u1ec5n Th\u1ecb \u0110\u1ecbnh",
          "street_type": "secondary",
          "street_level": 3,
          "street_group": "33287653",
          "composite": true
        },
        "length_hint": 46.52944934505041,
        "speed_limit": 11.11111111111111
      },
      {
        "start": "5733534619",
        "end": "5733534619",
        "reverse": false,
        "shape": {
          "type": "polyline",
          "points": [
            [
              553.0506,
              992.02365
            ],
            [
              569.38753,
              979.8192
            ],
            [
              553.0506,
              992.02365
            ]
          ]
        },
        "metadata": {
          "segment_id": 19930,
          "street_id": 33287653,
          "street_name": "Nguy\u1ec5n Th\u1ecb \u0110\u1ecbnh",
          "street_type": "secondary",
          "street_level": 3,
          "street_group": "33287653",
          "composite": true
        },
        "length_hint": 40.78450105750452,
        "speed_limit": 11.11111111111111
      },
      {
        "start": "366431253",
        "end": "366431253",
        "reverse": false,
        "shape": {
          "type": "polyline",
          "points": [
            [
              518.05383,
              1015.73325
            ],
            [
              534.45088,
              1005.99855
            ],
            [
              518.05383,
              1015.73325
            ]
          ]
        },
        "metadata": {
          "segment_id": 19926,
          "street_id": 33287653,
          "street_name": "Nguy\u1ec5n Th\u1ecb \u0110\u1ecbnh",
          "street_type": "secondary",
          "street_level": 3,
          "street_group": "33287653",
          "composite": true
        },
        "length_hint": 38.13804571776067,
        "speed_limit": 11.11111111111111
      },
      {
        "start": "5733534619",
        "end": "2274989100",
        "reverse": false,
        "shape": {
          "type": "polyline",
          "points": [
            [
              553.0506,
              992.02365
            ],
            [
              558.38511,
              981.462
            ],
            [
              559.04099,
              974.58555
            ],
            [
              558.51629,
              970.30095
            ],
            [
              557.23732,
              965.46135
            ],
            [
              554.182,
              960.55515
            ],
            [
              552.21435,
              957.14745
            ],
            [
              548.7819,
              953.4567
            ],
            [
              541.07529,
              950.57625
            ],
            [
              527.87567,
              946.45815
            ]
          ]
        },
        "metadata": {
          "segment_id": 35790,
          "street_id": 218228446,
          "street_name": "\u0110\u01b0\u1eddng Nguy\u1ec5n Th\u1ecb \u0110inh",
          "street_type": "primary_link",
          "street_level": 3,
          "street_group": "218228446",
          "composite": true
        },
        "length_hint": 64.87175172506116,
        "speed_limit": 16.666666666666668
      },
      {
        "start": "3706402019",
        "end": "714480340",
        "reverse": false,
        "shape": {
          "type": "polyline",
          "points": [
            [
              0.0,
              1094.5932
            ],
            [
              9.26433,
              1083.88725
            ],
            [
              27.25736,
              1061.8371
            ],
            [
              55.25806,
              1027.51035
            ],
            [
              86.48897,
              992.50095
            ],
            [
              115.86701,
              964.7565
            ],
            [
              139.99801,
              950.493
            ],
            [
              157.29689,
              944.94855
            ],
            [
              171.5022,
              940.39755
            ],
            [
              203.03919,
              937.51155
            ],
            [
              223.05999,
              937.06755
            ],
            [
              282.90922,
              935.7522
            ],
            [
              364.75236,
              933.4545
            ],
            [
              384.74036,
              933.50445
            ],
            [
              450.49253,
              930.6462
            ],
            [
              558.56548,
              929.0811
            ],
            [
              593.96124,
              928.182
            ],
            [
              605.05111,
              928.02105
            ],
            [
              629.40619,
              923.53665
            ],
            [
              641.54548,
              918.83025
            ],
            [
              653.85966,
              911.69295
            ],
            [
              676.95764,
              896.14185
            ]
          ]
        },
        "metadata": {
          "segment_id": 27538,
          "street_id": 172431868,
          "street_name": "\u0110\u1ed3ng V\u0103n C\u1ed1ng",
          "street_type": "primary",
          "street_level": 2,
          "street_group": "172431868",
          "composite": true
        },
        "length_hint": 749.0338268916107,
        "speed_limit": 19.444444444444446
      },
      {
        "start": "5733535251",
        "end": "5473135702",
        "reverse": false,
        "shape": {
          "type": "polyline",
          "points": [
            [
              842.94497,
              779.56965
            ],
            [
              837.85095,
              784.14285
            ]
          ]
        },
        "metadata": {
          "segment_id": 70190,
          "street_id": 569007796,
          "street_name": "Ph\u01b0\u1eddng C\u00e1t L\u00e1i",
          "street_type": "primary",
          "street_level": 2,
          "street_group": "569007796",
          "composite": true
        },
        "length_hint": 6.845670018369228,
        "speed_limit": 16.666666666666668
      },
      {
        "start": "5473175315",
        "end": "5473175315",
        "reverse": false,
        "shape": {
          "type": "polyline",
          "points": [
            [
              857.81709,
              766.4106
            ],
            [
              857.00817,
              770.93385
            ],
            [
              854.70165,
              774.9132
            ],
            [
              851.17628,
              777.87135
            ],
            [
              849.43273,
              778.71495
            ],
            [
              847.5908,
              779.2977
            ],
            [
              845.67781,
              779.6085
            ],
            [
              843.74295,
              779.63625
            ],
            [
              842.94497,
              779.56965
            ],
            [
              839.9607,
              778.85925
            ],
            [
              837.21693,
              777.49395
            ],
            [
              834.86122,
              775.5348
            ],
            [
              833.01382,
              773.08725
            ],
            [
              831.78404,
              770.2845
            ],
            [
              831.22654,
              767.27085
            ],
            [
              831.57088,
              763.2471
            ],
            [
              833.1122,
              759.51195
            ],
            [
              835.7084,
              756.41505
            ],
            [
              839.11899,
              754.23945
            ],
            [
              843.03242,
              753.18495
            ],
            [
              847.07702,
              753.357
            ],
            [
              850.5368,
              754.5447
            ],
            [
              853.53746,
              756.6315
            ],
            [
              855.85491,
              759.4509
            ],
            [
              857.31971,
              762.792
            ],
            [
              857.81709,
              766.4106
            ]
          ]
        },
        "metadata": {
          "segment_id": 70230,
          "street_id": 569011612,
          "street_name": "V\u00f2ng xoay M\u1ef9 Th\u1ee7y",
          "street_type": "trunk",
          "street_level": 1,
          "street_group": "569011612",
          "composite": true
        },
        "length_hint": 83.25771185475675,
        "speed_limit": 11.11111111111111
      },
      {
        "start": "5733534609",
        "end": "5733534609",
        "reverse": false,
        "shape": {
          "type": "polyline",
          "points": [
            [
              723.33942,
              881.60085
            ],
            [
              726.01214,
              879.18105
            ],
            [
              723.33942,
              881.60085
            ]
          ]
        },
        "metadata": {
          "segment_id": 70266,
          "street_id": 569020909,
          "street_name": "Nguy\u1ec5n Th\u1ecb \u0110\u1ecbnh",
          "street_type": "primary_link",
          "street_level": 3,
          "street_group": "569020909",
          "composite": true
        },
        "length_hint": 7.210787540456365,
        "speed_limit": 16.666666666666668
      },
      {
        "start": "5733534609",
        "end": "5733534609",
        "reverse": false,
        "shape": {
          "type": "polyline",
          "points": [
            [
              723.33942,
              881.60085
            ],
            [
              717.07575,
              882.9828
            ],
            [
              723.33942,
              881.60085
            ]
          ]
        },
        "metadata": {
          "segment_id": 70267,
          "street_id": 569020909,
          "street_name": "Nguy\u1ec5n Th\u1ecb \u0110\u1ecbnh",
          "street_type": "primary_link",
          "street_level": 3,
          "street_group": "569020909",
          "composite": true
        },
        "length_hint": 12.828616086141245,
        "speed_limit": 16.666666666666668
      },
      {
        "start": "5473231711",
        "end": "5473231711",
        "reverse": false,
        "shape": {
          "type": "polyline",
          "points": [
            [
              757.66391,
              822.27135
            ],
            [
              754.24786,
              821.07255
            ],
            [
              757.66391,
              822.27135
            ]
          ]
        },
        "metadata": {
          "segment_id": 70248,
          "street_id": 569020909,
          "street_name": "C\u1ea7u M\u1ef9 Th\u1ee7y 2",
          "street_type": "primary_link",
          "street_level": 3,
          "street_group": "569020909",
          "composite": true
        },
        "length_hint": 7.24058534719405,
        "speed_limit": 16.666666666666668
      },
      {
        "start": "5473231711",
        "end": "5473231711",
        "reverse": false,
        "shape": {
          "type": "polyline",
          "points": [
            [
              757.66391,
              822.27135
            ],
            [
              767.49121,
              836.7846
            ],
            [
              757.66391,
              822.27135
            ]
          ]
        },
        "metadata": {
          "segment_id": 70249,
          "street_id": 569020909,
          "street_name": "C\u1ea7u M\u1ef9 Th\u1ee7y 2",
          "street_type": "primary_link",
          "street_level": 3,
          "street_group": "569020909",
          "composite": true
        },
        "length_hint": 35.054828532029646,
        "speed_limit": 16.666666666666668
      },
      {
        "start": "5473231712",
        "end": "5473231712",
        "reverse": false,
        "shape": {
          "type": "polyline",
          "points": [
            [
              767.49121,
              836.7846
            ],
            [
              769.52991,
              841.8795
            ],
            [
              767.49121,
              836.7846
            ]
          ]
        },
        "metadata": {
          "segment_id": 70251,
          "street_id": 569020909,
          "street_name": "C\u1ea7u M\u1ef9 Th\u1ee7y 1",
          "street_type": "primary_link",
          "street_level": 3,
          "street_group": "569020909",
          "composite": true
        },
        "length_hint": 10.97530021457278,
        "speed_limit": 16.666666666666668
      },
      {
        "start": "5733535252",
        "end": "5733535252",
        "reverse": false,
        "shape": {
          "type": "polyline",
          "points": [
            [
              727.82675,
              878.32635
            ],
            [
              730.60878,
              877.01655
            ],
            [
              727.82675,
              878.32635
            ]
          ]
        },
        "metadata": {
          "segment_id": 70262,
          "street_id": 569020909,
          "street_name": "C\u1ea7u M\u1ef9 Th\u1ee7y 1",
          "street_type": "primary_link",
          "street_level": 3,
          "street_group": "569020909",
          "composite": true
        },
        "length_hint": 6.149883563418227,
        "speed_limit": 16.666666666666668
      },
      {
        "start": "5733535252",
        "end": "5733535252",
        "reverse": false,
        "shape": {
          "type": "polyline",
          "points": [
            [
              727.82675,
              878.32635
            ],
            [
              726.01214,
              879.18105
            ],
            [
              727.82675,
              878.32635
            ]
          ]
        },
        "metadata": {
          "segment_id": 70263,
          "street_id": 569020909,
          "street_name": "Ph\u01b0\u1eddng C\u00e1t L\u00e1i",
          "street_type": "primary_link",
          "street_level": 3,
          "street_group": "569020909",
          "composite": true
        },
        "length_hint": 4.01164382372095,
        "speed_limit": 16.666666666666668
      },
      {
        "start": "5473231715",
        "end": "5473231715",
        "reverse": false,
        "shape": {
          "type": "polyline",
          "points": [
            [
              766.72602,
              850.0269
            ],
            [
              769.14731,
              845.05965
            ],
            [
              766.72602,
              850.0269
            ]
          ]
        },
        "metadata": {
          "segment_id": 70256,
          "street_id": 569020909,
          "street_name": "C\u1ea7u M\u1ef9 Th\u1ee7y 1",
          "street_type": "primary_link",
          "street_level": 3,
          "street_group": "569020909",
          "composite": true
        },
        "length_hint": 11.051917087383387,
        "speed_limit": 16.666666666666668
      },
      {
        "start": "5473231715",
        "end": "5473231715",
        "reverse": false,
        "shape": {
          "type": "polyline",
          "points": [
            [
              766.72602,
              850.0269
            ],
            [
              757.02443,
              857.1531
            ],
            [
              766.72602,
              850.0269
            ]
          ]
        },
        "metadata": {
          "segment_id": 70257,
          "street_id": 569020909,
          "street_name": "C\u1ea7u M\u1ef9 Th\u1ee7y 1",
          "street_type": "primary_link",
          "street_level": 3,
          "street_group": "569020909",
          "composite": true
        },
        "length_hint": 24.07518016282317,
        "speed_limit": 16.666666666666668
      },
      {
        "start": "5473231717",
        "end": "5473231717",
        "reverse": false,
        "shape": {
          "type": "polyline",
          "points": [
            [
              730.60878,
              877.01655
            ],
            [
              757.02443,
              857.1531
            ],
            [
              730.60878,
              877.01655
            ]
          ]
        },
        "metadata": {
          "segment_id": 70260,
          "street_id": 569020909,
          "street_name": "C\u1ea7u M\u1ef9 Th\u1ee7y 1",
          "street_type": "primary_link",
          "street_level": 3,
          "street_group": "569020909",
          "composite": true
        },
        "length_hint": 66.10123178353044,
        "speed_limit": 16.666666666666668
      },
      {
        "start": "5473231714",
        "end": "5473231714",
        "reverse": false,
        "shape": {
          "type": "polyline",
          "points": [
            [
              769.14731,
              845.05965
            ],
            [
              769.52991,
              841.8795
            ],
            [
              769.14731,
              845.05965
            ]
          ]
        },
        "metadata": {
          "segment_id": 70254,
          "street_id": 569020909,
          "street_name": "C\u1ea7u M\u1ef9 Th\u1ee7y 1",
          "street_type": "primary_link",
          "street_level": 3,
          "street_group": "569020909",
          "composite": true
        },
        "length_hint": 6.406164775433171,
        "speed_limit": 16.666666666666668
      },
      {
        "start": "2274989090",
        "end": "5738267277",
        "reverse": false,
        "shape": {
          "type": "polyline",
          "points": [
            [
              578.07797,
              945.4203
            ],
            [
              527.87567,
              946.45815
            ],
            [
              394.7043,
              950.16555
            ],
            [
              365.00378,
              952.7241
            ],
            [
              275.38297,
              954.3003
            ],
            [
              256.75046,
              954.62775
            ],
            [
              198.40429,
              956.6757
            ],
            [
              167.39747,
              960.11115
            ],
            [
              165.59926,
              960.9381
            ],
            [
              134.51593,
              975.21825
            ],
            [
              114.97064,
              990.74715
            ],
            [
              99.30053,
              1009.31745
            ],
            [
              70.35427,
              1040.27535
            ],
            [
              39.81204,
              1075.28475
            ],
            [
              37.59843,
              1077.78225
            ]
          ]
        },
        "metadata": {
          "segment_id": 70269,
          "street_id": 569022226,
          "street_name": "\u0110\u1ed3ng V\u0103n C\u1ed1ng",
          "street_type": "primary",
          "street_level": 2,
          "street_group": "569022226",
          "composite": true
        },
        "length_hint": 588.7220566239362,
        "speed_limit": 16.666666666666668
      },
      {
        "start": "370818071",
        "end": "5473176325",
        "reverse": false,
        "shape": {
          "type": "polyline",
          "points": [
            [
              800.3509,
              790.9416
            ],
            [
              822.2191,
              772.9929
            ],
            [
              831.22654,
              767.27085
            ]
          ]
        },
        "metadata": {
          "segment_id": 18160,
          "street_id": 32928897,
          "street_name": "\u0110\u1ed3ng V\u0103n C\u1ed1ng",
          "street_type": "primary",
          "street_level": 2,
          "street_group": "32928897",
          "composite": true
        },
        "length_hint": 38.962143922801516,
        "speed_limit": 19.444444444444446
      },
      {
        "start": "2274989097",
        "end": "2274989090",
        "reverse": false,
        "shape": {
          "type": "polyline",
          "points": [
            [
              558.38511,
              981.462
            ],
            [
              563.58297,
              968.1531
            ],
            [
              568.37638,
              958.62375
            ],
            [
              573.16978,
              950.85375
            ],
            [
              578.07797,
              945.4203
            ]
          ]
        },
        "metadata": {
          "segment_id": 35786,
          "street_id": 218228445,
          "street_name": "\u0110\u01b0\u1eddng Nguy\u1ec5n Th\u1ecb \u0110inh",
          "street_type": "primary_link",
          "street_level": 3,
          "street_group": "218228445",
          "composite": true
        },
        "length_hint": 41.40660491623161,
        "speed_limit": 16.666666666666668
      },
      {
        "start": "2274989090",
        "end": "1833373480",
        "reverse": false,
        "shape": {
          "type": "polyline",
          "points": [
            [
              578.07797,
              945.4203
            ],
            [
              582.07338,
              941.00805
            ],
            [
              586.89411,
              937.22295
            ],
            [
              594.88494,
              932.3223
            ],
            [
              605.05111,
              928.02105
            ]
          ]
        },
        "metadata": {
          "segment_id": 70293,
          "street_id": 569022228,
          "street_name": "\u0110\u1ed3ng V\u0103n C\u1ed1ng",
          "street_type": "primary_link",
          "street_level": 3,
          "street_group": "569022228",
          "composite": true
        },
        "length_hint": 32.494095103074635,
        "speed_limit": 16.666666666666668
      },
      {
        "start": "2274989090",
        "end": "2361106993",
        "reverse": false,
        "shape": {
          "type": "polyline",
          "points": [
            [
              578.07797,
              945.4203
            ],
            [
              578.70105,
              954.51675
            ],
            [
              578.30206,
              961.13235
            ],
            [
              576.98483,
              965.811
            ],
            [
              574.56353,
              971.51085
            ],
            [
              569.38753,
              979.8192
            ]
          ]
        },
        "metadata": {
          "segment_id": 70297,
          "street_id": 569022229,
          "street_name": "\u0110\u1ed3ng V\u0103n C\u1ed1ng",
          "street_type": "primary_link",
          "street_level": 3,
          "street_group": "569022229",
          "composite": true
        },
        "length_hint": 36.58749510669027,
        "speed_limit": 16.666666666666668
      },
      {
        "start": "2967125546",
        "end": "5473175315",
        "reverse": false,
        "shape": {
          "type": "polyline",
          "points": [
            [
              867.44762,
              763.61895
            ],
            [
              857.81709,
              766.4106
            ]
          ]
        },
        "metadata": {
          "segment_id": 27493,
          "street_id": 172281346,
          "street_name": "Nguy\u1ec5n Th\u1ecb \u0110\u1ecbnh",
          "street_type": "secondary",
          "street_level": 3,
          "street_group": "172281346",
          "composite": true
        },
        "length_hint": 10.02698448205643,
        "speed_limit": 11.11111111111111
      },
      {
        "start": "2361106994",
        "end": "5473218489",
        "reverse": false,
        "shape": {
          "type": "polyline",
          "points": [
            [
              558.56548,
              929.0811
            ],
            [
              569.50231,
              934.8087
            ],
            [
              575.73319,
              942.7008
            ]
          ]
        },
        "metadata": {
          "segment_id": 38948,
          "street_id": 227447490,
          "street_name": "\u0110\u1ed3ng V\u0103n C\u1ed1ng",
          "street_type": "primary_link",
          "street_level": 3,
          "street_group": "227447490",
          "composite": true
        },
        "length_hint": 22.40113790064228,
        "speed_limit": 19.444444444444446
      },
      {
        "start": "1834115797",
        "end": "1834115797",
        "reverse": false,
        "shape": {
          "type": "polyline",
          "points": [
            [
              291.06948,
              1029.98565
            ],
            [
              286.94836,
              1020.5229
            ],
            [
              291.06948,
              1029.98565
            ]
          ]
        },
        "metadata": {
          "segment_id": 71568,
          "street_id": 603448310,
          "street_name": "\u0110\u01b0\u1eddng s\u1ed1 18",
          "street_type": "unclassified",
          "street_level": 4,
          "street_group": "603448310",
          "composite": true
        },
        "length_hint": 20.642409512157315,
        "speed_limit": 11.11111111111111
      },
      {
        "start": "1834115797",
        "end": "1834115797",
        "reverse": false,
        "shape": {
          "type": "polyline",
          "points": [
            [
              291.06948,
              1029.98565
            ],
            [
              296.13617,
              1042.90605
            ],
            [
              291.06948,
              1029.98565
            ]
          ]
        },
        "metadata": {
          "segment_id": 71569,
          "street_id": 603448310,
          "street_name": "\u0110\u01b0\u1eddng s\u1ed1 18",
          "street_type": "unclassified",
          "street_level": 4,
          "street_group": "603448310",
          "composite": true
        },
        "length_hint": 27.756662891356317,
        "speed_limit": 11.11111111111111
      },
      {
        "start": "1835411018",
        "end": "1835411018",
        "reverse": false,
        "shape": {
          "type": "polyline",
          "points": [
            [
              296.13617,
              1042.90605
            ],
            [
              299.45384,
              1051.37535
            ],
            [
              296.13617,
              1042.90605
            ]
          ]
        },
        "metadata": {
          "segment_id": 71571,
          "street_id": 603448310,
          "street_name": "\u0110\u01b0\u1eddng s\u1ed1 18",
          "street_type": "unclassified",
          "street_level": 4,
          "street_group": "603448310",
          "composite": true
        },
        "length_hint": 18.191863754865768,
        "speed_limit": 11.11111111111111
      },
      {
        "start": "1834115858",
        "end": "1834115858",
        "reverse": false,
        "shape": {
          "type": "polyline",
          "points": [
            [
              307.01288,
              1103.20125
            ],
            [
              308.25359,
              1091.13555
            ],
            [
              307.01288,
              1103.20125
            ]
          ]
        },
        "metadata": {
          "segment_id": 71584,
          "street_id": 603448310,
          "street_name": "\u0110\u01b0\u1eddng s\u1ed1 18",
          "street_type": "unclassified",
          "street_level": 4,
          "street_group": "603448310",
          "composite": true
        },
        "length_hint": 24.258646111776518,
        "speed_limit": 11.11111111111111
      },
      {
        "start": "1834115856",
        "end": "1834115856",
        "reverse": false,
        "shape": {
          "type": "polyline",
          "points": [
            [
              308.25359,
              1091.13555
            ],
            [
              310.72408,
              1084.2813
            ],
            [
              308.25359,
              1091.13555
            ]
          ]
        },
        "metadata": {
          "segment_id": 71582,
          "street_id": 603448310,
          "street_name": "\u0110\u01b0\u1eddng s\u1ed1 18",
          "street_type": "unclassified",
          "street_level": 4,
          "street_group": "603448310",
          "composite": true
        },
        "length_hint": 14.571762268524472,
        "speed_limit": 11.11111111111111
      },
      {
        "start": "1834115850",
        "end": "1834115850",
        "reverse": false,
        "shape": {
          "type": "polyline",
          "points": [
            [
              310.90445,
              1078.4094
            ],
            [
              309.76212,
              1075.09605
            ],
            [
              310.90445,
              1078.4094
            ]
          ]
        },
        "metadata": {
          "segment_id": 71578,
          "street_id": 603448310,
          "street_name": "\u0110\u01b0\u1eddng s\u1ed1 18",
          "street_type": "unclassified",
          "street_level": 4,
          "street_group": "603448310",
          "composite": true
        },
        "length_hint": 7.009481022557768,
        "speed_limit": 11.11111111111111
      },
      {
        "start": "1834115850",
        "end": "1834115850",
        "reverse": false,
        "shape": {
          "type": "polyline",
          "points": [
            [
              310.90445,
              1078.4094
            ],
            [
              310.72408,
              1084.2813
            ],
            [
              310.90445,
              1078.4094
            ]
          ]
        },
        "metadata": {
          "segment_id": 71579,
          "street_id": 603448310,
          "street_name": "\u0110\u01b0\u1eddng s\u1ed1 18",
          "street_type": "unclassified",
          "street_level": 4,
          "street_group": "603448310",
          "composite": true
        },
        "length_hint": 11.749339206423674,
        "speed_limit": 11.11111111111111
      },
      {
        "start": "1834115848",
        "end": "1834115848",
        "reverse": false,
        "shape": {
          "type": "polyline",
          "points": [
            [
              309.76212,
              1075.09605
            ],
            [
              305.36225,
              1066.59345
            ],
            [
              309.76212,
              1075.09605
            ]
          ]
        },
        "metadata": {
          "segment_id": 71576,
          "street_id": 603448310,
          "street_name": "\u0110\u01b0\u1eddng s\u1ed1 18",
          "street_type": "unclassified",
          "street_level": 4,
          "street_group": "603448310",
          "composite": true
        },
        "length_hint": 19.14712122246059,
        "speed_limit": 11.11111111111111
      },
      {
        "start": "1834115807",
        "end": "1834115807",
        "reverse": false,
        "shape": {
          "type": "polyline",
          "points": [
            [
              299.45384,
              1051.37535
            ],
            [
              305.36225,
              1066.59345
            ],
            [
              299.45384,
              1051.37535
            ]
          ]
        },
        "metadata": {
          "segment_id": 71573,
          "street_id": 603448310,
          "street_name": "\u0110\u01b0\u1eddng s\u1ed1 18",
          "street_type": "unclassified",
          "street_level": 4,
          "street_group": "603448310",
          "composite": true
        },
        "length_hint": 32.64964785954676,
        "speed_limit": 11.11111111111111
      },
      {
        "start": "1835411011",
        "end": "1835411011",
        "reverse": false,
        "shape": {
          "type": "polyline",
          "points": [
            [
              279.25268,
              965.3892
            ],
            [
              275.38297,
              954.3003
            ],
            [
              279.25268,
              965.3892
            ]
          ]
        },
        "metadata": {
          "segment_id": 71562,
          "street_id": 603448310,
          "street_name": "\u0110\u01b0\u1eddng s\u1ed1 18",
          "street_type": "unclassified",
          "street_level": 4,
          "street_group": "603448310",
          "composite": true
        },
        "length_hint": 23.48943240643326,
        "speed_limit": 16.666666666666668
      },
      {
        "start": "1835411011",
        "end": "1835411011",
        "reverse": false,
        "shape": {
          "type": "polyline",
          "points": [
            [
              279.25268,
              965.3892
            ],
            [
              285.81696,
              991.42425
            ],
            [
              279.25268,
              965.3892
            ]
          ]
        },
        "metadata": {
          "segment_id": 71563,
          "street_id": 603448310,
          "street_name": "\u0110\u01b0\u1eddng s\u1ed1 18",
          "street_type": "unclassified",
          "street_level": 4,
          "street_group": "603448310",
          "composite": true
        },
        "length_hint": 53.699668543517234,
        "speed_limit": 11.11111111111111
      },
      {
        "start": "1834115789",
        "end": "1834115789",
        "reverse": false,
        "shape": {
          "type": "polyline",
          "points": [
            [
              286.94836,
              1020.5229
            ],
            [
              285.81696,
              991.42425
            ],
            [
              286.94836,
              1020.5229
            ]
          ]
        },
        "metadata": {
          "segment_id": 71566,
          "street_id": 603448310,
          "street_name": "\u0110\u01b0\u1eddng s\u1ed1 18",
          "street_type": "unclassified",
          "street_level": 4,
          "street_group": "603448310",
          "composite": true
        },
        "length_hint": 58.24127394837792,
        "speed_limit": 11.11111111111111
      },
      {
        "start": "1832031480",
        "end": "4625335672",
        "reverse": false,
        "shape": {
          "type": "polyline",
          "points": [
            [
              775.94116,
              704.9499
            ],
            [
              749.02813,
              673.80885
            ],
            [
              705.05671,
              623.21505
            ],
            [
              597.19692,
              521.6001
            ],
            [
              487.51706,
              434.22645
            ],
            [
              459.38519,
              410.589
            ],
            [
              436.99229,
              390.9309
            ],
            [
              414.01456,
              370.75665
            ],
            [
              343.52911,
              296.4477
            ],
            [
              276.24655,
              226.81185
            ]
          ]
        },
        "metadata": {
          "segment_id": 37266,
          "street_id": 223232801,
          "street_name": "V\u00f5 Ch\u00ed C\u00f4ng",
          "street_type": "trunk",
          "street_level": 1,
          "street_group": "223232801",
          "composite": true
        },
        "length_hint": 692.9751180871845,
        "speed_limit": 16.666666666666668
      },
      {
        "start": "5473135702",
        "end": "366416529",
        "reverse": false,
        "shape": {
          "type": "polyline",
          "points": [
            [
              837.85095,
              784.14285
            ],
            [
              827.04529,
              792.429
            ],
            [
              816.25057,
              800.70405
            ]
          ]
        },
        "metadata": {
          "segment_id": 70151,
          "street_id": 569004651,
          "street_name": "Nguy\u1ec5n Th\u1ecb \u0110\u1ecbnh",
          "street_type": "primary",
          "street_level": 2,
          "street_group": "569004651",
          "composite": true
        },
        "length_hint": 27.218555549792605,
        "speed_limit": 16.666666666666668
      },
      {
        "start": "5473153635",
        "end": "5473181554",
        "reverse": false,
        "shape": {
          "type": "polyline",
          "points": [
            [
              893.22925,
              815.32275
            ],
            [
              886.89999,
              806.45385
            ],
            [
              880.34117,
              798.47295
            ],
            [
              873.6785,
              790.71405
            ],
            [
              866.23424,
              784.28715
            ],
            [
              860.23292,
              780.9627
            ],
            [
              853.73969,
              778.332
            ],
            [
              851.17628,
              777.87135
            ]
          ]
        },
        "metadata": {
          "segment_id": 70181,
          "street_id": 569007793,
          "street_name": "V\u00f5 Ch\u00ed C\u00f4ng",
          "street_type": "trunk",
          "street_level": 1,
          "street_group": "569007793",
          "composite": true
        },
        "length_hint": 57.75863577533016,
        "speed_limit": 16.666666666666668
      },
      {
        "start": "1834115803",
        "end": "1834115803",
        "reverse": false,
        "shape": {
          "type": "polyline",
          "points": [
            [
              252.30686,
              1033.95945
            ],
            [
              238.16714,
              1040.80815
            ],
            [
              252.30686,
              1033.95945
            ]
          ]
        },
        "metadata": {
          "segment_id": 27703,
          "street_id": 172513428,
          "street_name": "\u0110\u01b0\u1eddng s\u1ed1 16",
          "street_type": "unclassified",
          "street_level": 4,
          "street_group": "172513428",
          "composite": true
        },
        "length_hint": 31.422054252922447,
        "speed_limit": 11.11111111111111
      },
      {
        "start": "1834115803",
        "end": "1834115803",
        "reverse": false,
        "shape": {
          "type": "polyline",
          "points": [
            [
              252.30686,
              1033.95945
            ],
            [
              262.61514,
              1026.55575
            ],
            [
              252.30686,
              1033.95945
            ]
          ]
        },
        "metadata": {
          "segment_id": 27704,
          "street_id": 172513428,
          "street_name": "\u0110\u01b0\u1eddng s\u1ed1 16",
          "street_type": "unclassified",
          "street_level": 4,
          "street_group": "172513428",
          "composite": true
        },
        "length_hint": 25.383097545287967,
        "speed_limit": 11.11111111111111
      },
      {
        "start": "1834115794",
        "end": "1834115794",
        "reverse": false,
        "shape": {
          "type": "polyline",
          "points": [
            [
              262.61514,
              1026.55575
            ],
            [
              270.58957,
              1019.2908
            ],
            [
              262.61514,
              1026.55575
            ]
          ]
        },
        "metadata": {
          "segment_id": 27706,
          "street_id": 172513428,
          "street_name": "\u0110\u01b0\u1eddng s\u1ed1 16",
          "street_type": "unclassified",
          "street_level": 4,
          "street_group": "172513428",
          "composite": true
        },
        "length_hint": 21.57508121212059,
        "speed_limit": 11.11111111111111
      },
      {
        "start": "1834115787",
        "end": "1834115787",
        "reverse": false,
        "shape": {
          "type": "polyline",
          "points": [
            [
              270.58957,
              1019.2908
            ],
            [
              275.26273,
              1017.3705
            ],
            [
              270.58957,
              1019.2908
            ]
          ]
        },
        "metadata": {
          "segment_id": 27708,
          "street_id": 172513428,
          "street_name": "\u0110\u01b0\u1eddng s\u1ed1 16",
          "street_type": "unclassified",
          "street_level": 4,
          "street_group": "172513428",
          "composite": true
        },
        "length_hint": 10.104647737670017,
        "speed_limit": 11.11111111111111
      },
      {
        "start": "1834115781",
        "end": "1834115781",
        "reverse": false,
        "shape": {
          "type": "polyline",
          "points": [
            [
              275.26273,
              1017.3705
            ],
            [
              281.99645,
              1018.1919
            ],
            [
              275.26273,
              1017.3705
            ]
          ]
        },
        "metadata": {
          "segment_id": 27710,
          "street_id": 172513428,
          "street_name": "\u0110\u01b0\u1eddng s\u1ed1 16",
          "street_type": "unclassified",
          "street_level": 4,
          "street_group": "172513428",
          "composite": true
        },
        "length_hint": 13.56726693161156,
        "speed_limit": 11.11111111111111
      },
      {
        "start": "1834115789",
        "end": "1834115789",
        "reverse": false,
        "shape": {
          "type": "polyline",
          "points": [
            [
              286.94836,
              1020.5229
            ],
            [
              281.99645,
              1018.1919
            ],
            [
              286.94836,
              1020.5229
            ]
          ]
        },
        "metadata": {
          "segment_id": 27713,
          "street_id": 172513428,
          "street_name": "\u0110\u01b0\u1eddng s\u1ed1 16",
          "street_type": "unclassified",
          "street_level": 4,
          "street_group": "172513428",
          "composite": true
        },
        "length_hint": 10.946227413698303,
        "speed_limit": 11.11111111111111
      },
      {
        "start": "5738267247",
        "end": "5738267247",
        "reverse": false,
        "shape": {
          "type": "polyline",
          "points": [
            [
              223.47538,
              1094.14365
            ],
            [
              225.30092,
              1080.1854
            ],
            [
              223.47538,
              1094.14365
            ]
          ]
        },
        "metadata": {
          "segment_id": 27692,
          "street_id": 172513428,
          "street_name": "\u0110\u01b0\u1eddng s\u1ed1 16",
          "street_type": "unclassified",
          "street_level": 4,
          "street_group": "172513428",
          "composite": true
        },
        "length_hint": 28.154242263225438,
        "speed_limit": 11.11111111111111
      },
      {
        "start": "1834115805",
        "end": "1834115805",
        "reverse": false,
        "shape": {
          "type": "polyline",
          "points": [
            [
              232.98567,
              1045.00395
            ],
            [
              229.51496,
              1049.838
            ],
            [
              232.98567,
              1045.00395
            ]
          ]
        },
        "metadata": {
          "segment_id": 27699,
          "street_id": 172513428,
          "street_name": "\u0110\u01b0\u1eddng s\u1ed1 16",
          "street_type": "unclassified",
          "street_level": 4,
          "street_group": "172513428",
          "composite": true
        },
        "length_hint": 11.901910318364752,
        "speed_limit": 11.11111111111111
      },
      {
        "start": "1834115805",
        "end": "1834115805",
        "reverse": false,
        "shape": {
          "type": "polyline",
          "points": [
            [
              232.98567,
              1045.00395
            ],
            [
              238.16714,
              1040.80815
            ],
            [
              232.98567,
              1045.00395
            ]
          ]
        },
        "metadata": {
          "segment_id": 27700,
          "street_id": 172513428,
          "street_name": "\u0110\u01b0\u1eddng s\u1ed1 16",
          "street_type": "unclassified",
          "street_level": 4,
          "street_group": "172513428",
          "composite": true
        },
        "length_hint": 13.334521963820013,
        "speed_limit": 11.11111111111111
      },
      {
        "start": "1834115809",
        "end": "1834115809",
        "reverse": false,
        "shape": {
          "type": "polyline",
          "points": [
            [
              227.00621,
              1057.85775
            ],
            [
              225.30092,
              1080.1854
            ],
            [
              227.00621,
              1057.85775
            ]
          ]
        },
        "metadata": {
          "segment_id": 27695,
          "street_id": 172513428,
          "street_name": "\u0110\u01b0\u1eddng s\u1ed1 16",
          "street_type": "unclassified",
          "street_level": 4,
          "street_group": "172513428",
          "composite": true
        },
        "length_hint": 44.78535334265469,
        "speed_limit": 11.11111111111111
      },
      {
        "start": "1834115809",
        "end": "1834115809",
        "reverse": false,
        "shape": {
          "type": "polyline",
          "points": [
            [
              227.00621,
              1057.85775
            ],
            [
              229.51496,
              1049.838
            ],
            [
              227.00621,
              1057.85775
            ]
          ]
        },
        "metadata": {
          "segment_id": 27696,
          "street_id": 172513428,
          "street_name": "\u0110\u01b0\u1eddng s\u1ed1 16",
          "street_type": "unclassified",
          "street_level": 4,
          "street_group": "172513428",
          "composite": true
        },
        "length_hint": 16.805977106374847,
        "speed_limit": 11.11111111111111
      },
      {
        "start": "2321477476",
        "end": "5473139865",
        "reverse": false,
        "shape": {
          "type": "polyline",
          "points": [
            [
              861.14022,
              802.9296
            ],
            [
              855.45591,
              796.0365
            ],
            [
              852.23116,
              790.49205
            ],
            [
              850.3455,
              786.06315
            ],
            [
              849.67869,
              782.8497
            ],
            [
              848.90256,
              777.30525
            ],
            [
              848.56915,
              772.3158
            ],
            [
              850.3455,
              763.78545
            ],
            [
              851.78844,
              760.017
            ],
            [
              853.34616,
              755.80455
            ],
            [
              856.78954,
              751.9251
            ],
            [
              861.23314,
              748.26765
            ]
          ]
        },
        "metadata": {
          "segment_id": 70153,
          "street_id": 569005443,
          "street_name": "H\u1ea7m chui M\u1ef9 Th\u1ee7y",
          "street_type": "secondary",
          "street_level": 3,
          "street_group": "569005443",
          "composite": true
        },
        "length_hint": 62.22544445026113,
        "speed_limit": 11.11111111111111
      },
      {
        "start": "366416529",
        "end": "366475653",
        "reverse": false,
        "shape": {
          "type": "polyline",
          "points": [
            [
              816.25057,
              800.70405
            ],
            [
              723.53072,
              876.6447
            ]
          ]
        },
        "metadata": {
          "segment_id": 27494,
          "street_id": 172281347,
          "street_name": "C\u1ea7u M\u1ef9 Th\u1ee7y 1",
          "street_type": "primary",
          "street_level": 2,
          "street_group": "172281347",
          "composite": true
        },
        "length_hint": 119.8497096635824,
        "speed_limit": 16.666666666666668
      },
      {
        "start": "4886880242",
        "end": "4886880242",
        "reverse": false,
        "shape": {
          "type": "polyline",
          "points": [
            [
              632.7184,
              15.21255
            ],
            [
              717.74803,
              20.7681
            ],
            [
              632.7184,
              15.21255
            ]
          ]
        },
        "metadata": {
          "segment_id": 65222,
          "street_id": 497058072,
          "street_name": "RAI_65_Q9_009",
          "street_type": "tertiary",
          "street_level": 4,
          "street_group": "497058072",
          "composite": true
        },
        "length_hint": 170.4218543936123,
        "speed_limit": 13.88888888888889
      },
      {
        "start": "4886880242",
        "end": "4886880242",
        "reverse": false,
        "shape": {
          "type": "polyline",
          "points": [
            [
              632.7184,
              15.21255
            ],
            [
              531.565,
              0.0
            ],
            [
              632.7184,
              15.21255
            ]
          ]
        },
        "metadata": {
          "segment_id": 65223,
          "street_id": 497058072,
          "street_name": "RAI_65_Q9_009",
          "street_type": "tertiary",
          "street_level": 4,
          "street_group": "497058072",
          "composite": true
        },
        "length_hint": 204.58183701455496,
        "speed_limit": 13.88888888888889
      },
      {
        "start": "5175149760",
        "end": "5175149760",
        "reverse": false,
        "shape": {
          "type": "polyline",
          "points": [
            [
              868.79218,
              77.67225
            ],
            [
              781.37405,
              44.46105
            ],
            [
              868.79218,
              77.67225
            ]
          ]
        },
        "metadata": {
          "segment_id": 65217,
          "street_id": 497058072,
          "street_name": "RAI_65_Q9_009",
          "street_type": "tertiary",
          "street_level": 4,
          "street_group": "497058072",
          "composite": true
        },
        "length_hint": 187.02848187521496,
        "speed_limit": 13.88888888888889
      },
      {
        "start": "4886880240",
        "end": "4886880240",
        "reverse": false,
        "shape": {
          "type": "polyline",
          "points": [
            [
              781.37405,
              44.46105
            ],
            [
              717.74803,
              20.7681
            ],
            [
              781.37405,
              44.46105
            ]
          ]
        },
        "metadata": {
          "segment_id": 65219,
          "street_id": 497058072,
          "street_name": "RAI_65_Q9_009",
          "street_type": "tertiary",
          "street_level": 4,
          "street_group": "497058072",
          "composite": true
        },
        "length_hint": 135.78845754691972,
        "speed_limit": 13.88888888888889
      },
      {
        "start": "714480340",
        "end": "714480543",
        "reverse": false,
        "shape": {
          "type": "polyline",
          "points": [
            [
              676.95764,
              896.14185
            ],
            [
              682.10631,
              891.49095
            ],
            [
              698.92422,
              877.233
            ],
            [
              701.2362,
              875.35155
            ],
            [
              707.08995,
              870.5841
            ],
            [
              741.98287,
              840.04245
            ]
          ]
        },
        "metadata": {
          "segment_id": 27559,
          "street_id": 172431870,
          "street_name": "\u0110\u1ed3ng V\u0103n C\u1ed1ng",
          "street_type": "primary",
          "street_level": 2,
          "street_group": "172431870",
          "composite": true
        },
        "length_hint": 85.88836688923362,
        "speed_limit": 19.444444444444446
      },
      {
        "start": "5733481184",
        "end": "3056709333",
        "reverse": false,
        "shape": {
          "type": "polyline",
          "points": [
            [
              847.07702,
              753.357
            ],
            [
              858.09584,
              744.58245
            ]
          ]
        },
        "metadata": {
          "segment_id": 70191,
          "street_id": 569011609,
          "street_name": "Nguy\u1ec5n Th\u1ecb \u0110\u1ecbnh",
          "street_type": "secondary",
          "street_level": 3,
          "street_group": "569011609",
          "composite": true
        },
        "length_hint": 14.085706297339147,
        "speed_limit": 16.666666666666668
      },
      {
        "start": "1833373498",
        "end": "2274989090",
        "reverse": false,
        "shape": {
          "type": "polyline",
          "points": [
            [
              635.78465,
              940.2033
            ],
            [
              620.73762,
              943.22805
            ],
            [
              608.32506,
              944.9319
            ],
            [
              578.07797,
              945.4203
            ]
          ]
        },
        "metadata": {
          "segment_id": 35783,
          "street_id": 218228180,
          "street_name": "\u0110\u1ed3ng V\u0103n C\u1ed1ng",
          "street_type": "primary",
          "street_level": 2,
          "street_group": "218228180",
          "composite": true
        },
        "length_hint": 58.128025825547205,
        "speed_limit": 16.666666666666668
      },
      {
        "start": "714480472",
        "end": "714480472",
        "reverse": false,
        "shape": {
          "type": "polyline",
          "points": [
            [
              502.92482,
              416.8605
            ],
            [
              487.51706,
              434.22645
            ],
            [
              502.92482,
              416.8605
            ]
          ]
        },
        "metadata": {
          "segment_id": 22087,
          "street_id": 57533829,
          "street_name": "V\u00f5 Ch\u00ed C\u00f4ng",
          "street_type": "trunk_link",
          "street_level": 3,
          "street_group": "57533829",
          "composite": true
        },
        "length_hint": 46.43168261521867,
        "speed_limit": 16.666666666666668
      },
      {
        "start": "1832031487",
        "end": "5733481184",
        "reverse": false,
        "shape": {
          "type": "polyline",
          "points": [
            [
              829.90385,
              733.36035
            ],
            [
              847.07702,
              753.357
            ]
          ]
        },
        "metadata": {
          "segment_id": 27497,
          "street_id": 172281351,
          "street_name": "V\u00f5 Ch\u00ed C\u00f4ng",
          "street_type": "trunk",
          "street_level": 1,
          "street_group": "172281351",
          "composite": true
        },
        "length_hint": 26.358751470268736,
        "speed_limit": 16.666666666666668
      },
      {
        "start": "1832031490",
        "end": "1832031480",
        "reverse": false,
        "shape": {
          "type": "polyline",
          "points": [
            [
              815.11917,
              748.1733
            ],
            [
              775.94116,
              704.9499
            ]
          ]
        },
        "metadata": {
          "segment_id": 27496,
          "street_id": 172281350,
          "street_name": "C\u1ea7u K\u1ef3 H\u00e0 2",
          "street_type": "trunk_link",
          "street_level": 3,
          "street_group": "172281350",
          "composite": true
        },
        "length_hint": 58.33677035215537,
        "speed_limit": 16.666666666666668
      },
      {
        "start": "5473176325",
        "end": "1832031490",
        "reverse": false,
        "shape": {
          "type": "polyline",
          "points": [
            [
              831.22654,
              767.27085
            ],
            [
              815.11917,
              748.1733
            ]
          ]
        },
        "metadata": {
          "segment_id": 70220,
          "street_id": 569011611,
          "street_name": "V\u00f5 Ch\u00ed C\u00f4ng",
          "street_type": "trunk",
          "street_level": 1,
          "street_group": "569011611",
          "composite": true
        },
        "length_hint": 24.983270088589215,
        "speed_limit": 16.666666666666668
      },
      {
        "start": "5473175315",
        "end": "5473175304",
        "reverse": false,
        "shape": {
          "type": "polyline",
          "points": [
            [
              857.81709,
              766.4106
            ],
            [
              865.09738,
              773.5146
            ]
          ]
        },
        "metadata": {
          "segment_id": 70216,
          "street_id": 569011610,
          "street_name": "V\u00f5 Ch\u00ed C\u00f4ng",
          "street_type": "trunk",
          "street_level": 1,
          "street_group": "569011610",
          "composite": true
        },
        "length_hint": 10.17199284723006,
        "speed_limit": 11.11111111111111
      },
      {
        "start": "714480407",
        "end": "1832031487",
        "reverse": false,
        "shape": {
          "type": "polyline",
          "points": [
            [
              792.25622,
              687.9114
            ],
            [
              829.90385,
              733.36035
            ]
          ]
        },
        "metadata": {
          "segment_id": 27498,
          "street_id": 172281354,
          "street_name": "C\u1ea7u K\u1ef3 H\u00e0 2",
          "street_type": "trunk_link",
          "street_level": 3,
          "street_group": "172281354",
          "composite": true
        },
        "length_hint": 59.016532435576146,
        "speed_limit": 16.666666666666668
      },
      {
        "start": "5475834133",
        "end": "5475834133",
        "reverse": false,
        "shape": {
          "type": "polyline",
          "points": [
            [
              436.99229,
              390.9309
            ],
            [
              452.98488,
              375.87375
            ],
            [
              436.99229,
              390.9309
            ]
          ]
        },
        "metadata": {
          "segment_id": 70303,
          "street_id": 569375087,
          "street_name": "V\u00f5 Ch\u00ed C\u00f4ng",
          "street_type": "trunk_link",
          "street_level": 3,
          "street_group": "569375087",
          "composite": true
        },
        "length_hint": 43.930886675804736,
        "speed_limit": 16.666666666666668
      },
      {
        "start": "4625335670",
        "end": "4625335669",
        "reverse": false,
        "shape": {
          "type": "polyline",
          "points": [
            [
              288.40223,
              205.7718
            ],
            [
              290.80713,
              208.3359
            ],
            [
              293.0262,
              210.76125
            ]
          ]
        },
        "metadata": {
          "segment_id": 62953,
          "street_id": 467966829,
          "street_name": "V\u00f5 Ch\u00ed C\u00f4ng",
          "street_type": "primary",
          "street_level": 2,
          "street_group": "467966829",
          "composite": true
        },
        "length_hint": 6.802754931244414,
        "speed_limit": 16.666666666666668
      },
      {
        "start": "4625335672",
        "end": "4625335671",
        "reverse": false,
        "shape": {
          "type": "polyline",
          "points": [
            [
              276.24655,
              226.81185
            ],
            [
              274.38822,
              224.89155
            ],
            [
              271.51874,
              221.91675
            ]
          ]
        },
        "metadata": {
          "segment_id": 62964,
          "street_id": 467966833,
          "street_name": "V\u00f5 Ch\u00ed C\u00f4ng",
          "street_type": "primary",
          "street_level": 2,
          "street_group": "467966833",
          "composite": true
        },
        "length_hint": 6.805455194773685,
        "speed_limit": 16.666666666666668
      },
      {
        "start": "4625335671",
        "end": "714480591",
        "reverse": false,
        "shape": {
          "type": "polyline",
          "points": [
            [
              271.51874,
              221.91675
            ],
            [
              254.98504,
              204.77835
            ],
            [
              206.37873,
              152.98575
            ],
            [
              97.67722,
              38.4837
            ]
          ]
        },
        "metadata": {
          "segment_id": 62960,
          "street_id": 467966832,
          "street_name": "V\u00f5 Ch\u00ed C\u00f4ng",
          "street_type": "trunk",
          "street_level": 1,
          "street_group": "467966832",
          "composite": true
        },
        "length_hint": 252.72413951953638,
        "speed_limit": 16.666666666666668
      },
      {
        "start": "714480525",
        "end": "4625335670",
        "reverse": false,
        "shape": {
          "type": "polyline",
          "points": [
            [
              114.30929,
              23.81505
            ],
            [
              234.08427,
              147.45795
            ],
            [
              268.52901,
              185.86395
            ],
            [
              285.40704,
              202.56945
            ],
            [
              288.40223,
              205.7718
            ]
          ]
        },
        "metadata": {
          "segment_id": 62956,
          "street_id": 467966830,
          "street_name": "V\u00f5 Ch\u00ed C\u00f4ng",
          "street_type": "trunk",
          "street_level": 1,
          "street_group": "467966830",
          "composite": true
        },
        "length_hint": 251.8657365632039,
        "speed_limit": 16.666666666666668
      },
      {
        "start": "366475653",
        "end": "1833373498",
        "reverse": false,
        "shape": {
          "type": "polyline",
          "points": [
            [
              723.53072,
              876.6447
            ],
            [
              717.07575,
              882.9828
            ],
            [
              712.61575,
              887.3562
            ],
            [
              666.67122,
              922.9206
            ],
            [
              638.67053,
              938.7159
            ],
            [
              635.78465,
              940.2033
            ]
          ]
        },
        "metadata": {
          "segment_id": 27519,
          "street_id": 172431866,
          "street_name": "Nguy\u1ec5n Th\u1ecb \u0110\u1ecbnh",
          "street_type": "primary",
          "street_level": 2,
          "street_group": "172431866",
          "composite": true
        },
        "length_hint": 108.78910499859377,
        "speed_limit": 16.666666666666668
      },
      {
        "start": "714480525",
        "end": "714480525",
        "reverse": false,
        "shape": {
          "type": "polyline",
          "points": [
            [
              114.30929,
              23.81505
            ],
            [
              97.67722,
              38.4837
            ],
            [
              114.30929,
              23.81505
            ]
          ]
        },
        "metadata": {
          "segment_id": 22177,
          "street_id": 57533881,
          "street_name": "V\u00f5 Ch\u00ed C\u00f4ng",
          "street_type": "trunk_link",
          "street_level": 3,
          "street_group": "57533881",
          "composite": true
        },
        "length_hint": 44.35290499200249,
        "speed_limit": 16.666666666666668
      },
      {
        "start": "714480543",
        "end": "370818071",
        "reverse": false,
        "shape": {
          "type": "polyline",
          "points": [
            [
              741.98287,
              840.04245
            ],
            [
              800.3509,
              790.9416
            ]
          ]
        },
        "metadata": {
          "segment_id": 27495,
          "street_id": 172281348,
          "street_name": "C\u1ea7u M\u1ef9 Th\u1ee7y 2",
          "street_type": "primary",
          "street_level": 2,
          "street_group": "172281348",
          "composite": true
        },
        "length_hint": 76.2739824370237,
        "speed_limit": 19.444444444444446
      },
      {
        "start": "5473218489",
        "end": "2274989090",
        "reverse": false,
        "shape": {
          "type": "polyline",
          "points": [
            [
              575.73319,
              942.7008
            ],
            [
              578.07797,
              945.4203
            ]
          ]
        },
        "metadata": {
          "segment_id": 70246,
          "street_id": 569019360,
          "street_name": "\u0110\u1ed3ng V\u0103n C\u1ed1ng",
          "street_type": "primary_link",
          "street_level": 3,
          "street_group": "569019360",
          "composite": true
        },
        "length_hint": 3.590776169353957,
        "speed_limit": 16.666666666666668
      }
    ]
  }
}