{
  "observation": {
    "type": "Kinematics"
  },
  "action": {
    "type": "DiscreteMetaAction"
  },
  "simulation_frequency": 15,
  "policy_frequency": 1,
  "other_vehicles_type": "highway_env.vehicle.behavior.IDMVehicle",
  "screen_width": 600,
  "screen_height": 150,
  "centering_position": [
    0.3,
    0.5
  ],
  "scaling": 5.5,
  "show_trajectories": false,
  "render_agent": true,
  "offscreen_rendering": false,
  "manual_control": false,
  "real_time_rendering": false,
  "destination": null,
  "initial_vehicle_count": 0,
  "controlled_vehicles": 0,
  "spawn_probability": 0.0,
  "duration": 40.0,
  "collision_reward": -5,
  "high_speed_reward": 1.0,
  "arrived_reward": 1.0,
  "reward_speed_range": [
    6.0,
    12.0
  ],
  "auto_curve": false,
  "corner_radius": 25.0,
  "curve_samples": 8,
  "exit_distance": 5.0,
  "graph": {
    "nodes": {
      "1834409503": [
        4.14845,
        0.0
      ],
      "5733062950": [
        142.67619,
        72.1389
      ],
      "5733062955": [
        161.68037,
        92.82375
      ],
      "5733062956": [
        177.31222,
        108.3471
      ],
      "5733062957": [
        252.99007,
        125.3856
      ],
      "5733062958": [
        249.91289,
        133.28325
      ],
      "5733062959": [
        239.79591,
        146.298
      ],
      "5733062960": [
        221.3219,
        154.3455
      ],
      "5733062961": [
        211.64764,
        153.90705
      ],
      "5733062962": [
        199.91829,
        142.9347
      ],
      "5733062963": [
        189.36405,
        124.80285
      ],
      "5733062964": [
        179.54222,
        112.5207
      ],
      "5733077299": [
        172.42044,
        104.6841
      ],
      "1834409654": [
        183.83278,
        117.67665
      ],
      "5735965623": [
        510.12859,
        596.2809
      ],
      "5733077304": [
        150.66155,
        80.65815
      ],
      "5735965622": [
        455.88716,
        599.35005
      ],
      "5735965621": [
        394.60592,
        570.10155
      ],
      "1834410179": [
        0.0,
        370.51245
      ],
      "5735963213": [
        561.44043,
        596.4252
      ],
      "1834409516": [
        95.4035,
        44.16135
      ],
      "5735963215": [
        568.9776,
        602.96865
      ],
      "5735963214": [
        547.95112,
        595.25415
      ],
      "5733384785": [
        80.80466,
        461.31045
      ],
      "5733384786": [
        183.3518,
        525.0633
      ],
      "5733384787": [
        162.39091,
        519.94065
      ],
      "5735963220": [
        360.00814,
        551.38695
      ],
      "5733384789": [
        136.73499,
        517.0158
      ],
      "5733384790": [
        106.97435,
        484.9923
      ],
      "5733384791": [
        89.97061,
        463.203
      ],
      "5733384788": [
        147.28923,
        519.3579
      ],
      "5735963219": [
        278.20327,
        519.79635
      ],
      "1834410205": [
        78.19206,
        457.93605
      ],
      "4122609522": [
        134.8548,
        63.79725
      ],
      "4122609523": [
        160.29209,
        90.92565
      ],
      "5740257910": [
        263.24916,
        521.8443
      ],
      "5740257911": [
        244.19032,
        534.4206
      ],
      "5740257912": [
        230.41133,
        537.34545
      ]
    },
    "edges": [
      {
        "start": "5733062957",
        "end": "5733062957",
        "reverse": false,
        "shape": {
          "type": "polyline",
          "points": [
            [
              252.99007,
              125.3856
            ],
            [
              249.91289,
              133.28325
            ],
            [
              252.99007,
              125.3856
            ]
          ]
        },
        "metadata": {
          "segment_id": 59878,
          "street_id": 410417511,
          "street_name": "Ph\u01b0\u1eddng C\u00e1t L\u00e1i",
          "street_type": "unclassified",
          "street_level": 4,
          "street_group": "410417511",
          "composite": true
        },
        "length_hint": 16.95192169341284,
        "speed_limit": 11.11111111111111
      },
      {
        "start": "5733062963",
        "end": "5733062963",
        "reverse": false,
        "shape": {
          "type": "polyline",
          "points": [
            [
              189.36405,
              124.80285
            ],
            [
              199.91829,
              142.9347
            ],
            [
              189.36405,
              124.80285
            ]
          ]
        },
        "metadata": {
          "segment_id": 59889,
          "street_id": 410417511,
          "street_name": "Ph\u01b0\u1eddng C\u00e1t L\u00e1i",
          "street_type": "unclassified",
          "street_level": 4,
          "street_group": "410417511",
          "composite": true
        },
        "length_hint": 41.95978867440111,
        "speed_limit": 11.11111111111111
      },
      {
        "start": "5733062963",
        "end": "5733062963",
        "reverse": false,
        "shape": {
          "type": "polyline",
          "points": [
            [
              189.36405,
              124.80285
            ],
            [
              183.83278,
              117.67665
            ],
            [
              189.36405,
              124.80285
            ]
          ]
        },
        "metadata": {
          "segment_id": 59890,
          "street_id": 410417511,
          "street_name": "Ph\u01b0\u1eddng C\u00e1t L\u00e1i",
          "street_type": "unclassified",
          "street_level": 4,
          "street_group": "410417511",
          "composite": true
        },
        "length_hint": 18.04191500400109,
        "speed_limit": 11.11111111111111
      },
      {
        "start": "5733062964",
        "end": "5733062964",
        "reverse": false,
        "shape": {
          "type": "polyline",
          "points": [
            [
              179.54222,
              112.5207
            ],
            [
              183.83278,
              117.67665
            ],
            [
              179.54222,
              112.5207
            ]
          ]
        },
        "metadata": {
          "segment_id": 59893,
          "street_id": 410417511,
          "street_name": "Ph\u01b0\u1eddng C\u00e1t L\u00e1i",
          "street_type": "unclassified",
          "street_level": 4,
          "street_group": "410417511",
          "composite": true
        },
        "length_hint": 13.415323405136402,
        "speed_limit": 11.11111111111111
      },
      {
        "start": "5733062964",
        "end": "5733062964",
        "reverse": false,
        "shape": {
          "type": "polyline",
          "points": [
            [
              179.54222,
              112.5207
            ],
            [
              177.31222,
              108.3471
            ],
            [
              179.54222,
              112.5207
            ]
          ]
        },
        "metadata": {
          "segment_id": 59894,
          "street_id": 410417511,
          "street_name": "Ph\u01b0\u1eddng C\u00e1t L\u00e1i",
          "street_type": "unclassified",
          "street_level": 4,
          "street_group": "410417511",
          "composite": true
        },
        "length_hint": 9.46400273879927,
        "speed_limit": 11.11111111111111
      },
      {
        "start": "1834409516",
        "end": "1834409516",
        "reverse": false,
        "shape": {
          "type": "polyline",
          "points": [
            [
              95.4035,
              44.16135
            ],
            [
              134.8548,
              63.79725
            ],
            [
              95.4035,
              44.16135
            ]
          ]
        },
        "metadata": {
          "segment_id": 59909,
          "street_id": 410417511,
          "street_name": "Ph\u01b0\u1eddng C\u00e1t L\u00e1i",
          "street_type": "unclassified",
          "street_level": 4,
          "street_group": "410417511",
          "composite": true
        },
        "length_hint": 88.13565999072115,
        "speed_limit": 11.11111111111111
      },
      {
        "start": "1834409516",
        "end": "1834409516",
        "reverse": false,
        "shape": {
          "type": "polyline",
          "points": [
            [
              95.4035,
              44.16135
            ],
            [
              4.14845,
              0.0
            ],
            [
              95.4035,
              44.16135
            ]
          ]
        },
        "metadata": {
          "segment_id": 59910,
          "street_id": 410417511,
          "street_name": "Ph\u01b0\u1eddng C\u00e1t L\u00e1i",
          "street_type": "unclassified",
          "street_level": 4,
          "street_group": "410417511",
          "composite": true
        },
        "length_hint": 202.75807243436697,
        "speed_limit": 11.11111111111111
      },
      {
        "start": "5733062955",
        "end": "5733062955",
        "reverse": false,
        "shape": {
          "type": "polyline",
          "points": [
            [
              161.68037,
              92.82375
            ],
            [
              172.42044,
              104.6841
            ],
            [
              161.68037,
              92.82375
            ]
          ]
        },
        "metadata": {
          "segment_id": 59899,
          "street_id": 410417511,
          "street_name": "Ph\u01b0\u1eddng C\u00e1t L\u00e1i",
          "street_type": "unclassified",
          "street_level": 4,
          "street_group": "410417511",
          "composite": true
        },
        "length_hint": 32.00106284031204,
        "speed_limit": 11.11111111111111
      },
      {
        "start": "5733062955",
        "end": "5733062955",
        "reverse": false,
        "shape": {
          "type": "polyline",
          "points": [
            [
              161.68037,
              92.82375
            ],
            [
              160.29209,
              90.92565
            ],
            [
              161.68037,
              92.82375
            ]
          ]
        },
        "metadata": {
          "segment_id": 59900,
          "street_id": 410417511,
          "street_name": "Ph\u01b0\u1eddng C\u00e1t L\u00e1i",
          "street_type": "unclassified",
          "street_level": 4,
          "street_group": "410417511",
          "composite": true
        },
        "length_hint": 4.703235043414277,
        "speed_limit": 11.11111111111111
      },
      {
        "start": "5733077304",
        "end": "5733077304",
        "reverse": false,
        "shape": {
          "type": "polyline",
          "points": [
            [
              150.66155,
              80.65815
            ],
            [
              160.29209,
              90.92565
            ],
            [
              150.66155,
              80.65815
            ]
          ]
        },
        "metadata": {
          "segment_id": 59903,
          "street_id": 410417511,
          "street_name": "Ph\u01b0\u1eddng C\u00e1t L\u00e1i",
          "street_type": "unclassified",
          "street_level": 4,
          "street_group": "410417511",
          "composite": true
        },
        "length_hint": 28.154492141866093,
        "speed_limit": 11.11111111111111
      },
      {
        "start": "5733077304",
        "end": "5733077304",
        "reverse": false,
        "shape": {
          "type": "polyline",
          "points": [
            [
              150.66155,
              80.65815
            ],
            [
              142.67619,
              72.1389
            ],
            [
              150.66155,
              80.65815
            ]
          ]
        },
        "metadata": {
          "segment_id": 59904,
          "street_id": 410417511,
          "street_name": "Ph\u01b0\u1eddng C\u00e1t L\u00e1i",
          "street_type": "unclassified",
          "street_level": 4,
          "street_group": "410417511",
          "composite": true
        },
        "length_hint": 23.353252012694096,
        "speed_limit": 11.11111111111111
      },
      {
        "start": "5733062950",
        "end": "5733062950",
        "reverse": false,
        "shape": {
          "type": "polyline",
          "points": [
            [
              142.67619,
              72.1389
            ],
            [
              134.8548,
              63.79725
            ],
            [
              142.67619,
              72.1389
            ]
          ]
        },
        "metadata": {
          "segment_id": 59906,
          "street_id": 410417511,
          "street_name": "Ph\u01b0\u1eddng C\u00e1t L\u00e1i",
          "street_type": "unclassified",
          "street_level": 4,
          "street_group": "410417511",
          "composite": true
        },
        "length_hint": 22.869828705488793,
        "speed_limit": 11.11111111111111
      },
      {
        "start": "5733077299",
        "end": "5733077299",
        "reverse": false,
        "shape": {
          "type": "polyline",
          "points": [
            [
              172.42044,
              104.6841
            ],
            [
              177.31222,
              108.3471
            ],
            [
              172.42044,
              104.6841
            ]
          ]
        },
        "metadata": {
          "segment_id": 59897,
          "street_id": 410417511,
          "street_name": "Ph\u01b0\u1eddng C\u00e1t L\u00e1i",
          "street_type": "unclassified",
          "street_level": 4,
          "street_group": "410417511",
          "composite": true
        },
        "length_hint": 12.2224515656066,
        "speed_limit": 11.11111111111111
      },
      {
        "start": "5733062961",
        "end": "5733062961",
        "reverse": false,
        "shape": {
          "type": "polyline",
          "points": [
            [
              211.64764,
              153.90705
            ],
            [
              221.3219,
              154.3455
            ],
            [
              211.64764,
              153.90705
            ]
          ]
        },
        "metadata": {
          "segment_id": 59885,
          "street_id": 410417511,
          "street_name": "Ph\u01b0\u1eddng C\u00e1t L\u00e1i",
          "street_type": "unclassified",
          "street_level": 4,
          "street_group": "410417511",
          "composite": true
        },
        "length_hint": 19.368380928730215,
        "speed_limit": 11.11111111111111
      },
      {
        "start": "5733062961",
        "end": "5733062961",
        "reverse": false,
        "shape": {
          "type": "polyline",
          "points": [
            [
              211.64764,
              153.90705
            ],
            [
              199.91829,
              142.9347
            ],
            [
              211.64764,
              153.90705
            ]
          ]
        },
        "metadata": {
          "segment_id": 59886,
          "street_id": 410417511,
          "street_name": "Ph\u01b0\u1eddng C\u00e1t L\u00e1i",
          "street_type": "unclassified",
          "street_level": 4,
          "street_group": "410417511",
          "composite": true
        },
        "length_hint": 32.12289625454092,
        "speed_limit": 11.11111111111111
      },
      {
        "start": "5733062958",
        "end": "5733062958",
        "reverse": false,
        "shape": {
          "type": "polyline",
          "points": [
            [
              249.91289,
              133.28325
            ],
            [
              239.79591,
              146.298
            ],
            [
              249.91289,
              133.28325
            ]
          ]
        },
        "metadata": {
          "segment_id": 59880,
          "street_id": 410417511,
          "street_name": "Ph\u01b0\u1eddng C\u00e1t L\u00e1i",
          "street_type": "unclassified",
          "street_level": 4,
          "street_group": "410417511",
          "composite": true
        },
        "length_hint": 32.968894545186075,
        "speed_limit": 11.11111111111111
      },
      {
        "start": "5733062960",
        "end": "5733062960",
        "reverse": false,
        "shape": {
          "type": "polyline",
          "points": [
            [
              221.3219,
              154.3455
            ],
            [
              239.79591,
              146.298
            ],
            [
              221.3219,
              154.3455
            ]
          ]
        },
        "metadata": {
          "segment_id": 59883,
          "street_id": 410417511,
          "street_name": "Ph\u01b0\u1eddng C\u00e1t L\u00e1i",
          "street_type": "unclassified",
          "street_level": 4,
          "street_group": "410417511",
          "composite": true
        },
        "length_hint": 40.30142934091045,
        "speed_limit": 11.11111111111111
      },
      {
        "start": "5735965622",
        "end": "5735965622",
        "reverse": false,
        "shape": {
          "type": "polyline",
          "points": [
            [
              455.88716,
              599.35005
            ],
            [
              510.12859,
              596.2809
            ],
            [
              455.88716,
              599.35005
            ]
          ]
        },
        "metadata": {
          "segment_id": 65210,
          "street_id": 497058070,
          "street_name": "RAI_65_Q9_007",
          "street_type": "unclassified",
          "street_level": 4,
          "street_group": "497058070",
          "composite": true
        },
        "length_hint": 108.65638334064683,
        "speed_limit": 11.11111111111111
      },
      {
        "start": "5735965622",
        "end": "5735965622",
        "reverse": false,
        "shape": {
          "type": "polyline",
          "points": [
            [
              455.88716,
              599.35005
            ],
            [
              394.60592,
              570.10155
            ],
            [
              455.88716,
              599.35005
            ]
          ]
        },
        "metadata": {
          "segment_id": 65211,
          "street_id": 497058070,
          "street_name": "RAI_65_Q9_007",
          "street_type": "unclassified",
          "street_level": 4,
          "street_group": "497058070",
          "composite": true
        },
        "length_hint": 135.80670275340017,
        "speed_limit": 11.11111111111111
      },
      {
        "start": "5735963220",
        "end": "5735963220",
        "reverse": false,
        "shape": {
          "type": "polyline",
          "points": [
            [
              360.00814,
              551.38695
            ],
            [
              394.60592,
              570.10155
            ],
            [
              360.00814,
              551.38695
            ]
          ]
        },
        "metadata": {
          "segment_id": 65214,
          "street_id": 497058070,
          "street_name": "RAI_65_Q9_007",
          "street_type": "unclassified",
          "street_level": 4,
          "street_group": "497058070",
          "composite": true
        },
        "length_hint": 78.67001040011118,
        "speed_limit": 11.11111111111111
      },
      {
        "start": "5735963214",
        "end": "5735963214",
        "reverse": false,
        "shape": {
          "type": "polyline",
          "points": [
            [
              547.95112,
              595.25415
            ],
            [
              561.44043,
              596.4252
            ],
            [
              547.95112,
              595.25415
            ]
          ]
        },
        "metadata": {
          "segment_id": 65206,
          "street_id": 497058070,
          "street_name": "RAI_65_Q9_007",
          "street_type": "unclassified",
          "street_level": 4,
          "street_group": "497058070",
          "composite": true
        },
        "length_hint": 27.08009175601895,
        "speed_limit": 11.11111111111111
      },
      {
        "start": "5735963214",
        "end": "5735963214",
        "reverse": false,
        "shape": {
          "type": "polyline",
          "points": [
            [
              547.95112,
              595.25415
            ],
            [
              510.12859,
              596.2809
            ],
            [
              547.95112,
              595.25415
            ]
          ]
        },
        "metadata": {
          "segment_id": 65207,
          "street_id": 497058070,
          "street_name": "RAI_65_Q9_007",
          "street_type": "unclassified",
          "street_level": 4,
          "street_group": "497058070",
          "composite": true
        },
        "length_hint": 75.6729275544008,
        "speed_limit": 11.11111111111111
      },
      {
        "start": "5735963213",
        "end": "5735963213",
        "reverse": false,
        "shape": {
          "type": "polyline",
          "points": [
            [
              561.44043,
              596.4252
            ],
            [
              568.9776,
              602.96865
            ],
            [
              561.44043,
              596.4252
            ]
          ]
        },
        "metadata": {
          "segment_id": 65204,
          "street_id": 497058070,
          "street_name": "RAI_65_Q9_007",
          "street_type": "unclassified",
          "street_level": 4,
          "street_group": "497058070",
          "composite": true
        },
        "length_hint": 19.962531854592093,
        "speed_limit": 11.11111111111111
      },
      {
        "start": "1834410179",
        "end": "1834410179",
        "reverse": false,
        "shape": {
          "type": "polyline",
          "points": [
            [
              0.0,
              370.51245
            ],
            [
              78.19206,
              457.93605
            ],
            [
              0.0,
              370.51245
            ]
          ]
        },
        "metadata": {
          "segment_id": 70894,
          "street_id": 596819412,
          "street_name": "\u0110\u01b0\u1eddng s\u1ed1 69",
          "street_type": "unclassified",
          "street_level": 4,
          "street_group": "596819412",
          "composite": true
        },
        "length_hint": 234.5794883104966,
        "speed_limit": 11.11111111111111
      },
      {
        "start": "5740257912",
        "end": "5740257912",
        "reverse": false,
        "shape": {
          "type": "polyline",
          "points": [
            [
              230.41133,
              537.34545
            ],
            [
              183.3518,
              525.0633
            ],
            [
              230.41133,
              537.34545
            ]
          ]
        },
        "metadata": {
          "segment_id": 72158,
          "street_id": 604154943,
          "street_name": "Ph\u01b0\u1eddng C\u00e1t L\u00e1i",
          "street_type": "unclassified",
          "street_level": 4,
          "street_group": "604154943",
          "composite": true
        },
        "length_hint": 97.27179596251732,
        "speed_limit": 11.11111111111111
      },
      {
        "start": "5740257912",
        "end": "5740257912",
        "reverse": false,
        "shape": {
          "type": "polyline",
          "points": [
            [
              230.41133,
              537.34545
            ],
            [
              244.19032,
              534.4206
            ],
            [
              230.41133,
              537.34545
            ]
          ]
        },
        "metadata": {
          "segment_id": 72159,
          "street_id": 604154943,
          "street_name": "Ph\u01b0\u1eddng C\u00e1t L\u00e1i",
          "street_type": "unclassified",
          "street_level": 4,
          "street_group": "604154943",
          "composite": true
        },
        "length_hint": 28.171994103549046,
        "speed_limit": 11.11111111111111
      },
      {
        "start": "5740257911",
        "end": "5740257911",
        "reverse": false,
        "shape": {
          "type": "polyline",
          "points": [
            [
              244.19032,
              534.4206
            ],
            [
              263.24916,
              521.8443
            ],
            [
              244.19032,
              534.4206
            ]
          ]
        },
        "metadata": {
          "segment_id": 72161,
          "street_id": 604154943,
          "street_name": "Ph\u01b0\u1eddng C\u00e1t L\u00e1i",
          "street_type": "unclassified",
          "street_level": 4,
          "street_group": "604154943",
          "composite": true
        },
        "length_hint": 45.668488209512766,
        "speed_limit": 11.11111111111111
      },
      {
        "start": "5740257910",
        "end": "5740257910",
        "reverse": false,
        "shape": {
          "type": "polyline",
          "points": [
            [
              263.24916,
              521.8443
            ],
            [
              278.20327,
              519.79635
            ],
            [
              263.24916,
              521.8443
            ]
          ]
        },
        "metadata": {
          "segment_id": 72163,
          "street_id": 604154943,
          "street_name": "Ph\u01b0\u1eddng C\u00e1t L\u00e1i",
          "street_type": "unclassified",
          "street_level": 4,
          "street_group": "604154943",
          "composite": true
        },
        "length_hint": 30.18738180727827,
        "speed_limit": 11.11111111111111
      },
      {
        "start": "5733384789",
        "end": "5733384789",
        "reverse": false,
        "shape": {
          "type": "polyline",
          "points": [
            [
              136.73499,
              517.0158
            ],
            [
              106.97435,
              484.9923
            ],
            [
              136.73499,
              517.0158
            ]
          ]
        },
        "metadata": {
          "segment_id": 72150,
          "street_id": 604154943,
          "street_name": "Ph\u01b0\u1eddng C\u00e1t L\u00e1i",
          "street_type": "unclassified",
          "street_level": 4,
          "street_group": "604154943",
          "composite": true
        },
        "length_hint": 87.43455256269345,
        "speed_limit": 11.11111111111111
      },
      {
        "start": "5733384789",
        "end": "5733384789",
        "reverse": false,
        "shape": {
          "type": "polyline",
          "points": [
            [
              136.73499,
              517.0158
            ],
            [
              147.28923,
              519.3579
            ],
            [
              136.73499,
              517.0158
            ]
          ]
        },
        "metadata": {
          "segment_id": 72151,
          "street_id": 604154943,
          "street_name": "Ph\u01b0\u1eddng C\u00e1t L\u00e1i",
          "street_type": "unclassified",
          "street_level": 4,
          "street_group": "604154943",
          "composite": true
        },
        "length_hint": 21.62197163883069,
        "speed_limit": 11.11111111111111
      },
      {
        "start": "5733384788",
        "end": "5733384788",
        "reverse": false,
        "shape": {
          "type": "polyline",
          "points": [
            [
              147.28923,
              519.3579
            ],
            [
              162.39091,
              519.94065
            ],
            [
              147.28923,
              519.3579
            ]
          ]
        },
        "metadata": {
          "segment_id": 72153,
          "street_id": 604154943,
          "street_name": "Ph\u01b0\u1eddng C\u00e1t L\u00e1i",
          "street_type": "unclassified",
          "street_level": 4,
          "street_group": "604154943",
          "composite": true
        },
        "length_hint": 30.225839037809997,
        "speed_limit": 11.11111111111111
      },
      {
        "start": "5733384786",
        "end": "5733384786",
        "reverse": false,
        "shape": {
          "type": "polyline",
          "points": [
            [
              183.3518,
              525.0633
            ],
            [
              162.39091,
              519.94065
            ],
            [
              183.3518,
              525.0633
            ]
          ]
        },
        "metadata": {
          "segment_id": 72156,
          "street_id": 604154943,
          "street_name": "Ph\u01b0\u1eddng C\u00e1t L\u00e1i",
          "street_type": "unclassified",
          "street_level": 4,
          "street_group": "604154943",
          "composite": true
        },
        "length_hint": 43.15555364560165,
        "speed_limit": 11.11111111111111
      },
      {
        "start": "5733384790",
        "end": "5733384790",
        "reverse": false,
        "shape": {
          "type": "polyline",
          "points": [
            [
              106.97435,
              484.9923
            ],
            [
              89.97061,
              463.203
            ],
            [
              106.97435,
              484.9923
            ]
          ]
        },
        "metadata": {
          "segment_id": 72148,
          "street_id": 604154943,
          "street_name": "Ph\u01b0\u1eddng C\u00e1t L\u00e1i",
          "street_type": "unclassified",
          "street_level": 4,
          "street_group": "604154943",
          "composite": true
        },
        "length_hint": 55.277509657277484,
        "speed_limit": 11.11111111111111
      },
      {
        "start": "5733384785",
        "end": "5733384785",
        "reverse": false,
        "shape": {
          "type": "polyline",
          "points": [
            [
              80.80466,
              461.31045
            ],
            [
              78.19206,
              457.93605
            ],
            [
              80.80466,
              461.31045
            ]
          ]
        },
        "metadata": {
          "segment_id": 72144,
          "street_id": 604154943,
          "street_name": "Ph\u01b0\u1eddng C\u00e1t L\u00e1i",
          "street_type": "unclassified",
          "street_level": 4,
          "street_group": "604154943",
          "composite": true
        },
        "length_hint": 8.535163529774897,
        "speed_limit": 11.11111111111111
      },
      {
        "start": "5733384785",
        "end": "5733384785",
        "reverse": false,
        "shape": {
          "type": "polyline",
          "points": [
            [
              80.80466,
              461.31045
            ],
            [
              89.97061,
              463.203
            ],
            [
              80.80466,
              461.31045
            ]
          ]
        },
        "metadata": {
          "segment_id": 72145,
          "street_id": 604154943,
          "street_name": "Ph\u01b0\u1eddng C\u00e1t L\u00e1i",
          "street_type": "residential",
          "street_level": 4,
          "street_group": "604154943",
          "composite": true
        },
        "length_hint": 18.718588077630194,
        "speed_limit": 8.333333333333334
      },
      {
        "start": "5735963220",
        "end": "5735963220",
        "reverse": false,
        "shape": {
          "type": "polyline",
          "points": [
            [
              360.00814,
              551.38695
            ],
            [
              278.20327,
              519.79635
            ],
            [
              360.00814,
              551.38695
            ]
          ]
        },
        "metadata": {
          "segment_id": 73306,
          "street_id": 604533648,
          "street_name": "RAI_65_Q9_007",
          "street_type": "unclassified",
          "street_level": 4,
          "street_group": "604533648",
          "composite": true
        },
        "length_hint": 175.3853216672012,
        "speed_limit": 11.11111111111111
      }
    ]
  }
}