{
  "observation": {
    "type": "Kinematics"
  },
  "action": {
    "type": "DiscreteMetaAction"
  },
  "simulation_frequency": 15,
  "policy_frequency": 1,
  "other_vehicles_type": "highway_env.vehicle.behavior.IDMVehicle",
  "screen_width": 600,
  "screen_height": 150,
  "centering_position": [
    0.3,
    0.5
  ],
  "scaling": 5.5,
  "show_trajectories": false,
  "render_agent": true,
  "offscreen_rendering": false,
  "manual_control": false,
  "real_time_rendering": false,
  "destination": null,
  "initial_vehicle_count": 0,
  "controlled_vehicles": 0,
  "spawn_probability": 0.0,
  "duration": 40.0,
  "collision_reward": -5,
  "high_speed_reward": 1.0,
  "arrived_reward": 1.0,
  "reward_speed_range": [
    6.0,
    12.0
  ],
  "auto_curve": false,
  "corner_radius": 25.0,
  "curve_samples": 8,
  "exit_distance": 5.0,
  "graph": {
    "nodes": {
      "5735829376": [
        95.2286,
        992.3289
      ],
      "5735829377": [
        64.44587,
        1011.55965
      ],
      "5735829378": [
        57.70122,
        1013.90175
      ],
      "5735829379": [
        58.58119,
        1019.89575
      ],
      "1605303690": [
        0.0,
        153.2244
      ],
      "1605303692": [
        10.33561,
        154.1457
      ],
      "1605303695": [
        5.3509,
        155.31675
      ],
      "5740628253": [
        248.72137,
        858.4518
      ],
      "5740628254": [
        236.11204,
        863.27475
      ],
      "5740628255": [
        205.18174,
        865.1784
      ],
      "5740628256": [
        185.97533,
        871.75515
      ],
      "5740628257": [
        178.64585,
        879.94695
      ],
      "5740628258": [
        150.64516,
        919.28535
      ],
      "1605303727": [
        457.10054,
        193.87815
      ],
      "1605303786": [
        104.37815,
        218.1594
      ],
      "1605303790": [
        430.19845,
        94.1835
      ],
      "1605303795": [
        234.63084,
        0.0
      ],
      "1605303801": [
        37.30875,
        134.54865
      ],
      "5735829375": [
        105.198,
        985.9686
      ]
    },
    "edges": [
      {
        "start": "5740628258",
        "end": "5740628258",
        "reverse": false,
        "shape": {
          "type": "polyline",
          "points": [
            [
              150.64516,
              919.28535
            ],
            [
              105.198,
              985.9686
            ],
            [
              150.64516,
              919.28535
            ]
          ]
        },
        "metadata": {
          "segment_id": 73275,
          "street_id": 604509056,
          "street_name": "Ph\u01b0\u1eddng Long Ph\u01b0\u1edbc",
          "street_type": "tertiary",
          "street_level": 4,
          "street_group": "604509056",
          "composite": true
        },
        "length_hint": 161.3951694770089,
        "speed_limit": 13.88888888888889
      },
      {
        "start": "5740628258",
        "end": "5740628258",
        "reverse": false,
        "shape": {
          "type": "polyline",
          "points": [
            [
              150.64516,
              919.28535
            ],
            [
              178.64585,
              879.94695
            ],
            [
              150.64516,
              919.28535
            ]
          ]
        },
        "metadata": {
          "segment_id": 73276,
          "street_id": 604509056,
          "street_name": "Ph\u01b0\u1eddng Long Ph\u01b0\u1edbc",
          "street_type": "tertiary",
          "street_level": 4,
          "street_group": "604509056",
          "composite": true
        },
        "length_hint": 96.57221867672085,
        "speed_limit": 13.88888888888889
      },
      {
        "start": "5740628257",
        "end": "5740628257",
        "reverse": false,
        "shape": {
          "type": "polyline",
          "points": [
            [
              178.64585,
              879.94695
            ],
            [
              185.97533,
              871.75515
            ],
            [
              178.64585,
              879.94695
            ]
          ]
        },
        "metadata": {
          "segment_id": 73278,
          "street_id": 604509056,
          "street_name": "Ph\u01b0\u1eddng Long Ph\u01b0\u1edbc",
          "street_type": "tertiary",
          "street_level": 4,
          "street_group": "604509056",
          "composite": true
        },
        "length_hint": 21.98425475747597,
        "speed_limit": 13.88888888888889
      },
      {
        "start": "5740628256",
        "end": "5740628256",
        "reverse": false,
        "shape": {
          "type": "polyline",
          "points": [
            [
              185.97533,
              871.75515
            ],
            [
              205.18174,
              865.1784
            ],
            [
              185.97533,
              871.75515
            ]
          ]
        },
        "metadata": {
          "segment_id": 73280,
          "street_id": 604509056,
          "street_name": "Ph\u01b0\u1eddng Long Ph\u01b0\u1edbc",
          "street_type": "tertiary",
          "street_level": 4,
          "street_group": "604509056",
          "composite": true
        },
        "length_hint": 40.602454391359075,
        "speed_limit": 13.88888888888889
      },
      {
        "start": "5740628254",
        "end": "5740628254",
        "reverse": false,
        "shape": {
          "type": "polyline",
          "points": [
            [
              236.11204,
              863.27475
            ],
            [
              205.18174,
              865.1784
            ],
            [
              236.11204,
              863.27475
            ]
          ]
        },
        "metadata": {
          "segment_id": 73283,
          "street_id": 604509056,
          "street_name": "Ph\u01b0\u1eddng Long Ph\u01b0\u1edbc",
          "street_type": "tertiary",
          "street_level": 4,
          "street_group": "604509056",
          "composite": true
        },
        "length_hint": 61.97765214696346,
        "speed_limit": 13.88888888888889
      },
      {
        "start": "5740628254",
        "end": "5740628254",
        "reverse": false,
        "shape": {
          "type": "polyline",
          "points": [
            [
              236.11204,
              863.27475
            ],
            [
              248.72137,
              858.4518
            ],
            [
              236.11204,
              863.27475
            ]
          ]
        },
        "metadata": {
          "segment_id": 73284,
          "street_id": 604509056,
          "street_name": "Ph\u01b0\u1eddng Long Ph\u01b0\u1edbc",
          "street_type": "tertiary",
          "street_level": 4,
          "street_group": "604509056",
          "composite": true
        },
        "length_hint": 27.000448126014497,
        "speed_limit": 13.88888888888889
      },
      {
        "start": "5735829375",
        "end": "5735829375",
        "reverse": false,
        "shape": {
          "type": "polyline",
          "points": [
            [
              105.198,
              985.9686
            ],
            [
              95.2286,
              992.3289
            ],
            [
              105.198,
              985.9686
            ]
          ]
        },
        "metadata": {
          "segment_id": 73273,
          "street_id": 604509056,
          "street_name": "Ph\u01b0\u1eddng Long Ph\u01b0\u1edbc",
          "street_type": "tertiary",
          "street_level": 4,
          "street_group": "604509056",
          "composite": true
        },
        "length_hint": 23.65099172973506,
        "speed_limit": 13.88888888888889
      },
      {
        "start": "5735829378",
        "end": "5735829378",
        "reverse": false,
        "shape": {
          "type": "polyline",
          "points": [
            [
              57.70122,
              1013.90175
            ],
            [
              58.58119,
              1019.89575
            ],
            [
              57.70122,
              1013.90175
            ]
          ]
        },
        "metadata": {
          "segment_id": 73267,
          "street_id": 604509056,
          "street_name": "Ph\u01b0\u1eddng Long Ph\u01b0\u1edbc",
          "street_type": "tertiary",
          "street_level": 4,
          "street_group": "604509056",
          "composite": true
        },
        "length_hint": 12.116498372203141,
        "speed_limit": 13.88888888888889
      },
      {
        "start": "5735829378",
        "end": "5735829378",
        "reverse": false,
        "shape": {
          "type": "polyline",
          "points": [
            [
              57.70122,
              1013.90175
            ],
            [
              64.44587,
              1011.55965
            ],
            [
              57.70122,
              1013.90175
            ]
          ]
        },
        "metadata": {
          "segment_id": 73268,
          "street_id": 604509056,
          "street_name": "Ph\u01b0\u1eddng Long Ph\u01b0\u1edbc",
          "street_type": "tertiary",
          "street_level": 4,
          "street_group": "604509056",
          "composite": true
        },
        "length_hint": 14.279458817826368,
        "speed_limit": 13.88888888888889
      },
      {
        "start": "5735829377",
        "end": "5735829377",
        "reverse": false,
        "shape": {
          "type": "polyline",
          "points": [
            [
              64.44587,
              1011.55965
            ],
            [
              95.2286,
              992.3289
            ],
            [
              64.44587,
              1011.55965
            ]
          ]
        },
        "metadata": {
          "segment_id": 73270,
          "street_id": 604509056,
          "street_name": "Ph\u01b0\u1eddng Long Ph\u01b0\u1edbc",
          "street_type": "tertiary",
          "street_level": 4,
          "street_group": "604509056",
          "composite": true
        },
        "length_hint": 72.59196131295536,
        "speed_limit": 13.88888888888889
      },
      {
        "start": "1605303692",
        "end": "1605303692",
        "reverse": false,
        "shape": {
          "type": "polyline",
          "points": [
            [
              10.33561,
              154.1457
            ],
            [
              5.3509,
              155.31675
            ],
            [
              10.33561,
              154.1457
            ]
          ]
        },
        "metadata": {
          "segment_id": 25868,
          "street_id": 147293401,
          "street_name": "NaN",
          "street_type": "unclassified",
          "street_level": 4,
          "street_group": "147293401",
          "composite": true
        },
        "length_hint": 10.24083822479391,
        "speed_limit": 11.11111111111111
      },
      {
        "start": "1605303692",
        "end": "1605303692",
        "reverse": false,
        "shape": {
          "type": "polyline",
          "points": [
            [
              10.33561,
              154.1457
            ],
            [
              37.30875,
              134.54865
            ],
            [
              10.33561,
              154.1457
            ]
          ]
        },
        "metadata": {
          "segment_id": 25869,
          "street_id": 147293401,
          "street_name": "NaN",
          "street_type": "unclassified",
          "street_level": 4,
          "street_group": "147293401",
          "composite": true
        },
        "length_hint": 66.68117126032205,
        "speed_limit": 11.11111111111111
      },
      {
        "start": "1605303801",
        "end": "1605303801",
        "reverse": false,
        "shape": {
          "type": "polyline",
          "points": [
            [
              37.30875,
              134.54865
            ],
            [
              234.63084,
              0.0
            ],
            [
              37.30875,
              134.54865
            ]
          ]
        },
        "metadata": {
          "segment_id": 25871,
          "street_id": 147293401,
          "street_name": "Long T\u00e2n",
          "street_type": "unclassified",
          "street_level": 4,
          "street_group": "147293401",
          "composite": true
        },
        "length_hint": 477.65823103466187,
        "speed_limit": 11.11111111111111
      },
      {
        "start": "1605303690",
        "end": "1605303690",
        "reverse": false,
        "shape": {
          "type": "polyline",
          "points": [
            [
              0.0,
              153.2244
            ],
            [
              5.3509,
              155.31675
            ],
            [
              0.0,
              153.2244
            ]
          ]
        },
        "metadata": {
          "segment_id": 25865,
          "street_id": 147293401,
          "street_name": "NaN",
          "street_type": "unclassified",
          "street_level": 4,
          "street_group": "147293401",
          "composite": true
        },
        "length_hint": 11.490876264671908,
        "speed_limit": 11.11111111111111
      },
      {
        "start": "1605303727",
        "end": "1605303727",
        "reverse": false,
        "shape": {
          "type": "polyline",
          "points": [
            [
              457.10054,
              193.87815
            ],
            [
              430.19845,
              94.1835
            ],
            [
              457.10054,
              193.87815
            ]
          ]
        },
        "metadata": {
          "segment_id": 25834,
          "street_id": 147293395,
          "street_name": "Long T\u00e2n",
          "street_type": "unclassified",
          "street_level": 4,
          "street_group": "147293395",
          "composite": true
        },
        "length_hint": 206.52114356637293,
        "speed_limit": 11.11111111111111
      },
      {
        "start": "1605303786",
        "end": "1605303786",
        "reverse": false,
        "shape": {
          "type": "polyline",
          "points": [
            [
              104.37815,
              218.1594
            ],
            [
              37.30875,
              134.54865
            ],
            [
              104.37815,
              218.1594
            ]
          ]
        },
        "metadata": {
          "segment_id": 25830,
          "street_id": 147293393,
          "street_name": "NaN",
          "street_type": "unclassified",
          "street_level": 4,
          "street_group": "147293393",
          "composite": true
        },
        "length_hint": 214.37408361947578,
        "speed_limit": 11.11111111111111
      }
    ]
  }
}