{
  "observation": {
    "type": "Kinematics"
  },
  "action": {
    "type": "DiscreteMetaAction"
  },
  "simulation_frequency": 15,
  "policy_frequency": 1,
  "other_vehicles_type": "highway_env.vehicle.behavior.IDMVehicle",
  "screen_width": 600,
  "screen_height": 150,
  "centering_position": [
    0.3,
    0.5
  ],
  "scaling": 5.5,
  "show_trajectories": false,
  "render_agent": true,
  "offscreen_rendering": false,
  "manual_control": false,
  "real_time_rendering": false,
  "destination": null,
  "initial_vehicle_count": 0,
  "controlled_vehicles": 0,
  "spawn_probability": 0.0,
  "duration": 40.0,
  "collision_reward": -5,
  "high_speed_reward": 1.0,
  "arrived_reward": 1.0,
  "reward_speed_range": [
    6.0,
    12.0
  ],
  "auto_curve": false,
  "corner_radius": 25.0,
  "curve_samples": 8,
  "exit_distance": 5.0,
  "graph": {
    "nodes": {
      "366451719": [
        1049.91945,
        41.5362
      ],
      "366408208": [
        0.28968,
        97.97415
      ],
      "366383133": [
        1017.2128,
        47.41365
      ],
      "366446109": [
        31.6955,
        444.91575
      ],
      "1599194669": [
        1003.54313,
        505.37745
      ],
      "5752809536": [
        1058.12891,
        318.9252
      ],
      "5752809541": [
        1076.06728,
        291.63585
      ],
      "5740257865": [
        222.60634,
        699.3666
      ],
      "676021330": [
        22.27812,
        422.08305
      ],
      "676021331": [
        3.33953,
        396.39765
      ],
      "366418524": [
        184.72369,
        656.63715
      ],
      "370523238": [
        994.2624,
        434.92575
      ],
      "366424167": [
        799.21404,
        9.7458
      ],
      "366438509": [
        853.12207,
        23.9316
      ],
      "366450797": [
        1043.22945,
        337.7619
      ],
      "366376571": [
        970.26805,
        49.33395
      ],
      "5750636672": [
        167.51225,
        623.0541
      ],
      "366456963": [
        988.39226,
        49.8057
      ],
      "5740176528": [
        112.4127,
        555.5661
      ],
      "5740176535": [
        76.57968,
        505.5939
      ],
      "5740176540": [
        162.00831,
        615.4506
      ],
      "5740176542": [
        217.13519,
        691.7742
      ],
      "5740176543": [
        213.31468,
        686.48505
      ],
      "5740176544": [
        212.85009,
        694.62135
      ],
      "5740176545": [
        208.9148,
        689.30445
      ],
      "366413992": [
        889.33768,
        31.5462
      ],
      "366465199": [
        994.58488,
        595.3374
      ],
      "366470025": [
        0.0,
        400.07175
      ],
      "5752809674": [
        1053.40109,
        325.67955
      ],
      "366379216": [
        784.45669,
        0.0
      ],
      "5752809168": [
        1066.49687,
        307.35345
      ],
      "366383826": [
        866.98304,
        27.44475
      ],
      "5740176595": [
        215.61573,
        698.3565
      ],
      "366459605": [
        1080.71311,
        36.30255
      ],
      "5740176604": [
        185.99173,
        658.3521
      ],
      "5740176607": [
        173.54637,
        641.4135
      ],
      "5740176608": [
        171.05402,
        637.5507
      ],
      "5740176611": [
        151.37209,
        610.056
      ],
      "5740176614": [
        143.85678,
        599.5554
      ],
      "2409466599": [
        1005.87698,
        473.1264
      ],
      "2409466600": [
        1012.03134,
        406.7595
      ],
      "2409466601": [
        1010.72504,
        420.8565
      ],
      "366427373": [
        1005.02433,
        486.94035
      ],
      "676020505": [
        188.89947,
        652.6245
      ],
      "676020506": [
        77.61816,
        498.79515
      ],
      "2938641321": [
        466.46325,
        481.59015
      ],
      "5750599980": [
        104.88099,
        320.124
      ],
      "366409012": [
        1073.29618,
        296.75295
      ],
      "2938641323": [
        464.41909,
        478.7652
      ],
      "366398264": [
        914.0371,
        38.9943
      ],
      "5750599993": [
        64.89952,
        489.80415
      ],
      "366382407": [
        985.11831,
        686.8014
      ],
      "366435148": [
        1018.65574,
        376.19565
      ],
      "2938641328": [
        456.30255,
        485.5917
      ],
      "366441809": [
        990.45282,
        412.92555
      ],
      "2938641329": [
        457.36836,
        487.0791
      ],
      "366381926": [
        176.90776,
        645.72585
      ],
      "366468967": [
        991.16882,
        626.81145
      ],
      "366474601": [
        1001.71759,
        49.1175
      ],
      "366380932": [
        989.05907,
        643.4892
      ],
      "366370183": [
        992.31115,
        429.3591
      ],
      "5358463369": [
        115.86701,
        257.56995
      ],
      "5358463370": [
        127.30669,
        273.948
      ],
      "5358463371": [
        129.06117,
        280.66905
      ],
      "5358463372": [
        125.83642,
        288.8553
      ],
      "5358463373": [
        110.59263,
        311.94885
      ],
      "5358463374": [
        97.10332,
        331.25175
      ],
      "5358463375": [
        88.01389,
        336.51315
      ],
      "5358463376": [
        68.37023,
        342.65145
      ],
      "5358463377": [
        53.71127,
        343.52835
      ],
      "5358463378": [
        26.81464,
        336.82395
      ],
      "5750600596": [
        92.28806,
        519.07485
      ],
      "5740113301": [
        987.66532,
        674.34165
      ],
      "5750600597": [
        146.84651,
        594.48825
      ],
      "366414231": [
        125.88015,
        574.44165
      ],
      "5750600600": [
        135.92607,
        588.4776
      ],
      "2217938326": [
        7.01794,
        410.0007
      ],
      "5750600602": [
        154.13226,
        604.5615
      ],
      "5750600604": [
        137.28703,
        581.27925
      ],
      "5750600608": [
        129.32899,
        570.2736
      ],
      "5750600609": [
        122.51875,
        560.8608
      ],
      "2938641315": [
        465.51222,
        486.6129
      ],
      "2938641316": [
        466.3758,
        485.07555
      ],
      "2938641317": [
        466.70921,
        483.3384
      ],
      "2938641318": [
        457.79468,
        478.9539
      ],
      "2938641319": [
        456.5813,
        480.32475
      ],
      "2938641320": [
        455.88716,
        482.01195
      ],
      "5750600617": [
        107.88712,
        540.64215
      ],
      "2938641322": [
        465.67073,
        480.0084
      ],
      "5750600619": [
        96.01565,
        524.22525
      ],
      "2938641324": [
        462.82857,
        477.98265
      ],
      "5750600621": [
        87.39627,
        511.73775
      ],
      "366399406": [
        818.8577,
        14.47995
      ],
      "5750600623": [
        67.92751,
        485.36415
      ],
      "2938641327": [
        455.78877,
        483.8379
      ],
      "5750600625": [
        55.87021,
        468.64755
      ],
      "2938641326": [
        459.336,
        478.08255
      ],
      "5750600627": [
        51.06588,
        461.98755
      ],
      "2938641325": [
        461.07409,
        477.744
      ],
      "366475189": [
        841.99394,
        21.12885
      ],
      "5750600629": [
        46.52389,
        455.69385
      ],
      "5750600631": [
        38.20512,
        444.16095
      ],
      "2938641333": [
        464.1458,
        487.8339
      ],
      "2938641332": [
        462.45144,
        488.5332
      ],
      "2938641331": [
        460.6259,
        488.6331
      ],
      "2938641330": [
        458.86049,
        488.1336
      ],
      "2938641334": [
        418.05916,
        501.61455
      ],
      "2938641335": [
        431.84908,
        469.62435
      ],
      "366446016": [
        30.70074,
        409.10715
      ],
      "366443973": [
        1038.21196,
        43.1013
      ],
      "366381511": [
        1002.7834,
        474.06435
      ],
      "5750600652": [
        31.05601,
        386.9016
      ],
      "5750600653": [
        30.85378,
        381.87885
      ],
      "366426063": [
        934.75204,
        42.40755
      ],
      "2024973268": [
        81.97431,
        512.8866
      ],
      "2938632164": [
        31.72282,
        403.75695
      ],
      "2938632165": [
        29.93555,
        358.7076
      ],
      "2409498618": [
        19.15722,
        427.17795
      ]
    },
    "edges": [
      {
        "start": "366459605",
        "end": "366459605",
        "reverse": false,
        "shape": {
          "type": "polyline",
          "points": [
            [
              1080.71311,
              36.30255
            ],
            [
              1049.91945,
              41.5362
            ],
            [
              1080.71311,
              36.30255
            ]
          ]
        },
        "metadata": {
          "segment_id": 11446,
          "street_id": 32584369,
          "street_name": "D\u1ee7\u1ed5ng S\u1ed5 10",
          "street_type": "theme_park",
          "street_level": 4,
          "street_group": "32584369",
          "composite": true
        },
        "length_hint": 62.470491866739415,
        "speed_limit": 11.11111111111111
      },
      {
        "start": "366376571",
        "end": "366376571",
        "reverse": false,
        "shape": {
          "type": "polyline",
          "points": [
            [
              970.26805,
              49.33395
            ],
            [
              988.39226,
              49.8057
            ],
            [
              970.26805,
              49.33395
            ]
          ]
        },
        "metadata": {
          "segment_id": 11457,
          "street_id": 32584369,
          "street_name": "D\u1ee7\u1ed5ng S\u1ed5 10",
          "street_type": "theme_park",
          "street_level": 4,
          "street_group": "32584369",
          "composite": true
        },
        "length_hint": 36.26069696994795,
        "speed_limit": 11.11111111111111
      },
      {
        "start": "366376571",
        "end": "366376571",
        "reverse": false,
        "shape": {
          "type": "polyline",
          "points": [
            [
              970.26805,
              49.33395
            ],
            [
              934.75204,
              42.40755
            ],
            [
              970.26805,
              49.33395
            ]
          ]
        },
        "metadata": {
          "segment_id": 11458,
          "street_id": 32584369,
          "street_name": "D\u1ee7\u1ed5ng S\u1ed5 10",
          "street_type": "theme_park",
          "street_level": 4,
          "street_group": "32584369",
          "composite": true
        },
        "length_hint": 72.3702144056546,
        "speed_limit": 11.11111111111111
      },
      {
        "start": "366426063",
        "end": "366426063",
        "reverse": false,
        "shape": {
          "type": "polyline",
          "points": [
            [
              934.75204,
              42.40755
            ],
            [
              914.0371,
              38.9943
            ],
            [
              934.75204,
              42.40755
            ]
          ]
        },
        "metadata": {
          "segment_id": 11460,
          "street_id": 32584369,
          "street_name": "D\u1ee7\u1ed5ng S\u1ed5 10",
          "street_type": "theme_park",
          "street_level": 4,
          "street_group": "32584369",
          "composite": true
        },
        "length_hint": 41.988522944542744,
        "speed_limit": 11.11111111111111
      },
      {
        "start": "366413992",
        "end": "366413992",
        "reverse": false,
        "shape": {
          "type": "polyline",
          "points": [
            [
              889.33768,
              31.5462
            ],
            [
              914.0371,
              38.9943
            ],
            [
              889.33768,
              31.5462
            ]
          ]
        },
        "metadata": {
          "segment_id": 11463,
          "street_id": 32584369,
          "street_name": "D\u1ee7\u1ed5ng S\u1ed5 10",
          "street_type": "theme_park",
          "street_level": 4,
          "street_group": "32584369",
          "composite": true
        },
        "length_hint": 51.59595107937837,
        "speed_limit": 11.11111111111111
      },
      {
        "start": "366413992",
        "end": "366413992",
        "reverse": false,
        "shape": {
          "type": "polyline",
          "points": [
            [
              889.33768,
              31.5462
            ],
            [
              866.98304,
              27.44475
            ],
            [
              889.33768,
              31.5462
            ]
          ]
        },
        "metadata": {
          "segment_id": 11464,
          "street_id": 32584369,
          "street_name": "D\u1ee7\u1ed5ng S\u1ed5 10",
          "street_type": "theme_park",
          "street_level": 4,
          "street_group": "32584369",
          "composite": true
        },
        "length_hint": 45.45555286792146,
        "speed_limit": 11.11111111111111
      },
      {
        "start": "366379216",
        "end": "366379216",
        "reverse": false,
        "shape": {
          "type": "polyline",
          "points": [
            [
              784.45669,
              0.0
            ],
            [
              799.21404,
              9.7458
            ],
            [
              784.45669,
              0.0
            ]
          ]
        },
        "metadata": {
          "segment_id": 11475,
          "street_id": 32584369,
          "street_name": "D\u1ee7\u1ed5ng S\u1ed5 10",
          "street_type": "theme_park",
          "street_level": 4,
          "street_group": "32584369",
          "composite": true
        },
        "length_hint": 35.37004363370219,
        "speed_limit": 11.11111111111111
      },
      {
        "start": "366424167",
        "end": "366424167",
        "reverse": false,
        "shape": {
          "type": "polyline",
          "points": [
            [
              799.21404,
              9.7458
            ],
            [
              818.8577,
              14.47995
            ],
            [
              799.21404,
              9.7458
            ]
          ]
        },
        "metadata": {
          "segment_id": 11473,
          "street_id": 32584369,
          "street_name": "D\u1ee7\u1ed5ng S\u1ed5 10",
          "street_type": "theme_park",
          "street_level": 4,
          "street_group": "32584369",
          "composite": true
        },
        "length_hint": 40.41215433099813,
        "speed_limit": 11.11111111111111
      },
      {
        "start": "366399406",
        "end": "366399406",
        "reverse": false,
        "shape": {
          "type": "polyline",
          "points": [
            [
              818.8577,
              14.47995
            ],
            [
              841.99394,
              21.12885
            ],
            [
              818.8577,
              14.47995
            ]
          ]
        },
        "metadata": {
          "segment_id": 11471,
          "street_id": 32584369,
          "street_name": "D\u1ee7\u1ed5ng S\u1ed5 10",
          "street_type": "theme_park",
          "street_level": 4,
          "street_group": "32584369",
          "composite": true
        },
        "length_hint": 48.145341313468606,
        "speed_limit": 11.11111111111111
      },
      {
        "start": "366475189",
        "end": "366475189",
        "reverse": false,
        "shape": {
          "type": "polyline",
          "points": [
            [
              841.99394,
              21.12885
            ],
            [
              853.12207,
              23.9316
            ],
            [
              841.99394,
              21.12885
            ]
          ]
        },
        "metadata": {
          "segment_id": 11469,
          "street_id": 32584369,
          "street_name": "D\u1ee7\u1ed5ng S\u1ed5 10",
          "street_type": "theme_park",
          "street_level": 4,
          "street_group": "32584369",
          "composite": true
        },
        "length_hint": 22.95131236852492,
        "speed_limit": 11.11111111111111
      },
      {
        "start": "366383826",
        "end": "366383826",
        "reverse": false,
        "shape": {
          "type": "polyline",
          "points": [
            [
              866.98304,
              27.44475
            ],
            [
              853.12207,
              23.9316
            ],
            [
              866.98304,
              27.44475
            ]
          ]
        },
        "metadata": {
          "segment_id": 11466,
          "street_id": 32584369,
          "street_name": "D\u1ee7\u1ed5ng S\u1ed5 10",
          "street_type": "theme_park",
          "street_level": 4,
          "street_group": "32584369",
          "composite": true
        },
        "length_hint": 28.598511308346012,
        "speed_limit": 11.11111111111111
      },
      {
        "start": "366383133",
        "end": "366383133",
        "reverse": false,
        "shape": {
          "type": "polyline",
          "points": [
            [
              1017.2128,
              47.41365
            ],
            [
              1038.21196,
              43.1013
            ],
            [
              1017.2128,
              47.41365
            ]
          ]
        },
        "metadata": {
          "segment_id": 11451,
          "street_id": 32584369,
          "street_name": "D\u1ee7\u1ed5ng S\u1ed5 10",
          "street_type": "theme_park",
          "street_level": 4,
          "street_group": "32584369",
          "composite": true
        },
        "length_hint": 42.87475169505256,
        "speed_limit": 11.11111111111111
      },
      {
        "start": "366383133",
        "end": "366383133",
        "reverse": false,
        "shape": {
          "type": "polyline",
          "points": [
            [
              1017.2128,
              47.41365
            ],
            [
              1001.71759,
              49.1175
            ],
            [
              1017.2128,
              47.41365
            ]
          ]
        },
        "metadata": {
          "segment_id": 11452,
          "street_id": 32584369,
          "street_name": "D\u1ee7\u1ed5ng S\u1ed5 10",
          "street_type": "theme_park",
          "street_level": 4,
          "street_group": "32584369",
          "composite": true
        },
        "length_hint": 31.177212047686453,
        "speed_limit": 11.11111111111111
      },
      {
        "start": "366456963",
        "end": "366456963",
        "reverse": false,
        "shape": {
          "type": "polyline",
          "points": [
            [
              988.39226,
              49.8057
            ],
            [
              1001.71759,
              49.1175
            ],
            [
              988.39226,
              49.8057
            ]
          ]
        },
        "metadata": {
          "segment_id": 11455,
          "street_id": 32584369,
          "street_name": "D\u1ee7\u1ed5ng S\u1ed5 10",
          "street_type": "theme_park",
          "street_level": 4,
          "street_group": "32584369",
          "composite": true
        },
        "length_hint": 26.686179108212567,
        "speed_limit": 11.11111111111111
      },
      {
        "start": "366451719",
        "end": "366451719",
        "reverse": false,
        "shape": {
          "type": "polyline",
          "points": [
            [
              1049.91945,
              41.5362
            ],
            [
              1038.21196,
              43.1013
            ],
            [
              1049.91945,
              41.5362
            ]
          ]
        },
        "metadata": {
          "segment_id": 11448,
          "street_id": 32584369,
          "street_name": "D\u1ee7\u1ed5ng S\u1ed5 10",
          "street_type": "theme_park",
          "street_level": 4,
          "street_group": "32584369",
          "composite": true
        },
        "length_hint": 23.62328174577784,
        "speed_limit": 11.11111111111111
      },
      {
        "start": "5358463372",
        "end": "5358463372",
        "reverse": false,
        "shape": {
          "type": "polyline",
          "points": [
            [
              125.83642,
              288.8553
            ],
            [
              110.59263,
              311.94885
            ],
            [
              125.83642,
              288.8553
            ]
          ]
        },
        "metadata": {
          "segment_id": 69195,
          "street_id": 555383181,
          "street_name": "Ho\u00e0ng H\u1eefu Nam",
          "street_type": "secondary",
          "street_level": 3,
          "street_group": "555383181",
          "composite": true
        },
        "length_hint": 55.342034121148814,
        "speed_limit": 11.11111111111111
      },
      {
        "start": "5358463372",
        "end": "5358463372",
        "reverse": false,
        "shape": {
          "type": "polyline",
          "points": [
            [
              125.83642,
              288.8553
            ],
            [
              129.06117,
              280.66905
            ],
            [
              125.83642,
              288.8553
            ]
          ]
        },
        "metadata": {
          "segment_id": 69196,
          "street_id": 555383181,
          "street_name": "Ho\u00e0ng H\u1eefu Nam",
          "street_type": "secondary",
          "street_level": 3,
          "street_group": "555383181",
          "composite": true
        },
        "length_hint": 17.597011294535168,
        "speed_limit": 11.11111111111111
      },
      {
        "start": "5358463370",
        "end": "5358463370",
        "reverse": false,
        "shape": {
          "type": "polyline",
          "points": [
            [
              127.30669,
              273.948
            ],
            [
              129.06117,
              280.66905
            ],
            [
              127.30669,
              273.948
            ]
          ]
        },
        "metadata": {
          "segment_id": 69199,
          "street_id": 555383181,
          "street_name": "Ho\u00e0ng H\u1eefu Nam",
          "street_type": "secondary",
          "street_level": 3,
          "street_group": "555383181",
          "composite": true
        },
        "length_hint": 13.892546659687797,
        "speed_limit": 11.11111111111111
      },
      {
        "start": "5358463370",
        "end": "5358463370",
        "reverse": false,
        "shape": {
          "type": "polyline",
          "points": [
            [
              127.30669,
              273.948
            ],
            [
              115.86701,
              257.56995
            ],
            [
              127.30669,
              273.948
            ]
          ]
        },
        "metadata": {
          "segment_id": 69200,
          "street_id": 555383181,
          "street_name": "Ho\u00e0ng H\u1eefu Nam",
          "street_type": "secondary",
          "street_level": 3,
          "street_group": "555383181",
          "composite": true
        },
        "length_hint": 39.95531505594215,
        "speed_limit": 11.11111111111111
      },
      {
        "start": "5358463369",
        "end": "5358463369",
        "reverse": false,
        "shape": {
          "type": "polyline",
          "points": [
            [
              115.86701,
              257.56995
            ],
            [
              0.28968,
              97.97415
            ],
            [
              115.86701,
              257.56995
            ]
          ]
        },
        "metadata": {
          "segment_id": 69202,
          "street_id": 555383181,
          "street_name": "Ho\u00e0ng H\u1eefu Nam",
          "street_type": "secondary",
          "street_level": 3,
          "street_group": "555383181",
          "composite": true
        },
        "length_hint": 394.1011981081453,
        "speed_limit": 11.11111111111111
      },
      {
        "start": "5358463373",
        "end": "5358463373",
        "reverse": false,
        "shape": {
          "type": "polyline",
          "points": [
            [
              110.59263,
              311.94885
            ],
            [
              104.88099,
              320.124
            ],
            [
              110.59263,
              311.94885
            ]
          ]
        },
        "metadata": {
          "segment_id": 69193,
          "street_id": 555383181,
          "street_name": "Ho\u00e0ng H\u1eefu Nam",
          "street_type": "secondary",
          "street_level": 3,
          "street_group": "555383181",
          "composite": true
        },
        "length_hint": 19.945516690434523,
        "speed_limit": 11.11111111111111
      },
      {
        "start": "5358463377",
        "end": "5358463377",
        "reverse": false,
        "shape": {
          "type": "polyline",
          "points": [
            [
              53.71127,
              343.52835
            ],
            [
              26.81464,
              336.82395
            ],
            [
              53.71127,
              343.52835
            ]
          ]
        },
        "metadata": {
          "segment_id": 69183,
          "street_id": 555383181,
          "street_name": "Ho\u00e0ng H\u1eefu Nam",
          "street_type": "secondary",
          "street_level": 3,
          "street_group": "555383181",
          "composite": true
        },
        "length_hint": 55.43925269037812,
        "speed_limit": 11.11111111111111
      },
      {
        "start": "5358463377",
        "end": "5358463377",
        "reverse": false,
        "shape": {
          "type": "polyline",
          "points": [
            [
              53.71127,
              343.52835
            ],
            [
              68.37023,
              342.65145
            ],
            [
              53.71127,
              343.52835
            ]
          ]
        },
        "metadata": {
          "segment_id": 69184,
          "street_id": 555383181,
          "street_name": "Ho\u00e0ng H\u1eefu Nam",
          "street_type": "secondary",
          "street_level": 3,
          "street_group": "555383181",
          "composite": true
        },
        "length_hint": 29.370329374496308,
        "speed_limit": 11.11111111111111
      },
      {
        "start": "5750599980",
        "end": "5750599980",
        "reverse": false,
        "shape": {
          "type": "polyline",
          "points": [
            [
              104.88099,
              320.124
            ],
            [
              97.10332,
              331.25175
            ],
            [
              104.88099,
              320.124
            ]
          ]
        },
        "metadata": {
          "segment_id": 69191,
          "street_id": 555383181,
          "street_name": "Ho\u00e0ng H\u1eefu Nam",
          "street_type": "secondary",
          "street_level": 3,
          "street_group": "555383181",
          "composite": true
        },
        "length_hint": 27.15282458171892,
        "speed_limit": 11.11111111111111
      },
      {
        "start": "5358463374",
        "end": "5358463374",
        "reverse": false,
        "shape": {
          "type": "polyline",
          "points": [
            [
              97.10332,
              331.25175
            ],
            [
              88.01389,
              336.51315
            ],
            [
              97.10332,
              331.25175
            ]
          ]
        },
        "metadata": {
          "segment_id": 69189,
          "street_id": 555383181,
          "street_name": "Ho\u00e0ng H\u1eefu Nam",
          "street_type": "secondary",
          "street_level": 3,
          "street_group": "555383181",
          "composite": true
        },
        "length_hint": 21.004767809704507,
        "speed_limit": 11.11111111111111
      },
      {
        "start": "5358463375",
        "end": "5358463375",
        "reverse": false,
        "shape": {
          "type": "polyline",
          "points": [
            [
              88.01389,
              336.51315
            ],
            [
              68.37023,
              342.65145
            ],
            [
              88.01389,
              336.51315
            ]
          ]
        },
        "metadata": {
          "segment_id": 69187,
          "street_id": 555383181,
          "street_name": "Ho\u00e0ng H\u1eefu Nam",
          "street_type": "secondary",
          "street_level": 3,
          "street_group": "555383181",
          "composite": true
        },
        "length_hint": 41.160763116618725,
        "speed_limit": 11.11111111111111
      },
      {
        "start": "5740176614",
        "end": "366470025",
        "reverse": false,
        "shape": {
          "type": "polyline",
          "points": [
            [
              143.85678,
              599.5554
            ],
            [
              135.92607,
              588.4776
            ],
            [
              125.88015,
              574.44165
            ],
            [
              112.4127,
              555.5661
            ],
            [
              81.97431,
              512.8866
            ],
            [
              76.57968,
              505.5939
            ],
            [
              64.89952,
              489.80415
            ],
            [
              31.6955,
              444.91575
            ],
            [
              19.15722,
              427.17795
            ],
            [
              7.01794,
              410.0007
            ],
            [
              0.0,
              400.07175
            ]
          ]
        },
        "metadata": {
          "segment_id": 77417,
          "street_id": 606543189,
          "street_name": "Xa L\u1ed9 H\u00e0 N\u1ed9i",
          "street_type": "trunk",
          "street_level": 1,
          "street_group": "606543189",
          "composite": true
        },
        "length_hint": 245.95398792712774,
        "speed_limit": 13.88888888888889
      },
      {
        "start": "366382407",
        "end": "366382407",
        "reverse": false,
        "shape": {
          "type": "polyline",
          "points": [
            [
              985.11831,
              686.8014
            ],
            [
              987.66532,
              674.34165
            ],
            [
              985.11831,
              686.8014
            ]
          ]
        },
        "metadata": {
          "segment_id": 73956,
          "street_id": 604895671,
          "street_name": "Nguy\u1ec5n Xi\u1ec3n",
          "street_type": "secondary",
          "street_level": 3,
          "street_group": "604895671",
          "composite": true
        },
        "length_hint": 25.43482887715973,
        "speed_limit": 11.11111111111111
      },
      {
        "start": "1599194669",
        "end": "1599194669",
        "reverse": false,
        "shape": {
          "type": "polyline",
          "points": [
            [
              1003.54313,
              505.37745
            ],
            [
              994.58488,
              595.3374
            ],
            [
              1003.54313,
              505.37745
            ]
          ]
        },
        "metadata": {
          "segment_id": 73965,
          "street_id": 604895671,
          "street_name": "Nguy\u1ec5n Xi\u1ec3n",
          "street_type": "secondary",
          "street_level": 3,
          "street_group": "604895671",
          "composite": true
        },
        "length_hint": 180.80976574361242,
        "speed_limit": 11.11111111111111
      },
      {
        "start": "1599194669",
        "end": "1599194669",
        "reverse": false,
        "shape": {
          "type": "polyline",
          "points": [
            [
              1003.54313,
              505.37745
            ],
            [
              1005.02433,
              486.94035
            ],
            [
              1003.54313,
              505.37745
            ]
          ]
        },
        "metadata": {
          "segment_id": 73966,
          "street_id": 604895671,
          "street_name": "Nguy\u1ec5n Xi\u1ec3n",
          "street_type": "secondary",
          "street_level": 3,
          "street_group": "604895671",
          "composite": true
        },
        "length_hint": 36.99300527667356,
        "speed_limit": 11.11111111111111
      },
      {
        "start": "366427373",
        "end": "366427373",
        "reverse": false,
        "shape": {
          "type": "polyline",
          "points": [
            [
              1005.02433,
              486.94035
            ],
            [
              1002.7834,
              474.06435
            ],
            [
              1005.02433,
              486.94035
            ]
          ]
        },
        "metadata": {
          "segment_id": 73968,
          "street_id": 604895671,
          "street_name": "Nguy\u1ec5n Xi\u1ec3n",
          "street_type": "secondary",
          "street_level": 3,
          "street_group": "604895671",
          "composite": true
        },
        "length_hint": 26.139100463856867,
        "speed_limit": 11.11111111111111
      },
      {
        "start": "366380932",
        "end": "366380932",
        "reverse": false,
        "shape": {
          "type": "polyline",
          "points": [
            [
              989.05907,
              643.4892
            ],
            [
              987.66532,
              674.34165
            ],
            [
              989.05907,
              643.4892
            ]
          ]
        },
        "metadata": {
          "segment_id": 73959,
          "street_id": 604895671,
          "street_name": "Nguy\u1ec5n Xi\u1ec3n",
          "street_type": "secondary",
          "street_level": 3,
          "street_group": "604895671",
          "composite": true
        },
        "length_hint": 61.76783014045414,
        "speed_limit": 11.11111111111111
      },
      {
        "start": "366380932",
        "end": "366380932",
        "reverse": false,
        "shape": {
          "type": "polyline",
          "points": [
            [
              989.05907,
              643.4892
            ],
            [
              991.16882,
              626.81145
            ],
            [
              989.05907,
              643.4892
            ]
          ]
        },
        "metadata": {
          "segment_id": 73960,
          "street_id": 604895671,
          "street_name": "Nguy\u1ec5n Xi\u1ec3n",
          "street_type": "secondary",
          "street_level": 3,
          "street_group": "604895671",
          "composite": true
        },
        "length_hint": 33.62132597771825,
        "speed_limit": 11.11111111111111
      },
      {
        "start": "366465199",
        "end": "366465199",
        "reverse": false,
        "shape": {
          "type": "polyline",
          "points": [
            [
              994.58488,
              595.3374
            ],
            [
              991.16882,
              626.81145
            ],
            [
              994.58488,
              595.3374
            ]
          ]
        },
        "metadata": {
          "segment_id": 73963,
          "street_id": 604895671,
          "street_name": "Nguy\u1ec5n Xi\u1ec3n",
          "street_type": "secondary",
          "street_level": 3,
          "street_group": "604895671",
          "composite": true
        },
        "length_hint": 63.31777915644554,
        "speed_limit": 11.11111111111111
      },
      {
        "start": "366409012",
        "end": "366409012",
        "reverse": false,
        "shape": {
          "type": "polyline",
          "points": [
            [
              1073.29618,
              296.75295
            ],
            [
              1066.49687,
              307.35345
            ],
            [
              1073.29618,
              296.75295
            ]
          ]
        },
        "metadata": {
          "segment_id": 77810,
          "street_id": 606867083,
          "street_name": "Nguy\u1ec5n Xi\u1ec3n",
          "street_type": "secondary",
          "street_level": 3,
          "street_group": "606867083",
          "composite": true
        },
        "length_hint": 25.187395000364898,
        "speed_limit": 11.11111111111111
      },
      {
        "start": "366409012",
        "end": "366409012",
        "reverse": false,
        "shape": {
          "type": "polyline",
          "points": [
            [
              1073.29618,
              296.75295
            ],
            [
              1076.06728,
              291.63585
            ],
            [
              1073.29618,
              296.75295
            ]
          ]
        },
        "metadata": {
          "segment_id": 77811,
          "street_id": 606867083,
          "street_name": "Nguy\u1ec5n Xi\u1ec3n",
          "street_type": "secondary",
          "street_level": 3,
          "street_group": "606867083",
          "composite": true
        },
        "length_hint": 11.638506368086855,
        "speed_limit": 11.11111111111111
      },
      {
        "start": "5752809536",
        "end": "5752809536",
        "reverse": false,
        "shape": {
          "type": "polyline",
          "points": [
            [
              1058.12891,
              318.9252
            ],
            [
              1053.40109,
              325.67955
            ],
            [
              1058.12891,
              318.9252
            ]
          ]
        },
        "metadata": {
          "segment_id": 77806,
          "street_id": 606867083,
          "street_name": "Nguy\u1ec5n Xi\u1ec3n",
          "street_type": "secondary",
          "street_level": 3,
          "street_group": "606867083",
          "composite": true
        },
        "length_hint": 16.489211730692077,
        "speed_limit": 11.11111111111111
      },
      {
        "start": "5752809536",
        "end": "5752809536",
        "reverse": false,
        "shape": {
          "type": "polyline",
          "points": [
            [
              1058.12891,
              318.9252
            ],
            [
              1066.49687,
              307.35345
            ],
            [
              1058.12891,
              318.9252
            ]
          ]
        },
        "metadata": {
          "segment_id": 77807,
          "street_id": 606867083,
          "street_name": "Nguy\u1ec5n Xi\u1ec3n",
          "street_type": "secondary",
          "street_level": 3,
          "street_group": "606867083",
          "composite": true
        },
        "length_hint": 28.56068294870421,
        "speed_limit": 11.11111111111111
      },
      {
        "start": "366450797",
        "end": "366450797",
        "reverse": false,
        "shape": {
          "type": "polyline",
          "points": [
            [
              1043.22945,
              337.7619
            ],
            [
              1053.40109,
              325.67955
            ],
            [
              1043.22945,
              337.7619
            ]
          ]
        },
        "metadata": {
          "segment_id": 77803,
          "street_id": 606867083,
          "street_name": "Nguy\u1ec5n Xi\u1ec3n",
          "street_type": "secondary",
          "street_level": 3,
          "street_group": "606867083",
          "composite": true
        },
        "length_hint": 31.587683790496634,
        "speed_limit": 11.11111111111111
      },
      {
        "start": "5750600652",
        "end": "5750600652",
        "reverse": false,
        "shape": {
          "type": "polyline",
          "points": [
            [
              31.05601,
              386.9016
            ],
            [
              30.85378,
              381.87885
            ],
            [
              31.05601,
              386.9016
            ]
          ]
        },
        "metadata": {
          "segment_id": 69175,
          "street_id": 555383180,
          "street_name": "Ho\u00e0ng H\u1eefu Nam",
          "street_type": "secondary",
          "street_level": 3,
          "street_group": "555383180",
          "composite": true
        },
        "length_hint": 10.053639049697326,
        "speed_limit": 11.11111111111111
      },
      {
        "start": "5750600652",
        "end": "5750600652",
        "reverse": false,
        "shape": {
          "type": "polyline",
          "points": [
            [
              31.05601,
              386.9016
            ],
            [
              31.72282,
              403.75695
            ],
            [
              31.05601,
              386.9016
            ]
          ]
        },
        "metadata": {
          "segment_id": 69176,
          "street_id": 555383180,
          "street_name": "Ho\u00e0ng H\u1eefu Nam",
          "street_type": "secondary",
          "street_level": 3,
          "street_group": "555383180",
          "composite": true
        },
        "length_hint": 33.73706917908557,
        "speed_limit": 11.11111111111111
      },
      {
        "start": "366446016",
        "end": "366446016",
        "reverse": false,
        "shape": {
          "type": "polyline",
          "points": [
            [
              30.70074,
              409.10715
            ],
            [
              31.72282,
              403.75695
            ],
            [
              30.70074,
              409.10715
            ]
          ]
        },
        "metadata": {
          "segment_id": 69179,
          "street_id": 555383180,
          "street_name": "Ho\u00e0ng H\u1eefu Nam",
          "street_type": "secondary",
          "street_level": 3,
          "street_group": "555383180",
          "composite": true
        },
        "length_hint": 10.893904270994804,
        "speed_limit": 11.11111111111111
      },
      {
        "start": "366446016",
        "end": "366446016",
        "reverse": false,
        "shape": {
          "type": "polyline",
          "points": [
            [
              30.70074,
              409.10715
            ],
            [
              22.27812,
              422.08305
            ],
            [
              30.70074,
              409.10715
            ]
          ]
        },
        "metadata": {
          "segment_id": 69180,
          "street_id": 555383180,
          "street_name": "Ho\u00e0ng H\u1eefu Nam",
          "street_type": "secondary",
          "street_level": 3,
          "street_group": "555383180",
          "composite": true
        },
        "length_hint": 30.939586841094087,
        "speed_limit": 13.88888888888889
      },
      {
        "start": "5358463378",
        "end": "5358463378",
        "reverse": false,
        "shape": {
          "type": "polyline",
          "points": [
            [
              26.81464,
              336.82395
            ],
            [
              29.93555,
              358.7076
            ],
            [
              26.81464,
              336.82395
            ]
          ]
        },
        "metadata": {
          "segment_id": 69170,
          "street_id": 555383180,
          "street_name": "Ho\u00e0ng H\u1eefu Nam",
          "street_type": "secondary",
          "street_level": 3,
          "street_group": "555383180",
          "composite": true
        },
        "length_hint": 44.21014438115304,
        "speed_limit": 11.11111111111111
      },
      {
        "start": "5750600653",
        "end": "5750600653",
        "reverse": false,
        "shape": {
          "type": "polyline",
          "points": [
            [
              30.85378,
              381.87885
            ],
            [
              29.93555,
              358.7076
            ],
            [
              30.85378,
              381.87885
            ]
          ]
        },
        "metadata": {
          "segment_id": 69173,
          "street_id": 555383180,
          "street_name": "Ho\u00e0ng H\u1eefu Nam",
          "street_type": "secondary",
          "street_level": 3,
          "street_group": "555383180",
          "composite": true
        },
        "length_hint": 46.378873332386995,
        "speed_limit": 11.11111111111111
      },
      {
        "start": "676021331",
        "end": "5740176540",
        "reverse": false,
        "shape": {
          "type": "polyline",
          "points": [
            [
              3.33953,
              396.39765
            ],
            [
              22.27812,
              422.08305
            ],
            [
              38.20512,
              444.16095
            ],
            [
              46.52389,
              455.69385
            ],
            [
              51.06588,
              461.98755
            ],
            [
              55.87021,
              468.64755
            ],
            [
              67.92751,
              485.36415
            ],
            [
              77.61816,
              498.79515
            ],
            [
              87.39627,
              511.73775
            ],
            [
              92.28806,
              519.07485
            ],
            [
              96.01565,
              524.22525
            ],
            [
              107.88712,
              540.64215
            ],
            [
              122.51875,
              560.8608
            ],
            [
              129.32899,
              570.2736
            ],
            [
              137.28703,
              581.27925
            ],
            [
              146.84651,
              594.48825
            ],
            [
              154.13226,
              604.5615
            ],
            [
              162.00831,
              615.4506
            ]
          ]
        },
        "metadata": {
          "segment_id": 77400,
          "street_id": 606543188,
          "street_name": "Xa L\u1ed9 H\u00e0 N\u1ed9i",
          "street_type": "trunk",
          "street_level": 1,
          "street_group": "606543188",
          "composite": true
        },
        "length_hint": 270.49229088782715,
        "speed_limit": 13.88888888888889
      },
      {
        "start": "5740176545",
        "end": "5740176614",
        "reverse": false,
        "shape": {
          "type": "polyline",
          "points": [
            [
              208.9148,
              689.30445
            ],
            [
              185.99173,
              658.3521
            ],
            [
              184.72369,
              656.63715
            ],
            [
              176.90776,
              645.72585
            ],
            [
              173.54637,
              641.4135
            ],
            [
              171.05402,
              637.5507
            ],
            [
              151.37209,
              610.056
            ],
            [
              143.85678,
              599.5554
            ]
          ]
        },
        "metadata": {
          "segment_id": 77431,
          "street_id": 606543190,
          "street_name": "Xa L\u1ed9 H\u00e0 N\u1ed9i",
          "street_type": "trunk",
          "street_level": 1,
          "street_group": "606543190",
          "composite": true
        },
        "length_hint": 110.8619526011355,
        "speed_limit": 13.88888888888889
      },
      {
        "start": "370523238",
        "end": "370523238",
        "reverse": false,
        "shape": {
          "type": "polyline",
          "points": [
            [
              994.2624,
              434.92575
            ],
            [
              1002.7834,
              474.06435
            ],
            [
              994.2624,
              434.92575
            ]
          ]
        },
        "metadata": {
          "segment_id": 17444,
          "street_id": 32899369,
          "street_name": "Nguy\u1ec5n Xi\u1ec3n",
          "street_type": "secondary",
          "street_level": 3,
          "street_group": "32899369",
          "composite": true
        },
        "length_hint": 80.11085946262219,
        "speed_limit": 11.11111111111111
      },
      {
        "start": "366370183",
        "end": "366370183",
        "reverse": false,
        "shape": {
          "type": "polyline",
          "points": [
            [
              992.31115,
              429.3591
            ],
            [
              994.2624,
              434.92575
            ],
            [
              992.31115,
              429.3591
            ]
          ]
        },
        "metadata": {
          "segment_id": 77834,
          "street_id": 606867084,
          "street_name": "Nguy\u1ec5n Xi\u1ec3n",
          "street_type": "secondary",
          "street_level": 3,
          "street_group": "606867084",
          "composite": true
        },
        "length_hint": 11.797452061356237,
        "speed_limit": 11.11111111111111
      },
      {
        "start": "366370183",
        "end": "366370183",
        "reverse": false,
        "shape": {
          "type": "polyline",
          "points": [
            [
              992.31115,
              429.3591
            ],
            [
              990.45282,
              412.92555
            ],
            [
              992.31115,
              429.3591
            ]
          ]
        },
        "metadata": {
          "segment_id": 77835,
          "street_id": 606867084,
          "street_name": "Nguy\u1ec5n Xi\u1ec3n",
          "street_type": "secondary",
          "street_level": 3,
          "street_group": "606867084",
          "composite": true
        },
        "length_hint": 33.07657515471642,
        "speed_limit": 11.11111111111111
      },
      {
        "start": "366435148",
        "end": "366435148",
        "reverse": false,
        "shape": {
          "type": "polyline",
          "points": [
            [
              1018.65574,
              376.19565
            ],
            [
              990.45282,
              412.92555
            ],
            [
              1018.65574,
              376.19565
            ]
          ]
        },
        "metadata": {
          "segment_id": 77838,
          "street_id": 606867084,
          "street_name": "Nguy\u1ec5n Xi\u1ec3n",
          "street_type": "secondary",
          "street_level": 3,
          "street_group": "606867084",
          "composite": true
        },
        "length_hint": 92.61728241611071,
        "speed_limit": 11.11111111111111
      },
      {
        "start": "366435148",
        "end": "366435148",
        "reverse": false,
        "shape": {
          "type": "polyline",
          "points": [
            [
              1018.65574,
              376.19565
            ],
            [
              1043.22945,
              337.7619
            ],
            [
              1018.65574,
              376.19565
            ]
          ]
        },
        "metadata": {
          "segment_id": 77839,
          "street_id": 606867084,
          "street_name": "Nguy\u1ec5n Xi\u1ec3n",
          "street_type": "secondary",
          "street_level": 3,
          "street_group": "606867084",
          "composite": true
        },
        "length_hint": 91.23640418663152,
        "speed_limit": 11.11111111111111
      },
      {
        "start": "5740176540",
        "end": "5740176543",
        "reverse": false,
        "shape": {
          "type": "polyline",
          "points": [
            [
              162.00831,
              615.4506
            ],
            [
              167.51225,
              623.0541
            ],
            [
              188.89947,
              652.6245
            ],
            [
              213.31468,
              686.48505
            ]
          ]
        },
        "metadata": {
          "segment_id": 77394,
          "street_id": 606543187,
          "street_name": "Xa L\u1ed9 H\u00e0 N\u1ed9i",
          "street_type": "trunk",
          "street_level": 1,
          "street_group": "606543187",
          "composite": true
        },
        "length_hint": 87.62557450981117,
        "speed_limit": 13.88888888888889
      },
      {
        "start": "5740176542",
        "end": "5740257865",
        "reverse": false,
        "shape": {
          "type": "polyline",
          "points": [
            [
              217.13519,
              691.7742
            ],
            [
              222.60634,
              699.3666
            ]
          ]
        },
        "metadata": {
          "segment_id": 74142,
          "street_id": 605123842,
          "street_name": "Xa L\u1ed9 H\u00e0 N\u1ed9i",
          "street_type": "trunk",
          "street_level": 1,
          "street_group": "605123842",
          "composite": true
        },
        "length_hint": 9.358312886546372,
        "speed_limit": 13.88888888888889
      },
      {
        "start": "5740176543",
        "end": "5740176542",
        "reverse": false,
        "shape": {
          "type": "polyline",
          "points": [
            [
              213.31468,
              686.48505
            ],
            [
              217.13519,
              691.7742
            ]
          ]
        },
        "metadata": {
          "segment_id": 74143,
          "street_id": 605123843,
          "street_name": "Xa L\u1ed9 H\u00e0 N\u1ed9i",
          "street_type": "trunk",
          "street_level": 1,
          "street_group": "605123843",
          "composite": true
        },
        "length_hint": 6.524676573026386,
        "speed_limit": 13.88888888888889
      },
      {
        "start": "5740176544",
        "end": "5740176545",
        "reverse": false,
        "shape": {
          "type": "polyline",
          "points": [
            [
              212.85009,
              694.62135
            ],
            [
              208.9148,
              689.30445
            ]
          ]
        },
        "metadata": {
          "segment_id": 74144,
          "street_id": 605123844,
          "street_name": "Xa L\u1ed9 H\u00e0 N\u1ed9i",
          "street_type": "trunk",
          "street_level": 1,
          "street_group": "605123844",
          "composite": true
        },
        "length_hint": 6.614826754655045,
        "speed_limit": 13.88888888888889
      },
      {
        "start": "5740176595",
        "end": "5740176544",
        "reverse": false,
        "shape": {
          "type": "polyline",
          "points": [
            [
              215.61573,
              698.3565
            ],
            [
              212.85009,
              694.62135
            ]
          ]
        },
        "metadata": {
          "segment_id": 74145,
          "street_id": 605123845,
          "street_name": "Xa L\u1ed9 H\u00e0 N\u1ed9i",
          "street_type": "trunk",
          "street_level": 1,
          "street_group": "605123845",
          "composite": true
        },
        "length_hint": 4.647591863761266,
        "speed_limit": 13.88888888888889
      },
      {
        "start": "2409466599",
        "end": "2409466599",
        "reverse": false,
        "shape": {
          "type": "polyline",
          "points": [
            [
              1005.87698,
              473.1264
            ],
            [
              1010.72504,
              420.8565
            ],
            [
              1005.87698,
              473.1264
            ]
          ]
        },
        "metadata": {
          "segment_id": 39577,
          "street_id": 232601779,
          "street_name": "Nguy\u1ec5n Xi\u1ec3n",
          "street_type": "secondary",
          "street_level": 3,
          "street_group": "232601779",
          "composite": true
        },
        "length_hint": 104.988497117991,
        "speed_limit": 11.11111111111111
      },
      {
        "start": "2409466599",
        "end": "2409466599",
        "reverse": false,
        "shape": {
          "type": "polyline",
          "points": [
            [
              1005.87698,
              473.1264
            ],
            [
              1005.02433,
              486.94035
            ],
            [
              1005.87698,
              473.1264
            ]
          ]
        },
        "metadata": {
          "segment_id": 39580,
          "street_id": 232601780,
          "street_name": "Nguy\u1ec5n Xi\u1ec3n",
          "street_type": "secondary",
          "street_level": 3,
          "street_group": "232601780",
          "composite": true
        },
        "length_hint": 27.68047879824343,
        "speed_limit": 11.11111111111111
      },
      {
        "start": "366435148",
        "end": "366435148",
        "reverse": false,
        "shape": {
          "type": "polyline",
          "points": [
            [
              1018.65574,
              376.19565
            ],
            [
              1012.03134,
              406.7595
            ],
            [
              1018.65574,
              376.19565
            ]
          ]
        },
        "metadata": {
          "segment_id": 39584,
          "street_id": 232601781,
          "street_name": "Nguy\u1ec5n Xi\u1ec3n",
          "street_type": "secondary",
          "street_level": 3,
          "street_group": "232601781",
          "composite": true
        },
        "length_hint": 62.546993602650495,
        "speed_limit": 11.11111111111111
      },
      {
        "start": "2409466600",
        "end": "2409466600",
        "reverse": false,
        "shape": {
          "type": "polyline",
          "points": [
            [
              1012.03134,
              406.7595
            ],
            [
              1010.72504,
              420.8565
            ],
            [
              1012.03134,
              406.7595
            ]
          ]
        },
        "metadata": {
          "segment_id": 39582,
          "street_id": 232601781,
          "street_name": "Nguy\u1ec5n Xi\u1ec3n",
          "street_type": "secondary",
          "street_level": 3,
          "street_group": "232601781",
          "composite": true
        },
        "length_hint": 28.314789682425637,
        "speed_limit": 11.11111111111111
      },
      {
        "start": "2938641319",
        "end": "2938641319",
        "reverse": false,
        "shape": {
          "type": "polyline",
          "points": [
            [
              456.5813,
              480.32475
            ],
            [
              457.79468,
              478.9539
            ],
            [
              459.336,
              478.08255
            ],
            [
              461.07409,
              477.744
            ],
            [
              462.82857,
              477.98265
            ],
            [
              464.41909,
              478.7652
            ],
            [
              465.67073,
              480.0084
            ],
            [
              466.46325,
              481.59015
            ],
            [
              466.70921,
              483.3384
            ],
            [
              466.3758,
              485.07555
            ],
            [
              465.51222,
              486.6129
            ],
            [
              464.1458,
              487.8339
            ],
            [
              462.45144,
              488.5332
            ],
            [
              460.6259,
              488.6331
            ],
            [
              458.86049,
              488.1336
            ],
            [
              457.36836,
              487.0791
            ],
            [
              456.30255,
              485.5917
            ],
            [
              455.78877,
              483.8379
            ],
            [
              455.88716,
              482.01195
            ],
            [
              456.5813,
              480.32475
            ]
          ]
        },
        "metadata": {
          "segment_id": 45884,
          "street_id": 290307107,
          "street_name": "Ph\u01b0\u1eddng Long B\u00ecnh",
          "street_type": "unclassified",
          "street_level": 4,
          "street_group": "290307107",
          "composite": true
        },
        "length_hint": 34.21216192359396,
        "speed_limit": 11.11111111111111
      },
      {
        "start": "2938641331",
        "end": "2938641334",
        "reverse": false,
        "shape": {
          "type": "polyline",
          "points": [
            [
              460.6259,
              488.6331
            ],
            [
              418.05916,
              501.61455
            ]
          ]
        },
        "metadata": {
          "segment_id": 45901,
          "street_id": 290307108,
          "street_name": "Ph\u01b0\u1eddng Long B\u00ecnh",
          "street_type": "unclassified",
          "street_level": 4,
          "street_group": "290307108",
          "composite": true
        },
        "length_hint": 44.50219543269858,
        "speed_limit": 11.11111111111111
      },
      {
        "start": "2938641335",
        "end": "2938641325",
        "reverse": false,
        "shape": {
          "type": "polyline",
          "points": [
            [
              431.84908,
              469.62435
            ],
            [
              461.07409,
              477.744
            ]
          ]
        },
        "metadata": {
          "segment_id": 45902,
          "street_id": 290307109,
          "street_name": "Ph\u01b0\u1eddng Long B\u00ecnh",
          "street_type": "unclassified",
          "street_level": 4,
          "street_group": "290307109",
          "composite": true
        },
        "length_hint": 30.331995081474616,
        "speed_limit": 11.11111111111111
      }
    ]
  }
}