{
  "observation": {
    "type": "Kinematics"
  },
  "action": {
    "type": "DiscreteMetaAction"
  },
  "simulation_frequency": 15,
  "policy_frequency": 1,
  "other_vehicles_type": "highway_env.vehicle.behavior.IDMVehicle",
  "screen_width": 600,
  "screen_height": 150,
  "centering_position": [
    0.3,
    0.5
  ],
  "scaling": 5.5,
  "show_trajectories": false,
  "render_agent": true,
  "offscreen_rendering": false,
  "manual_control": false,
  "real_time_rendering": false,
  "destination": null,
  "initial_vehicle_count": 0,
  "controlled_vehicles": 0,
  "spawn_probability": 0.0,
  "duration": 40.0,
  "collision_reward": -5,
  "high_speed_reward": 1.0,
  "arrived_reward": 1.0,
  "reward_speed_range": [
    6.0,
    12.0
  ],
  "auto_curve": false,
  "corner_radius": 25.0,
  "curve_samples": 8,
  "exit_distance": 5.0,
  "graph": {
    "nodes": {
      "366374016": [
        604.23126,
        475.86255
      ],
      "366372097": [
        313.15631,
        624.76905
      ],
      "1599194501": [
        0.04373,
        624.5748
      ],
      "1599194633": [
        81.6901,
        621.71655
      ],
      "5755071374": [
        613.40814,
        460.7832
      ],
      "366416656": [
        648.71645,
        282.1953
      ],
      "366417298": [
        656.4176,
        218.57565
      ],
      "1599194644": [
        208.83828,
        620.9007
      ],
      "366387349": [
        499.50331,
        617.07675
      ],
      "5755071382": [
        202.93535,
        614.70135
      ],
      "1599194521": [
        214.75762,
        617.4153
      ],
      "366379930": [
        476.52011,
        647.5074
      ],
      "366443932": [
        559.90457,
        538.3611
      ],
      "366460971": [
        617.08655,
        452.33055
      ],
      "366392492": [
        673.16992,
        0.0
      ],
      "366412331": [
        0.0,
        619.62975
      ],
      "366397872": [
        642.75339,
        318.4923
      ],
      "5755068209": [
        523.33368,
        586.01895
      ],
      "5755068212": [
        291.99318,
        622.5213
      ],
      "366478132": [
        81.67917,
        617.1489
      ],
      "366393022": [
        170.50745,
        615.86685
      ],
      "366477378": [
        337.3037,
        627.58845
      ],
      "366405831": [
        236.33613,
        616.09995
      ],
      "366403015": [
        665.71473,
        104.35665
      ],
      "366449610": [
        470.05421,
        647.9514
      ],
      "366422475": [
        325.02231,
        626.1954
      ],
      "366381261": [
        651.83189,
        264.9903
      ],
      "366372569": [
        610.36376,
        467.77065
      ],
      "5755071321": [
        118.78022,
        616.97685
      ],
      "5755071323": [
        134.25357,
        616.64385
      ],
      "5755071331": [
        112.09023,
        617.12115
      ],
      "1503067108": [
        663.75255,
        128.4492
      ],
      "5755071332": [
        111.23758,
        617.0823
      ],
      "1599194471": [
        112.21594,
        621.4668
      ],
      "5755071341": [
        517.46354,
        593.66685
      ],
      "2287610992": [
        1048.39452,
        1012.92495
      ],
      "2287610998": [
        1031.5165,
        1042.9116
      ],
      "366385143": [
        622.45385,
        421.58355
      ],
      "366448383": [
        411.06309,
        639.05475
      ]
    },
    "edges": [
      {
        "start": "5755071374",
        "end": "5755071374",
        "reverse": false,
        "shape": {
          "type": "polyline",
          "points": [
            [
              613.40814,
              460.7832
            ],
            [
              610.36376,
              467.77065
            ],
            [
              613.40814,
              460.7832
            ]
          ]
        },
        "metadata": {
          "segment_id": 2283,
          "street_id": 32577385,
          "street_name": "Ph\u01b0\u1edbc Thi\u1ec7n",
          "street_type": "tertiary",
          "street_level": 4,
          "street_group": "32577385",
          "composite": true
        },
        "length_hint": 15.24371438815354,
        "speed_limit": 13.88888888888889
      },
      {
        "start": "5755071374",
        "end": "5755071374",
        "reverse": false,
        "shape": {
          "type": "polyline",
          "points": [
            [
              613.40814,
              460.7832
            ],
            [
              617.08655,
              452.33055
            ],
            [
              613.40814,
              460.7832
            ]
          ]
        },
        "metadata": {
          "segment_id": 2284,
          "street_id": 32577385,
          "street_name": "Ph\u01b0\u1edbc Thi\u1ec7n",
          "street_type": "tertiary",
          "street_level": 4,
          "street_group": "32577385",
          "composite": true
        },
        "length_hint": 18.436701673629152,
        "speed_limit": 13.88888888888889
      },
      {
        "start": "366397872",
        "end": "366397872",
        "reverse": false,
        "shape": {
          "type": "polyline",
          "points": [
            [
              642.75339,
              318.4923
            ],
            [
              622.45385,
              421.58355
            ],
            [
              642.75339,
              318.4923
            ]
          ]
        },
        "metadata": {
          "segment_id": 2289,
          "street_id": 32577385,
          "street_name": "Ph\u01b0\u1edbc Thi\u1ec7n",
          "street_type": "tertiary",
          "street_level": 4,
          "street_group": "32577385",
          "composite": true
        },
        "length_hint": 210.14163938424102,
        "speed_limit": 13.88888888888889
      },
      {
        "start": "366397872",
        "end": "366397872",
        "reverse": false,
        "shape": {
          "type": "polyline",
          "points": [
            [
              642.75339,
              318.4923
            ],
            [
              648.71645,
              282.1953
            ],
            [
              642.75339,
              318.4923
            ]
          ]
        },
        "metadata": {
          "segment_id": 2290,
          "street_id": 32577385,
          "street_name": "Ph\u01b0\u1edbc Thi\u1ec7n",
          "street_type": "tertiary",
          "street_level": 4,
          "street_group": "32577385",
          "composite": true
        },
        "length_hint": 73.56712019818643,
        "speed_limit": 13.88888888888889
      },
      {
        "start": "366403015",
        "end": "366403015",
        "reverse": false,
        "shape": {
          "type": "polyline",
          "points": [
            [
              665.71473,
              104.35665
            ],
            [
              663.75255,
              128.4492
            ],
            [
              665.71473,
              104.35665
            ]
          ]
        },
        "metadata": {
          "segment_id": 2299,
          "street_id": 32577385,
          "street_name": "Ph\u01b0\u1edbc Thi\u1ec7n",
          "street_type": "tertiary",
          "street_level": 4,
          "street_group": "32577385",
          "composite": true
        },
        "length_hint": 48.34464255136858,
        "speed_limit": 13.88888888888889
      },
      {
        "start": "366403015",
        "end": "366403015",
        "reverse": false,
        "shape": {
          "type": "polyline",
          "points": [
            [
              665.71473,
              104.35665
            ],
            [
              673.16992,
              0.0
            ],
            [
              665.71473,
              104.35665
            ]
          ]
        },
        "metadata": {
          "segment_id": 2300,
          "street_id": 32577385,
          "street_name": "Ph\u01b0\u1edbc Thi\u1ec7n",
          "street_type": "tertiary",
          "street_level": 4,
          "street_group": "32577385",
          "composite": true
        },
        "length_hint": 209.24521745701716,
        "speed_limit": 13.88888888888889
      },
      {
        "start": "1503067108",
        "end": "1503067108",
        "reverse": false,
        "shape": {
          "type": "polyline",
          "points": [
            [
              663.75255,
              128.4492
            ],
            [
              656.4176,
              218.57565
            ],
            [
              663.75255,
              128.4492
            ]
          ]
        },
        "metadata": {
          "segment_id": 2297,
          "street_id": 32577385,
          "street_name": "Ph\u01b0\u1edbc Thi\u1ec7n",
          "street_type": "tertiary",
          "street_level": 4,
          "street_group": "32577385",
          "composite": true
        },
        "length_hint": 180.84887039851813,
        "speed_limit": 13.88888888888889
      },
      {
        "start": "366416656",
        "end": "366416656",
        "reverse": false,
        "shape": {
          "type": "polyline",
          "points": [
            [
              648.71645,
              282.1953
            ],
            [
              651.83189,
              264.9903
            ],
            [
              648.71645,
              282.1953
            ]
          ]
        },
        "metadata": {
          "segment_id": 2292,
          "street_id": 32577385,
          "street_name": "Ph\u01b0\u1edbc Thi\u1ec7n",
          "street_type": "tertiary",
          "street_level": 4,
          "street_group": "32577385",
          "composite": true
        },
        "length_hint": 34.969586294012664,
        "speed_limit": 13.88888888888889
      },
      {
        "start": "366381261",
        "end": "366381261",
        "reverse": false,
        "shape": {
          "type": "polyline",
          "points": [
            [
              651.83189,
              264.9903
            ],
            [
              656.4176,
              218.57565
            ],
            [
              651.83189,
              264.9903
            ]
          ]
        },
        "metadata": {
          "segment_id": 2294,
          "street_id": 32577385,
          "street_name": "Ph\u01b0\u1edbc Thi\u1ec7n",
          "street_type": "tertiary",
          "street_level": 4,
          "street_group": "32577385",
          "composite": true
        },
        "length_hint": 93.28126223045224,
        "speed_limit": 13.88888888888889
      },
      {
        "start": "366385143",
        "end": "366385143",
        "reverse": false,
        "shape": {
          "type": "polyline",
          "points": [
            [
              622.45385,
              421.58355
            ],
            [
              617.08655,
              452.33055
            ],
            [
              622.45385,
              421.58355
            ]
          ]
        },
        "metadata": {
          "segment_id": 2287,
          "street_id": 32577385,
          "street_name": "Ph\u01b0\u1edbc Thi\u1ec7n",
          "street_type": "tertiary",
          "street_level": 4,
          "street_group": "32577385",
          "composite": true
        },
        "length_hint": 62.423903059324985,
        "speed_limit": 13.88888888888889
      },
      {
        "start": "5755068209",
        "end": "5755068209",
        "reverse": false,
        "shape": {
          "type": "polyline",
          "points": [
            [
              523.33368,
              586.01895
            ],
            [
              517.46354,
              593.66685
            ],
            [
              523.33368,
              586.01895
            ]
          ]
        },
        "metadata": {
          "segment_id": 2275,
          "street_id": 32577385,
          "street_name": "Ph\u01b0\u1edbc Thi\u1ec7n",
          "street_type": "tertiary",
          "street_level": 4,
          "street_group": "32577385",
          "composite": true
        },
        "length_hint": 19.282003840845892,
        "speed_limit": 13.88888888888889
      },
      {
        "start": "5755068209",
        "end": "5755068209",
        "reverse": false,
        "shape": {
          "type": "polyline",
          "points": [
            [
              523.33368,
              586.01895
            ],
            [
              559.90457,
              538.3611
            ],
            [
              523.33368,
              586.01895
            ]
          ]
        },
        "metadata": {
          "segment_id": 2276,
          "street_id": 32577385,
          "street_name": "Ph\u01b0\u1edbc Thi\u1ec7n",
          "street_type": "tertiary",
          "street_level": 4,
          "street_group": "32577385",
          "composite": true
        },
        "length_hint": 120.14492352179697,
        "speed_limit": 13.88888888888889
      },
      {
        "start": "366379930",
        "end": "366379930",
        "reverse": false,
        "shape": {
          "type": "polyline",
          "points": [
            [
              476.52011,
              647.5074
            ],
            [
              470.05421,
              647.9514
            ],
            [
              476.52011,
              647.5074
            ]
          ]
        },
        "metadata": {
          "segment_id": 2269,
          "street_id": 32577385,
          "street_name": "Ph\u01b0\u1edbc Thi\u1ec7n",
          "street_type": "tertiary",
          "street_level": 4,
          "street_group": "32577385",
          "composite": true
        },
        "length_hint": 12.962252706994994,
        "speed_limit": 13.88888888888889
      },
      {
        "start": "366379930",
        "end": "366379930",
        "reverse": false,
        "shape": {
          "type": "polyline",
          "points": [
            [
              476.52011,
              647.5074
            ],
            [
              499.50331,
              617.07675
            ],
            [
              476.52011,
              647.5074
            ]
          ]
        },
        "metadata": {
          "segment_id": 2270,
          "street_id": 32577385,
          "street_name": "Ph\u01b0\u1edbc Thi\u1ec7n",
          "street_type": "tertiary",
          "street_level": 4,
          "street_group": "32577385",
          "composite": true
        },
        "length_hint": 76.26931077864809,
        "speed_limit": 13.88888888888889
      },
      {
        "start": "5755071341",
        "end": "5755071341",
        "reverse": false,
        "shape": {
          "type": "polyline",
          "points": [
            [
              517.46354,
              593.66685
            ],
            [
              499.50331,
              617.07675
            ],
            [
              517.46354,
              593.66685
            ]
          ]
        },
        "metadata": {
          "segment_id": 2273,
          "street_id": 32577385,
          "street_name": "Ph\u01b0\u1edbc Thi\u1ec7n",
          "street_type": "tertiary",
          "street_level": 4,
          "street_group": "32577385",
          "composite": true
        },
        "length_hint": 59.01163545142258,
        "speed_limit": 13.88888888888889
      },
      {
        "start": "366448383",
        "end": "366448383",
        "reverse": false,
        "shape": {
          "type": "polyline",
          "points": [
            [
              411.06309,
              639.05475
            ],
            [
              337.3037,
              627.58845
            ],
            [
              411.06309,
              639.05475
            ]
          ]
        },
        "metadata": {
          "segment_id": 2265,
          "street_id": 32577385,
          "street_name": "Ph\u01b0\u1edbc Thi\u1ec7n",
          "street_type": "tertiary",
          "street_level": 4,
          "street_group": "32577385",
          "composite": true
        },
        "length_hint": 149.29063800335373,
        "speed_limit": 13.88888888888889
      },
      {
        "start": "366448383",
        "end": "366448383",
        "reverse": false,
        "shape": {
          "type": "polyline",
          "points": [
            [
              411.06309,
              639.05475
            ],
            [
              470.05421,
              647.9514
            ],
            [
              411.06309,
              639.05475
            ]
          ]
        },
        "metadata": {
          "segment_id": 2266,
          "street_id": 32577385,
          "street_name": "Ph\u01b0\u1edbc Thi\u1ec7n",
          "street_type": "tertiary",
          "street_level": 4,
          "street_group": "32577385",
          "composite": true
        },
        "length_hint": 119.31643005180642,
        "speed_limit": 13.88888888888889
      },
      {
        "start": "366405831",
        "end": "366405831",
        "reverse": false,
        "shape": {
          "type": "polyline",
          "points": [
            [
              236.33613,
              616.09995
            ],
            [
              214.75762,
              617.4153
            ],
            [
              236.33613,
              616.09995
            ]
          ]
        },
        "metadata": {
          "segment_id": 2255,
          "street_id": 32577385,
          "street_name": "Ph\u01b0\u1edbc Thi\u1ec7n",
          "street_type": "tertiary",
          "street_level": 4,
          "street_group": "32577385",
          "composite": true
        },
        "length_hint": 43.23712476299041,
        "speed_limit": 13.88888888888889
      },
      {
        "start": "366405831",
        "end": "366405831",
        "reverse": false,
        "shape": {
          "type": "polyline",
          "points": [
            [
              236.33613,
              616.09995
            ],
            [
              291.99318,
              622.5213
            ],
            [
              236.33613,
              616.09995
            ]
          ]
        },
        "metadata": {
          "segment_id": 2256,
          "street_id": 32577385,
          "street_name": "Ph\u01b0\u1edbc Thi\u1ec7n",
          "street_type": "tertiary",
          "street_level": 4,
          "street_group": "32577385",
          "composite": true
        },
        "length_hint": 112.05250466678555,
        "speed_limit": 13.88888888888889
      },
      {
        "start": "366477378",
        "end": "366477378",
        "reverse": false,
        "shape": {
          "type": "polyline",
          "points": [
            [
              337.3037,
              627.58845
            ],
            [
              325.02231,
              626.1954
            ],
            [
              337.3037,
              627.58845
            ]
          ]
        },
        "metadata": {
          "segment_id": 2263,
          "street_id": 32577385,
          "street_name": "Ph\u01b0\u1edbc Thi\u1ec7n",
          "street_type": "tertiary",
          "street_level": 4,
          "street_group": "32577385",
          "composite": true
        },
        "length_hint": 24.72028548658771,
        "speed_limit": 13.88888888888889
      },
      {
        "start": "366372097",
        "end": "366372097",
        "reverse": false,
        "shape": {
          "type": "polyline",
          "points": [
            [
              313.15631,
              624.76905
            ],
            [
              291.99318,
              622.5213
            ],
            [
              313.15631,
              624.76905
            ]
          ]
        },
        "metadata": {
          "segment_id": 2259,
          "street_id": 32577385,
          "street_name": "Ph\u01b0\u1edbc Thi\u1ec7n",
          "street_type": "tertiary",
          "street_level": 4,
          "street_group": "32577385",
          "composite": true
        },
        "length_hint": 42.56432550666819,
        "speed_limit": 13.88888888888889
      },
      {
        "start": "366372097",
        "end": "366372097",
        "reverse": false,
        "shape": {
          "type": "polyline",
          "points": [
            [
              313.15631,
              624.76905
            ],
            [
              325.02231,
              626.1954
            ],
            [
              313.15631,
              624.76905
            ]
          ]
        },
        "metadata": {
          "segment_id": 2260,
          "street_id": 32577385,
          "street_name": "Ph\u01b0\u1edbc Thi\u1ec7n",
          "street_type": "tertiary",
          "street_level": 4,
          "street_group": "32577385",
          "composite": true
        },
        "length_hint": 23.90283918889131,
        "speed_limit": 13.88888888888889
      },
      {
        "start": "366372569",
        "end": "366372569",
        "reverse": false,
        "shape": {
          "type": "polyline",
          "points": [
            [
              610.36376,
              467.77065
            ],
            [
              604.23126,
              475.86255
            ],
            [
              610.36376,
              467.77065
            ]
          ]
        },
        "metadata": {
          "segment_id": 2281,
          "street_id": 32577385,
          "street_name": "Ph\u01b0\u1edbc Thi\u1ec7n",
          "street_type": "tertiary",
          "street_level": 4,
          "street_group": "32577385",
          "composite": true
        },
        "length_hint": 20.30629477378868,
        "speed_limit": 13.88888888888889
      },
      {
        "start": "366443932",
        "end": "366443932",
        "reverse": false,
        "shape": {
          "type": "polyline",
          "points": [
            [
              559.90457,
              538.3611
            ],
            [
              604.23126,
              475.86255
            ],
            [
              559.90457,
              538.3611
            ]
          ]
        },
        "metadata": {
          "segment_id": 2278,
          "street_id": 32577385,
          "street_name": "Ph\u01b0\u1edbc Thi\u1ec7n",
          "street_type": "tertiary",
          "street_level": 4,
          "street_group": "32577385",
          "composite": true
        },
        "length_hint": 153.2439127464265,
        "speed_limit": 13.88888888888889
      },
      {
        "start": "1599194521",
        "end": "1599194501",
        "reverse": false,
        "shape": {
          "type": "polyline",
          "points": [
            [
              214.75762,
              617.4153
            ],
            [
              208.83828,
              620.9007
            ],
            [
              112.21594,
              621.4668
            ],
            [
              81.6901,
              621.71655
            ],
            [
              0.04373,
              624.5748
            ]
          ]
        },
        "metadata": {
          "segment_id": 25766,
          "street_id": 146653070,
          "street_name": "Ph\u01b0\u1edbc Thi\u1ec7n",
          "street_type": "tertiary",
          "street_level": 4,
          "street_group": "146653070",
          "composite": true
        },
        "length_hint": 215.7164953010037,
        "speed_limit": 13.88888888888889
      },
      {
        "start": "366412331",
        "end": "1599194521",
        "reverse": false,
        "shape": {
          "type": "polyline",
          "points": [
            [
              0.0,
              619.62975
            ],
            [
              81.67917,
              617.1489
            ],
            [
              111.23758,
              617.0823
            ],
            [
              112.09023,
              617.12115
            ],
            [
              118.78022,
              616.97685
            ],
            [
              134.25357,
              616.64385
            ],
            [
              170.50745,
              615.86685
            ],
            [
              202.93535,
              614.70135
            ],
            [
              214.75762,
              617.4153
            ]
          ]
        },
        "metadata": {
          "segment_id": 78417,
          "street_id": 607194294,
          "street_name": "Ph\u01b0\u1edbc Thi\u1ec7n",
          "street_type": "tertiary",
          "street_level": 4,
          "street_group": "607194294",
          "composite": true
        },
        "length_hint": 215.13816008522193,
        "speed_limit": 13.88888888888889
      },
      {
        "start": "2287610992",
        "end": "2287610992",
        "reverse": false,
        "shape": {
          "type": "polyline",
          "points": [
            [
              1048.39452,
              1012.92495
            ],
            [
              1031.5165,
              1042.9116
            ],
            [
              1048.39452,
              1012.92495
            ]
          ]
        },
        "metadata": {
          "segment_id": 80318,
          "street_id": 608520400,
          "street_name": "X\u00e3 Long H\u01b0ng",
          "street_type": "unclassified",
          "street_level": 4,
          "street_group": "608520400",
          "composite": true
        },
        "length_hint": 68.82054162364315,
        "speed_limit": 11.11111111111111
      }
    ]
  }
}