{
  "observation": {
    "type": "Kinematics"
  },
  "action": {
    "type": "DiscreteMetaAction"
  },
  "simulation_frequency": 15,
  "policy_frequency": 1,
  "other_vehicles_type": "highway_env.vehicle.behavior.IDMVehicle",
  "screen_width": 600,
  "screen_height": 150,
  "centering_position": [
    0.3,
    0.5
  ],
  "scaling": 5.5,
  "show_trajectories": false,
  "render_agent": true,
  "offscreen_rendering": false,
  "manual_control": false,
  "real_time_rendering": false,
  "destination": null,
  "initial_vehicle_count": 0,
  "controlled_vehicles": 0,
  "spawn_probability": 0.0,
  "duration": 40.0,
  "collision_reward": -5,
  "high_speed_reward": 1.0,
  "arrived_reward": 1.0,
  "reward_speed_range": [
    6.0,
    12.0
  ],
  "auto_curve": false,
  "corner_radius": 25.0,
  "curve_samples": 8,
  "exit_distance": 5.0,
  "graph": {
    "nodes": {
      "2153157121": [
        653.61371,
        745.47045
      ],
      "5802930197": [
        432.19342,
        182.74485
      ],
      "3702562329": [
        442.17376,
        119.07525
      ],
      "3702562330": [
        441.58346,
        123.22665
      ],
      "3702562331": [
        440.2881,
        132.2121
      ],
      "5802930204": [
        418.47456,
        286.98495
      ],
      "2153156633": [
        881.35779,
        430.27485
      ],
      "5803442716": [
        521.30592,
        962.592
      ],
      "5802930209": [
        397.95638,
        430.8576
      ],
      "2153156642": [
        898.07731,
        442.04085
      ],
      "3702562347": [
        425.59087,
        234.5874
      ],
      "2153156657": [
        393.05366,
        460.428
      ],
      "5802930227": [
        428.02857,
        214.61295
      ],
      "3702562356": [
        419.39826,
        281.052
      ],
      "5811513908": [
        952.23676,
        366.59415
      ],
      "3702562369": [
        367.44147,
        601.3092
      ],
      "3702562378": [
        359.80591,
        625.2075
      ],
      "5802930253": [
        431.02923,
        190.0098
      ],
      "5811478606": [
        1028.94216,
        225.01365
      ],
      "5811513936": [
        948.18669,
        372.58815
      ],
      "2153156691": [
        854.01297,
        503.11305
      ],
      "2153157207": [
        669.50245,
        756.8535
      ],
      "2153157209": [
        317.21185,
        761.0604
      ],
      "5811478619": [
        1000.79936,
        263.625
      ],
      "5806377052": [
        620.58458,
        824.6856
      ],
      "5811478620": [
        1018.15837,
        275.59635
      ],
      "1793489504": [
        411.03576,
        341.9022
      ],
      "2153157225": [
        627.59705,
        778.0656
      ],
      "2153156715": [
        381.8982,
        534.70365
      ],
      "5802939508": [
        332.02931,
        713.4414
      ],
      "2153157626": [
        424.30097,
        1060.61055
      ],
      "366397573": [
        216.48477,
        1072.1046
      ],
      "5806367891": [
        765.56729,
        624.6969
      ],
      "366478494": [
        374.04402,
        577.1445
      ],
      "5806367903": [
        672.06039,
        753.39585
      ],
      "366370983": [
        414.38622,
        318.19815
      ],
      "5806367916": [
        599.53077,
        817.1376
      ],
      "366409388": [
        404.09981,
        393.7947
      ],
      "5806367920": [
        512.90516,
        974.26365
      ],
      "5803333631": [
        228.90281,
        1035.8076
      ],
      "373515969": [
        456.16591,
        15.63435
      ],
      "373515972": [
        457.81654,
        0.0
      ],
      "5806367942": [
        563.16758,
        904.43355
      ],
      "5803023558": [
        300.63443,
        812.8863
      ],
      "5803023563": [
        513.27136,
        935.06955
      ],
      "5806367950": [
        605.03471,
        846.264
      ],
      "5803229391": [
        252.74958,
        961.47645
      ],
      "5803229393": [
        321.05422,
        749.1279
      ],
      "5803229395": [
        304.72823,
        800.08245
      ],
      "5803229397": [
        312.9978,
        774.2361
      ],
      "2153157335": [
        567.04822,
        860.4498
      ],
      "5803229401": [
        277.07734,
        886.59585
      ],
      "2153157338": [
        12.92634,
        869.1633
      ],
      "366403803": [
        287.93218,
        852.58545
      ],
      "2153157352": [
        70.33787,
        889.2987
      ],
      "2153157376": [
        265.53928,
        921.8994
      ],
      "366477570": [
        443.74787,
        108.13065
      ],
      "2153156870": [
        722.31188,
        647.9514
      ],
      "2153157389": [
        264.3259,
        925.59015
      ],
      "366416144": [
        424.49227,
        241.5249
      ],
      "366452499": [
        353.70075,
        646.42515
      ],
      "366467866": [
        257.23691,
        946.9521
      ],
      "2153157485": [
        244.0974,
        989.4651
      ],
      "714567034": [
        739.24456,
        662.18715
      ],
      "714567056": [
        433.60903,
        1047.4959
      ],
      "5752848273": [
        240.18944,
        999.97125
      ],
      "5752848276": [
        250.91311,
        967.41495
      ],
      "5752848278": [
        246.7264,
        980.95695
      ],
      "714567064": [
        719.33854,
        652.01955
      ],
      "5752848283": [
        209.18809,
        931.1124
      ],
      "5752848285": [
        181.87607,
        922.1103
      ],
      "714567071": [
        623.89132,
        820.068
      ],
      "714567074": [
        454.63005,
        1018.65255
      ],
      "5752848291": [
        0.0,
        864.9564
      ],
      "5752848295": [
        147.74288,
        912.03705
      ],
      "714567082": [
        726.5915,
        679.72515
      ],
      "714567083": [
        623.74921,
        784.23165
      ],
      "5752848300": [
        2.03323,
        865.61685
      ],
      "714567085": [
        492.45258,
        1002.67965
      ],
      "714567098": [
        474.5142,
        991.8405
      ],
      "5802956739": [
        383.33021,
        525.1632
      ],
      "5802956740": [
        375.45416,
        569.5299
      ],
      "714567109": [
        640.98798,
        795.97545
      ],
      "5802956743": [
        371.77029,
        585.4695
      ],
      "5802956745": [
        362.53329,
        616.67715
      ],
      "714567119": [
        526.74427,
        915.6057
      ],
      "5802956753": [
        335.93728,
        702.0417
      ],
      "714567124": [
        706.29742,
        669.86835
      ],
      "5806378453": [
        583.71855,
        875.88435
      ],
      "714567130": [
        607.44508,
        806.5815
      ],
      "714567133": [
        472.25141,
        1029.7803
      ],
      "3702562280": [
        453.36748,
        34.7097
      ],
      "4227282920": [
        451.29598,
        1023.38115
      ],
      "3702562293": [
        449.1753,
        64.94055
      ],
      "5803412984": [
        456.16044,
        1053.07365
      ],
      "2153157113": [
        327.89179,
        727.22205
      ],
      "5803412986": [
        409.1665,
        1081.95585
      ],
      "5803333630": [
        227.41614,
        1040.14215
      ],
      "2153157119": [
        322.98907,
        743.11725
      ]
    },
    "edges": [
      {
        "start": "714567083",
        "end": "714567124",
        "reverse": false,
        "shape": {
          "type": "polyline",
          "points": [
            [
              623.74921,
              784.23165
            ],
            [
              627.59705,
              778.0656
            ],
            [
              653.61371,
              745.47045
            ],
            [
              706.29742,
              669.86835
            ]
          ]
        },
        "metadata": {
          "segment_id": 22244,
          "street_id": 57559389,
          "street_name": "Nguy\u1ec5n H\u1eefu Th\u1ecd",
          "street_type": "secondary",
          "street_level": 3,
          "street_group": "57559389",
          "composite": true
        },
        "length_hint": 141.12117657211007,
        "speed_limit": 11.11111111111111
      },
      {
        "start": "2153157207",
        "end": "2153157207",
        "reverse": false,
        "shape": {
          "type": "polyline",
          "points": [
            [
              669.50245,
              756.8535
            ],
            [
              653.61371,
              745.47045
            ],
            [
              669.50245,
              756.8535
            ]
          ]
        },
        "metadata": {
          "segment_id": 31681,
          "street_id": 205341875,
          "street_name": "Nguy\u1ec5n H\u1eefu Th\u1ecd",
          "street_type": "secondary_link",
          "street_level": 3,
          "street_group": "205341875",
          "composite": true
        },
        "length_hint": 39.090964996535966,
        "speed_limit": 11.11111111111111
      },
      {
        "start": "5802930204",
        "end": "5802930204",
        "reverse": false,
        "shape": {
          "type": "polyline",
          "points": [
            [
              418.47456,
              286.98495
            ],
            [
              419.39826,
              281.052
            ],
            [
              418.47456,
              286.98495
            ]
          ]
        },
        "metadata": {
          "segment_id": 18972,
          "street_id": 33101963,
          "street_name": "L\u00ea V\u0103n L\u01b0\u01a1ng",
          "street_type": "secondary",
          "street_level": 3,
          "street_group": "33101963",
          "composite": true
        },
        "length_hint": 12.008849635581262,
        "speed_limit": 11.11111111111111
      },
      {
        "start": "5802930204",
        "end": "5802930204",
        "reverse": false,
        "shape": {
          "type": "polyline",
          "points": [
            [
              418.47456,
              286.98495
            ],
            [
              414.38622,
              318.19815
            ],
            [
              418.47456,
              286.98495
            ]
          ]
        },
        "metadata": {
          "segment_id": 18973,
          "street_id": 33101963,
          "street_name": "L\u00ea V\u0103n L\u01b0\u01a1ng",
          "street_type": "secondary",
          "street_level": 3,
          "street_group": "33101963",
          "composite": true
        },
        "length_hint": 62.959618111789666,
        "speed_limit": 11.11111111111111
      },
      {
        "start": "373515969",
        "end": "373515969",
        "reverse": false,
        "shape": {
          "type": "polyline",
          "points": [
            [
              456.16591,
              15.63435
            ],
            [
              453.36748,
              34.7097
            ],
            [
              456.16591,
              15.63435
            ]
          ]
        },
        "metadata": {
          "segment_id": 18947,
          "street_id": 33101963,
          "street_name": "L\u00ea V\u0103n L\u01b0\u01a1ng",
          "street_type": "secondary",
          "street_level": 3,
          "street_group": "33101963",
          "composite": true
        },
        "length_hint": 38.55905538715387,
        "speed_limit": 11.11111111111111
      },
      {
        "start": "5802930197",
        "end": "5802930197",
        "reverse": false,
        "shape": {
          "type": "polyline",
          "points": [
            [
              432.19342,
              182.74485
            ],
            [
              440.2881,
              132.2121
            ],
            [
              432.19342,
              182.74485
            ]
          ]
        },
        "metadata": {
          "segment_id": 18960,
          "street_id": 33101963,
          "street_name": "L\u00ea V\u0103n L\u01b0\u01a1ng",
          "street_type": "secondary",
          "street_level": 3,
          "street_group": "33101963",
          "composite": true
        },
        "length_hint": 102.3539479817931,
        "speed_limit": 11.11111111111111
      },
      {
        "start": "5802930197",
        "end": "5802930197",
        "reverse": false,
        "shape": {
          "type": "polyline",
          "points": [
            [
              432.19342,
              182.74485
            ],
            [
              431.02923,
              190.0098
            ],
            [
              432.19342,
              182.74485
            ]
          ]
        },
        "metadata": {
          "segment_id": 18961,
          "street_id": 33101963,
          "street_name": "L\u00ea V\u0103n L\u01b0\u01a1ng",
          "street_type": "secondary",
          "street_level": 3,
          "street_group": "33101963",
          "composite": true
        },
        "length_hint": 14.715275989066603,
        "speed_limit": 11.11111111111111
      },
      {
        "start": "3702562330",
        "end": "3702562330",
        "reverse": false,
        "shape": {
          "type": "polyline",
          "points": [
            [
              441.58346,
              123.22665
            ],
            [
              442.17376,
              119.07525
            ],
            [
              441.58346,
              123.22665
            ]
          ]
        },
        "metadata": {
          "segment_id": 18956,
          "street_id": 33101963,
          "street_name": "L\u00ea V\u0103n L\u01b0\u01a1ng",
          "street_type": "secondary",
          "street_level": 3,
          "street_group": "33101963",
          "composite": true
        },
        "length_hint": 8.38631648579997,
        "speed_limit": 11.11111111111111
      },
      {
        "start": "3702562330",
        "end": "3702562330",
        "reverse": false,
        "shape": {
          "type": "polyline",
          "points": [
            [
              441.58346,
              123.22665
            ],
            [
              440.2881,
              132.2121
            ],
            [
              441.58346,
              123.22665
            ]
          ]
        },
        "metadata": {
          "segment_id": 18957,
          "street_id": 33101963,
          "street_name": "L\u00ea V\u0103n L\u01b0\u01a1ng",
          "street_type": "secondary",
          "street_level": 3,
          "street_group": "33101963",
          "composite": true
        },
        "length_hint": 18.156681330254138,
        "speed_limit": 11.11111111111111
      },
      {
        "start": "3702562329",
        "end": "3702562329",
        "reverse": false,
        "shape": {
          "type": "polyline",
          "points": [
            [
              442.17376,
              119.07525
            ],
            [
              443.74787,
              108.13065
            ],
            [
              442.17376,
              119.07525
            ]
          ]
        },
        "metadata": {
          "segment_id": 18954,
          "street_id": 33101963,
          "street_name": "L\u00ea V\u0103n L\u01b0\u01a1ng",
          "street_type": "secondary",
          "street_level": 3,
          "street_group": "33101963",
          "composite": true
        },
        "length_hint": 22.114437949186026,
        "speed_limit": 11.11111111111111
      },
      {
        "start": "366477570",
        "end": "366477570",
        "reverse": false,
        "shape": {
          "type": "polyline",
          "points": [
            [
              443.74787,
              108.13065
            ],
            [
              449.1753,
              64.94055
            ],
            [
              443.74787,
              108.13065
            ]
          ]
        },
        "metadata": {
          "segment_id": 18952,
          "street_id": 33101963,
          "street_name": "L\u00ea V\u0103n L\u01b0\u01a1ng",
          "street_type": "secondary",
          "street_level": 3,
          "street_group": "33101963",
          "composite": true
        },
        "length_hint": 87.05955971436796,
        "speed_limit": 11.11111111111111
      },
      {
        "start": "3702562293",
        "end": "3702562293",
        "reverse": false,
        "shape": {
          "type": "polyline",
          "points": [
            [
              449.1753,
              64.94055
            ],
            [
              453.36748,
              34.7097
            ],
            [
              449.1753,
              64.94055
            ]
          ]
        },
        "metadata": {
          "segment_id": 18950,
          "street_id": 33101963,
          "street_name": "L\u00ea V\u0103n L\u01b0\u01a1ng",
          "street_type": "secondary",
          "street_level": 3,
          "street_group": "33101963",
          "composite": true
        },
        "length_hint": 61.04027080132919,
        "speed_limit": 11.11111111111111
      },
      {
        "start": "3702562356",
        "end": "3702562356",
        "reverse": false,
        "shape": {
          "type": "polyline",
          "points": [
            [
              419.39826,
              281.052
            ],
            [
              424.49227,
              241.5249
            ],
            [
              419.39826,
              281.052
            ]
          ]
        },
        "metadata": {
          "segment_id": 18970,
          "street_id": 33101963,
          "street_name": "L\u00ea V\u0103n L\u01b0\u01a1ng",
          "street_type": "secondary",
          "street_level": 3,
          "street_group": "33101963",
          "composite": true
        },
        "length_hint": 79.70798133913821,
        "speed_limit": 11.11111111111111
      },
      {
        "start": "366416144",
        "end": "366416144",
        "reverse": false,
        "shape": {
          "type": "polyline",
          "points": [
            [
              424.49227,
              241.5249
            ],
            [
              425.59087,
              234.5874
            ],
            [
              424.49227,
              241.5249
            ]
          ]
        },
        "metadata": {
          "segment_id": 18968,
          "street_id": 33101963,
          "street_name": "L\u00ea V\u0103n L\u01b0\u01a1ng",
          "street_type": "secondary",
          "street_level": 3,
          "street_group": "33101963",
          "composite": true
        },
        "length_hint": 14.04789353746674,
        "speed_limit": 11.11111111111111
      },
      {
        "start": "5802930253",
        "end": "5802930253",
        "reverse": false,
        "shape": {
          "type": "polyline",
          "points": [
            [
              431.02923,
              190.0098
            ],
            [
              428.02857,
              214.61295
            ],
            [
              431.02923,
              190.0098
            ]
          ]
        },
        "metadata": {
          "segment_id": 18963,
          "street_id": 33101963,
          "street_name": "L\u00ea V\u0103n L\u01b0\u01a1ng",
          "street_type": "secondary",
          "street_level": 3,
          "street_group": "33101963",
          "composite": true
        },
        "length_hint": 49.57091689118126,
        "speed_limit": 11.11111111111111
      },
      {
        "start": "3702562347",
        "end": "3702562347",
        "reverse": false,
        "shape": {
          "type": "polyline",
          "points": [
            [
              425.59087,
              234.5874
            ],
            [
              428.02857,
              214.61295
            ],
            [
              425.59087,
              234.5874
            ]
          ]
        },
        "metadata": {
          "segment_id": 18966,
          "street_id": 33101963,
          "street_name": "L\u00ea V\u0103n L\u01b0\u01a1ng",
          "street_type": "secondary",
          "street_level": 3,
          "street_group": "33101963",
          "composite": true
        },
        "length_hint": 40.24529955622145,
        "speed_limit": 11.11111111111111
      },
      {
        "start": "714567064",
        "end": "5811478606",
        "reverse": false,
        "shape": {
          "type": "polyline",
          "points": [
            [
              719.33854,
              652.01955
            ],
            [
              722.31188,
              647.9514
            ],
            [
              881.35779,
              430.27485
            ],
            [
              1000.79936,
              263.625
            ],
            [
              1028.94216,
              225.01365
            ]
          ]
        },
        "metadata": {
          "segment_id": 22208,
          "street_id": 57559372,
          "street_name": "Nguy\u1ec5n H\u1eefu Th\u1ecd",
          "street_type": "secondary",
          "street_level": 3,
          "street_group": "57559372",
          "composite": true
        },
        "length_hint": 527.4407943358052,
        "speed_limit": 11.11111111111111
      },
      {
        "start": "2153156642",
        "end": "2153156642",
        "reverse": false,
        "shape": {
          "type": "polyline",
          "points": [
            [
              898.07731,
              442.04085
            ],
            [
              881.35779,
              430.27485
            ],
            [
              898.07731,
              442.04085
            ]
          ]
        },
        "metadata": {
          "segment_id": 31677,
          "street_id": 205341852,
          "street_name": "Nguy\u1ec5n H\u1eefu Th\u1ecd",
          "street_type": "secondary_link",
          "street_level": 3,
          "street_group": "205341852",
          "composite": true
        },
        "length_hint": 40.889172406904926,
        "speed_limit": 11.11111111111111
      },
      {
        "start": "714567071",
        "end": "714567085",
        "reverse": false,
        "shape": {
          "type": "polyline",
          "points": [
            [
              623.89132,
              820.068
            ],
            [
              620.58458,
              824.6856
            ],
            [
              605.03471,
              846.264
            ],
            [
              583.71855,
              875.88435
            ],
            [
              563.16758,
              904.43355
            ],
            [
              521.30592,
              962.592
            ],
            [
              512.90516,
              974.26365
            ],
            [
              492.45258,
              1002.67965
            ]
          ]
        },
        "metadata": {
          "segment_id": 22234,
          "street_id": 57559379,
          "street_name": "Nguy\u1ec5n H\u1eefu Th\u1ecd",
          "street_type": "secondary",
          "street_level": 3,
          "street_group": "57559379",
          "composite": true
        },
        "length_hint": 224.99592546378233,
        "speed_limit": 11.11111111111111
      },
      {
        "start": "5802939508",
        "end": "5802939508",
        "reverse": false,
        "shape": {
          "type": "polyline",
          "points": [
            [
              332.02931,
              713.4414
            ],
            [
              335.93728,
              702.0417
            ],
            [
              332.02931,
              713.4414
            ]
          ]
        },
        "metadata": {
          "segment_id": 27024,
          "street_id": 168038882,
          "street_name": "L\u00ea V\u0103n L\u01b0\u01a1ng",
          "street_type": "secondary",
          "street_level": 3,
          "street_group": "168038882",
          "composite": true
        },
        "length_hint": 24.10189947791676,
        "speed_limit": 11.11111111111111
      },
      {
        "start": "5802939508",
        "end": "5802939508",
        "reverse": false,
        "shape": {
          "type": "polyline",
          "points": [
            [
              332.02931,
              713.4414
            ],
            [
              327.89179,
              727.22205
            ],
            [
              332.02931,
              713.4414
            ]
          ]
        },
        "metadata": {
          "segment_id": 27025,
          "street_id": 168038882,
          "street_name": "L\u00ea V\u0103n L\u01b0\u01a1ng",
          "street_type": "secondary",
          "street_level": 3,
          "street_group": "168038882",
          "composite": true
        },
        "length_hint": 28.776753546770895,
        "speed_limit": 11.11111111111111
      },
      {
        "start": "5752848273",
        "end": "5752848273",
        "reverse": false,
        "shape": {
          "type": "polyline",
          "points": [
            [
              240.18944,
              999.97125
            ],
            [
              244.0974,
              989.4651
            ],
            [
              240.18944,
              999.97125
            ]
          ]
        },
        "metadata": {
          "segment_id": 27058,
          "street_id": 168038882,
          "street_name": "L\u00ea V\u0103n L\u01b0\u01a1ng",
          "street_type": "secondary",
          "street_level": 3,
          "street_group": "168038882",
          "composite": true
        },
        "length_hint": 22.41886162891426,
        "speed_limit": 11.11111111111111
      },
      {
        "start": "5752848273",
        "end": "5752848273",
        "reverse": false,
        "shape": {
          "type": "polyline",
          "points": [
            [
              240.18944,
              999.97125
            ],
            [
              228.90281,
              1035.8076
            ],
            [
              240.18944,
              999.97125
            ]
          ]
        },
        "metadata": {
          "segment_id": 27059,
          "street_id": 168038882,
          "street_name": "L\u00ea V\u0103n L\u01b0\u01a1ng",
          "street_type": "secondary",
          "street_level": 3,
          "street_group": "168038882",
          "composite": true
        },
        "length_hint": 75.14338289109435,
        "speed_limit": 11.11111111111111
      },
      {
        "start": "5803333631",
        "end": "5803333631",
        "reverse": false,
        "shape": {
          "type": "polyline",
          "points": [
            [
              228.90281,
              1035.8076
            ],
            [
              227.41614,
              1040.14215
            ],
            [
              228.90281,
              1035.8076
            ]
          ]
        },
        "metadata": {
          "segment_id": 27061,
          "street_id": 168038882,
          "street_name": "L\u00ea V\u0103n L\u01b0\u01a1ng",
          "street_type": "secondary",
          "street_level": 3,
          "street_group": "168038882",
          "composite": true
        },
        "length_hint": 9.164826543126338,
        "speed_limit": 11.11111111111111
      },
      {
        "start": "5803333630",
        "end": "5803333630",
        "reverse": false,
        "shape": {
          "type": "polyline",
          "points": [
            [
              227.41614,
              1040.14215
            ],
            [
              216.48477,
              1072.1046
            ],
            [
              227.41614,
              1040.14215
            ]
          ]
        },
        "metadata": {
          "segment_id": 27063,
          "street_id": 168038882,
          "street_name": "L\u00ea V\u0103n L\u01b0\u01a1ng",
          "street_type": "secondary",
          "street_level": 3,
          "street_group": "168038882",
          "composite": true
        },
        "length_hint": 67.56013795366022,
        "speed_limit": 11.11111111111111
      },
      {
        "start": "5752848276",
        "end": "5752848276",
        "reverse": false,
        "shape": {
          "type": "polyline",
          "points": [
            [
              250.91311,
              967.41495
            ],
            [
              252.74958,
              961.47645
            ],
            [
              250.91311,
              967.41495
            ]
          ]
        },
        "metadata": {
          "segment_id": 27052,
          "street_id": 168038882,
          "street_name": "L\u00ea V\u0103n L\u01b0\u01a1ng",
          "street_type": "secondary",
          "street_level": 3,
          "street_group": "168038882",
          "composite": true
        },
        "length_hint": 12.431959509409575,
        "speed_limit": 11.11111111111111
      },
      {
        "start": "5752848276",
        "end": "5752848276",
        "reverse": false,
        "shape": {
          "type": "polyline",
          "points": [
            [
              250.91311,
              967.41495
            ],
            [
              246.7264,
              980.95695
            ],
            [
              250.91311,
              967.41495
            ]
          ]
        },
        "metadata": {
          "segment_id": 27053,
          "street_id": 168038882,
          "street_name": "L\u00ea V\u0103n L\u01b0\u01a1ng",
          "street_type": "secondary",
          "street_level": 3,
          "street_group": "168038882",
          "composite": true
        },
        "length_hint": 28.348848627349973,
        "speed_limit": 11.11111111111111
      },
      {
        "start": "5752848278",
        "end": "5752848278",
        "reverse": false,
        "shape": {
          "type": "polyline",
          "points": [
            [
              246.7264,
              980.95695
            ],
            [
              244.0974,
              989.4651
            ],
            [
              246.7264,
              980.95695
            ]
          ]
        },
        "metadata": {
          "segment_id": 27055,
          "street_id": 168038882,
          "street_name": "L\u00ea V\u0103n L\u01b0\u01a1ng",
          "street_type": "secondary",
          "street_level": 3,
          "street_group": "168038882",
          "composite": true
        },
        "length_hint": 17.81013839614955,
        "speed_limit": 11.11111111111111
      },
      {
        "start": "5803023558",
        "end": "5803023558",
        "reverse": false,
        "shape": {
          "type": "polyline",
          "points": [
            [
              300.63443,
              812.8863
            ],
            [
              304.72823,
              800.08245
            ],
            [
              300.63443,
              812.8863
            ]
          ]
        },
        "metadata": {
          "segment_id": 27038,
          "street_id": 168038882,
          "street_name": "L\u00ea V\u0103n L\u01b0\u01a1ng",
          "street_type": "secondary",
          "street_level": 3,
          "street_group": "168038882",
          "composite": true
        },
        "length_hint": 26.884774372309707,
        "speed_limit": 11.11111111111111
      },
      {
        "start": "5803023558",
        "end": "5803023558",
        "reverse": false,
        "shape": {
          "type": "polyline",
          "points": [
            [
              300.63443,
              812.8863
            ],
            [
              287.93218,
              852.58545
            ],
            [
              300.63443,
              812.8863
            ]
          ]
        },
        "metadata": {
          "segment_id": 27039,
          "street_id": 168038882,
          "street_name": "L\u00ea V\u0103n L\u01b0\u01a1ng",
          "street_type": "secondary",
          "street_level": 3,
          "street_group": "168038882",
          "composite": true
        },
        "length_hint": 83.36353317332471,
        "speed_limit": 11.11111111111111
      },
      {
        "start": "2153157113",
        "end": "2153157113",
        "reverse": false,
        "shape": {
          "type": "polyline",
          "points": [
            [
              327.89179,
              727.22205
            ],
            [
              322.98907,
              743.11725
            ],
            [
              327.89179,
              727.22205
            ]
          ]
        },
        "metadata": {
          "segment_id": 27027,
          "street_id": 168038882,
          "street_name": "L\u00ea V\u0103n L\u01b0\u01a1ng",
          "street_type": "secondary",
          "street_level": 3,
          "street_group": "168038882",
          "composite": true
        },
        "length_hint": 33.26824590737548,
        "speed_limit": 11.11111111111111
      },
      {
        "start": "5803229397",
        "end": "5803229397",
        "reverse": false,
        "shape": {
          "type": "polyline",
          "points": [
            [
              312.9978,
              774.2361
            ],
            [
              317.21185,
              761.0604
            ],
            [
              312.9978,
              774.2361
            ]
          ]
        },
        "metadata": {
          "segment_id": 27034,
          "street_id": 168038882,
          "street_name": "L\u00ea V\u0103n L\u01b0\u01a1ng",
          "street_type": "secondary",
          "street_level": 3,
          "street_group": "168038882",
          "composite": true
        },
        "length_hint": 27.666390288037253,
        "speed_limit": 11.11111111111111
      },
      {
        "start": "5803229397",
        "end": "5803229397",
        "reverse": false,
        "shape": {
          "type": "polyline",
          "points": [
            [
              312.9978,
              774.2361
            ],
            [
              304.72823,
              800.08245
            ],
            [
              312.9978,
              774.2361
            ]
          ]
        },
        "metadata": {
          "segment_id": 27035,
          "street_id": 168038882,
          "street_name": "L\u00ea V\u0103n L\u01b0\u01a1ng",
          "street_type": "secondary",
          "street_level": 3,
          "street_group": "168038882",
          "composite": true
        },
        "length_hint": 54.27410418633923,
        "speed_limit": 11.11111111111111
      },
      {
        "start": "5803229393",
        "end": "5803229393",
        "reverse": false,
        "shape": {
          "type": "polyline",
          "points": [
            [
              321.05422,
              749.1279
            ],
            [
              322.98907,
              743.11725
            ],
            [
              321.05422,
              749.1279
            ]
          ]
        },
        "metadata": {
          "segment_id": 27030,
          "street_id": 168038882,
          "street_name": "L\u00ea V\u0103n L\u01b0\u01a1ng",
          "street_type": "secondary",
          "street_level": 3,
          "street_group": "168038882",
          "composite": true
        },
        "length_hint": 12.628785839501667,
        "speed_limit": 11.11111111111111
      },
      {
        "start": "5803229393",
        "end": "5803229393",
        "reverse": false,
        "shape": {
          "type": "polyline",
          "points": [
            [
              321.05422,
              749.1279
            ],
            [
              317.21185,
              761.0604
            ],
            [
              321.05422,
              749.1279
            ]
          ]
        },
        "metadata": {
          "segment_id": 27031,
          "street_id": 168038882,
          "street_name": "L\u00ea V\u0103n L\u01b0\u01a1ng",
          "street_type": "secondary",
          "street_level": 3,
          "street_group": "168038882",
          "composite": true
        },
        "length_hint": 25.07176606997599,
        "speed_limit": 11.11111111111111
      },
      {
        "start": "5803229401",
        "end": "5803229401",
        "reverse": false,
        "shape": {
          "type": "polyline",
          "points": [
            [
              277.07734,
              886.59585
            ],
            [
              287.93218,
              852.58545
            ],
            [
              277.07734,
              886.59585
            ]
          ]
        },
        "metadata": {
          "segment_id": 27042,
          "street_id": 168038882,
          "street_name": "L\u00ea V\u0103n L\u01b0\u01a1ng",
          "street_type": "secondary",
          "street_level": 3,
          "street_group": "168038882",
          "composite": true
        },
        "length_hint": 71.40125655996822,
        "speed_limit": 11.11111111111111
      },
      {
        "start": "5803229401",
        "end": "5803229401",
        "reverse": false,
        "shape": {
          "type": "polyline",
          "points": [
            [
              277.07734,
              886.59585
            ],
            [
              265.53928,
              921.8994
            ],
            [
              277.07734,
              886.59585
            ]
          ]
        },
        "metadata": {
          "segment_id": 27043,
          "street_id": 168038882,
          "street_name": "L\u00ea V\u0103n L\u01b0\u01a1ng",
          "street_type": "secondary",
          "street_level": 3,
          "street_group": "168038882",
          "composite": true
        },
        "length_hint": 74.2823659064814,
        "speed_limit": 11.11111111111111
      },
      {
        "start": "5803229391",
        "end": "5803229391",
        "reverse": false,
        "shape": {
          "type": "polyline",
          "points": [
            [
              252.74958,
              961.47645
            ],
            [
              257.23691,
              946.9521
            ],
            [
              252.74958,
              961.47645
            ]
          ]
        },
        "metadata": {
          "segment_id": 27050,
          "street_id": 168038882,
          "street_name": "L\u00ea V\u0103n L\u01b0\u01a1ng",
          "street_type": "secondary",
          "street_level": 3,
          "street_group": "168038882",
          "composite": true
        },
        "length_hint": 30.403478317547872,
        "speed_limit": 11.11111111111111
      },
      {
        "start": "2153157376",
        "end": "2153157376",
        "reverse": false,
        "shape": {
          "type": "polyline",
          "points": [
            [
              265.53928,
              921.8994
            ],
            [
              264.3259,
              925.59015
            ],
            [
              265.53928,
              921.8994
            ]
          ]
        },
        "metadata": {
          "segment_id": 27045,
          "street_id": 168038882,
          "street_name": "L\u00ea V\u0103n L\u01b0\u01a1ng",
          "street_type": "secondary",
          "street_level": 3,
          "street_group": "168038882",
          "composite": true
        },
        "length_hint": 7.770180586550077,
        "speed_limit": 11.11111111111111
      },
      {
        "start": "366467866",
        "end": "366467866",
        "reverse": false,
        "shape": {
          "type": "polyline",
          "points": [
            [
              257.23691,
              946.9521
            ],
            [
              264.3259,
              925.59015
            ],
            [
              257.23691,
              946.9521
            ]
          ]
        },
        "metadata": {
          "segment_id": 27048,
          "street_id": 168038882,
          "street_name": "L\u00ea V\u0103n L\u01b0\u01a1ng",
          "street_type": "secondary",
          "street_level": 3,
          "street_group": "168038882",
          "composite": true
        },
        "length_hint": 45.01496138052764,
        "speed_limit": 11.11111111111111
      },
      {
        "start": "366478494",
        "end": "366478494",
        "reverse": false,
        "shape": {
          "type": "polyline",
          "points": [
            [
              374.04402,
              577.1445
            ],
            [
              375.45416,
              569.5299
            ],
            [
              374.04402,
              577.1445
            ]
          ]
        },
        "metadata": {
          "segment_id": 27010,
          "street_id": 168038882,
          "street_name": "L\u00ea V\u0103n L\u01b0\u01a1ng",
          "street_type": "secondary",
          "street_level": 3,
          "street_group": "168038882",
          "composite": true
        },
        "length_hint": 15.488141009120492,
        "speed_limit": 11.11111111111111
      },
      {
        "start": "366478494",
        "end": "366478494",
        "reverse": false,
        "shape": {
          "type": "polyline",
          "points": [
            [
              374.04402,
              577.1445
            ],
            [
              371.77029,
              585.4695
            ],
            [
              374.04402,
              577.1445
            ]
          ]
        },
        "metadata": {
          "segment_id": 27011,
          "street_id": 168038882,
          "street_name": "L\u00ea V\u0103n L\u01b0\u01a1ng",
          "street_type": "secondary",
          "street_level": 3,
          "street_group": "168038882",
          "composite": true
        },
        "length_hint": 17.259834658872112,
        "speed_limit": 11.11111111111111
      },
      {
        "start": "2153156657",
        "end": "2153156657",
        "reverse": false,
        "shape": {
          "type": "polyline",
          "points": [
            [
              393.05366,
              460.428
            ],
            [
              397.95638,
              430.8576
            ],
            [
              393.05366,
              460.428
            ]
          ]
        },
        "metadata": {
          "segment_id": 27002,
          "street_id": 168038882,
          "street_name": "L\u00ea V\u0103n L\u01b0\u01a1ng",
          "street_type": "secondary",
          "street_level": 3,
          "street_group": "168038882",
          "composite": true
        },
        "length_hint": 59.948151583127256,
        "speed_limit": 11.11111111111111
      },
      {
        "start": "2153156657",
        "end": "2153156657",
        "reverse": false,
        "shape": {
          "type": "polyline",
          "points": [
            [
              393.05366,
              460.428
            ],
            [
              383.33021,
              525.1632
            ],
            [
              393.05366,
              460.428
            ]
          ]
        },
        "metadata": {
          "segment_id": 27003,
          "street_id": 168038882,
          "street_name": "L\u00ea V\u0103n L\u01b0\u01a1ng",
          "street_type": "secondary",
          "street_level": 3,
          "street_group": "168038882",
          "composite": true
        },
        "length_hint": 130.92274972582106,
        "speed_limit": 11.11111111111111
      },
      {
        "start": "5802956739",
        "end": "5802956739",
        "reverse": false,
        "shape": {
          "type": "polyline",
          "points": [
            [
              383.33021,
              525.1632
            ],
            [
              381.8982,
              534.70365
            ],
            [
              383.33021,
              525.1632
            ]
          ]
        },
        "metadata": {
          "segment_id": 27005,
          "street_id": 168038882,
          "street_name": "L\u00ea V\u0103n L\u01b0\u01a1ng",
          "street_type": "secondary",
          "street_level": 3,
          "street_group": "168038882",
          "composite": true
        },
        "length_hint": 19.294645769497986,
        "speed_limit": 11.11111111111111
      },
      {
        "start": "5802956740",
        "end": "5802956740",
        "reverse": false,
        "shape": {
          "type": "polyline",
          "points": [
            [
              375.45416,
              569.5299
            ],
            [
              381.8982,
              534.70365
            ],
            [
              375.45416,
              569.5299
            ]
          ]
        },
        "metadata": {
          "segment_id": 27008,
          "street_id": 168038882,
          "street_name": "L\u00ea V\u0103n L\u01b0\u01a1ng",
          "street_type": "secondary",
          "street_level": 3,
          "street_group": "168038882",
          "composite": true
        },
        "length_hint": 70.83483156143161,
        "speed_limit": 11.11111111111111
      },
      {
        "start": "366409388",
        "end": "366409388",
        "reverse": false,
        "shape": {
          "type": "polyline",
          "points": [
            [
              404.09981,
              393.7947
            ],
            [
              411.03576,
              341.9022
            ],
            [
              404.09981,
              393.7947
            ]
          ]
        },
        "metadata": {
          "segment_id": 26998,
          "street_id": 168038882,
          "street_name": "L\u00ea V\u0103n L\u01b0\u01a1ng",
          "street_type": "secondary",
          "street_level": 3,
          "street_group": "168038882",
          "composite": true
        },
        "length_hint": 104.70795497291499,
        "speed_limit": 11.11111111111111
      },
      {
        "start": "366409388",
        "end": "366409388",
        "reverse": false,
        "shape": {
          "type": "polyline",
          "points": [
            [
              404.09981,
              393.7947
            ],
            [
              397.95638,
              430.8576
            ],
            [
              404.09981,
              393.7947
            ]
          ]
        },
        "metadata": {
          "segment_id": 26999,
          "street_id": 168038882,
          "street_name": "L\u00ea V\u0103n L\u01b0\u01a1ng",
          "street_type": "secondary",
          "street_level": 3,
          "street_group": "168038882",
          "composite": true
        },
        "length_hint": 75.1372155080264,
        "speed_limit": 11.11111111111111
      },
      {
        "start": "5802956743",
        "end": "5802956743",
        "reverse": false,
        "shape": {
          "type": "polyline",
          "points": [
            [
              371.77029,
              585.4695
            ],
            [
              367.44147,
              601.3092
            ],
            [
              371.77029,
              585.4695
            ]
          ]
        },
        "metadata": {
          "segment_id": 27013,
          "street_id": 168038882,
          "street_name": "L\u00ea V\u0103n L\u01b0\u01a1ng",
          "street_type": "secondary",
          "street_level": 3,
          "street_group": "168038882",
          "composite": true
        },
        "length_hint": 32.84111926730877,
        "speed_limit": 11.11111111111111
      },
      {
        "start": "366452499",
        "end": "366452499",
        "reverse": false,
        "shape": {
          "type": "polyline",
          "points": [
            [
              353.70075,
              646.42515
            ],
            [
              359.80591,
              625.2075
            ],
            [
              353.70075,
              646.42515
            ]
          ]
        },
        "metadata": {
          "segment_id": 27020,
          "street_id": 168038882,
          "street_name": "L\u00ea V\u0103n L\u01b0\u01a1ng",
          "street_type": "secondary",
          "street_level": 3,
          "street_group": "168038882",
          "composite": true
        },
        "length_hint": 44.15706739121617,
        "speed_limit": 11.11111111111111
      },
      {
        "start": "366452499",
        "end": "366452499",
        "reverse": false,
        "shape": {
          "type": "polyline",
          "points": [
            [
              353.70075,
              646.42515
            ],
            [
              335.93728,
              702.0417
            ],
            [
              353.70075,
              646.42515
            ]
          ]
        },
        "metadata": {
          "segment_id": 27021,
          "street_id": 168038882,
          "street_name": "L\u00ea V\u0103n L\u01b0\u01a1ng",
          "street_type": "secondary",
          "street_level": 3,
          "street_group": "168038882",
          "composite": true
        },
        "length_hint": 116.76885715538022,
        "speed_limit": 11.11111111111111
      },
      {
        "start": "3702562369",
        "end": "3702562369",
        "reverse": false,
        "shape": {
          "type": "polyline",
          "points": [
            [
              367.44147,
              601.3092
            ],
            [
              362.53329,
              616.67715
            ],
            [
              367.44147,
              601.3092
            ]
          ]
        },
        "metadata": {
          "segment_id": 27015,
          "street_id": 168038882,
          "street_name": "L\u00ea V\u0103n L\u01b0\u01a1ng",
          "street_type": "secondary",
          "street_level": 3,
          "street_group": "168038882",
          "composite": true
        },
        "length_hint": 32.26540674560903,
        "speed_limit": 11.11111111111111
      },
      {
        "start": "5802956745",
        "end": "5802956745",
        "reverse": false,
        "shape": {
          "type": "polyline",
          "points": [
            [
              362.53329,
              616.67715
            ],
            [
              359.80591,
              625.2075
            ],
            [
              362.53329,
              616.67715
            ]
          ]
        },
        "metadata": {
          "segment_id": 27017,
          "street_id": 168038882,
          "street_name": "L\u00ea V\u0103n L\u01b0\u01a1ng",
          "street_type": "secondary",
          "street_level": 3,
          "street_group": "168038882",
          "composite": true
        },
        "length_hint": 17.91150164412802,
        "speed_limit": 11.11111111111111
      },
      {
        "start": "5811513908",
        "end": "714567034",
        "reverse": false,
        "shape": {
          "type": "polyline",
          "points": [
            [
              952.23676,
              366.59415
            ],
            [
              948.18669,
              372.58815
            ],
            [
              898.07731,
              442.04085
            ],
            [
              854.01297,
              503.11305
            ],
            [
              765.56729,
              624.6969
            ],
            [
              739.24456,
              662.18715
            ]
          ]
        },
        "metadata": {
          "segment_id": 83285,
          "street_id": 614357954,
          "street_name": "Nguy\u1ec5n H\u1eefu Th\u1ecd",
          "street_type": "secondary",
          "street_level": 3,
          "street_group": "614357954",
          "composite": true
        },
        "length_hint": 364.344534642432,
        "speed_limit": 11.11111111111111
      },
      {
        "start": "714567082",
        "end": "714567109",
        "reverse": false,
        "shape": {
          "type": "polyline",
          "points": [
            [
              726.5915,
              679.72515
            ],
            [
              672.06039,
              753.39585
            ],
            [
              669.50245,
              756.8535
            ],
            [
              640.98798,
              795.97545
            ]
          ]
        },
        "metadata": {
          "segment_id": 22272,
          "street_id": 57559404,
          "street_name": "Nguy\u1ec5n H\u1eefu Th\u1ecd",
          "street_type": "secondary",
          "street_level": 3,
          "street_group": "57559404",
          "composite": true
        },
        "length_hint": 144.3687852031349,
        "speed_limit": 11.11111111111111
      },
      {
        "start": "5811478620",
        "end": "5811513908",
        "reverse": false,
        "shape": {
          "type": "polyline",
          "points": [
            [
              1018.15837,
              275.59635
            ],
            [
              952.23676,
              366.59415
            ]
          ]
        },
        "metadata": {
          "segment_id": 22271,
          "street_id": 57559402,
          "street_name": "Nguy\u1ec5n H\u1eefu Th\u1ecd",
          "street_type": "secondary",
          "street_level": 3,
          "street_group": "57559402",
          "composite": true
        },
        "length_hint": 112.36662435897995,
        "speed_limit": 11.11111111111111
      },
      {
        "start": "1793489504",
        "end": "1793489504",
        "reverse": false,
        "shape": {
          "type": "polyline",
          "points": [
            [
              411.03576,
              341.9022
            ],
            [
              414.38622,
              318.19815
            ],
            [
              411.03576,
              341.9022
            ]
          ]
        },
        "metadata": {
          "segment_id": 26996,
          "street_id": 168038881,
          "street_name": "L\u00ea V\u0103n L\u01b0\u1ee3ng",
          "street_type": "secondary",
          "street_level": 3,
          "street_group": "168038881",
          "composite": true
        },
        "length_hint": 47.87933034678325,
        "speed_limit": 11.11111111111111
      },
      {
        "start": "5803412986",
        "end": "714567074",
        "reverse": false,
        "shape": {
          "type": "polyline",
          "points": [
            [
              409.1665,
              1081.95585
            ],
            [
              424.30097,
              1060.61055
            ],
            [
              433.60903,
              1047.4959
            ],
            [
              451.29598,
              1023.38115
            ],
            [
              454.63005,
              1018.65255
            ]
          ]
        },
        "metadata": {
          "segment_id": 42275,
          "street_id": 244010162,
          "street_name": "Nguy\u1ec5n H\u1eefu Th\u1ecd",
          "street_type": "secondary",
          "street_level": 3,
          "street_group": "244010162",
          "composite": true
        },
        "length_hint": 77.93987064047194,
        "speed_limit": 11.11111111111111
      },
      {
        "start": "714567098",
        "end": "714567130",
        "reverse": false,
        "shape": {
          "type": "polyline",
          "points": [
            [
              474.5142,
              991.8405
            ],
            [
              513.27136,
              935.06955
            ],
            [
              526.74427,
              915.6057
            ],
            [
              567.04822,
              860.4498
            ],
            [
              599.53077,
              817.1376
            ],
            [
              607.44508,
              806.5815
            ]
          ]
        },
        "metadata": {
          "segment_id": 22201,
          "street_id": 57559363,
          "street_name": "Nguy\u1ec5n H\u1eefu Th\u1ecd",
          "street_type": "secondary",
          "street_level": 3,
          "street_group": "57559363",
          "composite": true
        },
        "length_hint": 228.05613858368693,
        "speed_limit": 11.11111111111111
      },
      {
        "start": "373515972",
        "end": "373515972",
        "reverse": false,
        "shape": {
          "type": "polyline",
          "points": [
            [
              457.81654,
              0.0
            ],
            [
              456.16591,
              15.63435
            ],
            [
              457.81654,
              0.0
            ]
          ]
        },
        "metadata": {
          "segment_id": 18945,
          "street_id": 33101962,
          "street_name": "L\u00ea V\u0103n L\u01b0\u01a1ng",
          "street_type": "secondary",
          "street_level": 3,
          "street_group": "33101962",
          "composite": true
        },
        "length_hint": 31.44248586351912,
        "speed_limit": 11.11111111111111
      },
      {
        "start": "2153157338",
        "end": "2153157338",
        "reverse": false,
        "shape": {
          "type": "polyline",
          "points": [
            [
              12.92634,
              869.1633
            ],
            [
              70.33787,
              889.2987
            ],
            [
              12.92634,
              869.1633
            ]
          ]
        },
        "metadata": {
          "segment_id": 31725,
          "street_id": 205342089,
          "street_name": "\u0110\u00e0o S\u01b0 T\u00edch",
          "street_type": "tertiary",
          "street_level": 4,
          "street_group": "205342089",
          "composite": true
        },
        "length_hint": 121.68020562278649,
        "speed_limit": 13.88888888888889
      },
      {
        "start": "2153157338",
        "end": "2153157338",
        "reverse": false,
        "shape": {
          "type": "polyline",
          "points": [
            [
              12.92634,
              869.1633
            ],
            [
              2.03323,
              865.61685
            ],
            [
              12.92634,
              869.1633
            ]
          ]
        },
        "metadata": {
          "segment_id": 31726,
          "street_id": 205342089,
          "street_name": "\u0110\u00e0o S\u01b0 T\u00edch",
          "street_type": "tertiary",
          "street_level": 4,
          "street_group": "205342089",
          "composite": true
        },
        "length_hint": 22.911757075754828,
        "speed_limit": 13.88888888888889
      },
      {
        "start": "5752848300",
        "end": "5752848300",
        "reverse": false,
        "shape": {
          "type": "polyline",
          "points": [
            [
              2.03323,
              865.61685
            ],
            [
              0.0,
              864.9564
            ],
            [
              2.03323,
              865.61685
            ]
          ]
        },
        "metadata": {
          "segment_id": 31728,
          "street_id": 205342089,
          "street_name": "\u0110\u00e0o S\u01b0 T\u00edch",
          "street_type": "tertiary",
          "street_level": 4,
          "street_group": "205342089",
          "composite": true
        },
        "length_hint": 4.275613843835741,
        "speed_limit": 13.88888888888889
      },
      {
        "start": "2153157352",
        "end": "2153157352",
        "reverse": false,
        "shape": {
          "type": "polyline",
          "points": [
            [
              70.33787,
              889.2987
            ],
            [
              147.74288,
              912.03705
            ],
            [
              70.33787,
              889.2987
            ]
          ]
        },
        "metadata": {
          "segment_id": 31723,
          "street_id": 205342089,
          "street_name": "\u0110\u00e0o S\u01b0 T\u00edch",
          "street_type": "tertiary",
          "street_level": 4,
          "street_group": "205342089",
          "composite": true
        },
        "length_hint": 161.35139458737382,
        "speed_limit": 13.88888888888889
      },
      {
        "start": "5752848295",
        "end": "5752848295",
        "reverse": false,
        "shape": {
          "type": "polyline",
          "points": [
            [
              147.74288,
              912.03705
            ],
            [
              181.87607,
              922.1103
            ],
            [
              147.74288,
              912.03705
            ]
          ]
        },
        "metadata": {
          "segment_id": 31721,
          "street_id": 205342089,
          "street_name": "\u0110\u00e0o S\u01b0 T\u00edch",
          "street_type": "tertiary",
          "street_level": 4,
          "street_group": "205342089",
          "composite": true
        },
        "length_hint": 71.17710376627022,
        "speed_limit": 13.88888888888889
      },
      {
        "start": "5752848285",
        "end": "5752848285",
        "reverse": false,
        "shape": {
          "type": "polyline",
          "points": [
            [
              181.87607,
              922.1103
            ],
            [
              209.18809,
              931.1124
            ],
            [
              181.87607,
              922.1103
            ]
          ]
        },
        "metadata": {
          "segment_id": 31719,
          "street_id": 205342089,
          "street_name": "\u0110\u00e0o S\u01b0 T\u00edch",
          "street_type": "tertiary",
          "street_level": 4,
          "street_group": "205342089",
          "composite": true
        },
        "length_hint": 57.51466737764892,
        "speed_limit": 13.88888888888889
      },
      {
        "start": "366467866",
        "end": "366467866",
        "reverse": false,
        "shape": {
          "type": "polyline",
          "points": [
            [
              257.23691,
              946.9521
            ],
            [
              209.18809,
              931.1124
            ],
            [
              257.23691,
              946.9521
            ]
          ]
        },
        "metadata": {
          "segment_id": 31716,
          "street_id": 205342089,
          "street_name": "\u0110\u00e0o S\u01b0 T\u00edch",
          "street_type": "tertiary",
          "street_level": 4,
          "street_group": "205342089",
          "composite": true
        },
        "length_hint": 101.18468657820517,
        "speed_limit": 13.88888888888889
      },
      {
        "start": "714567034",
        "end": "714567082",
        "reverse": false,
        "shape": {
          "type": "polyline",
          "points": [
            [
              739.24456,
              662.18715
            ],
            [
              726.5915,
              679.72515
            ]
          ]
        },
        "metadata": {
          "segment_id": 22261,
          "street_id": 57559398,
          "street_name": "Nguy\u1ec5n H\u1eefu Th\u1ecd",
          "street_type": "secondary",
          "street_level": 3,
          "street_group": "57559398",
          "composite": true
        },
        "length_hint": 21.625942091932085,
        "speed_limit": 11.11111111111111
      },
      {
        "start": "714567074",
        "end": "714567098",
        "reverse": false,
        "shape": {
          "type": "polyline",
          "points": [
            [
              454.63005,
              1018.65255
            ],
            [
              474.5142,
              991.8405
            ]
          ]
        },
        "metadata": {
          "segment_id": 22275,
          "street_id": 57559406,
          "street_name": "Nguy\u1ec5n H\u1eefu Th\u1ecd",
          "street_type": "secondary",
          "street_level": 3,
          "street_group": "57559406",
          "composite": true
        },
        "length_hint": 33.380614829942864,
        "speed_limit": 11.11111111111111
      },
      {
        "start": "714567085",
        "end": "714567133",
        "reverse": false,
        "shape": {
          "type": "polyline",
          "points": [
            [
              492.45258,
              1002.67965
            ],
            [
              472.25141,
              1029.7803
            ]
          ]
        },
        "metadata": {
          "segment_id": 22243,
          "street_id": 57559384,
          "street_name": "Nguy\u1ec5n H\u1eefu Th\u1ecd",
          "street_type": "secondary",
          "street_level": 3,
          "street_group": "57559384",
          "composite": true
        },
        "length_hint": 33.80136831241292,
        "speed_limit": 11.11111111111111
      },
      {
        "start": "714567109",
        "end": "714567071",
        "reverse": false,
        "shape": {
          "type": "polyline",
          "points": [
            [
              640.98798,
              795.97545
            ],
            [
              623.89132,
              820.068
            ]
          ]
        },
        "metadata": {
          "segment_id": 22207,
          "street_id": 57559370,
          "street_name": "Nguy\u1ec5n H\u1eefu Th\u1ecd",
          "street_type": "secondary",
          "street_level": 3,
          "street_group": "57559370",
          "composite": true
        },
        "length_hint": 29.542287464888354,
        "speed_limit": 11.11111111111111
      },
      {
        "start": "714567124",
        "end": "714567064",
        "reverse": false,
        "shape": {
          "type": "polyline",
          "points": [
            [
              706.29742,
              669.86835
            ],
            [
              719.33854,
              652.01955
            ]
          ]
        },
        "metadata": {
          "segment_id": 22262,
          "street_id": 57559399,
          "street_name": "Nguy\u1ec5n H\u1eefu Th\u1ecd",
          "street_type": "secondary",
          "street_level": 3,
          "street_group": "57559399",
          "composite": true
        },
        "length_hint": 22.105439880138075,
        "speed_limit": 11.11111111111111
      },
      {
        "start": "714567130",
        "end": "714567083",
        "reverse": false,
        "shape": {
          "type": "polyline",
          "points": [
            [
              607.44508,
              806.5815
            ],
            [
              623.74921,
              784.23165
            ]
          ]
        },
        "metadata": {
          "segment_id": 22233,
          "street_id": 57559375,
          "street_name": "Nguy\u1ec5n H\u1eefu Th\u1ecd",
          "street_type": "secondary",
          "street_level": 3,
          "street_group": "57559375",
          "composite": true
        },
        "length_hint": 27.66478718659159,
        "speed_limit": 11.11111111111111
      },
      {
        "start": "714567133",
        "end": "5803412984",
        "reverse": false,
        "shape": {
          "type": "polyline",
          "points": [
            [
              472.25141,
              1029.7803
            ],
            [
              456.16044,
              1053.07365
            ]
          ]
        },
        "metadata": {
          "segment_id": 22247,
          "street_id": 57559392,
          "street_name": "Nguy\u1ec5n H\u1eefu Th\u1ecd",
          "street_type": "secondary",
          "street_level": 3,
          "street_group": "57559392",
          "composite": true
        },
        "length_hint": 28.310765969210507,
        "speed_limit": 11.11111111111111
      }
    ]
  }
}