{
  "observation": {
    "type": "Kinematics"
  },
  "action": {
    "type": "DiscreteMetaAction"
  },
  "simulation_frequency": 15,
  "policy_frequency": 1,
  "other_vehicles_type": "highway_env.vehicle.behavior.IDMVehicle",
  "screen_width": 600,
  "screen_height": 150,
  "centering_position": [
    0.3,
    0.5
  ],
  "scaling": 5.5,
  "show_trajectories": false,
  "render_agent": true,
  "offscreen_rendering": false,
  "manual_control": false,
  "real_time_rendering": false,
  "destination": null,
  "initial_vehicle_count": 0,
  "controlled_vehicles": 0,
  "spawn_probability": 0.0,
  "duration": 40.0,
  "collision_reward": -5,
  "high_speed_reward": 1.0,
  "arrived_reward": 1.0,
  "reward_speed_range": [
    6.0,
    12.0
  ],
  "auto_curve": false,
  "corner_radius": 25.0,
  "curve_samples": 8,
  "exit_distance": 5.0,
  "graph": {
    "nodes": {
      "5811530880": [
        108.64138,
        976.12845
      ],
      "5811289681": [
        115.36417,
        992.9949
      ],
      "5598942092": [
        125.50848,
        999.0444
      ],
      "5811289683": [
        109.90942,
        992.6064
      ],
      "366372371": [
        76.46491,
        889.9647
      ],
      "5811347349": [
        120.7752,
        1022.3322
      ],
      "5598942105": [
        138.5496,
        925.8621
      ],
      "5811289655": [
        136.75139,
        795.30945
      ],
      "5811289656": [
        141.15126,
        775.8567
      ],
      "5811289657": [
        151.7055,
        736.94565
      ],
      "5811289658": [
        162.69699,
        775.70685
      ],
      "5811289659": [
        170.17404,
        749.8161
      ],
      "5811289660": [
        185.86055,
        695.6925
      ],
      "373515965": [
        26.71626,
        872.0271
      ],
      "366425169": [
        105.5478,
        964.6011
      ],
      "366418112": [
        100.76533,
        937.062
      ],
      "2269174595": [
        213.10152,
        615.6615
      ],
      "2269174596": [
        293.32135,
        336.72405
      ],
      "2269174598": [
        126.8913,
        993.82185
      ],
      "2269174599": [
        350.49239,
        11.2443
      ],
      "2269174600": [
        183.22063,
        643.18395
      ],
      "2269174601": [
        338.73571,
        152.08665
      ],
      "366463434": [
        63.77359,
        885.2805
      ],
      "2269174603": [
        193.78033,
        609.834
      ],
      "2269174602": [
        254.29637,
        418.90845
      ],
      "2269174604": [
        286.42912,
        279.82545
      ],
      "2269174606": [
        262.97587,
        385.1478
      ],
      "5811289678": [
        126.3174,
        993.783
      ],
      "2269174608": [
        131.03428,
        833.9319
      ],
      "2269174609": [
        157.10013,
        803.47905
      ],
      "2269174610": [
        151.52513,
        838.0056
      ],
      "5811289679": [
        125.25159,
        993.7053
      ],
      "2269174612": [
        112.35258,
        992.77845
      ],
      "5811289680": [
        121.06488,
        993.4056
      ],
      "2269174614": [
        123.1473,
        993.55545
      ],
      "5811289682": [
        117.93304,
        993.17805
      ],
      "2269174616": [
        176.77112,
        661.3269
      ],
      "2269174617": [
        304.46041,
        289.32705
      ],
      "2269174618": [
        281.15474,
        309.0795
      ],
      "2269174619": [
        154.74988,
        816.9378
      ],
      "2269174620": [
        0.0,
        861.2601
      ],
      "2269174613": [
        375.53068,
        0.0
      ],
      "2269174623": [
        318.68211,
        146.41455
      ],
      "2269174625": [
        278.07209,
        399.9219
      ],
      "2269174626": [
        133.66874,
        814.47915
      ],
      "5811289699": [
        94.09173,
        908.38515
      ],
      "5811289700": [
        103.91357,
        952.11915
      ],
      "5811289698": [
        89.39671,
        899.7549
      ],
      "5811289697": [
        83.5375,
        893.4612
      ],
      "366404080": [
        119.40331,
        1028.2374
      ],
      "366385393": [
        106.58628,
        992.36775
      ],
      "5811289677": [
        108.7507,
        992.52315
      ],
      "366413687": [
        96.8847,
        918.9468
      ],
      "5598942076": [
        145.47462,
        878.9979
      ],
      "5811530879": [
        114.24917,
        1000.6095
      ]
    },
    "edges": [
      {
        "start": "366385393",
        "end": "2269174604",
        "reverse": false,
        "shape": {
          "type": "polyline",
          "points": [
            [
              106.58628,
              992.36775
            ],
            [
              108.64138,
              976.12845
            ],
            [
              131.03428,
              833.9319
            ],
            [
              133.66874,
              814.47915
            ],
            [
              136.75139,
              795.30945
            ],
            [
              141.15126,
              775.8567
            ],
            [
              151.7055,
              736.94565
            ],
            [
              176.77112,
              661.3269
            ],
            [
              183.22063,
              643.18395
            ],
            [
              193.78033,
              609.834
            ],
            [
              254.29637,
              418.90845
            ],
            [
              262.97587,
              385.1478
            ],
            [
              281.15474,
              309.0795
            ],
            [
              286.42912,
              279.82545
            ]
          ]
        },
        "metadata": {
          "segment_id": 22220,
          "street_id": 57559372,
          "street_name": "Nguy\u1ec5n H\u1eefu Th\u1ecd",
          "street_type": "secondary",
          "street_level": 3,
          "street_group": "57559372",
          "composite": true
        },
        "length_hint": 736.6082840543429,
        "speed_limit": 11.11111111111111
      },
      {
        "start": "366372371",
        "end": "366372371",
        "reverse": false,
        "shape": {
          "type": "polyline",
          "points": [
            [
              76.46491,
              889.9647
            ],
            [
              83.5375,
              893.4612
            ],
            [
              76.46491,
              889.9647
            ]
          ]
        },
        "metadata": {
          "segment_id": 35554,
          "street_id": 217620794,
          "street_name": "Ph\u1ea1m H\u1eefu L\u1ea7u",
          "street_type": "tertiary",
          "street_level": 4,
          "street_group": "217620794",
          "composite": true
        },
        "length_hint": 15.779358866329094,
        "speed_limit": 13.88888888888889
      },
      {
        "start": "366372371",
        "end": "366372371",
        "reverse": false,
        "shape": {
          "type": "polyline",
          "points": [
            [
              76.46491,
              889.9647
            ],
            [
              63.77359,
              885.2805
            ],
            [
              76.46491,
              889.9647
            ]
          ]
        },
        "metadata": {
          "segment_id": 35555,
          "street_id": 217620794,
          "street_name": "Ph\u1ea1m H\u1eefu L\u1ea7u",
          "street_type": "tertiary",
          "street_level": 4,
          "street_group": "217620794",
          "composite": true
        },
        "length_hint": 27.05633626213279,
        "speed_limit": 13.88888888888889
      },
      {
        "start": "366413687",
        "end": "366413687",
        "reverse": false,
        "shape": {
          "type": "polyline",
          "points": [
            [
              96.8847,
              918.9468
            ],
            [
              100.76533,
              937.062
            ],
            [
              96.8847,
              918.9468
            ]
          ]
        },
        "metadata": {
          "segment_id": 35546,
          "street_id": 217620794,
          "street_name": "Ph\u1ea1m H\u1eefu L\u1ea7u",
          "street_type": "tertiary",
          "street_level": 4,
          "street_group": "217620794",
          "composite": true
        },
        "length_hint": 37.052382392332,
        "speed_limit": 13.88888888888889
      },
      {
        "start": "366413687",
        "end": "366413687",
        "reverse": false,
        "shape": {
          "type": "polyline",
          "points": [
            [
              96.8847,
              918.9468
            ],
            [
              94.09173,
              908.38515
            ],
            [
              96.8847,
              918.9468
            ]
          ]
        },
        "metadata": {
          "segment_id": 35547,
          "street_id": 217620794,
          "street_name": "Ph\u1ea1m H\u1eefu L\u1ea7u",
          "street_type": "tertiary",
          "street_level": 4,
          "street_group": "217620794",
          "composite": true
        },
        "length_hint": 21.849405680100507,
        "speed_limit": 13.88888888888889
      },
      {
        "start": "366418112",
        "end": "366418112",
        "reverse": false,
        "shape": {
          "type": "polyline",
          "points": [
            [
              100.76533,
              937.062
            ],
            [
              103.91357,
              952.11915
            ],
            [
              100.76533,
              937.062
            ]
          ]
        },
        "metadata": {
          "segment_id": 35544,
          "street_id": 217620794,
          "street_name": "Ph\u1ea1m H\u1eefu L\u1ea7u",
          "street_type": "tertiary",
          "street_level": 4,
          "street_group": "217620794",
          "composite": true
        },
        "length_hint": 30.76551193918927,
        "speed_limit": 13.88888888888889
      },
      {
        "start": "366425169",
        "end": "366425169",
        "reverse": false,
        "shape": {
          "type": "polyline",
          "points": [
            [
              105.5478,
              964.6011
            ],
            [
              108.64138,
              976.12845
            ],
            [
              105.5478,
              964.6011
            ]
          ]
        },
        "metadata": {
          "segment_id": 35540,
          "street_id": 217620794,
          "street_name": "Ph\u1ea1m H\u1eefu L\u1ea7u",
          "street_type": "tertiary",
          "street_level": 4,
          "street_group": "217620794",
          "composite": true
        },
        "length_hint": 23.870486818571724,
        "speed_limit": 13.88888888888889
      },
      {
        "start": "366425169",
        "end": "366425169",
        "reverse": false,
        "shape": {
          "type": "polyline",
          "points": [
            [
              105.5478,
              964.6011
            ],
            [
              103.91357,
              952.11915
            ],
            [
              105.5478,
              964.6011
            ]
          ]
        },
        "metadata": {
          "segment_id": 35541,
          "street_id": 217620794,
          "street_name": "Ph\u1ea1m H\u1eefu L\u1ea7u",
          "street_type": "tertiary",
          "street_level": 4,
          "street_group": "217620794",
          "composite": true
        },
        "length_hint": 25.176956408223734,
        "speed_limit": 13.88888888888889
      },
      {
        "start": "5811289699",
        "end": "5811289699",
        "reverse": false,
        "shape": {
          "type": "polyline",
          "points": [
            [
              94.09173,
              908.38515
            ],
            [
              89.39671,
              899.7549
            ],
            [
              94.09173,
              908.38515
            ]
          ]
        },
        "metadata": {
          "segment_id": 35549,
          "street_id": 217620794,
          "street_name": "Ph\u1ea1m H\u1eefu L\u1ea7u",
          "street_type": "tertiary",
          "street_level": 4,
          "street_group": "217620794",
          "composite": true
        },
        "length_hint": 19.649369238008514,
        "speed_limit": 13.88888888888889
      },
      {
        "start": "5811289698",
        "end": "5811289698",
        "reverse": false,
        "shape": {
          "type": "polyline",
          "points": [
            [
              89.39671,
              899.7549
            ],
            [
              83.5375,
              893.4612
            ],
            [
              89.39671,
              899.7549
            ]
          ]
        },
        "metadata": {
          "segment_id": 35551,
          "street_id": 217620794,
          "street_name": "Ph\u1ea1m H\u1eefu L\u1ea7u",
          "street_type": "tertiary",
          "street_level": 4,
          "street_group": "217620794",
          "composite": true
        },
        "length_hint": 17.197790731847014,
        "speed_limit": 13.88888888888889
      },
      {
        "start": "5811289679",
        "end": "5811289679",
        "reverse": false,
        "shape": {
          "type": "polyline",
          "points": [
            [
              125.25159,
              993.7053
            ],
            [
              126.3174,
              993.783
            ],
            [
              125.25159,
              993.7053
            ]
          ]
        },
        "metadata": {
          "segment_id": 35521,
          "street_id": 217620792,
          "street_name": "Nguy\u1ec5n H\u1eefu Th\u1ecd",
          "street_type": "secondary_link",
          "street_level": 3,
          "street_group": "217620792",
          "composite": true
        },
        "length_hint": 2.137277002262492,
        "speed_limit": 11.11111111111111
      },
      {
        "start": "5811289679",
        "end": "5811289679",
        "reverse": false,
        "shape": {
          "type": "polyline",
          "points": [
            [
              125.25159,
              993.7053
            ],
            [
              123.1473,
              993.55545
            ],
            [
              125.25159,
              993.7053
            ]
          ]
        },
        "metadata": {
          "segment_id": 35522,
          "street_id": 217620792,
          "street_name": "Nguy\u1ec5n H\u1eefu Th\u1ecd",
          "street_type": "secondary_link",
          "street_level": 3,
          "street_group": "217620792",
          "composite": true
        },
        "length_hint": 4.21923757406476,
        "speed_limit": 11.11111111111111
      },
      {
        "start": "5811289677",
        "end": "5811289677",
        "reverse": false,
        "shape": {
          "type": "polyline",
          "points": [
            [
              108.7507,
              992.52315
            ],
            [
              109.90942,
              992.6064
            ],
            [
              108.7507,
              992.52315
            ]
          ]
        },
        "metadata": {
          "segment_id": 35535,
          "street_id": 217620792,
          "street_name": "Nguy\u1ec5n H\u1eefu Th\u1ecd",
          "street_type": "secondary_link",
          "street_level": 3,
          "street_group": "217620792",
          "composite": true
        },
        "length_hint": 2.3234135240202156,
        "speed_limit": 11.11111111111111
      },
      {
        "start": "5811289677",
        "end": "5811289677",
        "reverse": false,
        "shape": {
          "type": "polyline",
          "points": [
            [
              108.7507,
              992.52315
            ],
            [
              106.58628,
              992.36775
            ],
            [
              108.7507,
              992.52315
            ]
          ]
        },
        "metadata": {
          "segment_id": 35536,
          "street_id": 217620792,
          "street_name": "Nguy\u1ec5n H\u1eefu Th\u1ecd",
          "street_type": "secondary_link",
          "street_level": 3,
          "street_group": "217620792",
          "composite": true
        },
        "length_hint": 4.339982993699383,
        "speed_limit": 11.11111111111111
      },
      {
        "start": "5811289683",
        "end": "5811289683",
        "reverse": false,
        "shape": {
          "type": "polyline",
          "points": [
            [
              109.90942,
              992.6064
            ],
            [
              112.35258,
              992.77845
            ],
            [
              109.90942,
              992.6064
            ]
          ]
        },
        "metadata": {
          "segment_id": 35533,
          "street_id": 217620792,
          "street_name": "Ph\u1ea1m H\u1eefu L\u1ea7u",
          "street_type": "secondary_link",
          "street_level": 3,
          "street_group": "217620792",
          "composite": true
        },
        "length_hint": 4.898420965209109,
        "speed_limit": 11.11111111111111
      },
      {
        "start": "5811289680",
        "end": "5811289680",
        "reverse": false,
        "shape": {
          "type": "polyline",
          "points": [
            [
              121.06488,
              993.4056
            ],
            [
              123.1473,
              993.55545
            ],
            [
              121.06488,
              993.4056
            ]
          ]
        },
        "metadata": {
          "segment_id": 35525,
          "street_id": 217620792,
          "street_name": "Nguy\u1ec5n H\u1eefu Th\u1ecd",
          "street_type": "secondary_link",
          "street_level": 3,
          "street_group": "217620792",
          "composite": true
        },
        "length_hint": 4.175609214905038,
        "speed_limit": 11.11111111111111
      },
      {
        "start": "5811289680",
        "end": "5811289680",
        "reverse": false,
        "shape": {
          "type": "polyline",
          "points": [
            [
              121.06488,
              993.4056
            ],
            [
              117.93304,
              993.17805
            ],
            [
              121.06488,
              993.4056
            ]
          ]
        },
        "metadata": {
          "segment_id": 35526,
          "street_id": 217620792,
          "street_name": "Ph\u1ea1m H\u1eefu L\u1ea7u",
          "street_type": "secondary_link",
          "street_level": 3,
          "street_group": "217620792",
          "composite": true
        },
        "length_hint": 6.280191330875202,
        "speed_limit": 11.11111111111111
      },
      {
        "start": "2269174612",
        "end": "2269174612",
        "reverse": false,
        "shape": {
          "type": "polyline",
          "points": [
            [
              112.35258,
              992.77845
            ],
            [
              115.36417,
              992.9949
            ],
            [
              112.35258,
              992.77845
            ]
          ]
        },
        "metadata": {
          "segment_id": 35531,
          "street_id": 217620792,
          "street_name": "Ph\u1ea1m H\u1eefu L\u1ea7u",
          "street_type": "secondary_link",
          "street_level": 3,
          "street_group": "217620792",
          "composite": true
        },
        "length_hint": 6.038716728113679,
        "speed_limit": 11.11111111111111
      },
      {
        "start": "5811289681",
        "end": "5811289681",
        "reverse": false,
        "shape": {
          "type": "polyline",
          "points": [
            [
              115.36417,
              992.9949
            ],
            [
              117.93304,
              993.17805
            ],
            [
              115.36417,
              992.9949
            ]
          ]
        },
        "metadata": {
          "segment_id": 35529,
          "street_id": 217620792,
          "street_name": "Ph\u1ea1m H\u1eefu L\u1ea7u",
          "street_type": "secondary_link",
          "street_level": 3,
          "street_group": "217620792",
          "composite": true
        },
        "length_hint": 5.150781299725316,
        "speed_limit": 11.11111111111111
      },
      {
        "start": "2269174598",
        "end": "2269174598",
        "reverse": false,
        "shape": {
          "type": "polyline",
          "points": [
            [
              126.8913,
              993.82185
            ],
            [
              126.3174,
              993.783
            ],
            [
              126.8913,
              993.82185
            ]
          ]
        },
        "metadata": {
          "segment_id": 35518,
          "street_id": 217620792,
          "street_name": "Nguy\u1ec5n H\u1eefu Th\u1ecd",
          "street_type": "secondary_link",
          "street_level": 3,
          "street_group": "217620792",
          "composite": true
        },
        "length_hint": 1.1504269337945734,
        "speed_limit": 11.11111111111111
      },
      {
        "start": "2269174617",
        "end": "366404080",
        "reverse": false,
        "shape": {
          "type": "polyline",
          "points": [
            [
              304.46041,
              289.32705
            ],
            [
              293.32135,
              336.72405
            ],
            [
              278.07209,
              399.9219
            ],
            [
              213.10152,
              615.6615
            ],
            [
              185.86055,
              695.6925
            ],
            [
              170.17404,
              749.8161
            ],
            [
              162.69699,
              775.70685
            ],
            [
              157.10013,
              803.47905
            ],
            [
              154.74988,
              816.9378
            ],
            [
              151.52513,
              838.0056
            ],
            [
              145.47462,
              878.9979
            ],
            [
              138.5496,
              925.8621
            ],
            [
              126.8913,
              993.82185
            ],
            [
              125.50848,
              999.0444
            ],
            [
              120.7752,
              1022.3322
            ],
            [
              119.40331,
              1028.2374
            ]
          ]
        },
        "metadata": {
          "segment_id": 35502,
          "street_id": 217620791,
          "street_name": "Nguy\u1ec5n H\u1eefu Th\u1ecd",
          "street_type": "secondary",
          "street_level": 3,
          "street_group": "217620791",
          "composite": true
        },
        "length_hint": 763.1472017450155,
        "speed_limit": 11.11111111111111
      },
      {
        "start": "366463434",
        "end": "366463434",
        "reverse": false,
        "shape": {
          "type": "polyline",
          "points": [
            [
              63.77359,
              885.2805
            ],
            [
              26.71626,
              872.0271
            ],
            [
              63.77359,
              885.2805
            ]
          ]
        },
        "metadata": {
          "segment_id": 18901,
          "street_id": 33101955,
          "street_name": "Ph\u1ea1m H\u1eefu L\u1ea7u",
          "street_type": "tertiary",
          "street_level": 4,
          "street_group": "33101955",
          "composite": true
        },
        "length_hint": 78.71209102263511,
        "speed_limit": 13.88888888888889
      },
      {
        "start": "373515965",
        "end": "373515965",
        "reverse": false,
        "shape": {
          "type": "polyline",
          "points": [
            [
              26.71626,
              872.0271
            ],
            [
              0.0,
              861.2601
            ],
            [
              26.71626,
              872.0271
            ]
          ]
        },
        "metadata": {
          "segment_id": 18903,
          "street_id": 33101956,
          "street_name": "Ph\u1ea1m H\u1eefu L\u1ea7u",
          "street_type": "tertiary",
          "street_level": 4,
          "street_group": "33101956",
          "composite": true
        },
        "length_hint": 57.60857010506687,
        "speed_limit": 13.88888888888889
      },
      {
        "start": "2269174603",
        "end": "2269174603",
        "reverse": false,
        "shape": {
          "type": "polyline",
          "points": [
            [
              193.78033,
              609.834
            ],
            [
              213.10152,
              615.6615
            ],
            [
              193.78033,
              609.834
            ]
          ]
        },
        "metadata": {
          "segment_id": 39538,
          "street_id": 232542166,
          "street_name": "Nguy\u1ec5n H\u1eefu Th\u1ecd",
          "street_type": "secondary",
          "street_level": 3,
          "street_group": "232542166",
          "composite": true
        },
        "length_hint": 40.36177098523311,
        "speed_limit": 11.11111111111111
      },
      {
        "start": "2269174601",
        "end": "2269174617",
        "reverse": false,
        "shape": {
          "type": "polyline",
          "points": [
            [
              338.73571,
              152.08665
            ],
            [
              304.46041,
              289.32705
            ]
          ]
        },
        "metadata": {
          "segment_id": 35538,
          "street_id": 217620793,
          "street_name": "Nguy\u1ec5n H\u1eefu Th\u1ecd",
          "street_type": "secondary",
          "street_level": 3,
          "street_group": "217620793",
          "composite": true
        },
        "length_hint": 141.4557301145839,
        "speed_limit": 11.11111111111111
      },
      {
        "start": "2269174604",
        "end": "2269174623",
        "reverse": false,
        "shape": {
          "type": "polyline",
          "points": [
            [
              286.42912,
              279.82545
            ],
            [
              318.68211,
              146.41455
            ]
          ]
        },
        "metadata": {
          "segment_id": 35500,
          "street_id": 217620787,
          "street_name": "Nguy\u1ec5n H\u1eefu Th\u1ecd",
          "street_type": "secondary",
          "street_level": 3,
          "street_group": "217620787",
          "composite": true
        },
        "length_hint": 137.25422981733607,
        "speed_limit": 11.11111111111111
      },
      {
        "start": "2269174612",
        "end": "2269174612",
        "reverse": false,
        "shape": {
          "type": "polyline",
          "points": [
            [
              112.35258,
              992.77845
            ],
            [
              114.24917,
              1000.6095
            ],
            [
              112.35258,
              992.77845
            ]
          ]
        },
        "metadata": {
          "segment_id": 20080,
          "street_id": 33569362,
          "street_name": "Ph\u1ea1m H\u1eefu L\u1ea7u",
          "street_type": "tertiary",
          "street_level": 4,
          "street_group": "33569362",
          "composite": true
        },
        "length_hint": 16.114887245103528,
        "speed_limit": 13.88888888888889
      },
      {
        "start": "5811530879",
        "end": "5811530879",
        "reverse": false,
        "shape": {
          "type": "polyline",
          "points": [
            [
              114.24917,
              1000.6095
            ],
            [
              119.40331,
              1028.2374
            ],
            [
              114.24917,
              1000.6095
            ]
          ]
        },
        "metadata": {
          "segment_id": 20078,
          "street_id": 33569362,
          "street_name": "Ph\u1ea1m H\u1eefu L\u1ea7u",
          "street_type": "tertiary",
          "street_level": 4,
          "street_group": "33569362",
          "composite": true
        },
        "length_hint": 56.209110206428186,
        "speed_limit": 13.88888888888889
      },
      {
        "start": "2269174613",
        "end": "2269174601",
        "reverse": false,
        "shape": {
          "type": "polyline",
          "points": [
            [
              375.53068,
              0.0
            ],
            [
              338.73571,
              152.08665
            ]
          ]
        },
        "metadata": {
          "segment_id": 35557,
          "street_id": 217621289,
          "street_name": "Nguy\u1ec5n H\u1eefu Th\u1ecd",
          "street_type": "secondary",
          "street_level": 3,
          "street_group": "217621289",
          "composite": true
        },
        "length_hint": 156.4743395113825,
        "speed_limit": 11.11111111111111
      },
      {
        "start": "2269174623",
        "end": "2269174599",
        "reverse": false,
        "shape": {
          "type": "polyline",
          "points": [
            [
              318.68211,
              146.41455
            ],
            [
              350.49239,
              11.2443
            ]
          ]
        },
        "metadata": {
          "segment_id": 35501,
          "street_id": 217620788,
          "street_name": "Nguy\u1ec5n H\u1eefu Th\u1ecd",
          "street_type": "secondary",
          "street_level": 3,
          "street_group": "217620788",
          "composite": true
        },
        "length_hint": 138.86284743854597,
        "speed_limit": 11.11111111111111
      }
    ]
  }
}