{
  "observation": {
    "type": "Kinematics"
  },
  "action": {
    "type": "DiscreteMetaAction"
  },
  "simulation_frequency": 15,
  "policy_frequency": 1,
  "other_vehicles_type": "highway_env.vehicle.behavior.IDMVehicle",
  "screen_width": 600,
  "screen_height": 150,
  "centering_position": [
    0.3,
    0.5
  ],
  "scaling": 5.5,
  "show_trajectories": false,
  "render_agent": true,
  "offscreen_rendering": false,
  "manual_control": false,
  "real_time_rendering": false,
  "destination": null,
  "initial_vehicle_count": 0,
  "controlled_vehicles": 0,
  "spawn_probability": 0.0,
  "duration": 40.0,
  "collision_reward": -5,
  "high_speed_reward": 1.0,
  "arrived_reward": 1.0,
  "reward_speed_range": [
    6.0,
    12.0
  ],
  "auto_curve": false,
  "corner_radius": 25.0,
  "curve_samples": 8,
  "exit_distance": 5.0,
  "graph": {
    "nodes": {
      "5753163265": [
        470.54065,
        29.77575
      ],
      "5753051186": [
        463.96544,
        183.8493
      ],
      "5753051187": [
        464.06928,
        179.9754
      ],
      "5753051188": [
        465.24441,
        164.7018
      ],
      "5753076790": [
        36.17189,
        180.96885
      ],
      "5753076791": [
        0.0,
        178.26045
      ],
      "5755180649": [
        638.2606,
        68.9643
      ],
      "5755180651": [
        627.81568,
        130.8246
      ],
      "5757880432": [
        541.26659,
        26.6733
      ],
      "4551372419": [
        471.31131,
        6.01065
      ],
      "4551372420": [
        470.84673,
        50.3718
      ],
      "4551372421": [
        469.81918,
        83.3388
      ],
      "4551372422": [
        469.30541,
        107.24265
      ],
      "4551372423": [
        468.05923,
        111.4107
      ],
      "4551372424": [
        466.15717,
        115.7952
      ],
      "4551372425": [
        465.41931,
        119.8134
      ],
      "4551372426": [
        466.88958,
        132.0234
      ],
      "4551372427": [
        467.03168,
        139.98765
      ],
      "4551372428": [
        466.88958,
        145.98165
      ],
      "4551372429": [
        465.86203,
        156.288
      ],
      "5755180680": [
        638.2606,
        75.01935
      ],
      "5755180681": [
        628.65193,
        126.36795
      ],
      "5757880461": [
        520.67736,
        28.12185
      ],
      "4551372434": [
        459.12831,
        186.702
      ],
      "5755180711": [
        470.57891,
        32.52855
      ],
      "5755180712": [
        512.54989,
        29.2485
      ],
      "5755180713": [
        531.13868,
        26.6733
      ],
      "5755180714": [
        549.90237,
        26.6733
      ],
      "5755180715": [
        571.90174,
        32.92815
      ],
      "5755180716": [
        612.42432,
        50.52165
      ],
      "5755180717": [
        628.46063,
        59.96775
      ],
      "5755180718": [
        636.76847,
        67.0884
      ],
      "5755180719": [
        638.96021,
        71.3064
      ],
      "5755180720": [
        627.14887,
        134.39325
      ],
      "5757880513": [
        582.41772,
        37.4958
      ],
      "3656175334": [
        209.17169,
        187.4457
      ],
      "3656175346": [
        35.22086,
        180.8967
      ],
      "3656174323": [
        4.13206,
        178.488
      ],
      "3656175371": [
        520.08707,
        179.27055
      ],
      "3656175372": [
        548.47036,
        190.7313
      ],
      "3656175373": [
        614.1788,
        199.80555
      ],
      "3656175374": [
        665.42505,
        223.6095
      ],
      "5755180821": [
        615.21182,
        186.1026
      ],
      "5755180822": [
        614.89481,
        187.8231
      ],
      "5755180823": [
        614.05856,
        197.691
      ],
      "5755180827": [
        780.92586,
        237.01275
      ],
      "5755180845": [
        708.12843,
        230.0697
      ],
      "5750672694": [
        824.15395,
        241.314
      ],
      "3296659817": [
        473.80366,
        179.9754
      ],
      "3296659818": [
        204.90299,
        187.30695
      ],
      "3296659819": [
        266.8893,
        188.71665
      ],
      "3296659821": [
        303.33448,
        191.2863
      ],
      "3296659822": [
        453.47132,
        191.2863
      ],
      "3296659823": [
        440.89479,
        197.06385
      ],
      "3296659824": [
        328.08856,
        198.2571
      ],
      "3296659826": [
        428.11602,
        201.83685
      ],
      "3296659827": [
        345.26173,
        204.6285
      ],
      "3296659828": [
        415.53948,
        205.22235
      ],
      "3296659829": [
        400.76574,
        208.014
      ],
      "3296659830": [
        364.42988,
        208.20825
      ],
      "3296659831": [
        386.78999,
        209.40705
      ],
      "5757880698": [
        573.47586,
        5.9607
      ],
      "5757880699": [
        568.01564,
        31.8237
      ],
      "3296659841": [
        761.01438,
        234.8205
      ],
      "3296659843": [
        812.11851,
        240.4482
      ],
      "3296659844": [
        839.50705,
        242.41845
      ],
      "3296659845": [
        939.88432,
        243.40635
      ],
      "3296659846": [
        951.03978,
        244.533
      ],
      "3296659847": [
        886.38075,
        244.67175
      ],
      "3296659848": [
        966.00482,
        246.08145
      ],
      "5755177374": [
        624.04983,
        147.81315
      ],
      "5753077151": [
        305.54808,
        191.9079
      ],
      "5755216290": [
        822.53064,
        241.19745
      ],
      "5755177379": [
        607.70743,
        198.912
      ],
      "5755216294": [
        863.94959,
        243.59505
      ],
      "5755177386": [
        470.54065,
        60.13425
      ],
      "5753077163": [
        381.83808,
        209.14065
      ],
      "5755216300": [
        897.72751,
        244.40535
      ],
      "5755177388": [
        469.37646,
        103.91265
      ],
      "5753051061": [
        450.18645,
        192.7959
      ],
      "5753051062": [
        489.45738,
        176.14035
      ],
      "5755177397": [
        620.67203,
        162.44295
      ],
      "5755177398": [
        632.3194,
        106.77645
      ],
      "5755177403": [
        632.66374,
        104.9394
      ],
      "5758077375": [
        953.29164,
        9.57375
      ],
      "5758077405": [
        944.94554,
        0.0
      ]
    },
    "edges": [
      {
        "start": "4551372425",
        "end": "4551372425",
        "reverse": false,
        "shape": {
          "type": "polyline",
          "points": [
            [
              465.41931,
              119.8134
            ],
            [
              466.88958,
              132.0234
            ],
            [
              465.41931,
              119.8134
            ]
          ]
        },
        "metadata": {
          "segment_id": 61011,
          "street_id": 459234491,
          "street_name": "Ph\u01b0\u1eddng Th\u1ea1nh Xu\u00e2n",
          "street_type": "unclassified",
          "street_level": 4,
          "street_group": "459234491",
          "composite": true
        },
        "length_hint": 24.59640574335204,
        "speed_limit": 11.11111111111111
      },
      {
        "start": "4551372425",
        "end": "4551372425",
        "reverse": false,
        "shape": {
          "type": "polyline",
          "points": [
            [
              465.41931,
              119.8134
            ],
            [
              466.15717,
              115.7952
            ],
            [
              465.41931,
              119.8134
            ]
          ]
        },
        "metadata": {
          "segment_id": 61012,
          "street_id": 459234491,
          "street_name": "Ph\u01b0\u1eddng Th\u1ea1nh Xu\u00e2n",
          "street_type": "unclassified",
          "street_level": 4,
          "street_group": "459234491",
          "composite": true
        },
        "length_hint": 8.170769515682126,
        "speed_limit": 11.11111111111111
      },
      {
        "start": "4551372419",
        "end": "4551372419",
        "reverse": false,
        "shape": {
          "type": "polyline",
          "points": [
            [
              471.31131,
              6.01065
            ],
            [
              470.54065,
              29.77575
            ],
            [
              471.31131,
              6.01065
            ]
          ]
        },
        "metadata": {
          "segment_id": 61031,
          "street_id": 459234491,
          "street_name": "Ph\u01b0\u1eddng Th\u1ea1nh Xu\u00e2n",
          "street_type": "unclassified",
          "street_level": 4,
          "street_group": "459234491",
          "composite": true
        },
        "length_hint": 47.555184568902675,
        "speed_limit": 11.11111111111111
      },
      {
        "start": "5755177388",
        "end": "5755177388",
        "reverse": false,
        "shape": {
          "type": "polyline",
          "points": [
            [
              469.37646,
              103.91265
            ],
            [
              469.30541,
              107.24265
            ],
            [
              469.37646,
              103.91265
            ]
          ]
        },
        "metadata": {
          "segment_id": 61019,
          "street_id": 459234491,
          "street_name": "Ph\u01b0\u1eddng Th\u1ea1nh Xu\u00e2n",
          "street_type": "unclassified",
          "street_level": 4,
          "street_group": "459234491",
          "composite": true
        },
        "length_hint": 6.661515774206345,
        "speed_limit": 11.11111111111111
      },
      {
        "start": "5755177388",
        "end": "5755177388",
        "reverse": false,
        "shape": {
          "type": "polyline",
          "points": [
            [
              469.37646,
              103.91265
            ],
            [
              469.81918,
              83.3388
            ],
            [
              469.37646,
              103.91265
            ]
          ]
        },
        "metadata": {
          "segment_id": 61020,
          "street_id": 459234491,
          "street_name": "Ph\u01b0\u1eddng Th\u1ea1nh Xu\u00e2n",
          "street_type": "unclassified",
          "street_level": 4,
          "street_group": "459234491",
          "composite": true
        },
        "length_hint": 41.157225602360505,
        "speed_limit": 11.11111111111111
      },
      {
        "start": "5755177386",
        "end": "5755177386",
        "reverse": false,
        "shape": {
          "type": "polyline",
          "points": [
            [
              470.54065,
              60.13425
            ],
            [
              469.81918,
              83.3388
            ],
            [
              470.54065,
              60.13425
            ]
          ]
        },
        "metadata": {
          "segment_id": 61023,
          "street_id": 459234491,
          "street_name": "Ph\u01b0\u1eddng Th\u1ea1nh Xu\u00e2n",
          "street_type": "unclassified",
          "street_level": 4,
          "street_group": "459234491",
          "composite": true
        },
        "length_hint": 46.43152634421575,
        "speed_limit": 11.11111111111111
      },
      {
        "start": "5755177386",
        "end": "5755177386",
        "reverse": false,
        "shape": {
          "type": "polyline",
          "points": [
            [
              470.54065,
              60.13425
            ],
            [
              470.84673,
              50.3718
            ],
            [
              470.54065,
              60.13425
            ]
          ]
        },
        "metadata": {
          "segment_id": 61024,
          "street_id": 459234491,
          "street_name": "Ph\u01b0\u1eddng Th\u1ea1nh Xu\u00e2n",
          "street_type": "unclassified",
          "street_level": 4,
          "street_group": "459234491",
          "composite": true
        },
        "length_hint": 19.534494103395666,
        "speed_limit": 11.11111111111111
      },
      {
        "start": "5755180711",
        "end": "5755180711",
        "reverse": false,
        "shape": {
          "type": "polyline",
          "points": [
            [
              470.57891,
              32.52855
            ],
            [
              470.84673,
              50.3718
            ],
            [
              470.57891,
              32.52855
            ]
          ]
        },
        "metadata": {
          "segment_id": 61027,
          "street_id": 459234491,
          "street_name": "Ph\u01b0\u1eddng Th\u1ea1nh Xu\u00e2n",
          "street_type": "unclassified",
          "street_level": 4,
          "street_group": "459234491",
          "composite": true
        },
        "length_hint": 35.69051964401191,
        "speed_limit": 11.11111111111111
      },
      {
        "start": "5755180711",
        "end": "5755180711",
        "reverse": false,
        "shape": {
          "type": "polyline",
          "points": [
            [
              470.57891,
              32.52855
            ],
            [
              470.54065,
              29.77575
            ],
            [
              470.57891,
              32.52855
            ]
          ]
        },
        "metadata": {
          "segment_id": 61028,
          "street_id": 459234491,
          "street_name": "Ph\u01b0\u1eddng Th\u1ea1nh Xu\u00e2n",
          "street_type": "residential",
          "street_level": 4,
          "street_group": "459234491",
          "composite": true
        },
        "length_hint": 5.506131733840018,
        "speed_limit": 8.333333333333334
      },
      {
        "start": "4551372423",
        "end": "4551372423",
        "reverse": false,
        "shape": {
          "type": "polyline",
          "points": [
            [
              468.05923,
              111.4107
            ],
            [
              466.15717,
              115.7952
            ],
            [
              468.05923,
              111.4107
            ]
          ]
        },
        "metadata": {
          "segment_id": 61015,
          "street_id": 459234491,
          "street_name": "Ph\u01b0\u1eddng Th\u1ea1nh Xu\u00e2n",
          "street_type": "unclassified",
          "street_level": 4,
          "street_group": "459234491",
          "composite": true
        },
        "length_hint": 9.55859246826643,
        "speed_limit": 11.11111111111111
      },
      {
        "start": "4551372423",
        "end": "4551372423",
        "reverse": false,
        "shape": {
          "type": "polyline",
          "points": [
            [
              468.05923,
              111.4107
            ],
            [
              469.30541,
              107.24265
            ],
            [
              468.05923,
              111.4107
            ]
          ]
        },
        "metadata": {
          "segment_id": 61016,
          "street_id": 459234491,
          "street_name": "Ph\u01b0\u1eddng Th\u1ea1nh Xu\u00e2n",
          "street_type": "unclassified",
          "street_level": 4,
          "street_group": "459234491",
          "composite": true
        },
        "length_hint": 8.700713854598373,
        "speed_limit": 11.11111111111111
      },
      {
        "start": "4551372427",
        "end": "4551372427",
        "reverse": false,
        "shape": {
          "type": "polyline",
          "points": [
            [
              467.03168,
              139.98765
            ],
            [
              466.88958,
              145.98165
            ],
            [
              467.03168,
              139.98765
            ]
          ]
        },
        "metadata": {
          "segment_id": 61007,
          "street_id": 459234491,
          "street_name": "Ph\u01b0\u1eddng Th\u1ea1nh Xu\u00e2n",
          "street_type": "unclassified",
          "street_level": 4,
          "street_group": "459234491",
          "composite": true
        },
        "length_hint": 11.991368297237807,
        "speed_limit": 11.11111111111111
      },
      {
        "start": "4551372427",
        "end": "4551372427",
        "reverse": false,
        "shape": {
          "type": "polyline",
          "points": [
            [
              467.03168,
              139.98765
            ],
            [
              466.88958,
              132.0234
            ],
            [
              467.03168,
              139.98765
            ]
          ]
        },
        "metadata": {
          "segment_id": 61008,
          "street_id": 459234491,
          "street_name": "Ph\u01b0\u1eddng Th\u1ea1nh Xu\u00e2n",
          "street_type": "unclassified",
          "street_level": 4,
          "street_group": "459234491",
          "composite": true
        },
        "length_hint": 15.93103517948534,
        "speed_limit": 11.11111111111111
      },
      {
        "start": "4551372429",
        "end": "4551372429",
        "reverse": false,
        "shape": {
          "type": "polyline",
          "points": [
            [
              465.86203,
              156.288
            ],
            [
              466.88958,
              145.98165
            ],
            [
              465.86203,
              156.288
            ]
          ]
        },
        "metadata": {
          "segment_id": 61004,
          "street_id": 459234491,
          "street_name": "Ph\u01b0\u1eddng Th\u1ea1nh Xu\u00e2n",
          "street_type": "unclassified",
          "street_level": 4,
          "street_group": "459234491",
          "composite": true
        },
        "length_hint": 20.71489409338124,
        "speed_limit": 11.11111111111111
      },
      {
        "start": "3296659830",
        "end": "3296659830",
        "reverse": false,
        "shape": {
          "type": "polyline",
          "points": [
            [
              364.42988,
              208.20825
            ],
            [
              381.83808,
              209.14065
            ],
            [
              364.42988,
              208.20825
            ]
          ]
        },
        "metadata": {
          "segment_id": 55171,
          "street_id": 361097284,
          "street_name": "Th\u1ea1nh Xu\u00e2n 25",
          "street_type": "tertiary",
          "street_level": 4,
          "street_group": "361097284",
          "composite": true
        },
        "length_hint": 34.86630447867963,
        "speed_limit": 13.88888888888889
      },
      {
        "start": "3296659830",
        "end": "3296659830",
        "reverse": false,
        "shape": {
          "type": "polyline",
          "points": [
            [
              364.42988,
              208.20825
            ],
            [
              345.26173,
              204.6285
            ],
            [
              364.42988,
              208.20825
            ]
          ]
        },
        "metadata": {
          "segment_id": 55172,
          "street_id": 361097284,
          "street_name": "Th\u1ea1nh Xu\u00e2n 25",
          "street_type": "tertiary",
          "street_level": 4,
          "street_group": "361097284",
          "composite": true
        },
        "length_hint": 38.99910688644041,
        "speed_limit": 13.88888888888889
      },
      {
        "start": "3296659824",
        "end": "3296659824",
        "reverse": false,
        "shape": {
          "type": "polyline",
          "points": [
            [
              328.08856,
              198.2571
            ],
            [
              345.26173,
              204.6285
            ],
            [
              328.08856,
              198.2571
            ]
          ]
        },
        "metadata": {
          "segment_id": 55175,
          "street_id": 361097284,
          "street_name": "Th\u1ea1nh Xu\u00e2n 25",
          "street_type": "tertiary",
          "street_level": 4,
          "street_group": "361097284",
          "composite": true
        },
        "length_hint": 36.63400091766668,
        "speed_limit": 13.88888888888889
      },
      {
        "start": "3296659824",
        "end": "3296659824",
        "reverse": false,
        "shape": {
          "type": "polyline",
          "points": [
            [
              328.08856,
              198.2571
            ],
            [
              305.54808,
              191.9079
            ],
            [
              328.08856,
              198.2571
            ]
          ]
        },
        "metadata": {
          "segment_id": 55176,
          "street_id": 361097284,
          "street_name": "Th\u1ea1nh Xu\u00e2n 25",
          "street_type": "tertiary",
          "street_level": 4,
          "street_group": "361097284",
          "composite": true
        },
        "length_hint": 46.83526787669299,
        "speed_limit": 13.88888888888889
      },
      {
        "start": "3296659818",
        "end": "3296659818",
        "reverse": false,
        "shape": {
          "type": "polyline",
          "points": [
            [
              204.90299,
              187.30695
            ],
            [
              209.17169,
              187.4457
            ],
            [
              204.90299,
              187.30695
            ]
          ]
        },
        "metadata": {
          "segment_id": 55185,
          "street_id": 361097284,
          "street_name": "Th\u1ea1nh Xu\u00e2n 25",
          "street_type": "tertiary",
          "street_level": 4,
          "street_group": "361097284",
          "composite": true
        },
        "length_hint": 8.541908745122532,
        "speed_limit": 13.88888888888889
      },
      {
        "start": "3296659818",
        "end": "3296659818",
        "reverse": false,
        "shape": {
          "type": "polyline",
          "points": [
            [
              204.90299,
              187.30695
            ],
            [
              36.17189,
              180.96885
            ],
            [
              204.90299,
              187.30695
            ]
          ]
        },
        "metadata": {
          "segment_id": 55186,
          "street_id": 361097284,
          "street_name": "Th\u1ea1nh Xu\u00e2n 25",
          "street_type": "tertiary",
          "street_level": 4,
          "street_group": "361097284",
          "composite": true
        },
        "length_hint": 337.70019614338395,
        "speed_limit": 13.88888888888889
      },
      {
        "start": "3656175346",
        "end": "3656175346",
        "reverse": false,
        "shape": {
          "type": "polyline",
          "points": [
            [
              35.22086,
              180.8967
            ],
            [
              36.17189,
              180.96885
            ],
            [
              35.22086,
              180.8967
            ]
          ]
        },
        "metadata": {
          "segment_id": 55189,
          "street_id": 361097284,
          "street_name": "Th\u1ea1nh Xu\u00e2n 25",
          "street_type": "tertiary",
          "street_level": 4,
          "street_group": "361097284",
          "composite": true
        },
        "length_hint": 1.9075258146614855,
        "speed_limit": 13.88888888888889
      },
      {
        "start": "5753077151",
        "end": "5753077151",
        "reverse": false,
        "shape": {
          "type": "polyline",
          "points": [
            [
              305.54808,
              191.9079
            ],
            [
              303.33448,
              191.2863
            ],
            [
              305.54808,
              191.9079
            ]
          ]
        },
        "metadata": {
          "segment_id": 55178,
          "street_id": 361097284,
          "street_name": "Th\u1ea1nh Xu\u00e2n 25",
          "street_type": "tertiary",
          "street_level": 4,
          "street_group": "361097284",
          "composite": true
        },
        "length_hint": 4.598439526622129,
        "speed_limit": 13.88888888888889
      },
      {
        "start": "3656175334",
        "end": "3656175334",
        "reverse": false,
        "shape": {
          "type": "polyline",
          "points": [
            [
              209.17169,
              187.4457
            ],
            [
              266.8893,
              188.71665
            ],
            [
              209.17169,
              187.4457
            ]
          ]
        },
        "metadata": {
          "segment_id": 55183,
          "street_id": 361097284,
          "street_name": "Th\u1ea1nh Xu\u00e2n 25",
          "street_type": "tertiary",
          "street_level": 4,
          "street_group": "361097284",
          "composite": true
        },
        "length_hint": 115.46320310842927,
        "speed_limit": 13.88888888888889
      },
      {
        "start": "3296659819",
        "end": "3296659819",
        "reverse": false,
        "shape": {
          "type": "polyline",
          "points": [
            [
              266.8893,
              188.71665
            ],
            [
              303.33448,
              191.2863
            ],
            [
              266.8893,
              188.71665
            ]
          ]
        },
        "metadata": {
          "segment_id": 55181,
          "street_id": 361097284,
          "street_name": "Th\u1ea1nh Xu\u00e2n 25",
          "street_type": "tertiary",
          "street_level": 4,
          "street_group": "361097284",
          "composite": true
        },
        "length_hint": 73.07131438136034,
        "speed_limit": 13.88888888888889
      },
      {
        "start": "5753051062",
        "end": "5753051062",
        "reverse": false,
        "shape": {
          "type": "polyline",
          "points": [
            [
              489.45738,
              176.14035
            ],
            [
              520.08707,
              179.27055
            ],
            [
              489.45738,
              176.14035
            ]
          ]
        },
        "metadata": {
          "segment_id": 55147,
          "street_id": 361097284,
          "street_name": "Th\u1ea1nh Xu\u00e2n 25",
          "street_type": "tertiary",
          "street_level": 4,
          "street_group": "361097284",
          "composite": true
        },
        "length_hint": 61.57843978329111,
        "speed_limit": 13.88888888888889
      },
      {
        "start": "5753051062",
        "end": "5753051062",
        "reverse": false,
        "shape": {
          "type": "polyline",
          "points": [
            [
              489.45738,
              176.14035
            ],
            [
              473.80366,
              179.9754
            ],
            [
              489.45738,
              176.14035
            ]
          ]
        },
        "metadata": {
          "segment_id": 55148,
          "street_id": 361097284,
          "street_name": "Th\u1ea1nh Xu\u00e2n 25",
          "street_type": "tertiary",
          "street_level": 4,
          "street_group": "361097284",
          "composite": true
        },
        "length_hint": 32.233309376537846,
        "speed_limit": 13.88888888888889
      },
      {
        "start": "3656175373",
        "end": "3656175373",
        "reverse": false,
        "shape": {
          "type": "polyline",
          "points": [
            [
              614.1788,
              199.80555
            ],
            [
              665.42505,
              223.6095
            ],
            [
              614.1788,
              199.80555
            ]
          ]
        },
        "metadata": {
          "segment_id": 55139,
          "street_id": 361097284,
          "street_name": "Th\u1ea1nh Xu\u00e2n 25",
          "street_type": "tertiary",
          "street_level": 4,
          "street_group": "361097284",
          "composite": true
        },
        "length_hint": 113.00984337065516,
        "speed_limit": 13.88888888888889
      },
      {
        "start": "3656175373",
        "end": "3656175373",
        "reverse": false,
        "shape": {
          "type": "polyline",
          "points": [
            [
              614.1788,
              199.80555
            ],
            [
              607.70743,
              198.912
            ],
            [
              614.1788,
              199.80555
            ]
          ]
        },
        "metadata": {
          "segment_id": 55140,
          "street_id": 361097284,
          "street_name": "Th\u1ea1nh Xu\u00e2n 25",
          "street_type": "tertiary",
          "street_level": 4,
          "street_group": "361097284",
          "composite": true
        },
        "length_hint": 13.06553654151252,
        "speed_limit": 13.88888888888889
      },
      {
        "start": "3296659848",
        "end": "3296659848",
        "reverse": false,
        "shape": {
          "type": "polyline",
          "points": [
            [
              966.00482,
              246.08145
            ],
            [
              951.03978,
              244.533
            ],
            [
              966.00482,
              246.08145
            ]
          ]
        },
        "metadata": {
          "segment_id": 55112,
          "street_id": 361097284,
          "street_name": "Th\u1ea1nh Xu\u00e2n 25",
          "street_type": "tertiary",
          "street_level": 4,
          "street_group": "361097284",
          "composite": true
        },
        "length_hint": 30.089873353279593,
        "speed_limit": 13.88888888888889
      },
      {
        "start": "5755180845",
        "end": "5755180845",
        "reverse": false,
        "shape": {
          "type": "polyline",
          "points": [
            [
              708.12843,
              230.0697
            ],
            [
              761.01438,
              234.8205
            ],
            [
              708.12843,
              230.0697
            ]
          ]
        },
        "metadata": {
          "segment_id": 55135,
          "street_id": 361097284,
          "street_name": "Th\u1ea1nh Xu\u00e2n 25",
          "street_type": "tertiary",
          "street_level": 4,
          "street_group": "361097284",
          "composite": true
        },
        "length_hint": 106.19781180499902,
        "speed_limit": 13.88888888888889
      },
      {
        "start": "5755180845",
        "end": "5755180845",
        "reverse": false,
        "shape": {
          "type": "polyline",
          "points": [
            [
              708.12843,
              230.0697
            ],
            [
              665.42505,
              223.6095
            ],
            [
              708.12843,
              230.0697
            ]
          ]
        },
        "metadata": {
          "segment_id": 55136,
          "street_id": 361097284,
          "street_name": "Th\u1ea1nh Xu\u00e2n 25",
          "street_type": "tertiary",
          "street_level": 4,
          "street_group": "361097284",
          "composite": true
        },
        "length_hint": 86.37853546951104,
        "speed_limit": 13.88888888888889
      },
      {
        "start": "3296659843",
        "end": "3296659843",
        "reverse": false,
        "shape": {
          "type": "polyline",
          "points": [
            [
              812.11851,
              240.4482
            ],
            [
              822.53064,
              241.19745
            ],
            [
              812.11851,
              240.4482
            ]
          ]
        },
        "metadata": {
          "segment_id": 55129,
          "street_id": 361097284,
          "street_name": "Th\u1ea1nh Xu\u00e2n 25",
          "street_type": "tertiary",
          "street_level": 4,
          "street_group": "361097284",
          "composite": true
        },
        "length_hint": 20.878105919781,
        "speed_limit": 13.88888888888889
      },
      {
        "start": "3296659843",
        "end": "3296659843",
        "reverse": false,
        "shape": {
          "type": "polyline",
          "points": [
            [
              812.11851,
              240.4482
            ],
            [
              780.92586,
              237.01275
            ],
            [
              812.11851,
              240.4482
            ]
          ]
        },
        "metadata": {
          "segment_id": 55130,
          "street_id": 361097284,
          "street_name": "Th\u1ea1nh Xu\u00e2n 25",
          "street_type": "tertiary",
          "street_level": 4,
          "street_group": "361097284",
          "composite": true
        },
        "length_hint": 62.762528015528645,
        "speed_limit": 13.88888888888889
      },
      {
        "start": "3296659841",
        "end": "3296659841",
        "reverse": false,
        "shape": {
          "type": "polyline",
          "points": [
            [
              761.01438,
              234.8205
            ],
            [
              780.92586,
              237.01275
            ],
            [
              761.01438,
              234.8205
            ]
          ]
        },
        "metadata": {
          "segment_id": 55133,
          "street_id": 361097284,
          "street_name": "Th\u1ea1nh Xu\u00e2n 25",
          "street_type": "tertiary",
          "street_level": 4,
          "street_group": "361097284",
          "composite": true
        },
        "length_hint": 40.06359923186629,
        "speed_limit": 13.88888888888889
      },
      {
        "start": "5750672694",
        "end": "5750672694",
        "reverse": false,
        "shape": {
          "type": "polyline",
          "points": [
            [
              824.15395,
              241.314
            ],
            [
              839.50705,
              242.41845
            ],
            [
              824.15395,
              241.314
            ]
          ]
        },
        "metadata": {
          "segment_id": 55125,
          "street_id": 361097284,
          "street_name": "Th\u1ea1nh Xu\u00e2n 25",
          "street_type": "tertiary",
          "street_level": 4,
          "street_group": "361097284",
          "composite": true
        },
        "length_hint": 30.785547869901634,
        "speed_limit": 13.88888888888889
      },
      {
        "start": "5750672694",
        "end": "5750672694",
        "reverse": false,
        "shape": {
          "type": "polyline",
          "points": [
            [
              824.15395,
              241.314
            ],
            [
              822.53064,
              241.19745
            ],
            [
              824.15395,
              241.314
            ]
          ]
        },
        "metadata": {
          "segment_id": 55126,
          "street_id": 361097284,
          "street_name": "Th\u1ea1nh Xu\u00e2n 25",
          "street_type": "tertiary",
          "street_level": 4,
          "street_group": "361097284",
          "composite": true
        },
        "length_hint": 3.2549772709499485,
        "speed_limit": 13.88888888888889
      },
      {
        "start": "3296659844",
        "end": "3296659844",
        "reverse": false,
        "shape": {
          "type": "polyline",
          "points": [
            [
              839.50705,
              242.41845
            ],
            [
              863.94959,
              243.59505
            ],
            [
              839.50705,
              242.41845
            ]
          ]
        },
        "metadata": {
          "segment_id": 55123,
          "street_id": 361097284,
          "street_name": "Th\u1ea1nh Xu\u00e2n 25",
          "street_type": "tertiary",
          "street_level": 4,
          "street_group": "361097284",
          "composite": true
        },
        "length_hint": 48.941685676388175,
        "speed_limit": 13.88888888888889
      },
      {
        "start": "3296659846",
        "end": "3296659846",
        "reverse": false,
        "shape": {
          "type": "polyline",
          "points": [
            [
              951.03978,
              244.533
            ],
            [
              939.88432,
              243.40635
            ],
            [
              951.03978,
              244.533
            ]
          ]
        },
        "metadata": {
          "segment_id": 55114,
          "street_id": 361097284,
          "street_name": "Th\u1ea1nh Xu\u00e2n 25",
          "street_type": "tertiary",
          "street_level": 4,
          "street_group": "361097284",
          "composite": true
        },
        "length_hint": 22.424417765828284,
        "speed_limit": 13.88888888888889
      },
      {
        "start": "5755216294",
        "end": "5755216294",
        "reverse": false,
        "shape": {
          "type": "polyline",
          "points": [
            [
              863.94959,
              243.59505
            ],
            [
              886.38075,
              244.67175
            ],
            [
              863.94959,
              243.59505
            ]
          ]
        },
        "metadata": {
          "segment_id": 55121,
          "street_id": 361097284,
          "street_name": "Th\u1ea1nh Xu\u00e2n 25",
          "street_type": "tertiary",
          "street_level": 4,
          "street_group": "361097284",
          "composite": true
        },
        "length_hint": 44.913972072645905,
        "speed_limit": 13.88888888888889
      },
      {
        "start": "3296659847",
        "end": "3296659847",
        "reverse": false,
        "shape": {
          "type": "polyline",
          "points": [
            [
              886.38075,
              244.67175
            ],
            [
              897.72751,
              244.40535
            ],
            [
              886.38075,
              244.67175
            ]
          ]
        },
        "metadata": {
          "segment_id": 55119,
          "street_id": 361097284,
          "street_name": "Th\u1ea1nh Xu\u00e2n 25",
          "street_type": "tertiary",
          "street_level": 4,
          "street_group": "361097284",
          "composite": true
        },
        "length_hint": 22.699773695576827,
        "speed_limit": 13.88888888888889
      },
      {
        "start": "5755216300",
        "end": "5755216300",
        "reverse": false,
        "shape": {
          "type": "polyline",
          "points": [
            [
              897.72751,
              244.40535
            ],
            [
              939.88432,
              243.40635
            ],
            [
              897.72751,
              244.40535
            ]
          ]
        },
        "metadata": {
          "segment_id": 55117,
          "street_id": 361097284,
          "street_name": "Th\u1ea1nh Xu\u00e2n 25",
          "street_type": "tertiary",
          "street_level": 4,
          "street_group": "361097284",
          "composite": true
        },
        "length_hint": 84.33729021912184,
        "speed_limit": 13.88888888888889
      },
      {
        "start": "5755177379",
        "end": "5755177379",
        "reverse": false,
        "shape": {
          "type": "polyline",
          "points": [
            [
              607.70743,
              198.912
            ],
            [
              548.47036,
              190.7313
            ],
            [
              607.70743,
              198.912
            ]
          ]
        },
        "metadata": {
          "segment_id": 55142,
          "street_id": 361097284,
          "street_name": "Th\u1ea1nh Xu\u00e2n 25",
          "street_type": "tertiary",
          "street_level": 4,
          "street_group": "361097284",
          "composite": true
        },
        "length_hint": 119.5985671264485,
        "speed_limit": 13.88888888888889
      },
      {
        "start": "3656175371",
        "end": "3656175371",
        "reverse": false,
        "shape": {
          "type": "polyline",
          "points": [
            [
              520.08707,
              179.27055
            ],
            [
              548.47036,
              190.7313
            ],
            [
              520.08707,
              179.27055
            ]
          ]
        },
        "metadata": {
          "segment_id": 55145,
          "street_id": 361097284,
          "street_name": "Th\u1ea1nh Xu\u00e2n 25",
          "street_type": "tertiary",
          "street_level": 4,
          "street_group": "361097284",
          "composite": true
        },
        "length_hint": 61.21960280127926,
        "speed_limit": 13.88888888888889
      },
      {
        "start": "5753051186",
        "end": "5753051186",
        "reverse": false,
        "shape": {
          "type": "polyline",
          "points": [
            [
              463.96544,
              183.8493
            ],
            [
              473.80366,
              179.9754
            ],
            [
              463.96544,
              183.8493
            ]
          ]
        },
        "metadata": {
          "segment_id": 55151,
          "street_id": 361097284,
          "street_name": "Th\u1ea1nh Xu\u00e2n 25",
          "street_type": "tertiary",
          "street_level": 4,
          "street_group": "361097284",
          "composite": true
        },
        "length_hint": 21.146883834588916,
        "speed_limit": 13.88888888888889
      },
      {
        "start": "5753051186",
        "end": "5753051186",
        "reverse": false,
        "shape": {
          "type": "polyline",
          "points": [
            [
              463.96544,
              183.8493
            ],
            [
              459.12831,
              186.702
            ],
            [
              463.96544,
              183.8493
            ]
          ]
        },
        "metadata": {
          "segment_id": 55152,
          "street_id": 361097284,
          "street_name": "Th\u1ea1nh Xu\u00e2n 25",
          "street_type": "tertiary",
          "street_level": 4,
          "street_group": "361097284",
          "composite": true
        },
        "length_hint": 11.231335437409037,
        "speed_limit": 13.88888888888889
      },
      {
        "start": "3296659822",
        "end": "3296659822",
        "reverse": false,
        "shape": {
          "type": "polyline",
          "points": [
            [
              453.47132,
              191.2863
            ],
            [
              459.12831,
              186.702
            ],
            [
              453.47132,
              191.2863
            ]
          ]
        },
        "metadata": {
          "segment_id": 55155,
          "street_id": 361097284,
          "street_name": "Th\u1ea1nh Xu\u00e2n 25",
          "street_type": "tertiary",
          "street_level": 4,
          "street_group": "361097284",
          "composite": true
        },
        "length_hint": 14.562601738714166,
        "speed_limit": 13.88888888888889
      },
      {
        "start": "3296659822",
        "end": "3296659822",
        "reverse": false,
        "shape": {
          "type": "polyline",
          "points": [
            [
              453.47132,
              191.2863
            ],
            [
              450.18645,
              192.7959
            ],
            [
              453.47132,
              191.2863
            ]
          ]
        },
        "metadata": {
          "segment_id": 55156,
          "street_id": 361097284,
          "street_name": "Th\u1ea1nh Xu\u00e2n 25",
          "street_type": "tertiary",
          "street_level": 4,
          "street_group": "361097284",
          "composite": true
        },
        "length_hint": 7.2302871524995505,
        "speed_limit": 13.88888888888889
      },
      {
        "start": "3296659829",
        "end": "3296659829",
        "reverse": false,
        "shape": {
          "type": "polyline",
          "points": [
            [
              400.76574,
              208.014
            ],
            [
              415.53948,
              205.22235
            ],
            [
              400.76574,
              208.014
            ]
          ]
        },
        "metadata": {
          "segment_id": 55165,
          "street_id": 361097284,
          "street_name": "Th\u1ea1nh Xu\u00e2n 25",
          "street_type": "tertiary",
          "street_level": 4,
          "street_group": "361097284",
          "composite": true
        },
        "length_hint": 30.070364368268034,
        "speed_limit": 13.88888888888889
      },
      {
        "start": "3296659829",
        "end": "3296659829",
        "reverse": false,
        "shape": {
          "type": "polyline",
          "points": [
            [
              400.76574,
              208.014
            ],
            [
              386.78999,
              209.40705
            ],
            [
              400.76574,
              208.014
            ]
          ]
        },
        "metadata": {
          "segment_id": 55166,
          "street_id": 361097284,
          "street_name": "Th\u1ea1nh Xu\u00e2n 25",
          "street_type": "tertiary",
          "street_level": 4,
          "street_group": "361097284",
          "composite": true
        },
        "length_hint": 28.09001077714283,
        "speed_limit": 13.88888888888889
      },
      {
        "start": "5753077163",
        "end": "5753077163",
        "reverse": false,
        "shape": {
          "type": "polyline",
          "points": [
            [
              381.83808,
              209.14065
            ],
            [
              386.78999,
              209.40705
            ],
            [
              381.83808,
              209.14065
            ]
          ]
        },
        "metadata": {
          "segment_id": 55169,
          "street_id": 361097284,
          "street_name": "Th\u1ea1nh Xu\u00e2n 25",
          "street_type": "tertiary",
          "street_level": 4,
          "street_group": "361097284",
          "composite": true
        },
        "length_hint": 9.918141279110715,
        "speed_limit": 13.88888888888889
      },
      {
        "start": "3296659826",
        "end": "3296659826",
        "reverse": false,
        "shape": {
          "type": "polyline",
          "points": [
            [
              428.11602,
              201.83685
            ],
            [
              440.89479,
              197.06385
            ],
            [
              428.11602,
              201.83685
            ]
          ]
        },
        "metadata": {
          "segment_id": 55161,
          "street_id": 361097284,
          "street_name": "Th\u1ea1nh Xu\u00e2n 25",
          "street_type": "tertiary",
          "street_level": 4,
          "street_group": "361097284",
          "composite": true
        },
        "length_hint": 27.282118078543697,
        "speed_limit": 13.88888888888889
      },
      {
        "start": "3296659826",
        "end": "3296659826",
        "reverse": false,
        "shape": {
          "type": "polyline",
          "points": [
            [
              428.11602,
              201.83685
            ],
            [
              415.53948,
              205.22235
            ],
            [
              428.11602,
              201.83685
            ]
          ]
        },
        "metadata": {
          "segment_id": 55162,
          "street_id": 361097284,
          "street_name": "Th\u1ea1nh Xu\u00e2n 25",
          "street_type": "tertiary",
          "street_level": 4,
          "street_group": "361097284",
          "composite": true
        },
        "length_hint": 26.048490829343585,
        "speed_limit": 13.88888888888889
      },
      {
        "start": "3296659823",
        "end": "3296659823",
        "reverse": false,
        "shape": {
          "type": "polyline",
          "points": [
            [
              440.89479,
              197.06385
            ],
            [
              450.18645,
              192.7959
            ],
            [
              440.89479,
              197.06385
            ]
          ]
        },
        "metadata": {
          "segment_id": 55159,
          "street_id": 361097284,
          "street_name": "Th\u1ea1nh Xu\u00e2n 25",
          "street_type": "tertiary",
          "street_level": 4,
          "street_group": "361097284",
          "composite": true
        },
        "length_hint": 20.44997239686154,
        "speed_limit": 13.88888888888889
      },
      {
        "start": "5753051186",
        "end": "5753051186",
        "reverse": false,
        "shape": {
          "type": "polyline",
          "points": [
            [
              463.96544,
              183.8493
            ],
            [
              464.06928,
              179.9754
            ],
            [
              463.96544,
              183.8493
            ]
          ]
        },
        "metadata": {
          "segment_id": 78136,
          "street_id": 606905072,
          "street_name": "Ph\u01b0\u1eddng Th\u1ea1nh Xu\u00e2n",
          "street_type": "unclassified",
          "street_level": 4,
          "street_group": "606905072",
          "composite": true
        },
        "length_hint": 7.7505829343604695,
        "speed_limit": 11.11111111111111
      },
      {
        "start": "5753051187",
        "end": "5753051187",
        "reverse": false,
        "shape": {
          "type": "polyline",
          "points": [
            [
              464.06928,
              179.9754
            ],
            [
              465.24441,
              164.7018
            ],
            [
              464.06928,
              179.9754
            ]
          ]
        },
        "metadata": {
          "segment_id": 78138,
          "street_id": 606905073,
          "street_name": "Ph\u01b0\u1eddng Th\u1ea1nh Xu\u00e2n",
          "street_type": "unclassified",
          "street_level": 4,
          "street_group": "606905073",
          "composite": true
        },
        "length_hint": 30.637479496649235,
        "speed_limit": 11.11111111111111
      },
      {
        "start": "4551372429",
        "end": "4551372429",
        "reverse": false,
        "shape": {
          "type": "polyline",
          "points": [
            [
              465.86203,
              156.288
            ],
            [
              465.24441,
              164.7018
            ],
            [
              465.86203,
              156.288
            ]
          ]
        },
        "metadata": {
          "segment_id": 78139,
          "street_id": 606905074,
          "street_name": "Ph\u01b0\u1eddng Th\u1ea1nh Xu\u00e2n",
          "street_type": "unclassified",
          "street_level": 4,
          "street_group": "606905074",
          "composite": true
        },
        "length_hint": 16.872875854980936,
        "speed_limit": 11.11111111111111
      },
      {
        "start": "3656174323",
        "end": "3656174323",
        "reverse": false,
        "shape": {
          "type": "polyline",
          "points": [
            [
              4.13206,
              178.488
            ],
            [
              0.0,
              178.26045
            ],
            [
              4.13206,
              178.488
            ]
          ]
        },
        "metadata": {
          "segment_id": 64937,
          "street_id": 495697718,
          "street_name": "Th\u1ea1nh Xu\u00e2n 25",
          "street_type": "tertiary",
          "street_level": 4,
          "street_group": "495697718",
          "composite": true
        },
        "length_hint": 8.27664155224811,
        "speed_limit": 13.88888888888889
      },
      {
        "start": "5755180720",
        "end": "5755180720",
        "reverse": false,
        "shape": {
          "type": "polyline",
          "points": [
            [
              627.14887,
              134.39325
            ],
            [
              624.04983,
              147.81315
            ],
            [
              627.14887,
              134.39325
            ]
          ]
        },
        "metadata": {
          "segment_id": 78476,
          "street_id": 607213619,
          "street_name": "Ph\u01b0\u1eddng Th\u1ea1nh Xu\u00e2n",
          "street_type": "unclassified",
          "street_level": 4,
          "street_group": "607213619",
          "composite": true
        },
        "length_hint": 27.546162341175584,
        "speed_limit": 11.11111111111111
      },
      {
        "start": "5755180720",
        "end": "5755180720",
        "reverse": false,
        "shape": {
          "type": "polyline",
          "points": [
            [
              627.14887,
              134.39325
            ],
            [
              627.81568,
              130.8246
            ],
            [
              627.14887,
              134.39325
            ]
          ]
        },
        "metadata": {
          "segment_id": 78477,
          "street_id": 607213619,
          "street_name": "Ph\u01b0\u1eddng Th\u1ea1nh Xu\u00e2n",
          "street_type": "unclassified",
          "street_level": 4,
          "street_group": "607213619",
          "composite": true
        },
        "length_hint": 7.2608259581400265,
        "speed_limit": 11.11111111111111
      },
      {
        "start": "5755180711",
        "end": "5755180711",
        "reverse": false,
        "shape": {
          "type": "polyline",
          "points": [
            [
              470.57891,
              32.52855
            ],
            [
              512.54989,
              29.2485
            ],
            [
              470.57891,
              32.52855
            ]
          ]
        },
        "metadata": {
          "segment_id": 78514,
          "street_id": 607213619,
          "street_name": "Ph\u01b0\u1eddng Th\u1ea1nh Xu\u00e2n",
          "street_type": "unclassified",
          "street_level": 4,
          "street_group": "607213619",
          "composite": true
        },
        "length_hint": 84.19790710374932,
        "speed_limit": 11.11111111111111
      },
      {
        "start": "5757880513",
        "end": "5757880513",
        "reverse": false,
        "shape": {
          "type": "polyline",
          "points": [
            [
              582.41772,
              37.4958
            ],
            [
              612.42432,
              50.52165
            ],
            [
              582.41772,
              37.4958
            ]
          ]
        },
        "metadata": {
          "segment_id": 78498,
          "street_id": 607213619,
          "street_name": "Ph\u01b0\u1eddng Th\u1ea1nh Xu\u00e2n",
          "street_type": "unclassified",
          "street_level": 4,
          "street_group": "607213619",
          "composite": true
        },
        "length_hint": 65.42381253893711,
        "speed_limit": 11.11111111111111
      },
      {
        "start": "5757880513",
        "end": "5757880513",
        "reverse": false,
        "shape": {
          "type": "polyline",
          "points": [
            [
              582.41772,
              37.4958
            ],
            [
              571.90174,
              32.92815
            ],
            [
              582.41772,
              37.4958
            ]
          ]
        },
        "metadata": {
          "segment_id": 78499,
          "street_id": 607213619,
          "street_name": "Ph\u01b0\u1eddng Th\u1ea1nh Xu\u00e2n",
          "street_type": "unclassified",
          "street_level": 4,
          "street_group": "607213619",
          "composite": true
        },
        "length_hint": 22.930264881409485,
        "speed_limit": 11.11111111111111
      },
      {
        "start": "5755180712",
        "end": "5755180712",
        "reverse": false,
        "shape": {
          "type": "polyline",
          "points": [
            [
              512.54989,
              29.2485
            ],
            [
              520.67736,
              28.12185
            ],
            [
              512.54989,
              29.2485
            ]
          ]
        },
        "metadata": {
          "segment_id": 78512,
          "street_id": 607213619,
          "street_name": "Ph\u01b0\u1eddng Th\u1ea1nh Xu\u00e2n",
          "street_type": "unclassified",
          "street_level": 4,
          "street_group": "607213619",
          "composite": true
        },
        "length_hint": 16.410375842545506,
        "speed_limit": 11.11111111111111
      },
      {
        "start": "5757880699",
        "end": "5757880699",
        "reverse": false,
        "shape": {
          "type": "polyline",
          "points": [
            [
              568.01564,
              31.8237
            ],
            [
              571.90174,
              32.92815
            ],
            [
              568.01564,
              31.8237
            ]
          ]
        },
        "metadata": {
          "segment_id": 78502,
          "street_id": 607213619,
          "street_name": "Ph\u01b0\u1eddng Th\u1ea1nh Xu\u00e2n",
          "street_type": "unclassified",
          "street_level": 4,
          "street_group": "607213619",
          "composite": true
        },
        "length_hint": 8.079995795172284,
        "speed_limit": 11.11111111111111
      },
      {
        "start": "5757880699",
        "end": "5757880699",
        "reverse": false,
        "shape": {
          "type": "polyline",
          "points": [
            [
              568.01564,
              31.8237
            ],
            [
              549.90237,
              26.6733
            ],
            [
              568.01564,
              31.8237
            ]
          ]
        },
        "metadata": {
          "segment_id": 78503,
          "street_id": 607213619,
          "street_name": "Ph\u01b0\u1eddng Th\u1ea1nh Xu\u00e2n",
          "street_type": "unclassified",
          "street_level": 4,
          "street_group": "607213619",
          "composite": true
        },
        "length_hint": 37.66256338874973,
        "speed_limit": 11.11111111111111
      },
      {
        "start": "5757880461",
        "end": "5757880461",
        "reverse": false,
        "shape": {
          "type": "polyline",
          "points": [
            [
              520.67736,
              28.12185
            ],
            [
              531.13868,
              26.6733
            ],
            [
              520.67736,
              28.12185
            ]
          ]
        },
        "metadata": {
          "segment_id": 78510,
          "street_id": 607213619,
          "street_name": "Ph\u01b0\u1eddng Th\u1ea1nh Xu\u00e2n",
          "street_type": "unclassified",
          "street_level": 4,
          "street_group": "607213619",
          "composite": true
        },
        "length_hint": 21.122264390438826,
        "speed_limit": 11.11111111111111
      },
      {
        "start": "5755180713",
        "end": "5755180713",
        "reverse": false,
        "shape": {
          "type": "polyline",
          "points": [
            [
              531.13868,
              26.6733
            ],
            [
              541.26659,
              26.6733
            ],
            [
              531.13868,
              26.6733
            ]
          ]
        },
        "metadata": {
          "segment_id": 78508,
          "street_id": 607213619,
          "street_name": "Ph\u01b0\u1eddng Th\u1ea1nh Xu\u00e2n",
          "street_type": "unclassified",
          "street_level": 4,
          "street_group": "607213619",
          "composite": true
        },
        "length_hint": 20.255819999999858,
        "speed_limit": 11.11111111111111
      },
      {
        "start": "5755180714",
        "end": "5755180714",
        "reverse": false,
        "shape": {
          "type": "polyline",
          "points": [
            [
              549.90237,
              26.6733
            ],
            [
              541.26659,
              26.6733
            ],
            [
              549.90237,
              26.6733
            ]
          ]
        },
        "metadata": {
          "segment_id": 78505,
          "street_id": 607213619,
          "street_name": "Ph\u01b0\u1eddng Th\u1ea1nh Xu\u00e2n",
          "street_type": "unclassified",
          "street_level": 4,
          "street_group": "607213619",
          "composite": true
        },
        "length_hint": 17.271560000000136,
        "speed_limit": 11.11111111111111
      },
      {
        "start": "5755180680",
        "end": "5755180680",
        "reverse": false,
        "shape": {
          "type": "polyline",
          "points": [
            [
              638.2606,
              75.01935
            ],
            [
              632.66374,
              104.9394
            ],
            [
              638.2606,
              75.01935
            ]
          ]
        },
        "metadata": {
          "segment_id": 78486,
          "street_id": 607213619,
          "street_name": "Ph\u01b0\u1eddng Th\u1ea1nh Xu\u00e2n",
          "street_type": "unclassified",
          "street_level": 4,
          "street_group": "607213619",
          "composite": true
        },
        "length_hint": 60.87804970141866,
        "speed_limit": 11.11111111111111
      },
      {
        "start": "5755180680",
        "end": "5755180680",
        "reverse": false,
        "shape": {
          "type": "polyline",
          "points": [
            [
              638.2606,
              75.01935
            ],
            [
              638.96021,
              71.3064
            ],
            [
              638.2606,
              75.01935
            ]
          ]
        },
        "metadata": {
          "segment_id": 78487,
          "street_id": 607213619,
          "street_name": "Ph\u01b0\u1eddng Th\u1ea1nh Xu\u00e2n",
          "street_type": "unclassified",
          "street_level": 4,
          "street_group": "607213619",
          "composite": true
        },
        "length_hint": 7.556573788324986,
        "speed_limit": 11.11111111111111
      },
      {
        "start": "5755180718",
        "end": "5755180718",
        "reverse": false,
        "shape": {
          "type": "polyline",
          "points": [
            [
              636.76847,
              67.0884
            ],
            [
              638.2606,
              68.9643
            ],
            [
              636.76847,
              67.0884
            ]
          ]
        },
        "metadata": {
          "segment_id": 78492,
          "street_id": 607213619,
          "street_name": "Ph\u01b0\u1eddng Th\u1ea1nh Xu\u00e2n",
          "street_type": "residential",
          "street_level": 4,
          "street_group": "607213619",
          "composite": true
        },
        "length_hint": 4.7939348126147605,
        "speed_limit": 8.333333333333334
      },
      {
        "start": "5755180718",
        "end": "5755180718",
        "reverse": false,
        "shape": {
          "type": "polyline",
          "points": [
            [
              636.76847,
              67.0884
            ],
            [
              628.46063,
              59.96775
            ],
            [
              636.76847,
              67.0884
            ]
          ]
        },
        "metadata": {
          "segment_id": 78493,
          "street_id": 607213619,
          "street_name": "Ph\u01b0\u1eddng Th\u1ea1nh Xu\u00e2n",
          "street_type": "unclassified",
          "street_level": 4,
          "street_group": "607213619",
          "composite": true
        },
        "length_hint": 21.883679936253763,
        "speed_limit": 11.11111111111111
      },
      {
        "start": "5755180716",
        "end": "5755180716",
        "reverse": false,
        "shape": {
          "type": "polyline",
          "points": [
            [
              612.42432,
              50.52165
            ],
            [
              628.46063,
              59.96775
            ],
            [
              612.42432,
              50.52165
            ]
          ]
        },
        "metadata": {
          "segment_id": 78496,
          "street_id": 607213619,
          "street_name": "Ph\u01b0\u1eddng Th\u1ea1nh Xu\u00e2n",
          "street_type": "unclassified",
          "street_level": 4,
          "street_group": "607213619",
          "composite": true
        },
        "length_hint": 37.2232209044893,
        "speed_limit": 11.11111111111111
      },
      {
        "start": "5755180649",
        "end": "5755180649",
        "reverse": false,
        "shape": {
          "type": "polyline",
          "points": [
            [
              638.2606,
              68.9643
            ],
            [
              638.96021,
              71.3064
            ],
            [
              638.2606,
              68.9643
            ]
          ]
        },
        "metadata": {
          "segment_id": 78490,
          "street_id": 607213619,
          "street_name": "Ph\u01b0\u1eddng Th\u1ea1nh Xu\u00e2n",
          "street_type": "residential",
          "street_level": 4,
          "street_group": "607213619",
          "composite": true
        },
        "length_hint": 4.888716216799669,
        "speed_limit": 8.333333333333334
      },
      {
        "start": "5755180651",
        "end": "5755180651",
        "reverse": false,
        "shape": {
          "type": "polyline",
          "points": [
            [
              627.81568,
              130.8246
            ],
            [
              628.65193,
              126.36795
            ],
            [
              627.81568,
              130.8246
            ]
          ]
        },
        "metadata": {
          "segment_id": 78479,
          "street_id": 607213619,
          "street_name": "Ph\u01b0\u1eddng Th\u1ea1nh Xu\u00e2n",
          "street_type": "unclassified",
          "street_level": 4,
          "street_group": "607213619",
          "composite": true
        },
        "length_hint": 9.068857322728153,
        "speed_limit": 11.11111111111111
      },
      {
        "start": "5755177403",
        "end": "5755177403",
        "reverse": false,
        "shape": {
          "type": "polyline",
          "points": [
            [
              632.66374,
              104.9394
            ],
            [
              632.3194,
              106.77645
            ],
            [
              632.66374,
              104.9394
            ]
          ]
        },
        "metadata": {
          "segment_id": 78484,
          "street_id": 607213619,
          "street_name": "Ph\u01b0\u1eddng Th\u1ea1nh Xu\u00e2n",
          "street_type": "residential",
          "street_level": 4,
          "street_group": "607213619",
          "composite": true
        },
        "length_hint": 3.7380865362374682,
        "speed_limit": 8.333333333333334
      },
      {
        "start": "5755177398",
        "end": "5755177398",
        "reverse": false,
        "shape": {
          "type": "polyline",
          "points": [
            [
              632.3194,
              106.77645
            ],
            [
              628.65193,
              126.36795
            ],
            [
              632.3194,
              106.77645
            ]
          ]
        },
        "metadata": {
          "segment_id": 78482,
          "street_id": 607213619,
          "street_name": "Ph\u01b0\u1eddng Th\u1ea1nh Xu\u00e2n",
          "street_type": "unclassified",
          "street_level": 4,
          "street_group": "607213619",
          "composite": true
        },
        "length_hint": 39.863627955864715,
        "speed_limit": 11.11111111111111
      },
      {
        "start": "5755177397",
        "end": "5755177397",
        "reverse": false,
        "shape": {
          "type": "polyline",
          "points": [
            [
              620.67203,
              162.44295
            ],
            [
              615.21182,
              186.1026
            ],
            [
              620.67203,
              162.44295
            ]
          ]
        },
        "metadata": {
          "segment_id": 78472,
          "street_id": 607213619,
          "street_name": "Ph\u01b0\u1eddng Th\u1ea1nh Xu\u00e2n",
          "street_type": "unclassified",
          "street_level": 4,
          "street_group": "607213619",
          "composite": true
        },
        "length_hint": 48.56306956388154,
        "speed_limit": 11.11111111111111
      },
      {
        "start": "5755177397",
        "end": "5755177397",
        "reverse": false,
        "shape": {
          "type": "polyline",
          "points": [
            [
              620.67203,
              162.44295
            ],
            [
              624.04983,
              147.81315
            ],
            [
              620.67203,
              162.44295
            ]
          ]
        },
        "metadata": {
          "segment_id": 78473,
          "street_id": 607213619,
          "street_name": "Ph\u01b0\u1eddng Th\u1ea1nh Xu\u00e2n",
          "street_type": "unclassified",
          "street_level": 4,
          "street_group": "607213619",
          "composite": true
        },
        "length_hint": 30.029357694096642,
        "speed_limit": 11.11111111111111
      },
      {
        "start": "5755180822",
        "end": "5755180822",
        "reverse": false,
        "shape": {
          "type": "polyline",
          "points": [
            [
              614.89481,
              187.8231
            ],
            [
              615.21182,
              186.1026
            ],
            [
              614.89481,
              187.8231
            ]
          ]
        },
        "metadata": {
          "segment_id": 78469,
          "street_id": 607213619,
          "street_name": "Ph\u01b0\u1eddng Th\u1ea1nh Xu\u00e2n",
          "street_type": "residential",
          "street_level": 4,
          "street_group": "607213619",
          "composite": true
        },
        "length_hint": 3.4989230286475532,
        "speed_limit": 8.333333333333334
      },
      {
        "start": "3656174323",
        "end": "3656174323",
        "reverse": false,
        "shape": {
          "type": "polyline",
          "points": [
            [
              4.13206,
              178.488
            ],
            [
              35.22086,
              180.8967
            ],
            [
              4.13206,
              178.488
            ]
          ]
        },
        "metadata": {
          "segment_id": 64946,
          "street_id": 495697719,
          "street_name": "Th\u1ea1nh Xu\u00e2n 25",
          "street_type": "tertiary",
          "street_level": 4,
          "street_group": "495697719",
          "composite": true
        },
        "length_hint": 62.363942182322,
        "speed_limit": 13.88888888888889
      },
      {
        "start": "3656175373",
        "end": "3656175373",
        "reverse": false,
        "shape": {
          "type": "polyline",
          "points": [
            [
              614.1788,
              199.80555
            ],
            [
              614.05856,
              197.691
            ],
            [
              614.1788,
              199.80555
            ]
          ]
        },
        "metadata": {
          "segment_id": 78467,
          "street_id": 607213617,
          "street_name": "Th\u1ea1nh Xu\u00e2n 25",
          "street_type": "department_store",
          "street_level": 4,
          "street_group": "607213617",
          "composite": true
        },
        "length_hint": 4.235931708656327,
        "speed_limit": 11.11111111111111
      },
      {
        "start": "5755180822",
        "end": "5755180822",
        "reverse": false,
        "shape": {
          "type": "polyline",
          "points": [
            [
              614.89481,
              187.8231
            ],
            [
              614.05856,
              197.691
            ],
            [
              614.89481,
              187.8231
            ]
          ]
        },
        "metadata": {
          "segment_id": 78466,
          "street_id": 607213615,
          "street_name": "Ph\u01b0\u1eddng Th\u1ea1nh Xu\u00e2n",
          "street_type": "unclassified",
          "street_level": 4,
          "street_group": "607213615",
          "composite": true
        },
        "length_hint": 19.80654078555867,
        "speed_limit": 11.11111111111111
      },
      {
        "start": "5757880698",
        "end": "5757880698",
        "reverse": false,
        "shape": {
          "type": "polyline",
          "points": [
            [
              573.47586,
              5.9607
            ],
            [
              568.01564,
              31.8237
            ],
            [
              573.47586,
              5.9607
            ]
          ]
        },
        "metadata": {
          "segment_id": 79243,
          "street_id": 607586912,
          "street_name": "Ph\u01b0\u1eddng Th\u1ea1nh Xu\u00e2n",
          "street_type": "unclassified",
          "street_level": 4,
          "street_group": "607586912",
          "composite": true
        },
        "length_hint": 52.86619984256105,
        "speed_limit": 11.11111111111111
      },
      {
        "start": "5758077375",
        "end": "5758077375",
        "reverse": false,
        "shape": {
          "type": "polyline",
          "points": [
            [
              953.29164,
              9.57375
            ],
            [
              944.94554,
              0.0
            ],
            [
              953.29164,
              9.57375
            ]
          ]
        },
        "metadata": {
          "segment_id": 50545,
          "street_id": 327579798,
          "street_name": "T\u00f4 Ng\u1ecdc V\u00e2n",
          "street_type": "tertiary",
          "street_level": 4,
          "street_group": "327579798",
          "composite": true
        },
        "length_hint": 25.40189554127799,
        "speed_limit": 13.88888888888889
      }
    ]
  }
}