{
  "observation": {
    "type": "Kinematics"
  },
  "action": {
    "type": "DiscreteMetaAction"
  },
  "simulation_frequency": 15,
  "policy_frequency": 1,
  "other_vehicles_type": "highway_env.vehicle.behavior.IDMVehicle",
  "screen_width": 600,
  "screen_height": 150,
  "centering_position": [
    0.3,
    0.5
  ],
  "scaling": 5.5,
  "show_trajectories": false,
  "render_agent": true,
  "offscreen_rendering": false,
  "manual_control": false,
  "real_time_rendering": false,
  "destination": null,
  "initial_vehicle_count": 0,
  "controlled_vehicles": 0,
  "spawn_probability": 0.0,
  "duration": 40.0,
  "collision_reward": -5,
  "high_speed_reward": 1.0,
  "arrived_reward": 1.0,
  "reward_speed_range": [
    6.0,
    12.0
  ],
  "auto_curve": false,
  "corner_radius": 25.0,
  "curve_samples": 8,
  "exit_distance": 5.0,
  "graph": {
    "nodes": {
      "2609809420": [
        458.3959,
        217.43235
      ],
      "5811473935": [
        411.54407,
        266.48325
      ],
      "366420500": [
        749.73321,
        104.0292
      ],
      "5811473942": [
        583.95904,
        55.69425
      ],
      "366418970": [
        184.80567,
        597.38535
      ],
      "366439973": [
        221.04862,
        545.01
      ],
      "3149148217": [
        451.86441,
        220.91775
      ],
      "3149148218": [
        428.26359,
        242.3463
      ],
      "5806378066": [
        557.43408,
        177.77205
      ],
      "366430301": [
        112.7789,
        732.2004
      ],
      "366372968": [
        126.59068,
        696.21975
      ],
      "366442600": [
        75.03836,
        846.0198
      ],
      "5786076784": [
        495.32752,
        35.59215
      ],
      "366445176": [
        474.29558,
        210.73905
      ],
      "5786076802": [
        340.70882,
        0.8214
      ],
      "5786076807": [
        611.68098,
        62.06565
      ],
      "366465162": [
        86.86063,
        812.47005
      ],
      "5786076821": [
        643.94491,
        69.0975
      ],
      "366446744": [
        612.80145,
        158.09175
      ],
      "5786076830": [
        623.72188,
        64.96275
      ],
      "5811960480": [
        17.9493,
        1011.00465
      ],
      "5786076832": [
        591.48529,
        57.42585
      ],
      "1540694692": [
        337.24904,
        0.0
      ],
      "5811960485": [
        65.13454,
        874.40805
      ],
      "5786076840": [
        554.63565,
        48.9621
      ],
      "5786076841": [
        470.55705,
        30.04215
      ],
      "366389424": [
        53.04992,
        909.2121
      ],
      "366472415": [
        286.48378,
        449.04495
      ],
      "2609809647": [
        29.73878,
        978.5094
      ],
      "366457073": [
        31.09974,
        974.76315
      ],
      "366445809": [
        18.82928,
        1008.5016
      ],
      "5811649267": [
        170.55664,
        617.17665
      ],
      "366379764": [
        658.79517,
        140.26515
      ],
      "366428415": [
        653.13272,
        142.54065
      ],
      "366457604": [
        532.10064,
        187.18485
      ],
      "366436102": [
        562.98721,
        175.70745
      ],
      "5786076954": [
        372.10917,
        7.992
      ],
      "366478112": [
        445.10336,
        224.9748
      ],
      "366417697": [
        580.34076,
        169.164
      ],
      "366444837": [
        94.56725,
        787.9668
      ],
      "5786247977": [
        677.25825,
        76.479
      ],
      "5806229328": [
        391.15707,
        294.7938
      ],
      "366430547": [
        68.38663,
        865.0452
      ],
      "5806324053": [
        754.59766,
        94.77735
      ],
      "5806229334": [
        327.55292,
        389.02725
      ],
      "5806324054": [
        749.17024,
        92.29095
      ],
      "5166975836": [
        111.6803,
        735.73575
      ],
      "5806324061": [
        692.54577,
        127.96635
      ],
      "366440284": [
        0.0,
        1062.03135
      ],
      "5806323042": [
        653.82687,
        142.26315
      ],
      "366452585": [
        539.60502,
        45.51
      ],
      "5806323052": [
        760.19999,
        100.26075
      ],
      "5806324083": [
        469.22342,
        212.8758
      ],
      "366402933": [
        597.96212,
        58.91325
      ],
      "5806324088": [
        430.00715,
        240.5481
      ],
      "366389115": [
        265.25506,
        481.074
      ],
      "366472572": [
        711.40784,
        84.04365
      ],
      "5806324094": [
        434.98638,
        235.4088
      ],
      "5806324096": [
        402.46557,
        279.28155
      ],
      "366467460": [
        104.71702,
        758.1189
      ],
      "2609818004": [
        273.87991,
        468.0648
      ],
      "2609818024": [
        215.85075,
        552.5247
      ],
      "5811615658": [
        172.32752,
        614.718
      ],
      "5811863980": [
        91.86173,
        795.9699
      ],
      "5811615663": [
        282.95294,
        454.37295
      ],
      "2609818032": [
        142.0859,
        659.673
      ],
      "366464945": [
        350.70555,
        3.1968
      ],
      "366446519": [
        133.07298,
        678.19335
      ],
      "5811615682": [
        203.12118,
        570.9174
      ],
      "366436292": [
        420.71549,
        252.18645
      ],
      "366399956": [
        409.6912,
        269.36925
      ],
      "366421464": [
        362.68633,
        340.2372
      ],
      "366384601": [
        153.14844,
        641.35245
      ],
      "5811615708": [
        240.26049,
        517.22115
      ],
      "366463976": [
        316.49584,
        404.3841
      ],
      "366457323": [
        389.86717,
        296.7474
      ],
      "5811473912": [
        509.33607,
        196.4589
      ],
      "2609809407": [
        740.11907,
        90.9534
      ]
    },
    "edges": [
      {
        "start": "366399956",
        "end": "366399956",
        "reverse": false,
        "shape": {
          "type": "polyline",
          "points": [
            [
              409.6912,
              269.36925
            ],
            [
              411.54407,
              266.48325
            ],
            [
              409.6912,
              269.36925
            ]
          ]
        },
        "metadata": {
          "segment_id": 9939,
          "street_id": 32582897,
          "street_name": "Hu\u1ef3nh T\u1ea5n Ph\u00e1t",
          "street_type": "secondary",
          "street_level": 3,
          "street_group": "32582897",
          "composite": true
        },
        "length_hint": 6.859190400302392,
        "speed_limit": 11.11111111111111
      },
      {
        "start": "366399956",
        "end": "366399956",
        "reverse": false,
        "shape": {
          "type": "polyline",
          "points": [
            [
              409.6912,
              269.36925
            ],
            [
              402.46557,
              279.28155
            ],
            [
              409.6912,
              269.36925
            ]
          ]
        },
        "metadata": {
          "segment_id": 9940,
          "street_id": 32582897,
          "street_name": "Hu\u1ef3nh T\u1ea5n Ph\u00e1t",
          "street_type": "secondary",
          "street_level": 3,
          "street_group": "32582897",
          "composite": true
        },
        "length_hint": 24.532706347804247,
        "speed_limit": 11.11111111111111
      },
      {
        "start": "5811615682",
        "end": "5811615682",
        "reverse": false,
        "shape": {
          "type": "polyline",
          "points": [
            [
              203.12118,
              570.9174
            ],
            [
              215.85075,
              552.5247
            ],
            [
              203.12118,
              570.9174
            ]
          ]
        },
        "metadata": {
          "segment_id": 9967,
          "street_id": 32582897,
          "street_name": "Hu\u1ef3nh T\u1ea5n Ph\u00e1t",
          "street_type": "secondary",
          "street_level": 3,
          "street_group": "32582897",
          "composite": true
        },
        "length_hint": 44.73626563203055,
        "speed_limit": 11.11111111111111
      },
      {
        "start": "5811615682",
        "end": "5811615682",
        "reverse": false,
        "shape": {
          "type": "polyline",
          "points": [
            [
              203.12118,
              570.9174
            ],
            [
              184.80567,
              597.38535
            ],
            [
              203.12118,
              570.9174
            ]
          ]
        },
        "metadata": {
          "segment_id": 9968,
          "street_id": 32582897,
          "street_name": "Hu\u1ef3nh T\u1ea5n Ph\u00e1t",
          "street_type": "secondary",
          "street_level": 3,
          "street_group": "32582897",
          "composite": true
        },
        "length_hint": 64.37422725788946,
        "speed_limit": 11.11111111111111
      },
      {
        "start": "366418970",
        "end": "366418970",
        "reverse": false,
        "shape": {
          "type": "polyline",
          "points": [
            [
              184.80567,
              597.38535
            ],
            [
              172.32752,
              614.718
            ],
            [
              184.80567,
              597.38535
            ]
          ]
        },
        "metadata": {
          "segment_id": 9970,
          "street_id": 32582897,
          "street_name": "Hu\u1ef3nh T\u1ea5n Ph\u00e1t",
          "street_type": "secondary",
          "street_level": 3,
          "street_group": "32582897",
          "composite": true
        },
        "length_hint": 42.71416549319432,
        "speed_limit": 11.11111111111111
      },
      {
        "start": "5166975836",
        "end": "5166975836",
        "reverse": false,
        "shape": {
          "type": "polyline",
          "points": [
            [
              111.6803,
              735.73575
            ],
            [
              112.7789,
              732.2004
            ],
            [
              111.6803,
              735.73575
            ]
          ]
        },
        "metadata": {
          "segment_id": 9985,
          "street_id": 32582897,
          "street_name": "Hu\u1ef3nh T\u1ea5n Ph\u00e1t",
          "street_type": "secondary",
          "street_level": 3,
          "street_group": "32582897",
          "composite": true
        },
        "length_hint": 7.404220845572001,
        "speed_limit": 11.11111111111111
      },
      {
        "start": "5166975836",
        "end": "5166975836",
        "reverse": false,
        "shape": {
          "type": "polyline",
          "points": [
            [
              111.6803,
              735.73575
            ],
            [
              104.71702,
              758.1189
            ],
            [
              111.6803,
              735.73575
            ]
          ]
        },
        "metadata": {
          "segment_id": 9986,
          "street_id": 32582897,
          "street_name": "Hu\u1ef3nh T\u1ea5n Ph\u00e1t",
          "street_type": "secondary",
          "street_level": 3,
          "street_group": "32582897",
          "composite": true
        },
        "length_hint": 46.88252008076785,
        "speed_limit": 11.11111111111111
      },
      {
        "start": "366465162",
        "end": "366465162",
        "reverse": false,
        "shape": {
          "type": "polyline",
          "points": [
            [
              86.86063,
              812.47005
            ],
            [
              91.86173,
              795.9699
            ],
            [
              86.86063,
              812.47005
            ]
          ]
        },
        "metadata": {
          "segment_id": 9993,
          "street_id": 32582897,
          "street_name": "Hu\u1ef3nh T\u1ea5n Ph\u00e1t",
          "street_type": "secondary",
          "street_level": 3,
          "street_group": "32582897",
          "composite": true
        },
        "length_hint": 34.482804481799256,
        "speed_limit": 11.11111111111111
      },
      {
        "start": "366465162",
        "end": "366465162",
        "reverse": false,
        "shape": {
          "type": "polyline",
          "points": [
            [
              86.86063,
              812.47005
            ],
            [
              75.03836,
              846.0198
            ],
            [
              86.86063,
              812.47005
            ]
          ]
        },
        "metadata": {
          "segment_id": 9994,
          "street_id": 32582897,
          "street_name": "Hu\u1ef3nh T\u1ea5n Ph\u00e1t",
          "street_type": "secondary",
          "street_level": 3,
          "street_group": "32582897",
          "composite": true
        },
        "length_hint": 71.14356732735297,
        "speed_limit": 11.11111111111111
      },
      {
        "start": "366467460",
        "end": "366467460",
        "reverse": false,
        "shape": {
          "type": "polyline",
          "points": [
            [
              104.71702,
              758.1189
            ],
            [
              94.56725,
              787.9668
            ],
            [
              104.71702,
              758.1189
            ]
          ]
        },
        "metadata": {
          "segment_id": 9988,
          "street_id": 32582897,
          "street_name": "Hu\u1ef3nh T\u1ea5n Ph\u00e1t",
          "street_type": "secondary",
          "street_level": 3,
          "street_group": "32582897",
          "composite": true
        },
        "length_hint": 63.05283389231285,
        "speed_limit": 11.11111111111111
      },
      {
        "start": "5811863980",
        "end": "5811863980",
        "reverse": false,
        "shape": {
          "type": "polyline",
          "points": [
            [
              91.86173,
              795.9699
            ],
            [
              94.56725,
              787.9668
            ],
            [
              91.86173,
              795.9699
            ]
          ]
        },
        "metadata": {
          "segment_id": 9991,
          "street_id": 32582897,
          "street_name": "Hu\u1ef3nh T\u1ea5n Ph\u00e1t",
          "street_type": "secondary",
          "street_level": 3,
          "street_group": "32582897",
          "composite": true
        },
        "length_hint": 16.896088077469333,
        "speed_limit": 11.11111111111111
      },
      {
        "start": "2609809647",
        "end": "2609809647",
        "reverse": false,
        "shape": {
          "type": "polyline",
          "points": [
            [
              29.73878,
              978.5094
            ],
            [
              31.09974,
              974.76315
            ],
            [
              29.73878,
              978.5094
            ]
          ]
        },
        "metadata": {
          "segment_id": 10005,
          "street_id": 32582897,
          "street_name": "Hu\u1ef3nh T\u1ea5n Ph\u00e1t",
          "street_type": "secondary",
          "street_level": 3,
          "street_group": "32582897",
          "composite": true
        },
        "length_hint": 7.971599885619008,
        "speed_limit": 11.11111111111111
      },
      {
        "start": "2609809647",
        "end": "2609809647",
        "reverse": false,
        "shape": {
          "type": "polyline",
          "points": [
            [
              29.73878,
              978.5094
            ],
            [
              18.82928,
              1008.5016
            ],
            [
              29.73878,
              978.5094
            ]
          ]
        },
        "metadata": {
          "segment_id": 10006,
          "street_id": 32582897,
          "street_name": "Hu\u1ef3nh T\u1ea5n Ph\u00e1t",
          "street_type": "secondary",
          "street_level": 3,
          "street_group": "32582897",
          "composite": true
        },
        "length_hint": 63.82943681687945,
        "speed_limit": 11.11111111111111
      },
      {
        "start": "366389424",
        "end": "366389424",
        "reverse": false,
        "shape": {
          "type": "polyline",
          "points": [
            [
              53.04992,
              909.2121
            ],
            [
              65.13454,
              874.40805
            ],
            [
              53.04992,
              909.2121
            ]
          ]
        },
        "metadata": {
          "segment_id": 10001,
          "street_id": 32582897,
          "street_name": "Hu\u1ef3nh T\u1ea5n Ph\u00e1t",
          "street_type": "secondary",
          "street_level": 3,
          "street_group": "32582897",
          "composite": true
        },
        "length_hint": 73.68473212129898,
        "speed_limit": 11.11111111111111
      },
      {
        "start": "366389424",
        "end": "366389424",
        "reverse": false,
        "shape": {
          "type": "polyline",
          "points": [
            [
              53.04992,
              909.2121
            ],
            [
              31.09974,
              974.76315
            ],
            [
              53.04992,
              909.2121
            ]
          ]
        },
        "metadata": {
          "segment_id": 10002,
          "street_id": 32582897,
          "street_name": "Hu\u1ef3nh T\u1ea5n Ph\u00e1t",
          "street_type": "secondary",
          "street_level": 3,
          "street_group": "32582897",
          "composite": true
        },
        "length_hint": 138.2570151295753,
        "speed_limit": 11.11111111111111
      },
      {
        "start": "366430547",
        "end": "366430547",
        "reverse": false,
        "shape": {
          "type": "polyline",
          "points": [
            [
              68.38663,
              865.0452
            ],
            [
              75.03836,
              846.0198
            ],
            [
              68.38663,
              865.0452
            ]
          ]
        },
        "metadata": {
          "segment_id": 9997,
          "street_id": 32582897,
          "street_name": "Hu\u1ef3nh T\u1ea5n Ph\u00e1t",
          "street_type": "secondary",
          "street_level": 3,
          "street_group": "32582897",
          "composite": true
        },
        "length_hint": 40.309371473785085,
        "speed_limit": 11.11111111111111
      },
      {
        "start": "366430547",
        "end": "366430547",
        "reverse": false,
        "shape": {
          "type": "polyline",
          "points": [
            [
              68.38663,
              865.0452
            ],
            [
              65.13454,
              874.40805
            ],
            [
              68.38663,
              865.0452
            ]
          ]
        },
        "metadata": {
          "segment_id": 9998,
          "street_id": 32582897,
          "street_name": "Hu\u1ef3nh T\u1ea5n Ph\u00e1t",
          "street_type": "secondary",
          "street_level": 3,
          "street_group": "32582897",
          "composite": true
        },
        "length_hint": 19.823122810556324,
        "speed_limit": 11.11111111111111
      },
      {
        "start": "5811960480",
        "end": "5811960480",
        "reverse": false,
        "shape": {
          "type": "polyline",
          "points": [
            [
              17.9493,
              1011.00465
            ],
            [
              18.82928,
              1008.5016
            ],
            [
              17.9493,
              1011.00465
            ]
          ]
        },
        "metadata": {
          "segment_id": 10009,
          "street_id": 32582897,
          "street_name": "Hu\u1ef3nh T\u1ea5n Ph\u00e1t",
          "street_type": "secondary",
          "street_level": 3,
          "street_group": "32582897",
          "composite": true
        },
        "length_hint": 5.306457991127258,
        "speed_limit": 11.11111111111111
      },
      {
        "start": "5811960480",
        "end": "5811960480",
        "reverse": false,
        "shape": {
          "type": "polyline",
          "points": [
            [
              17.9493,
              1011.00465
            ],
            [
              0.0,
              1062.03135
            ],
            [
              17.9493,
              1011.00465
            ]
          ]
        },
        "metadata": {
          "segment_id": 10010,
          "street_id": 32582897,
          "street_name": "Hu\u1ef3nh T\u1ea5n Ph\u00e1t",
          "street_type": "secondary",
          "street_level": 3,
          "street_group": "32582897",
          "composite": true
        },
        "length_hint": 108.18320541340972,
        "speed_limit": 11.11111111111111
      },
      {
        "start": "366384601",
        "end": "366384601",
        "reverse": false,
        "shape": {
          "type": "polyline",
          "points": [
            [
              153.14844,
              641.35245
            ],
            [
              170.55664,
              617.17665
            ],
            [
              153.14844,
              641.35245
            ]
          ]
        },
        "metadata": {
          "segment_id": 9975,
          "street_id": 32582897,
          "street_name": "Hu\u1ef3nh T\u1ea5n Ph\u00e1t",
          "street_type": "secondary",
          "street_level": 3,
          "street_group": "32582897",
          "composite": true
        },
        "length_hint": 59.5823709793425,
        "speed_limit": 11.11111111111111
      },
      {
        "start": "366384601",
        "end": "366384601",
        "reverse": false,
        "shape": {
          "type": "polyline",
          "points": [
            [
              153.14844,
              641.35245
            ],
            [
              142.0859,
              659.673
            ],
            [
              153.14844,
              641.35245
            ]
          ]
        },
        "metadata": {
          "segment_id": 9976,
          "street_id": 32582897,
          "street_name": "Hu\u1ef3nh T\u1ea5n Ph\u00e1t",
          "street_type": "secondary",
          "street_level": 3,
          "street_group": "32582897",
          "composite": true
        },
        "length_hint": 42.80291315105086,
        "speed_limit": 11.11111111111111
      },
      {
        "start": "5811649267",
        "end": "5811649267",
        "reverse": false,
        "shape": {
          "type": "polyline",
          "points": [
            [
              170.55664,
              617.17665
            ],
            [
              172.32752,
              614.718
            ],
            [
              170.55664,
              617.17665
            ]
          ]
        },
        "metadata": {
          "segment_id": 9973,
          "street_id": 32582897,
          "street_name": "Hu\u1ef3nh T\u1ea5n Ph\u00e1t",
          "street_type": "secondary",
          "street_level": 3,
          "street_group": "32582897",
          "composite": true
        },
        "length_hint": 6.060025015426978,
        "speed_limit": 11.11111111111111
      },
      {
        "start": "366446519",
        "end": "366446519",
        "reverse": false,
        "shape": {
          "type": "polyline",
          "points": [
            [
              133.07298,
              678.19335
            ],
            [
              142.0859,
              659.673
            ],
            [
              133.07298,
              678.19335
            ]
          ]
        },
        "metadata": {
          "segment_id": 9979,
          "street_id": 32582897,
          "street_name": "Hu\u1ef3nh T\u1ea5n Ph\u00e1t",
          "street_type": "secondary",
          "street_level": 3,
          "street_group": "32582897",
          "composite": true
        },
        "length_hint": 41.19398456322964,
        "speed_limit": 11.11111111111111
      },
      {
        "start": "366446519",
        "end": "366446519",
        "reverse": false,
        "shape": {
          "type": "polyline",
          "points": [
            [
              133.07298,
              678.19335
            ],
            [
              126.59068,
              696.21975
            ],
            [
              133.07298,
              678.19335
            ]
          ]
        },
        "metadata": {
          "segment_id": 9980,
          "street_id": 32582897,
          "street_name": "Hu\u1ef3nh T\u1ea5n Ph\u00e1t",
          "street_type": "secondary",
          "street_level": 3,
          "street_group": "32582897",
          "composite": true
        },
        "length_hint": 38.312990499307084,
        "speed_limit": 11.11111111111111
      },
      {
        "start": "366430301",
        "end": "366430301",
        "reverse": false,
        "shape": {
          "type": "polyline",
          "points": [
            [
              112.7789,
              732.2004
            ],
            [
              126.59068,
              696.21975
            ],
            [
              112.7789,
              732.2004
            ]
          ]
        },
        "metadata": {
          "segment_id": 9983,
          "street_id": 32582897,
          "street_name": "Hu\u1ef3nh T\u1ea5n Ph\u00e1t",
          "street_type": "secondary",
          "street_level": 3,
          "street_group": "32582897",
          "composite": true
        },
        "length_hint": 77.08105970187223,
        "speed_limit": 11.11111111111111
      },
      {
        "start": "5811615708",
        "end": "5811615708",
        "reverse": false,
        "shape": {
          "type": "polyline",
          "points": [
            [
              240.26049,
              517.22115
            ],
            [
              265.25506,
              481.074
            ],
            [
              240.26049,
              517.22115
            ]
          ]
        },
        "metadata": {
          "segment_id": 9961,
          "street_id": 32582897,
          "street_name": "Hu\u1ef3nh T\u1ea5n Ph\u00e1t",
          "street_type": "secondary",
          "street_level": 3,
          "street_group": "32582897",
          "composite": true
        },
        "length_hint": 87.89414047835947,
        "speed_limit": 11.11111111111111
      },
      {
        "start": "5811615708",
        "end": "5811615708",
        "reverse": false,
        "shape": {
          "type": "polyline",
          "points": [
            [
              240.26049,
              517.22115
            ],
            [
              221.04862,
              545.01
            ],
            [
              240.26049,
              517.22115
            ]
          ]
        },
        "metadata": {
          "segment_id": 9962,
          "street_id": 32582897,
          "street_name": "Hu\u1ef3nh T\u1ea5n Ph\u00e1t",
          "street_type": "secondary",
          "street_level": 3,
          "street_group": "32582897",
          "composite": true
        },
        "length_hint": 67.56674132202622,
        "speed_limit": 11.11111111111111
      },
      {
        "start": "5806229334",
        "end": "5806229334",
        "reverse": false,
        "shape": {
          "type": "polyline",
          "points": [
            [
              327.55292,
              389.02725
            ],
            [
              362.68633,
              340.2372
            ],
            [
              327.55292,
              389.02725
            ]
          ]
        },
        "metadata": {
          "segment_id": 9949,
          "street_id": 32582897,
          "street_name": "Hu\u1ef3nh T\u1ea5n Ph\u00e1t",
          "street_type": "secondary",
          "street_level": 3,
          "street_group": "32582897",
          "composite": true
        },
        "length_hint": 120.24683741754879,
        "speed_limit": 11.11111111111111
      },
      {
        "start": "5806229334",
        "end": "5806229334",
        "reverse": false,
        "shape": {
          "type": "polyline",
          "points": [
            [
              327.55292,
              389.02725
            ],
            [
              316.49584,
              404.3841
            ],
            [
              327.55292,
              389.02725
            ]
          ]
        },
        "metadata": {
          "segment_id": 9950,
          "street_id": 32582897,
          "street_name": "Hu\u1ef3nh T\u1ea5n Ph\u00e1t",
          "street_type": "secondary",
          "street_level": 3,
          "street_group": "32582897",
          "composite": true
        },
        "length_hint": 37.84663049989523,
        "speed_limit": 11.11111111111111
      },
      {
        "start": "366457323",
        "end": "366457323",
        "reverse": false,
        "shape": {
          "type": "polyline",
          "points": [
            [
              389.86717,
              296.7474
            ],
            [
              391.15707,
              294.7938
            ],
            [
              389.86717,
              296.7474
            ]
          ]
        },
        "metadata": {
          "segment_id": 9945,
          "street_id": 32582897,
          "street_name": "Hu\u1ef3nh T\u1ea5n Ph\u00e1t",
          "street_type": "secondary",
          "street_level": 3,
          "street_group": "32582897",
          "composite": true
        },
        "length_hint": 4.6820486840699,
        "speed_limit": 11.11111111111111
      },
      {
        "start": "366457323",
        "end": "366457323",
        "reverse": false,
        "shape": {
          "type": "polyline",
          "points": [
            [
              389.86717,
              296.7474
            ],
            [
              362.68633,
              340.2372
            ],
            [
              389.86717,
              296.7474
            ]
          ]
        },
        "metadata": {
          "segment_id": 9946,
          "street_id": 32582897,
          "street_name": "Hu\u1ef3nh T\u1ea5n Ph\u00e1t",
          "street_type": "secondary",
          "street_level": 3,
          "street_group": "32582897",
          "composite": true
        },
        "length_hint": 102.57018606097184,
        "speed_limit": 11.11111111111111
      },
      {
        "start": "5806229328",
        "end": "5806229328",
        "reverse": false,
        "shape": {
          "type": "polyline",
          "points": [
            [
              391.15707,
              294.7938
            ],
            [
              402.46557,
              279.28155
            ],
            [
              391.15707,
              294.7938
            ]
          ]
        },
        "metadata": {
          "segment_id": 9943,
          "street_id": 32582897,
          "street_name": "Hu\u1ef3nh T\u1ea5n Ph\u00e1t",
          "street_type": "secondary",
          "street_level": 3,
          "street_group": "32582897",
          "composite": true
        },
        "length_hint": 38.39333652145907,
        "speed_limit": 11.11111111111111
      },
      {
        "start": "366472415",
        "end": "366472415",
        "reverse": false,
        "shape": {
          "type": "polyline",
          "points": [
            [
              286.48378,
              449.04495
            ],
            [
              316.49584,
              404.3841
            ],
            [
              286.48378,
              449.04495
            ]
          ]
        },
        "metadata": {
          "segment_id": 9953,
          "street_id": 32582897,
          "street_name": "Hu\u1ef3nh T\u1ea5n Ph\u00e1t",
          "street_type": "secondary",
          "street_level": 3,
          "street_group": "32582897",
          "composite": true
        },
        "length_hint": 107.61626769529032,
        "speed_limit": 11.11111111111111
      },
      {
        "start": "366472415",
        "end": "366472415",
        "reverse": false,
        "shape": {
          "type": "polyline",
          "points": [
            [
              286.48378,
              449.04495
            ],
            [
              282.95294,
              454.37295
            ],
            [
              286.48378,
              449.04495
            ]
          ]
        },
        "metadata": {
          "segment_id": 9954,
          "street_id": 32582897,
          "street_name": "Hu\u1ef3nh T\u1ea5n Ph\u00e1t",
          "street_type": "secondary",
          "street_level": 3,
          "street_group": "32582897",
          "composite": true
        },
        "length_hint": 12.78349171480162,
        "speed_limit": 11.11111111111111
      },
      {
        "start": "2609818004",
        "end": "2609818004",
        "reverse": false,
        "shape": {
          "type": "polyline",
          "points": [
            [
              273.87991,
              468.0648
            ],
            [
              282.95294,
              454.37295
            ],
            [
              273.87991,
              468.0648
            ]
          ]
        },
        "metadata": {
          "segment_id": 9957,
          "street_id": 32582897,
          "street_name": "Hu\u1ef3nh T\u1ea5n Ph\u00e1t",
          "street_type": "secondary",
          "street_level": 3,
          "street_group": "32582897",
          "composite": true
        },
        "length_hint": 32.85036558721379,
        "speed_limit": 11.11111111111111
      },
      {
        "start": "2609818004",
        "end": "2609818004",
        "reverse": false,
        "shape": {
          "type": "polyline",
          "points": [
            [
              273.87991,
              468.0648
            ],
            [
              265.25506,
              481.074
            ],
            [
              273.87991,
              468.0648
            ]
          ]
        },
        "metadata": {
          "segment_id": 9958,
          "street_id": 32582897,
          "street_name": "Hu\u1ef3nh T\u1ea5n Ph\u00e1t",
          "street_type": "secondary",
          "street_level": 3,
          "street_group": "32582897",
          "composite": true
        },
        "length_hint": 31.21713133281149,
        "speed_limit": 11.11111111111111
      },
      {
        "start": "366439973",
        "end": "366439973",
        "reverse": false,
        "shape": {
          "type": "polyline",
          "points": [
            [
              221.04862,
              545.01
            ],
            [
              215.85075,
              552.5247
            ],
            [
              221.04862,
              545.01
            ]
          ]
        },
        "metadata": {
          "segment_id": 9964,
          "street_id": 32582897,
          "street_name": "Hu\u1ef3nh T\u1ea5n Ph\u00e1t",
          "street_type": "secondary",
          "street_level": 3,
          "street_group": "32582897",
          "composite": true
        },
        "length_hint": 18.274415845865047,
        "speed_limit": 11.11111111111111
      },
      {
        "start": "366428415",
        "end": "366428415",
        "reverse": false,
        "shape": {
          "type": "polyline",
          "points": [
            [
              653.13272,
              142.54065
            ],
            [
              653.82687,
              142.26315
            ],
            [
              653.13272,
              142.54065
            ]
          ]
        },
        "metadata": {
          "segment_id": 9905,
          "street_id": 32582897,
          "street_name": "Hu\u1ef3nh T\u1ea5n Ph\u00e1t",
          "street_type": "secondary",
          "street_level": 3,
          "street_group": "32582897",
          "composite": true
        },
        "length_hint": 1.4951260448538135,
        "speed_limit": 11.11111111111111
      },
      {
        "start": "366428415",
        "end": "366428415",
        "reverse": false,
        "shape": {
          "type": "polyline",
          "points": [
            [
              653.13272,
              142.54065
            ],
            [
              612.80145,
              158.09175
            ],
            [
              653.13272,
              142.54065
            ]
          ]
        },
        "metadata": {
          "segment_id": 9906,
          "street_id": 32582897,
          "street_name": "Hu\u1ef3nh T\u1ea5n Ph\u00e1t",
          "street_type": "secondary",
          "street_level": 3,
          "street_group": "32582897",
          "composite": true
        },
        "length_hint": 86.4510971826938,
        "speed_limit": 11.11111111111111
      },
      {
        "start": "5806323052",
        "end": "5806323052",
        "reverse": false,
        "shape": {
          "type": "polyline",
          "points": [
            [
              760.19999,
              100.26075
            ],
            [
              749.73321,
              104.0292
            ],
            [
              760.19999,
              100.26075
            ]
          ]
        },
        "metadata": {
          "segment_id": 9896,
          "street_id": 32582897,
          "street_name": "Hu\u1ef3nh T\u1ea5n Ph\u00e1t",
          "street_type": "secondary",
          "street_level": 3,
          "street_group": "32582897",
          "composite": true
        },
        "length_hint": 22.24901786334843,
        "speed_limit": 11.11111111111111
      },
      {
        "start": "366420500",
        "end": "366420500",
        "reverse": false,
        "shape": {
          "type": "polyline",
          "points": [
            [
              749.73321,
              104.0292
            ],
            [
              692.54577,
              127.96635
            ],
            [
              749.73321,
              104.0292
            ]
          ]
        },
        "metadata": {
          "segment_id": 9898,
          "street_id": 32582897,
          "street_name": "Hu\u1ef3nh T\u1ea5n Ph\u00e1t",
          "street_type": "secondary",
          "street_level": 3,
          "street_group": "32582897",
          "composite": true
        },
        "length_hint": 123.99016805982811,
        "speed_limit": 11.11111111111111
      },
      {
        "start": "5806323042",
        "end": "5806323042",
        "reverse": false,
        "shape": {
          "type": "polyline",
          "points": [
            [
              653.82687,
              142.26315
            ],
            [
              658.79517,
              140.26515
            ],
            [
              653.82687,
              142.26315
            ]
          ]
        },
        "metadata": {
          "segment_id": 9903,
          "street_id": 32582897,
          "street_name": "Hu\u1ef3nh T\u1ea5n Ph\u00e1t",
          "street_type": "secondary",
          "street_level": 3,
          "street_group": "32582897",
          "composite": true
        },
        "length_hint": 10.709996991596208,
        "speed_limit": 11.11111111111111
      },
      {
        "start": "366379764",
        "end": "366379764",
        "reverse": false,
        "shape": {
          "type": "polyline",
          "points": [
            [
              658.79517,
              140.26515
            ],
            [
              692.54577,
              127.96635
            ],
            [
              658.79517,
              140.26515
            ]
          ]
        },
        "metadata": {
          "segment_id": 9901,
          "street_id": 32582897,
          "street_name": "Hu\u1ef3nh T\u1ea5n Ph\u00e1t",
          "street_type": "secondary",
          "street_level": 3,
          "street_group": "32582897",
          "composite": true
        },
        "length_hint": 71.84325944164831,
        "speed_limit": 11.11111111111111
      },
      {
        "start": "3149148217",
        "end": "3149148217",
        "reverse": false,
        "shape": {
          "type": "polyline",
          "points": [
            [
              451.86441,
              220.91775
            ],
            [
              458.3959,
              217.43235
            ],
            [
              451.86441,
              220.91775
            ]
          ]
        },
        "metadata": {
          "segment_id": 9925,
          "street_id": 32582897,
          "street_name": "Hu\u1ef3nh T\u1ea5n Ph\u00e1t",
          "street_type": "secondary",
          "street_level": 3,
          "street_group": "32582897",
          "composite": true
        },
        "length_hint": 14.8065356893636,
        "speed_limit": 11.11111111111111
      },
      {
        "start": "3149148217",
        "end": "3149148217",
        "reverse": false,
        "shape": {
          "type": "polyline",
          "points": [
            [
              451.86441,
              220.91775
            ],
            [
              445.10336,
              224.9748
            ],
            [
              451.86441,
              220.91775
            ]
          ]
        },
        "metadata": {
          "segment_id": 9926,
          "street_id": 32582897,
          "street_name": "Hu\u1ef3nh T\u1ea5n Ph\u00e1t",
          "street_type": "secondary",
          "street_level": 3,
          "street_group": "32582897",
          "composite": true
        },
        "length_hint": 15.769775116342016,
        "speed_limit": 11.11111111111111
      },
      {
        "start": "5806324088",
        "end": "5806324088",
        "reverse": false,
        "shape": {
          "type": "polyline",
          "points": [
            [
              430.00715,
              240.5481
            ],
            [
              434.98638,
              235.4088
            ],
            [
              430.00715,
              240.5481
            ]
          ]
        },
        "metadata": {
          "segment_id": 9931,
          "street_id": 32582897,
          "street_name": "Hu\u1ef3nh T\u1ea5n Ph\u00e1t",
          "street_type": "secondary",
          "street_level": 3,
          "street_group": "32582897",
          "composite": true
        },
        "length_hint": 14.31155279945536,
        "speed_limit": 11.11111111111111
      },
      {
        "start": "5806324088",
        "end": "5806324088",
        "reverse": false,
        "shape": {
          "type": "polyline",
          "points": [
            [
              430.00715,
              240.5481
            ],
            [
              428.26359,
              242.3463
            ],
            [
              430.00715,
              240.5481
            ]
          ]
        },
        "metadata": {
          "segment_id": 9932,
          "street_id": 32582897,
          "street_name": "Hu\u1ef3nh T\u1ea5n Ph\u00e1t",
          "street_type": "secondary",
          "street_level": 3,
          "street_group": "32582897",
          "composite": true
        },
        "length_hint": 5.009401047470661,
        "speed_limit": 11.11111111111111
      },
      {
        "start": "366478112",
        "end": "366478112",
        "reverse": false,
        "shape": {
          "type": "polyline",
          "points": [
            [
              445.10336,
              224.9748
            ],
            [
              434.98638,
              235.4088
            ],
            [
              445.10336,
              224.9748
            ]
          ]
        },
        "metadata": {
          "segment_id": 9928,
          "street_id": 32582897,
          "street_name": "Hu\u1ef3nh T\u1ea5n Ph\u00e1t",
          "street_type": "secondary",
          "street_level": 3,
          "street_group": "32582897",
          "composite": true
        },
        "length_hint": 29.066932436733037,
        "speed_limit": 11.11111111111111
      },
      {
        "start": "5811473935",
        "end": "5811473935",
        "reverse": false,
        "shape": {
          "type": "polyline",
          "points": [
            [
              411.54407,
              266.48325
            ],
            [
              420.71549,
              252.18645
            ],
            [
              411.54407,
              266.48325
            ]
          ]
        },
        "metadata": {
          "segment_id": 9937,
          "street_id": 32582897,
          "street_name": "Hu\u1ef3nh T\u1ea5n Ph\u00e1t",
          "street_type": "secondary",
          "street_level": 3,
          "street_group": "32582897",
          "composite": true
        },
        "length_hint": 33.97136647568949,
        "speed_limit": 11.11111111111111
      },
      {
        "start": "3149148218",
        "end": "3149148218",
        "reverse": false,
        "shape": {
          "type": "polyline",
          "points": [
            [
              428.26359,
              242.3463
            ],
            [
              420.71549,
              252.18645
            ],
            [
              428.26359,
              242.3463
            ]
          ]
        },
        "metadata": {
          "segment_id": 9934,
          "street_id": 32582897,
          "street_name": "Hu\u1ef3nh T\u1ea5n Ph\u00e1t",
          "street_type": "secondary",
          "street_level": 3,
          "street_group": "32582897",
          "composite": true
        },
        "length_hint": 24.803416347955004,
        "speed_limit": 11.11111111111111
      },
      {
        "start": "5806378066",
        "end": "5806378066",
        "reverse": false,
        "shape": {
          "type": "polyline",
          "points": [
            [
              557.43408,
              177.77205
            ],
            [
              562.98721,
              175.70745
            ],
            [
              557.43408,
              177.77205
            ]
          ]
        },
        "metadata": {
          "segment_id": 9913,
          "street_id": 32582897,
          "street_name": "Hu\u1ef3nh T\u1ea5n Ph\u00e1t",
          "street_type": "secondary",
          "street_level": 3,
          "street_group": "32582897",
          "composite": true
        },
        "length_hint": 11.849021218126023,
        "speed_limit": 11.11111111111111
      },
      {
        "start": "5806378066",
        "end": "5806378066",
        "reverse": false,
        "shape": {
          "type": "polyline",
          "points": [
            [
              557.43408,
              177.77205
            ],
            [
              532.10064,
              187.18485
            ],
            [
              557.43408,
              177.77205
            ]
          ]
        },
        "metadata": {
          "segment_id": 9914,
          "street_id": 32582897,
          "street_name": "Hu\u1ef3nh T\u1ea5n Ph\u00e1t",
          "street_type": "secondary",
          "street_level": 3,
          "street_group": "32582897",
          "composite": true
        },
        "length_hint": 54.05123443821056,
        "speed_limit": 11.11111111111111
      },
      {
        "start": "366446744",
        "end": "366446744",
        "reverse": false,
        "shape": {
          "type": "polyline",
          "points": [
            [
              612.80145,
              158.09175
            ],
            [
              580.34076,
              169.164
            ],
            [
              612.80145,
              158.09175
            ]
          ]
        },
        "metadata": {
          "segment_id": 9908,
          "street_id": 32582897,
          "street_name": "Hu\u1ef3nh T\u1ea5n Ph\u00e1t",
          "street_type": "secondary",
          "street_level": 3,
          "street_group": "32582897",
          "composite": true
        },
        "length_hint": 68.59420136829642,
        "speed_limit": 11.11111111111111
      },
      {
        "start": "366436102",
        "end": "366436102",
        "reverse": false,
        "shape": {
          "type": "polyline",
          "points": [
            [
              562.98721,
              175.70745
            ],
            [
              580.34076,
              169.164
            ],
            [
              562.98721,
              175.70745
            ]
          ]
        },
        "metadata": {
          "segment_id": 9911,
          "street_id": 32582897,
          "street_name": "Hu\u1ef3nh T\u1ea5n Ph\u00e1t",
          "street_type": "secondary",
          "street_level": 3,
          "street_group": "32582897",
          "composite": true
        },
        "length_hint": 37.09244858485358,
        "speed_limit": 11.11111111111111
      },
      {
        "start": "2609809420",
        "end": "2609809420",
        "reverse": false,
        "shape": {
          "type": "polyline",
          "points": [
            [
              458.3959,
              217.43235
            ],
            [
              469.22342,
              212.8758
            ],
            [
              458.3959,
              217.43235
            ]
          ]
        },
        "metadata": {
          "segment_id": 9923,
          "street_id": 32582897,
          "street_name": "Hu\u1ef3nh T\u1ea5n Ph\u00e1t",
          "street_type": "secondary",
          "street_level": 3,
          "street_group": "32582897",
          "composite": true
        },
        "length_hint": 23.49445357976218,
        "speed_limit": 11.11111111111111
      },
      {
        "start": "5811473912",
        "end": "5811473912",
        "reverse": false,
        "shape": {
          "type": "polyline",
          "points": [
            [
              509.33607,
              196.4589
            ],
            [
              532.10064,
              187.18485
            ],
            [
              509.33607,
              196.4589
            ]
          ]
        },
        "metadata": {
          "segment_id": 9917,
          "street_id": 32582897,
          "street_name": "Hu\u1ef3nh T\u1ea5n Ph\u00e1t",
          "street_type": "secondary",
          "street_level": 3,
          "street_group": "32582897",
          "composite": true
        },
        "length_hint": 49.16232910216518,
        "speed_limit": 11.11111111111111
      },
      {
        "start": "5811473912",
        "end": "5811473912",
        "reverse": false,
        "shape": {
          "type": "polyline",
          "points": [
            [
              509.33607,
              196.4589
            ],
            [
              474.29558,
              210.73905
            ],
            [
              509.33607,
              196.4589
            ]
          ]
        },
        "metadata": {
          "segment_id": 9918,
          "street_id": 32582897,
          "street_name": "Hu\u1ef3nh T\u1ea5n Ph\u00e1t",
          "street_type": "secondary",
          "street_level": 3,
          "street_group": "32582897",
          "composite": true
        },
        "length_hint": 75.67717287168178,
        "speed_limit": 11.11111111111111
      },
      {
        "start": "5806324083",
        "end": "5806324083",
        "reverse": false,
        "shape": {
          "type": "polyline",
          "points": [
            [
              469.22342,
              212.8758
            ],
            [
              474.29558,
              210.73905
            ],
            [
              469.22342,
              212.8758
            ]
          ]
        },
        "metadata": {
          "segment_id": 9921,
          "street_id": 32582897,
          "street_name": "Hu\u1ef3nh T\u1ea5n Ph\u00e1t",
          "street_type": "secondary",
          "street_level": 3,
          "street_group": "32582897",
          "composite": true
        },
        "length_hint": 11.00772594646142,
        "speed_limit": 11.11111111111111
      },
      {
        "start": "366464945",
        "end": "366464945",
        "reverse": false,
        "shape": {
          "type": "polyline",
          "points": [
            [
              350.70555,
              3.1968
            ],
            [
              372.10917,
              7.992
            ],
            [
              350.70555,
              3.1968
            ]
          ]
        },
        "metadata": {
          "segment_id": 24855,
          "street_id": 140674262,
          "street_name": "Nguy\u1ec5n B\u00ecnh",
          "street_type": "secondary",
          "street_level": 3,
          "street_group": "140674262",
          "composite": true
        },
        "length_hint": 43.86838917235961,
        "speed_limit": 11.11111111111111
      },
      {
        "start": "5811473942",
        "end": "5811473942",
        "reverse": false,
        "shape": {
          "type": "polyline",
          "points": [
            [
              583.95904,
              55.69425
            ],
            [
              554.63565,
              48.9621
            ],
            [
              583.95904,
              55.69425
            ]
          ]
        },
        "metadata": {
          "segment_id": 24866,
          "street_id": 140674262,
          "street_name": "Nguy\u1ec5n B\u00ecnh",
          "street_type": "secondary",
          "street_level": 3,
          "street_group": "140674262",
          "composite": true
        },
        "length_hint": 60.17252013052451,
        "speed_limit": 11.11111111111111
      },
      {
        "start": "5811473942",
        "end": "5811473942",
        "reverse": false,
        "shape": {
          "type": "polyline",
          "points": [
            [
              583.95904,
              55.69425
            ],
            [
              591.48529,
              57.42585
            ],
            [
              583.95904,
              55.69425
            ]
          ]
        },
        "metadata": {
          "segment_id": 24867,
          "street_id": 140674262,
          "street_name": "Nguy\u1ec5n B\u00ecnh",
          "street_type": "secondary",
          "street_level": 3,
          "street_group": "140674262",
          "composite": true
        },
        "length_hint": 15.44576027555783,
        "speed_limit": 11.11111111111111
      },
      {
        "start": "2609809407",
        "end": "2609809407",
        "reverse": false,
        "shape": {
          "type": "polyline",
          "points": [
            [
              740.11907,
              90.9534
            ],
            [
              711.40784,
              84.04365
            ],
            [
              740.11907,
              90.9534
            ]
          ]
        },
        "metadata": {
          "segment_id": 24882,
          "street_id": 140674262,
          "street_name": "Nguy\u1ec5n B\u00ecnh",
          "street_type": "secondary",
          "street_level": 3,
          "street_group": "140674262",
          "composite": true
        },
        "length_hint": 59.0619800946565,
        "speed_limit": 11.11111111111111
      },
      {
        "start": "5786076830",
        "end": "5786076830",
        "reverse": false,
        "shape": {
          "type": "polyline",
          "points": [
            [
              623.72188,
              64.96275
            ],
            [
              611.68098,
              62.06565
            ],
            [
              623.72188,
              64.96275
            ]
          ]
        },
        "metadata": {
          "segment_id": 24874,
          "street_id": 140674262,
          "street_name": "Nguy\u1ec5n B\u00ecnh",
          "street_type": "secondary",
          "street_level": 3,
          "street_group": "140674262",
          "composite": true
        },
        "length_hint": 24.769050140851338,
        "speed_limit": 11.11111111111111
      },
      {
        "start": "5786076830",
        "end": "5786076830",
        "reverse": false,
        "shape": {
          "type": "polyline",
          "points": [
            [
              623.72188,
              64.96275
            ],
            [
              643.94491,
              69.0975
            ],
            [
              623.72188,
              64.96275
            ]
          ]
        },
        "metadata": {
          "segment_id": 24875,
          "street_id": 140674262,
          "street_name": "Nguy\u1ec5n B\u00ecnh",
          "street_type": "secondary",
          "street_level": 3,
          "street_group": "140674262",
          "composite": true
        },
        "length_hint": 41.282785755973386,
        "speed_limit": 11.11111111111111
      },
      {
        "start": "5786076821",
        "end": "5786076821",
        "reverse": false,
        "shape": {
          "type": "polyline",
          "points": [
            [
              643.94491,
              69.0975
            ],
            [
              677.25825,
              76.479
            ],
            [
              643.94491,
              69.0975
            ]
          ]
        },
        "metadata": {
          "segment_id": 24877,
          "street_id": 140674262,
          "street_name": "Nguy\u1ec5n B\u00ecnh",
          "street_type": "secondary",
          "street_level": 3,
          "street_group": "140674262",
          "composite": true
        },
        "length_hint": 68.24266009485841,
        "speed_limit": 11.11111111111111
      },
      {
        "start": "366472572",
        "end": "366472572",
        "reverse": false,
        "shape": {
          "type": "polyline",
          "points": [
            [
              711.40784,
              84.04365
            ],
            [
              677.25825,
              76.479
            ],
            [
              711.40784,
              84.04365
            ]
          ]
        },
        "metadata": {
          "segment_id": 24880,
          "street_id": 140674262,
          "street_name": "Nguy\u1ec5n B\u00ecnh",
          "street_type": "secondary",
          "street_level": 3,
          "street_group": "140674262",
          "composite": true
        },
        "length_hint": 69.95479759932408,
        "speed_limit": 11.11111111111111
      },
      {
        "start": "5786076807",
        "end": "5786076807",
        "reverse": false,
        "shape": {
          "type": "polyline",
          "points": [
            [
              611.68098,
              62.06565
            ],
            [
              597.96212,
              58.91325
            ],
            [
              611.68098,
              62.06565
            ]
          ]
        },
        "metadata": {
          "segment_id": 24872,
          "street_id": 140674262,
          "street_name": "Nguy\u1ec5n B\u00ecnh",
          "street_type": "secondary",
          "street_level": 3,
          "street_group": "140674262",
          "composite": true
        },
        "length_hint": 28.152779291544103,
        "speed_limit": 11.11111111111111
      },
      {
        "start": "366402933",
        "end": "366402933",
        "reverse": false,
        "shape": {
          "type": "polyline",
          "points": [
            [
              597.96212,
              58.91325
            ],
            [
              591.48529,
              57.42585
            ],
            [
              597.96212,
              58.91325
            ]
          ]
        },
        "metadata": {
          "segment_id": 24870,
          "street_id": 140674262,
          "street_name": "Nguy\u1ec5n B\u00ecnh",
          "street_type": "secondary",
          "street_level": 3,
          "street_group": "140674262",
          "composite": true
        },
        "length_hint": 13.290851832580307,
        "speed_limit": 11.11111111111111
      },
      {
        "start": "5786076954",
        "end": "5786076954",
        "reverse": false,
        "shape": {
          "type": "polyline",
          "points": [
            [
              372.10917,
              7.992
            ],
            [
              470.55705,
              30.04215
            ],
            [
              372.10917,
              7.992
            ]
          ]
        },
        "metadata": {
          "segment_id": 24857,
          "street_id": 140674262,
          "street_name": "Nguy\u1ec5n B\u00ecnh",
          "street_type": "secondary",
          "street_level": 3,
          "street_group": "140674262",
          "composite": true
        },
        "length_hint": 201.7740735725668,
        "speed_limit": 11.11111111111111
      },
      {
        "start": "5786076841",
        "end": "5786076841",
        "reverse": false,
        "shape": {
          "type": "polyline",
          "points": [
            [
              470.55705,
              30.04215
            ],
            [
              495.32752,
              35.59215
            ],
            [
              470.55705,
              30.04215
            ]
          ]
        },
        "metadata": {
          "segment_id": 24859,
          "street_id": 140674262,
          "street_name": "Nguy\u1ec5n B\u00ecnh",
          "street_type": "secondary",
          "street_level": 3,
          "street_group": "140674262",
          "composite": true
        },
        "length_hint": 50.76923020968112,
        "speed_limit": 11.11111111111111
      },
      {
        "start": "366452585",
        "end": "366452585",
        "reverse": false,
        "shape": {
          "type": "polyline",
          "points": [
            [
              539.60502,
              45.51
            ],
            [
              495.32752,
              35.59215
            ],
            [
              539.60502,
              45.51
            ]
          ]
        },
        "metadata": {
          "segment_id": 24862,
          "street_id": 140674262,
          "street_name": "Nguy\u1ec5n B\u00ecnh",
          "street_type": "secondary",
          "street_level": 3,
          "street_group": "140674262",
          "composite": true
        },
        "length_hint": 90.74934170279138,
        "speed_limit": 11.11111111111111
      },
      {
        "start": "366452585",
        "end": "366452585",
        "reverse": false,
        "shape": {
          "type": "polyline",
          "points": [
            [
              539.60502,
              45.51
            ],
            [
              554.63565,
              48.9621
            ],
            [
              539.60502,
              45.51
            ]
          ]
        },
        "metadata": {
          "segment_id": 24863,
          "street_id": 140674262,
          "street_name": "Nguy\u1ec5n B\u00ecnh",
          "street_type": "secondary",
          "street_level": 3,
          "street_group": "140674262",
          "composite": true
        },
        "length_hint": 30.843918856520332,
        "speed_limit": 11.11111111111111
      },
      {
        "start": "5786076802",
        "end": "5786076802",
        "reverse": false,
        "shape": {
          "type": "polyline",
          "points": [
            [
              340.70882,
              0.8214
            ],
            [
              337.24904,
              0.0
            ],
            [
              340.70882,
              0.8214
            ]
          ]
        },
        "metadata": {
          "segment_id": 24852,
          "street_id": 140674261,
          "street_name": "Nguy\u1ec5n B\u00ecnh",
          "street_type": "secondary",
          "street_level": 3,
          "street_group": "140674261",
          "composite": true
        },
        "length_hint": 7.111898651808858,
        "speed_limit": 11.11111111111111
      },
      {
        "start": "5786076802",
        "end": "5786076802",
        "reverse": false,
        "shape": {
          "type": "polyline",
          "points": [
            [
              340.70882,
              0.8214
            ],
            [
              350.70555,
              3.1968
            ],
            [
              340.70882,
              0.8214
            ]
          ]
        },
        "metadata": {
          "segment_id": 24853,
          "street_id": 140674261,
          "street_name": "Nguy\u1ec5n B\u00ecnh",
          "street_type": "secondary",
          "street_level": 3,
          "street_group": "140674261",
          "composite": true
        },
        "length_hint": 20.550147041118734,
        "speed_limit": 11.11111111111111
      },
      {
        "start": "5806323052",
        "end": "2609809407",
        "reverse": false,
        "shape": {
          "type": "polyline",
          "points": [
            [
              760.19999,
              100.26075
            ],
            [
              754.59766,
              94.77735
            ],
            [
              749.17024,
              92.29095
            ],
            [
              740.11907,
              90.9534
            ]
          ]
        },
        "metadata": {
          "segment_id": 83214,
          "street_id": 613718568,
          "street_name": "X\u00e3 Ph\u00fa Xu\u00e2n",
          "street_type": "secondary",
          "street_level": 3,
          "street_group": "613718568",
          "composite": true
        },
        "length_hint": 22.95855838192131,
        "speed_limit": 11.11111111111111
      },
      {
        "start": "2609809407",
        "end": "366420500",
        "reverse": false,
        "shape": {
          "type": "polyline",
          "points": [
            [
              740.11907,
              90.9534
            ],
            [
              749.73321,
              104.0292
            ]
          ]
        },
        "metadata": {
          "segment_id": 83213,
          "street_id": 613718567,
          "street_name": "Nguy\u1ec5n B\u00ecnh",
          "street_type": "secondary",
          "street_level": 3,
          "street_group": "613718567",
          "composite": true
        },
        "length_hint": 16.229856240262894,
        "speed_limit": 11.11111111111111
      }
    ]
  }
}