{
  "observation": {
    "type": "Kinematics"
  },
  "action": {
    "type": "DiscreteMetaAction"
  },
  "simulation_frequency": 15,
  "policy_frequency": 1,
  "other_vehicles_type": "highway_env.vehicle.behavior.IDMVehicle",
  "screen_width": 600,
  "screen_height": 150,
  "centering_position": [
    0.3,
    0.5
  ],
  "scaling": 5.5,
  "show_trajectories": false,
  "render_agent": true,
  "offscreen_rendering": false,
  "manual_control": false,
  "real_time_rendering": false,
  "destination": null,
  "initial_vehicle_count": 0,
  "controlled_vehicles": 0,
  "spawn_probability": 0.0,
  "duration": 40.0,
  "collision_reward": -5,
  "high_speed_reward": 1.0,
  "arrived_reward": 1.0,
  "reward_speed_range": [
    6.0,
    12.0
  ],
  "auto_curve": false,
  "corner_radius": 25.0,
  "curve_samples": 8,
  "exit_distance": 5.0,
  "graph": {
    "nodes": {
      "5763159552": [
        88.02483,
        476.2344
      ],
      "2024972803": [
        720.38795,
        663.2694
      ],
      "3110866947": [
        322.60101,
        11.49405
      ],
      "3110866948": [
        462.77392,
        14.0415
      ],
      "3110866951": [
        478.59707,
        17.982
      ],
      "5778630663": [
        439.6978,
        664.91775
      ],
      "5778630664": [
        411.39103,
        648.9837
      ],
      "5778630665": [
        356.34067,
        615.54495
      ],
      "5778630667": [
        278.96846,
        569.34675
      ],
      "5778630668": [
        278.44376,
        571.01175
      ],
      "5778630666": [
        304.84301,
        584.6037
      ],
      "5778630669": [
        237.15599,
        544.08315
      ],
      "2024972815": [
        714.88948,
        651.33135
      ],
      "366379023": [
        473.66156,
        16.81095
      ],
      "5778630672": [
        109.47217,
        466.93815
      ],
      "5778630670": [
        197.67189,
        521.1672
      ],
      "2024972819": [
        1047.3943,
        551.07615
      ],
      "5778630671": [
        148.15827,
        491.05845
      ],
      "3110866965": [
        678.16555,
        37.17945
      ],
      "5778630673": [
        103.03359,
        463.2474
      ],
      "5778630674": [
        69.70932,
        441.5802
      ],
      "5778630675": [
        43.07505,
        425.9514
      ],
      "5778630681": [
        132.0673,
        475.60725
      ],
      "5778630676": [
        17.16771,
        409.3902
      ],
      "366376987": [
        685.27094,
        34.2213
      ],
      "3116773404": [
        130.52598,
        121.28415
      ],
      "2024972830": [
        756.15538,
        630.50775
      ],
      "3110866975": [
        885.45705,
        47.73
      ],
      "3116773409": [
        160.47245,
        102.9747
      ],
      "366418980": [
        342.36492,
        4.45665
      ],
      "366383141": [
        612.85064,
        64.3245
      ],
      "3110866982": [
        915.08105,
        54.53985
      ],
      "3116773417": [
        69.04251,
        156.65985
      ],
      "3116773419": [
        20.35967,
        184.30995
      ],
      "366447659": [
        508.99173,
        23.79285
      ],
      "5763285555": [
        244.34336,
        516.00015
      ],
      "2217825343": [
        9.59227,
        387.83955
      ],
      "5778630720": [
        107.88712,
        472.65465
      ],
      "5778630721": [
        104.37268,
        480.87975
      ],
      "5778630722": [
        106.712,
        475.22985
      ],
      "366449228": [
        33.50464,
        176.1348
      ],
      "5755576911": [
        639.24989,
        55.19475
      ],
      "2024972892": [
        731.96974,
        646.2975
      ],
      "2024972895": [
        1055.65295,
        537.96705
      ],
      "2024972896": [
        736.36415,
        641.76315
      ],
      "366410345": [
        962.04766,
        66.22815
      ],
      "5755527797": [
        606.7728,
        64.50765
      ],
      "3722374264": [
        187.29256,
        537.4509
      ],
      "3722374265": [
        84.6197,
        474.13095
      ],
      "2024972921": [
        1067.69932,
        534.22635
      ],
      "366470281": [
        1051.77778,
        90.0765
      ],
      "4934947981": [
        487.00875,
        663.4026
      ],
      "4934947982": [
        405.57008,
        613.62465
      ],
      "4934947983": [
        372.21848,
        591.8409
      ],
      "4934947984": [
        315.58854,
        558.74625
      ],
      "4934947985": [
        273.26229,
        533.577
      ],
      "4934947986": [
        202.30679,
        490.44795
      ],
      "676031635": [
        46.76985,
        413.7969
      ],
      "366379155": [
        996.09887,
        74.9472
      ],
      "366456468": [
        736.26576,
        23.50425
      ],
      "4934947990": [
        13.63141,
        374.6583
      ],
      "4934947991": [
        0.0,
        364.86255
      ],
      "366420632": [
        43.02039,
        420.4458
      ],
      "4934947989": [
        24.62837,
        382.2618
      ],
      "4934947988": [
        40.89971,
        392.1297
      ],
      "5755527835": [
        572.15863,
        61.9713
      ],
      "4934947987": [
        121.09221,
        441.47475
      ],
      "5755527837": [
        576.0502,
        63.44205
      ],
      "4970196127": [
        951.07804,
        63.10905
      ],
      "5764784287": [
        420.076,
        622.49355
      ],
      "2024972965": [
        157.439,
        480.186
      ],
      "366448295": [
        119.6766,
        126.6621
      ],
      "5755527848": [
        217.85119,
        70.596
      ],
      "366421675": [
        352.15942,
        1.88145
      ],
      "366401713": [
        172.86316,
        95.2935
      ],
      "2024972978": [
        274.98398,
        550.6377
      ],
      "366403249": [
        292.05877,
        23.37105
      ],
      "5755527857": [
        162.78444,
        466.61625
      ],
      "5755527868": [
        109.54322,
        434.3652
      ],
      "5753337022": [
        491.08615,
        20.3685
      ],
      "5778616003": [
        104.22511,
        442.78455
      ],
      "4935305926": [
        349.96768,
        636.77925
      ],
      "4935305928": [
        208.99132,
        550.7598
      ],
      "4935305932": [
        246.42032,
        573.91995
      ],
      "4935305934": [
        285.90441,
        598.4454
      ],
      "5755527886": [
        188.98692,
        482.4171
      ],
      "5753225425": [
        1023.15947,
        83.25
      ],
      "5778616020": [
        464.12941,
        659.0181
      ],
      "5778616021": [
        434.84428,
        642.1239
      ],
      "5778616022": [
        385.55475,
        612.6978
      ],
      "5778616023": [
        346.97796,
        588.7218
      ],
      "5778616024": [
        308.64165,
        566.1555
      ],
      "5753337049": [
        396.87964,
        1.9425
      ],
      "5778616026": [
        277.58018,
        547.1967
      ],
      "5778616027": [
        244.35976,
        527.14455
      ],
      "5778616028": [
        213.82299,
        508.8795
      ],
      "5778616025": [
        304.79381,
        563.325
      ],
      "5778616030": [
        202.61287,
        501.74775
      ],
      "5778616031": [
        148.40423,
        468.94725
      ],
      "5778616032": [
        106.65734,
        444.31635
      ],
      "5778616033": [
        65.56633,
        418.48665
      ],
      "5455972578": [
        102.99533,
        485.7804
      ],
      "5778616035": [
        11.99717,
        381.7401
      ],
      "5778616034": [
        24.14739,
        391.1307
      ],
      "366449374": [
        341.56693,
        601.1538
      ],
      "5455972577": [
        110.20457,
        462.72015
      ],
      "5753225440": [
        773.70023,
        27.306
      ],
      "5765438184": [
        99.24587,
        138.8832
      ],
      "5753225452": [
        858.06304,
        40.7703
      ],
      "2024973042": [
        747.80382,
        634.44825
      ],
      "2024973046": [
        742.73167,
        624.5193
      ],
      "5753225467": [
        928.81085,
        57.62565
      ],
      "366456574": [
        425.4433,
        652.57455
      ],
      "5455981830": [
        280.6355,
        586.0023
      ],
      "5455981831": [
        279.56969,
        578.48205
      ],
      "5455981832": [
        276.57449,
        563.2251
      ],
      "366440710": [
        636.44053,
        56.49345
      ],
      "366443782": [
        706.09519,
        30.4251
      ],
      "2024973073": [
        723.42141,
        639.0825
      ],
      "366417683": [
        548.36651,
        49.20075
      ],
      "5755237651": [
        1087.9934,
        107.8809
      ],
      "5755237652": [
        882.52198,
        54.7452
      ],
      "5755237654": [
        758.07384,
        16.61115
      ],
      "2024973079": [
        1077.63593,
        530.3691
      ],
      "5755237653": [
        837.90561,
        42.9237
      ],
      "5755237657": [
        773.8314,
        27.35595
      ],
      "5755237658": [
        847.2082,
        45.1215
      ],
      "5755237659": [
        876.6737,
        53.0136
      ],
      "5755237660": [
        912.58323,
        62.39865
      ],
      "5755237661": [
        959.87232,
        73.1601
      ],
      "3110290718": [
        363.39687,
        0.6327
      ],
      "5755237662": [
        1066.99971,
        102.2088
      ],
      "3110290720": [
        562.4953,
        57.28155
      ],
      "5755237655": [
        760.87227,
        23.7984
      ],
      "4066470696": [
        21.12486,
        395.5818
      ],
      "4066470697": [
        28.3177,
        410.6334
      ],
      "5742130985": [
        1047.32325,
        540.03165
      ],
      "366479158": [
        211.74603,
        513.0198
      ],
      "2217876792": [
        795.45911,
        608.47425
      ],
      "2024973115": [
        719.30575,
        644.41605
      ],
      "2217876796": [
        705.91483,
        664.16295
      ],
      "366369088": [
        2.78203,
        195.05475
      ],
      "5763285312": [
        264.45707,
        528.2268
      ],
      "2217876802": [
        797.88041,
        618.08685
      ],
      "2024973122": [
        741.35431,
        638.12235
      ],
      "366383940": [
        540.74735,
        44.7108
      ],
      "366445385": [
        213.99789,
        72.69945
      ],
      "5763285330": [
        226.81491,
        561.74325
      ],
      "2024973142": [
        4.29056,
        395.16
      ],
      "5753177434": [
        220.32715,
        69.2418
      ],
      "5811572061": [
        264.867,
        41.90805
      ],
      "5811572062": [
        283.5815,
        28.7712
      ],
      "2674326881": [
        621.21314,
        62.88705
      ],
      "366397793": [
        749.37247,
        22.6107
      ],
      "2674326882": [
        724.51455,
        24.864
      ],
      "2024973161": [
        723.61271,
        657.11445
      ],
      "366446455": [
        250.93497,
        547.7073
      ],
      "5755410297": [
        982.92111,
        79.4094
      ],
      "5755410301": [
        691.95547,
        33.71625
      ],
      "5755410302": [
        722.30094,
        17.77665
      ],
      "5755410303": [
        751.51502,
        15.61215
      ],
      "366409088": [
        305.9744,
        569.00265
      ],
      "2217879425": [
        975.44952,
        569.97945
      ],
      "5755410304": [
        690.94432,
        29.35395
      ],
      "366385024": [
        154.69523,
        489.1992
      ],
      "2217879423": [
        972.97356,
        560.15595
      ],
      "366403973": [
        378.34551,
        0.08325
      ],
      "5753377671": [
        847.67825,
        37.5291
      ],
      "366421898": [
        204.49306,
        519.17475
      ],
      "366388109": [
        1068.65035,
        95.1381
      ],
      "2024972686": [
        1072.52552,
        543.0786
      ],
      "2024972687": [
        1088.35413,
        537.5286
      ],
      "2024973204": [
        80.35647,
        444.14985
      ],
      "2024972698": [
        1059.18378,
        547.62405
      ],
      "366446490": [
        712.3698,
        28.42155
      ],
      "366414238": [
        839.2283,
        35.4645
      ],
      "2024973215": [
        89.85036,
        441.0696
      ],
      "2024972725": [
        1044.80357,
        540.6588
      ],
      "2024972726": [
        711.92161,
        656.81475
      ],
      "2024973240": [
        754.50475,
        619.34115
      ],
      "366452155": [
        63.01933,
        160.55595
      ],
      "2024972734": [
        1085.86725,
        527.06685
      ],
      "2024972740": [
        734.52768,
        629.45325
      ],
      "4068051921": [
        765.28854,
        627.59955
      ],
      "2217878484": [
        884.27646,
        584.12085
      ],
      "4066459094": [
        10.88764,
        399.6333
      ],
      "2217878488": [
        886.63217,
        593.6058
      ],
      "4066458586": [
        132.26406,
        465.23985
      ],
      "2024972762": [
        727.71744,
        651.26475
      ],
      "5757513187": [
        219.02085,
        500.61
      ],
      "5763160554": [
        79.44917,
        470.90085
      ],
      "5753153002": [
        204.03395,
        78.5214
      ],
      "5753153005": [
        181.488,
        90.5871
      ],
      "5753153006": [
        147.77021,
        108.71895
      ],
      "5763159536": [
        87.47279,
        420.78435
      ],
      "2024972785": [
        728.78871,
        633.53805
      ],
      "3185949681": [
        137.6423,
        116.2281
      ],
      "3185949682": [
        306.02906,
        18.1152
      ],
      "3185949684": [
        800.91386,
        26.5734
      ],
      "3185949685": [
        977.17667,
        70.35735
      ],
      "3185949683": [
        594.63352,
        64.8684
      ],
      "3110866940": [
        358.46136,
        0.4107
      ],
      "3110866942": [
        386.28715,
        0.0
      ],
      "2024972799": [
        94.68749,
        141.6138
      ]
    },
    "edges": [
      {
        "start": "4935305926",
        "end": "5763160554",
        "reverse": false,
        "shape": {
          "type": "polyline",
          "points": [
            [
              349.96768,
              636.77925
            ],
            [
              285.90441,
              598.4454
            ],
            [
              246.42032,
              573.91995
            ],
            [
              226.81491,
              561.74325
            ],
            [
              208.99132,
              550.7598
            ],
            [
              187.29256,
              537.4509
            ],
            [
              102.99533,
              485.7804
            ],
            [
              88.02483,
              476.2344
            ],
            [
              84.6197,
              474.13095
            ],
            [
              79.44917,
              470.90085
            ]
          ]
        },
        "metadata": {
          "segment_id": 55885,
          "street_id": 368396813,
          "street_name": "Nguy\u1ec5n V\u0103n B\u00e1 (n\u1ed1i d\u00e0i)",
          "street_type": "tertiary",
          "street_level": 4,
          "street_group": "368396813",
          "composite": true
        },
        "length_hint": 317.33475035635365,
        "speed_limit": 13.88888888888889
      },
      {
        "start": "3110866951",
        "end": "3110866951",
        "reverse": false,
        "shape": {
          "type": "polyline",
          "points": [
            [
              478.59707,
              17.982
            ],
            [
              473.66156,
              16.81095
            ],
            [
              478.59707,
              17.982
            ]
          ]
        },
        "metadata": {
          "segment_id": 29887,
          "street_id": 191937846,
          "street_name": "L\u00ea V\u0103n Vi\u1ec7t",
          "street_type": "tertiary",
          "street_level": 4,
          "street_group": "191937846",
          "composite": true
        },
        "length_hint": 10.145071130869347,
        "speed_limit": 13.88888888888889
      },
      {
        "start": "3110866951",
        "end": "3110866951",
        "reverse": false,
        "shape": {
          "type": "polyline",
          "points": [
            [
              478.59707,
              17.982
            ],
            [
              491.08615,
              20.3685
            ],
            [
              478.59707,
              17.982
            ]
          ]
        },
        "metadata": {
          "segment_id": 29888,
          "street_id": 191937846,
          "street_name": "L\u00ea V\u0103n Vi\u1ec7t",
          "street_type": "tertiary",
          "street_level": 4,
          "street_group": "191937846",
          "composite": true
        },
        "length_hint": 25.43010039275504,
        "speed_limit": 13.88888888888889
      },
      {
        "start": "5753337022",
        "end": "5753337022",
        "reverse": false,
        "shape": {
          "type": "polyline",
          "points": [
            [
              491.08615,
              20.3685
            ],
            [
              508.99173,
              23.79285
            ],
            [
              491.08615,
              20.3685
            ]
          ]
        },
        "metadata": {
          "segment_id": 29890,
          "street_id": 191937846,
          "street_name": "L\u00ea V\u0103n Vi\u1ec7t",
          "street_type": "tertiary",
          "street_level": 4,
          "street_group": "191937846",
          "composite": true
        },
        "length_hint": 36.46016829686344,
        "speed_limit": 13.88888888888889
      },
      {
        "start": "366418980",
        "end": "366418980",
        "reverse": false,
        "shape": {
          "type": "polyline",
          "points": [
            [
              342.36492,
              4.45665
            ],
            [
              322.60101,
              11.49405
            ],
            [
              342.36492,
              4.45665
            ]
          ]
        },
        "metadata": {
          "segment_id": 29869,
          "street_id": 191937846,
          "street_name": "L\u00ea V\u0103n Vi\u1ec7t",
          "street_type": "tertiary",
          "street_level": 4,
          "street_group": "191937846",
          "composite": true
        },
        "length_hint": 41.95889117925308,
        "speed_limit": 13.88888888888889
      },
      {
        "start": "366418980",
        "end": "366418980",
        "reverse": false,
        "shape": {
          "type": "polyline",
          "points": [
            [
              342.36492,
              4.45665
            ],
            [
              352.15942,
              1.88145
            ],
            [
              342.36492,
              4.45665
            ]
          ]
        },
        "metadata": {
          "segment_id": 29870,
          "street_id": 191937846,
          "street_name": "L\u00ea V\u0103n Vi\u1ec7t",
          "street_type": "tertiary",
          "street_level": 4,
          "street_group": "191937846",
          "composite": true
        },
        "length_hint": 20.254765887563405,
        "speed_limit": 13.88888888888889
      },
      {
        "start": "5753153006",
        "end": "5753153006",
        "reverse": false,
        "shape": {
          "type": "polyline",
          "points": [
            [
              147.77021,
              108.71895
            ],
            [
              137.6423,
              116.2281
            ],
            [
              147.77021,
              108.71895
            ]
          ]
        },
        "metadata": {
          "segment_id": 29843,
          "street_id": 191937846,
          "street_name": "L\u00ea V\u0103n Vi\u1ec7t",
          "street_type": "tertiary",
          "street_level": 4,
          "street_group": "191937846",
          "composite": true
        },
        "length_hint": 25.216018297153862,
        "speed_limit": 13.88888888888889
      },
      {
        "start": "5753153006",
        "end": "5753153006",
        "reverse": false,
        "shape": {
          "type": "polyline",
          "points": [
            [
              147.77021,
              108.71895
            ],
            [
              160.47245,
              102.9747
            ],
            [
              147.77021,
              108.71895
            ]
          ]
        },
        "metadata": {
          "segment_id": 29844,
          "street_id": 191937846,
          "street_name": "L\u00ea V\u0103n Vi\u1ec7t",
          "street_type": "tertiary",
          "street_level": 4,
          "street_group": "191937846",
          "composite": true
        },
        "length_hint": 27.88141381494852,
        "speed_limit": 13.88888888888889
      },
      {
        "start": "366369088",
        "end": "366369088",
        "reverse": false,
        "shape": {
          "type": "polyline",
          "points": [
            [
              2.78203,
              195.05475
            ],
            [
              20.35967,
              184.30995
            ],
            [
              2.78203,
              195.05475
            ]
          ]
        },
        "metadata": {
          "segment_id": 29824,
          "street_id": 191937846,
          "street_name": "L\u00ea V\u0103n Vi\u1ec7t",
          "street_type": "tertiary",
          "street_level": 4,
          "street_group": "191937846",
          "composite": true
        },
        "length_hint": 41.20311420315706,
        "speed_limit": 13.88888888888889
      },
      {
        "start": "2024972799",
        "end": "2024972799",
        "reverse": false,
        "shape": {
          "type": "polyline",
          "points": [
            [
              94.68749,
              141.6138
            ],
            [
              69.04251,
              156.65985
            ],
            [
              94.68749,
              141.6138
            ]
          ]
        },
        "metadata": {
          "segment_id": 29833,
          "street_id": 191937846,
          "street_name": "L\u00ea V\u0103n Vi\u1ec7t",
          "street_type": "tertiary",
          "street_level": 4,
          "street_group": "191937846",
          "composite": true
        },
        "length_hint": 59.46591022772292,
        "speed_limit": 13.88888888888889
      },
      {
        "start": "2024972799",
        "end": "2024972799",
        "reverse": false,
        "shape": {
          "type": "polyline",
          "points": [
            [
              94.68749,
              141.6138
            ],
            [
              99.24587,
              138.8832
            ],
            [
              94.68749,
              141.6138
            ]
          ]
        },
        "metadata": {
          "segment_id": 29834,
          "street_id": 191937846,
          "street_name": "L\u00ea V\u0103n Vi\u1ec7t",
          "street_type": "tertiary",
          "street_level": 4,
          "street_group": "191937846",
          "composite": true
        },
        "length_hint": 10.627324138163859,
        "speed_limit": 13.88888888888889
      },
      {
        "start": "3116773419",
        "end": "3116773419",
        "reverse": false,
        "shape": {
          "type": "polyline",
          "points": [
            [
              20.35967,
              184.30995
            ],
            [
              33.50464,
              176.1348
            ],
            [
              20.35967,
              184.30995
            ]
          ]
        },
        "metadata": {
          "segment_id": 29826,
          "street_id": 191937846,
          "street_name": "L\u00ea V\u0103n Vi\u1ec7t",
          "street_type": "tertiary",
          "street_level": 4,
          "street_group": "191937846",
          "composite": true
        },
        "length_hint": 30.959542233269506,
        "speed_limit": 13.88888888888889
      },
      {
        "start": "3116773417",
        "end": "3116773417",
        "reverse": false,
        "shape": {
          "type": "polyline",
          "points": [
            [
              69.04251,
              156.65985
            ],
            [
              63.01933,
              160.55595
            ],
            [
              69.04251,
              156.65985
            ]
          ]
        },
        "metadata": {
          "segment_id": 29831,
          "street_id": 191937846,
          "street_name": "L\u00ea V\u0103n Vi\u1ec7t",
          "street_type": "tertiary",
          "street_level": 4,
          "street_group": "191937846",
          "composite": true
        },
        "length_hint": 14.346887121936922,
        "speed_limit": 13.88888888888889
      },
      {
        "start": "366452155",
        "end": "366452155",
        "reverse": false,
        "shape": {
          "type": "polyline",
          "points": [
            [
              63.01933,
              160.55595
            ],
            [
              33.50464,
              176.1348
            ],
            [
              63.01933,
              160.55595
            ]
          ]
        },
        "metadata": {
          "segment_id": 29829,
          "street_id": 191937846,
          "street_name": "L\u00ea V\u0103n Vi\u1ec7t",
          "street_type": "tertiary",
          "street_level": 4,
          "street_group": "191937846",
          "composite": true
        },
        "length_hint": 66.7478087466128,
        "speed_limit": 13.88888888888889
      },
      {
        "start": "366448295",
        "end": "366448295",
        "reverse": false,
        "shape": {
          "type": "polyline",
          "points": [
            [
              119.6766,
              126.6621
            ],
            [
              99.24587,
              138.8832
            ],
            [
              119.6766,
              126.6621
            ]
          ]
        },
        "metadata": {
          "segment_id": 29837,
          "street_id": 191937846,
          "street_name": "L\u00ea V\u0103n Vi\u1ec7t",
          "street_type": "tertiary",
          "street_level": 4,
          "street_group": "191937846",
          "composite": true
        },
        "length_hint": 47.61386409620205,
        "speed_limit": 13.88888888888889
      },
      {
        "start": "366448295",
        "end": "366448295",
        "reverse": false,
        "shape": {
          "type": "polyline",
          "points": [
            [
              119.6766,
              126.6621
            ],
            [
              130.52598,
              121.28415
            ],
            [
              119.6766,
              126.6621
            ]
          ]
        },
        "metadata": {
          "segment_id": 29838,
          "street_id": 191937846,
          "street_name": "L\u00ea V\u0103n Vi\u1ec7t",
          "street_type": "tertiary",
          "street_level": 4,
          "street_group": "191937846",
          "composite": true
        },
        "length_hint": 24.21828999635608,
        "speed_limit": 13.88888888888889
      },
      {
        "start": "3116773404",
        "end": "3116773404",
        "reverse": false,
        "shape": {
          "type": "polyline",
          "points": [
            [
              130.52598,
              121.28415
            ],
            [
              137.6423,
              116.2281
            ],
            [
              130.52598,
              121.28415
            ]
          ]
        },
        "metadata": {
          "segment_id": 29840,
          "street_id": 191937846,
          "street_name": "L\u00ea V\u0103n Vi\u1ec7t",
          "street_type": "tertiary",
          "street_level": 4,
          "street_group": "191937846",
          "composite": true
        },
        "length_hint": 17.459169733397978,
        "speed_limit": 13.88888888888889
      },
      {
        "start": "5811572061",
        "end": "5811572061",
        "reverse": false,
        "shape": {
          "type": "polyline",
          "points": [
            [
              264.867,
              41.90805
            ],
            [
              220.32715,
              69.2418
            ],
            [
              264.867,
              41.90805
            ]
          ]
        },
        "metadata": {
          "segment_id": 29859,
          "street_id": 191937846,
          "street_name": "L\u00ea V\u0103n Vi\u1ec7t",
          "street_type": "tertiary",
          "street_level": 4,
          "street_group": "191937846",
          "composite": true
        },
        "length_hint": 104.51664225538443,
        "speed_limit": 13.88888888888889
      },
      {
        "start": "5811572061",
        "end": "5811572061",
        "reverse": false,
        "shape": {
          "type": "polyline",
          "points": [
            [
              264.867,
              41.90805
            ],
            [
              283.5815,
              28.7712
            ],
            [
              264.867,
              41.90805
            ]
          ]
        },
        "metadata": {
          "segment_id": 29860,
          "street_id": 191937846,
          "street_name": "L\u00ea V\u0103n Vi\u1ec7t",
          "street_type": "tertiary",
          "street_level": 4,
          "street_group": "191937846",
          "composite": true
        },
        "length_hint": 45.730048684535625,
        "speed_limit": 13.88888888888889
      },
      {
        "start": "366445385",
        "end": "366445385",
        "reverse": false,
        "shape": {
          "type": "polyline",
          "points": [
            [
              213.99789,
              72.69945
            ],
            [
              204.03395,
              78.5214
            ],
            [
              213.99789,
              72.69945
            ]
          ]
        },
        "metadata": {
          "segment_id": 29853,
          "street_id": 191937846,
          "street_name": "L\u00ea V\u0103n Vi\u1ec7t",
          "street_type": "tertiary",
          "street_level": 4,
          "street_group": "191937846",
          "composite": true
        },
        "length_hint": 23.080312140532257,
        "speed_limit": 13.88888888888889
      },
      {
        "start": "366445385",
        "end": "366445385",
        "reverse": false,
        "shape": {
          "type": "polyline",
          "points": [
            [
              213.99789,
              72.69945
            ],
            [
              217.85119,
              70.596
            ],
            [
              213.99789,
              72.69945
            ]
          ]
        },
        "metadata": {
          "segment_id": 29854,
          "street_id": 191937846,
          "street_name": "L\u00ea V\u0103n Vi\u1ec7t",
          "street_type": "tertiary",
          "street_level": 4,
          "street_group": "191937846",
          "composite": true
        },
        "length_hint": 8.780073528735372,
        "speed_limit": 13.88888888888889
      },
      {
        "start": "5755527848",
        "end": "5755527848",
        "reverse": false,
        "shape": {
          "type": "polyline",
          "points": [
            [
              217.85119,
              70.596
            ],
            [
              220.32715,
              69.2418
            ],
            [
              217.85119,
              70.596
            ]
          ]
        },
        "metadata": {
          "segment_id": 29856,
          "street_id": 191937846,
          "street_name": "L\u00ea V\u0103n Vi\u1ec7t",
          "street_type": "tertiary",
          "street_level": 4,
          "street_group": "191937846",
          "composite": true
        },
        "length_hint": 5.6441954472183005,
        "speed_limit": 13.88888888888889
      },
      {
        "start": "366401713",
        "end": "366401713",
        "reverse": false,
        "shape": {
          "type": "polyline",
          "points": [
            [
              172.86316,
              95.2935
            ],
            [
              160.47245,
              102.9747
            ],
            [
              172.86316,
              95.2935
            ]
          ]
        },
        "metadata": {
          "segment_id": 29847,
          "street_id": 191937846,
          "street_name": "L\u00ea V\u0103n Vi\u1ec7t",
          "street_type": "tertiary",
          "street_level": 4,
          "street_group": "191937846",
          "composite": true
        },
        "length_hint": 29.156853584987505,
        "speed_limit": 13.88888888888889
      },
      {
        "start": "366401713",
        "end": "366401713",
        "reverse": false,
        "shape": {
          "type": "polyline",
          "points": [
            [
              172.86316,
              95.2935
            ],
            [
              181.488,
              90.5871
            ],
            [
              172.86316,
              95.2935
            ]
          ]
        },
        "metadata": {
          "segment_id": 29848,
          "street_id": 191937846,
          "street_name": "L\u00ea V\u0103n Vi\u1ec7t",
          "street_type": "tertiary",
          "street_level": 4,
          "street_group": "191937846",
          "composite": true
        },
        "length_hint": 19.650757337629507,
        "speed_limit": 13.88888888888889
      },
      {
        "start": "5753153002",
        "end": "5753153002",
        "reverse": false,
        "shape": {
          "type": "polyline",
          "points": [
            [
              204.03395,
              78.5214
            ],
            [
              181.488,
              90.5871
            ],
            [
              204.03395,
              78.5214
            ]
          ]
        },
        "metadata": {
          "segment_id": 29851,
          "street_id": 191937846,
          "street_name": "L\u00ea V\u0103n Vi\u1ec7t",
          "street_type": "tertiary",
          "street_level": 4,
          "street_group": "191937846",
          "composite": true
        },
        "length_hint": 51.14297519278676,
        "speed_limit": 13.88888888888889
      },
      {
        "start": "3110866947",
        "end": "3110866947",
        "reverse": false,
        "shape": {
          "type": "polyline",
          "points": [
            [
              322.60101,
              11.49405
            ],
            [
              306.02906,
              18.1152
            ],
            [
              322.60101,
              11.49405
            ]
          ]
        },
        "metadata": {
          "segment_id": 29867,
          "street_id": 191937846,
          "street_name": "L\u00ea V\u0103n Vi\u1ec7t",
          "street_type": "tertiary",
          "street_level": 4,
          "street_group": "191937846",
          "composite": true
        },
        "length_hint": 35.69140816078843,
        "speed_limit": 13.88888888888889
      },
      {
        "start": "5811572062",
        "end": "5811572062",
        "reverse": false,
        "shape": {
          "type": "polyline",
          "points": [
            [
              283.5815,
              28.7712
            ],
            [
              292.05877,
              23.37105
            ],
            [
              283.5815,
              28.7712
            ]
          ]
        },
        "metadata": {
          "segment_id": 29862,
          "street_id": 191937846,
          "street_name": "L\u00ea V\u0103n Vi\u1ec7t",
          "street_type": "tertiary",
          "street_level": 4,
          "street_group": "191937846",
          "composite": true
        },
        "length_hint": 20.102310979128703,
        "speed_limit": 13.88888888888889
      },
      {
        "start": "366403249",
        "end": "366403249",
        "reverse": false,
        "shape": {
          "type": "polyline",
          "points": [
            [
              292.05877,
              23.37105
            ],
            [
              306.02906,
              18.1152
            ],
            [
              292.05877,
              23.37105
            ]
          ]
        },
        "metadata": {
          "segment_id": 29864,
          "street_id": 191937846,
          "street_name": "L\u00ea V\u0103n Vi\u1ec7t",
          "street_type": "tertiary",
          "street_level": 4,
          "street_group": "191937846",
          "composite": true
        },
        "length_hint": 29.85250153046481,
        "speed_limit": 13.88888888888889
      },
      {
        "start": "366421675",
        "end": "366421675",
        "reverse": false,
        "shape": {
          "type": "polyline",
          "points": [
            [
              352.15942,
              1.88145
            ],
            [
              358.46136,
              0.4107
            ],
            [
              352.15942,
              1.88145
            ]
          ]
        },
        "metadata": {
          "segment_id": 29872,
          "street_id": 191937846,
          "street_name": "L\u00ea V\u0103n Vi\u1ec7t",
          "street_type": "tertiary",
          "street_level": 4,
          "street_group": "191937846",
          "composite": true
        },
        "length_hint": 12.942573673902732,
        "speed_limit": 13.88888888888889
      },
      {
        "start": "5753337049",
        "end": "5753337049",
        "reverse": false,
        "shape": {
          "type": "polyline",
          "points": [
            [
              396.87964,
              1.9425
            ],
            [
              386.28715,
              0.0
            ],
            [
              396.87964,
              1.9425
            ]
          ]
        },
        "metadata": {
          "segment_id": 29881,
          "street_id": 191937846,
          "street_name": "L\u00ea V\u0103n Vi\u1ec7t",
          "street_type": "tertiary",
          "street_level": 4,
          "street_group": "191937846",
          "composite": true
        },
        "length_hint": 21.53825904293102,
        "speed_limit": 13.88888888888889
      },
      {
        "start": "5753337049",
        "end": "5753337049",
        "reverse": false,
        "shape": {
          "type": "polyline",
          "points": [
            [
              396.87964,
              1.9425
            ],
            [
              462.77392,
              14.0415
            ],
            [
              396.87964,
              1.9425
            ]
          ]
        },
        "metadata": {
          "segment_id": 29882,
          "street_id": 191937846,
          "street_name": "L\u00ea V\u0103n Vi\u1ec7t",
          "street_type": "tertiary",
          "street_level": 4,
          "street_group": "191937846",
          "composite": true
        },
        "length_hint": 133.99167045332928,
        "speed_limit": 13.88888888888889
      },
      {
        "start": "3110866942",
        "end": "3110866942",
        "reverse": false,
        "shape": {
          "type": "polyline",
          "points": [
            [
              386.28715,
              0.0
            ],
            [
              378.34551,
              0.08325
            ],
            [
              386.28715,
              0.0
            ]
          ]
        },
        "metadata": {
          "segment_id": 29879,
          "street_id": 191937846,
          "street_name": "L\u00ea V\u0103n Vi\u1ec7t",
          "street_type": "tertiary",
          "street_level": 4,
          "street_group": "191937846",
          "composite": true
        },
        "length_hint": 15.884152662587967,
        "speed_limit": 13.88888888888889
      },
      {
        "start": "3110290718",
        "end": "3110290718",
        "reverse": false,
        "shape": {
          "type": "polyline",
          "points": [
            [
              363.39687,
              0.6327
            ],
            [
              358.46136,
              0.4107
            ],
            [
              363.39687,
              0.6327
            ]
          ]
        },
        "metadata": {
          "segment_id": 29875,
          "street_id": 191937846,
          "street_name": "L\u00ea V\u0103n Vi\u1ec7t",
          "street_type": "tertiary",
          "street_level": 4,
          "street_group": "191937846",
          "composite": true
        },
        "length_hint": 9.881000548547632,
        "speed_limit": 13.88888888888889
      },
      {
        "start": "3110290718",
        "end": "3110290718",
        "reverse": false,
        "shape": {
          "type": "polyline",
          "points": [
            [
              363.39687,
              0.6327
            ],
            [
              378.34551,
              0.08325
            ],
            [
              363.39687,
              0.6327
            ]
          ]
        },
        "metadata": {
          "segment_id": 29876,
          "street_id": 191937846,
          "street_name": "L\u00ea V\u0103n Vi\u1ec7t",
          "street_type": "tertiary",
          "street_level": 4,
          "street_group": "191937846",
          "composite": true
        },
        "length_hint": 29.917468686511587,
        "speed_limit": 13.88888888888889
      },
      {
        "start": "3110866948",
        "end": "3110866948",
        "reverse": false,
        "shape": {
          "type": "polyline",
          "points": [
            [
              462.77392,
              14.0415
            ],
            [
              473.66156,
              16.81095
            ],
            [
              462.77392,
              14.0415
            ]
          ]
        },
        "metadata": {
          "segment_id": 29884,
          "street_id": 191937846,
          "street_name": "L\u00ea V\u0103n Vi\u1ec7t",
          "street_type": "tertiary",
          "street_level": 4,
          "street_group": "191937846",
          "composite": true
        },
        "length_hint": 22.468694494527334,
        "speed_limit": 13.88888888888889
      },
      {
        "start": "5778630663",
        "end": "5778630667",
        "reverse": false,
        "shape": {
          "type": "polyline",
          "points": [
            [
              439.6978,
              664.91775
            ],
            [
              411.39103,
              648.9837
            ],
            [
              356.34067,
              615.54495
            ],
            [
              304.84301,
              584.6037
            ],
            [
              278.96846,
              569.34675
            ]
          ]
        },
        "metadata": {
          "segment_id": 82042,
          "street_id": 610137706,
          "street_name": "Xa L\u1ed9 H\u00e0 N\u1ed9i",
          "street_type": "primary",
          "street_level": 2,
          "street_group": "610137706",
          "composite": true
        },
        "length_hint": 187.0094680936586,
        "speed_limit": 16.666666666666668
      },
      {
        "start": "5778630667",
        "end": "5778630676",
        "reverse": false,
        "shape": {
          "type": "polyline",
          "points": [
            [
              278.96846,
              569.34675
            ],
            [
              237.15599,
              544.08315
            ],
            [
              197.67189,
              521.1672
            ],
            [
              148.15827,
              491.05845
            ],
            [
              109.47217,
              466.93815
            ],
            [
              103.03359,
              463.2474
            ],
            [
              69.70932,
              441.5802
            ],
            [
              43.07505,
              425.9514
            ],
            [
              17.16771,
              409.3902
            ]
          ]
        },
        "metadata": {
          "segment_id": 82046,
          "street_id": 610137708,
          "street_name": "Xa L\u1ed9 H\u00e0 N\u1ed9i",
          "street_type": "primary",
          "street_level": 2,
          "street_group": "610137708",
          "composite": true
        },
        "length_hint": 306.8431931961408,
        "speed_limit": 16.666666666666668
      },
      {
        "start": "4935305934",
        "end": "5778630667",
        "reverse": false,
        "shape": {
          "type": "polyline",
          "points": [
            [
              285.90441,
              598.4454
            ],
            [
              280.6355,
              586.0023
            ],
            [
              279.56969,
              578.48205
            ],
            [
              278.44376,
              571.01175
            ],
            [
              278.96846,
              569.34675
            ]
          ]
        },
        "metadata": {
          "segment_id": 69425,
          "street_id": 566572238,
          "street_name": "Nguy\u1ec5n V\u0103n B\u00e1 (n\u1ed1i d\u00e0i)",
          "street_type": "primary_link",
          "street_level": 3,
          "street_group": "566572238",
          "composite": true
        },
        "length_hint": 30.40846009184305,
        "speed_limit": 16.666666666666668
      },
      {
        "start": "2217876796",
        "end": "2024972734",
        "reverse": false,
        "shape": {
          "type": "polyline",
          "points": [
            [
              705.91483,
              664.16295
            ],
            [
              711.92161,
              656.81475
            ],
            [
              714.88948,
              651.33135
            ],
            [
              719.30575,
              644.41605
            ],
            [
              723.42141,
              639.0825
            ],
            [
              728.78871,
              633.53805
            ],
            [
              734.52768,
              629.45325
            ],
            [
              742.73167,
              624.5193
            ],
            [
              754.50475,
              619.34115
            ],
            [
              795.45911,
              608.47425
            ],
            [
              884.27646,
              584.12085
            ],
            [
              972.97356,
              560.15595
            ],
            [
              1044.80357,
              540.6588
            ],
            [
              1047.32325,
              540.03165
            ],
            [
              1055.65295,
              537.96705
            ],
            [
              1067.69932,
              534.22635
            ],
            [
              1077.63593,
              530.3691
            ],
            [
              1085.86725,
              527.06685
            ]
          ]
        },
        "metadata": {
          "segment_id": 29786,
          "street_id": 191937836,
          "street_name": "\u0110\u01b0\u1eddng D1",
          "street_type": "secondary",
          "street_level": 3,
          "street_group": "191937836",
          "composite": true
        },
        "length_hint": 411.9579606834183,
        "speed_limit": 11.11111111111111
      },
      {
        "start": "2024972687",
        "end": "2024972803",
        "reverse": false,
        "shape": {
          "type": "polyline",
          "points": [
            [
              1088.35413,
              537.5286
            ],
            [
              1072.52552,
              543.0786
            ],
            [
              1059.18378,
              547.62405
            ],
            [
              1047.3943,
              551.07615
            ],
            [
              975.44952,
              569.97945
            ],
            [
              886.63217,
              593.6058
            ],
            [
              797.88041,
              618.08685
            ],
            [
              765.28854,
              627.59955
            ],
            [
              756.15538,
              630.50775
            ],
            [
              747.80382,
              634.44825
            ],
            [
              741.35431,
              638.12235
            ],
            [
              736.36415,
              641.76315
            ],
            [
              731.96974,
              646.2975
            ],
            [
              727.71744,
              651.26475
            ],
            [
              723.61271,
              657.11445
            ],
            [
              720.38795,
              663.2694
            ]
          ]
        },
        "metadata": {
          "segment_id": 60314,
          "street_id": 435246815,
          "street_name": "\u0110\u01b0\u1eddng D1",
          "street_type": "secondary",
          "street_level": 3,
          "street_group": "435246815",
          "composite": true
        },
        "length_hint": 394.8306597497586,
        "speed_limit": 11.11111111111111
      },
      {
        "start": "3185949683",
        "end": "3185949683",
        "reverse": false,
        "shape": {
          "type": "polyline",
          "points": [
            [
              594.63352,
              64.8684
            ],
            [
              576.0502,
              63.44205
            ],
            [
              594.63352,
              64.8684
            ]
          ]
        },
        "metadata": {
          "segment_id": 78636,
          "street_id": 607221721,
          "street_name": "L\u00ea V\u0103n Vi\u1ec7t",
          "street_type": "tertiary",
          "street_level": 4,
          "street_group": "607221721",
          "composite": true
        },
        "length_hint": 37.27595774999743,
        "speed_limit": 13.88888888888889
      },
      {
        "start": "3185949683",
        "end": "3185949683",
        "reverse": false,
        "shape": {
          "type": "polyline",
          "points": [
            [
              594.63352,
              64.8684
            ],
            [
              606.7728,
              64.50765
            ],
            [
              594.63352,
              64.8684
            ]
          ]
        },
        "metadata": {
          "segment_id": 78637,
          "street_id": 607221721,
          "street_name": "L\u00ea V\u0103n Vi\u1ec7t",
          "street_type": "tertiary",
          "street_level": 4,
          "street_group": "607221721",
          "composite": true
        },
        "length_hint": 24.289278250363854,
        "speed_limit": 13.88888888888889
      },
      {
        "start": "366417683",
        "end": "366417683",
        "reverse": false,
        "shape": {
          "type": "polyline",
          "points": [
            [
              548.36651,
              49.20075
            ],
            [
              540.74735,
              44.7108
            ],
            [
              548.36651,
              49.20075
            ]
          ]
        },
        "metadata": {
          "segment_id": 78628,
          "street_id": 607221721,
          "street_name": "L\u00ea V\u0103n Vi\u1ec7t",
          "street_type": "tertiary",
          "street_level": 4,
          "street_group": "607221721",
          "composite": true
        },
        "length_hint": 17.687424923724706,
        "speed_limit": 13.88888888888889
      },
      {
        "start": "366417683",
        "end": "366417683",
        "reverse": false,
        "shape": {
          "type": "polyline",
          "points": [
            [
              548.36651,
              49.20075
            ],
            [
              562.4953,
              57.28155
            ],
            [
              548.36651,
              49.20075
            ]
          ]
        },
        "metadata": {
          "segment_id": 78629,
          "street_id": 607221721,
          "street_name": "L\u00ea V\u0103n Vi\u1ec7t",
          "street_type": "tertiary",
          "street_level": 4,
          "street_group": "607221721",
          "composite": true
        },
        "length_hint": 32.55285151897466,
        "speed_limit": 13.88888888888889
      },
      {
        "start": "3110290720",
        "end": "3110290720",
        "reverse": false,
        "shape": {
          "type": "polyline",
          "points": [
            [
              562.4953,
              57.28155
            ],
            [
              572.15863,
              61.9713
            ],
            [
              562.4953,
              57.28155
            ]
          ]
        },
        "metadata": {
          "segment_id": 78631,
          "street_id": 607221721,
          "street_name": "L\u00ea V\u0103n Vi\u1ec7t",
          "street_type": "tertiary",
          "street_level": 4,
          "street_group": "607221721",
          "composite": true
        },
        "length_hint": 21.482430193197366,
        "speed_limit": 13.88888888888889
      },
      {
        "start": "5755527835",
        "end": "5755527835",
        "reverse": false,
        "shape": {
          "type": "polyline",
          "points": [
            [
              572.15863,
              61.9713
            ],
            [
              576.0502,
              63.44205
            ],
            [
              572.15863,
              61.9713
            ]
          ]
        },
        "metadata": {
          "segment_id": 78633,
          "street_id": 607221721,
          "street_name": "L\u00ea V\u0103n Vi\u1ec7t",
          "street_type": "tertiary",
          "street_level": 4,
          "street_group": "607221721",
          "composite": true
        },
        "length_hint": 8.320438120051136,
        "speed_limit": 13.88888888888889
      },
      {
        "start": "366383940",
        "end": "366383940",
        "reverse": false,
        "shape": {
          "type": "polyline",
          "points": [
            [
              540.74735,
              44.7108
            ],
            [
              508.99173,
              23.79285
            ],
            [
              540.74735,
              44.7108
            ]
          ]
        },
        "metadata": {
          "segment_id": 78626,
          "street_id": 607221721,
          "street_name": "L\u00ea V\u0103n Vi\u1ec7t",
          "street_type": "tertiary",
          "street_level": 4,
          "street_group": "607221721",
          "composite": true
        },
        "length_hint": 76.0520883023444,
        "speed_limit": 13.88888888888889
      },
      {
        "start": "5755527797",
        "end": "5755527797",
        "reverse": false,
        "shape": {
          "type": "polyline",
          "points": [
            [
              606.7728,
              64.50765
            ],
            [
              612.85064,
              64.3245
            ],
            [
              606.7728,
              64.50765
            ]
          ]
        },
        "metadata": {
          "segment_id": 78639,
          "street_id": 607221721,
          "street_name": "L\u00ea V\u0103n Vi\u1ec7t",
          "street_type": "tertiary",
          "street_level": 4,
          "street_group": "607221721",
          "composite": true
        },
        "length_hint": 12.161197800891236,
        "speed_limit": 13.88888888888889
      },
      {
        "start": "3110866965",
        "end": "3110866965",
        "reverse": false,
        "shape": {
          "type": "polyline",
          "points": [
            [
              678.16555,
              37.17945
            ],
            [
              639.24989,
              55.19475
            ],
            [
              678.16555,
              37.17945
            ]
          ]
        },
        "metadata": {
          "segment_id": 78648,
          "street_id": 607221721,
          "street_name": "L\u00ea V\u0103n Vi\u1ec7t",
          "street_type": "tertiary",
          "street_level": 4,
          "street_group": "607221721",
          "composite": true
        },
        "length_hint": 85.76665149871714,
        "speed_limit": 13.88888888888889
      },
      {
        "start": "3110866965",
        "end": "3110866965",
        "reverse": false,
        "shape": {
          "type": "polyline",
          "points": [
            [
              678.16555,
              37.17945
            ],
            [
              685.27094,
              34.2213
            ],
            [
              678.16555,
              37.17945
            ]
          ]
        },
        "metadata": {
          "segment_id": 78649,
          "street_id": 607221721,
          "street_name": "L\u00ea V\u0103n Vi\u1ec7t",
          "street_type": "tertiary",
          "street_level": 4,
          "street_group": "607221721",
          "composite": true
        },
        "length_hint": 15.393143730193545,
        "speed_limit": 13.88888888888889
      },
      {
        "start": "366383141",
        "end": "366383141",
        "reverse": false,
        "shape": {
          "type": "polyline",
          "points": [
            [
              612.85064,
              64.3245
            ],
            [
              621.21314,
              62.88705
            ],
            [
              612.85064,
              64.3245
            ]
          ]
        },
        "metadata": {
          "segment_id": 78641,
          "street_id": 607221721,
          "street_name": "L\u00ea V\u0103n Vi\u1ec7t",
          "street_type": "tertiary",
          "street_level": 4,
          "street_group": "607221721",
          "composite": true
        },
        "length_hint": 16.970288006100454,
        "speed_limit": 13.88888888888889
      },
      {
        "start": "5755576911",
        "end": "5755576911",
        "reverse": false,
        "shape": {
          "type": "polyline",
          "points": [
            [
              639.24989,
              55.19475
            ],
            [
              636.44053,
              56.49345
            ],
            [
              639.24989,
              55.19475
            ]
          ]
        },
        "metadata": {
          "segment_id": 78646,
          "street_id": 607221721,
          "street_name": "L\u00ea V\u0103n Vi\u1ec7t",
          "street_type": "tertiary",
          "street_level": 4,
          "street_group": "607221721",
          "composite": true
        },
        "length_hint": 6.190032406894321,
        "speed_limit": 13.88888888888889
      },
      {
        "start": "366440710",
        "end": "366440710",
        "reverse": false,
        "shape": {
          "type": "polyline",
          "points": [
            [
              636.44053,
              56.49345
            ],
            [
              621.21314,
              62.88705
            ],
            [
              636.44053,
              56.49345
            ]
          ]
        },
        "metadata": {
          "segment_id": 78644,
          "street_id": 607221721,
          "street_name": "L\u00ea V\u0103n Vi\u1ec7t",
          "street_type": "tertiary",
          "street_level": 4,
          "street_group": "607221721",
          "composite": true
        },
        "length_hint": 33.03038160070818,
        "speed_limit": 13.88888888888889
      },
      {
        "start": "366456574",
        "end": "2024973142",
        "reverse": false,
        "shape": {
          "type": "polyline",
          "points": [
            [
              425.4433,
              652.57455
            ],
            [
              341.56693,
              601.1538
            ],
            [
              276.57449,
              563.2251
            ],
            [
              250.93497,
              547.7073
            ],
            [
              204.49306,
              519.17475
            ],
            [
              154.69523,
              489.1992
            ],
            [
              132.0673,
              475.60725
            ],
            [
              110.20457,
              462.72015
            ],
            [
              80.35647,
              444.14985
            ],
            [
              43.02039,
              420.4458
            ],
            [
              28.3177,
              410.6334
            ],
            [
              10.88764,
              399.6333
            ],
            [
              4.29056,
              395.16
            ]
          ]
        },
        "metadata": {
          "segment_id": 18041,
          "street_id": 32899405,
          "street_name": "Xa l\u1ed9 H\u00e0 N\u1ed9i",
          "street_type": "trunk",
          "street_level": 1,
          "street_group": "32899405",
          "composite": true
        },
        "length_hint": 493.6448818112938,
        "speed_limit": 16.666666666666668
      },
      {
        "start": "366376987",
        "end": "366388109",
        "reverse": false,
        "shape": {
          "type": "polyline",
          "points": [
            [
              685.27094,
              34.2213
            ],
            [
              690.94432,
              29.35395
            ],
            [
              722.30094,
              17.77665
            ],
            [
              751.51502,
              15.61215
            ],
            [
              758.07384,
              16.61115
            ],
            [
              800.91386,
              26.5734
            ],
            [
              839.2283,
              35.4645
            ],
            [
              847.67825,
              37.5291
            ],
            [
              858.06304,
              40.7703
            ],
            [
              885.45705,
              47.73
            ],
            [
              915.08105,
              54.53985
            ],
            [
              928.81085,
              57.62565
            ],
            [
              951.07804,
              63.10905
            ],
            [
              962.04766,
              66.22815
            ],
            [
              977.17667,
              70.35735
            ],
            [
              996.09887,
              74.9472
            ],
            [
              1023.15947,
              83.25
            ],
            [
              1051.77778,
              90.0765
            ],
            [
              1068.65035,
              95.1381
            ]
          ]
        },
        "metadata": {
          "segment_id": 13330,
          "street_id": 32586067,
          "street_name": "L\u00ea V\u0103n Vi\u1ec7t",
          "street_type": "tertiary",
          "street_level": 4,
          "street_group": "32586067",
          "composite": true
        },
        "length_hint": 397.2881314781229,
        "speed_limit": 13.88888888888889
      },
      {
        "start": "4934947991",
        "end": "4934947981",
        "reverse": false,
        "shape": {
          "type": "polyline",
          "points": [
            [
              0.0,
              364.86255
            ],
            [
              13.63141,
              374.6583
            ],
            [
              24.62837,
              382.2618
            ],
            [
              40.89971,
              392.1297
            ],
            [
              87.47279,
              420.78435
            ],
            [
              109.54322,
              434.3652
            ],
            [
              121.09221,
              441.47475
            ],
            [
              162.78444,
              466.61625
            ],
            [
              188.98692,
              482.4171
            ],
            [
              202.30679,
              490.44795
            ],
            [
              219.02085,
              500.61
            ],
            [
              244.34336,
              516.00015
            ],
            [
              264.45707,
              528.2268
            ],
            [
              273.26229,
              533.577
            ],
            [
              315.58854,
              558.74625
            ],
            [
              372.21848,
              591.8409
            ],
            [
              405.57008,
              613.62465
            ],
            [
              420.076,
              622.49355
            ],
            [
              487.00875,
              663.4026
            ]
          ]
        },
        "metadata": {
          "segment_id": 81844,
          "street_id": 610099998,
          "street_name": "\u0110\u01b0\u1eddng Song H\u00e0nh Xa l\u1ed9 H\u00e0 N\u1ed9i",
          "street_type": "tertiary",
          "street_level": 4,
          "street_group": "610099998",
          "composite": true
        },
        "length_hint": 571.3340375184234,
        "speed_limit": 13.88888888888889
      },
      {
        "start": "2217825343",
        "end": "366409088",
        "reverse": false,
        "shape": {
          "type": "polyline",
          "points": [
            [
              9.59227,
              387.83955
            ],
            [
              21.12486,
              395.5818
            ],
            [
              46.76985,
              413.7969
            ],
            [
              89.85036,
              441.0696
            ],
            [
              132.26406,
              465.23985
            ],
            [
              157.439,
              480.186
            ],
            [
              211.74603,
              513.0198
            ],
            [
              274.98398,
              550.6377
            ],
            [
              305.9744,
              569.00265
            ]
          ]
        },
        "metadata": {
          "segment_id": 56989,
          "street_id": 404368568,
          "street_name": "Xa L\u1ed9 H\u00e0 N\u1ed9i",
          "street_type": "trunk",
          "street_level": 1,
          "street_group": "404368568",
          "composite": true
        },
        "length_hint": 347.4934464403736,
        "speed_limit": 16.666666666666668
      },
      {
        "start": "5455972578",
        "end": "5778630672",
        "reverse": false,
        "shape": {
          "type": "polyline",
          "points": [
            [
              102.99533,
              485.7804
            ],
            [
              104.37268,
              480.87975
            ],
            [
              106.712,
              475.22985
            ],
            [
              107.88712,
              472.65465
            ],
            [
              109.47217,
              466.93815
            ]
          ]
        },
        "metadata": {
          "segment_id": 69421,
          "street_id": 566567523,
          "street_name": "Nguy\u1ec5n V\u0103n B\u00e1 (n\u1ed1i d\u00e0i)",
          "street_type": "primary_link",
          "street_level": 3,
          "street_group": "566567523",
          "composite": true
        },
        "length_hint": 19.96839948568117,
        "speed_limit": 16.666666666666668
      },
      {
        "start": "5755237655",
        "end": "366376987",
        "reverse": false,
        "shape": {
          "type": "polyline",
          "points": [
            [
              760.87227,
              23.7984
            ],
            [
              749.37247,
              22.6107
            ],
            [
              736.26576,
              23.50425
            ],
            [
              724.51455,
              24.864
            ],
            [
              712.3698,
              28.42155
            ],
            [
              706.09519,
              30.4251
            ],
            [
              691.95547,
              33.71625
            ],
            [
              685.27094,
              34.2213
            ]
          ]
        },
        "metadata": {
          "segment_id": 78869,
          "street_id": 607249905,
          "street_name": "L\u00ea V\u0103n Vi\u1ec7t",
          "street_type": "tertiary",
          "street_level": 4,
          "street_group": "607249905",
          "composite": true
        },
        "length_hint": 76.9908021698463,
        "speed_limit": 13.88888888888889
      },
      {
        "start": "5778616035",
        "end": "5778616028",
        "reverse": false,
        "shape": {
          "type": "polyline",
          "points": [
            [
              11.99717,
              381.7401
            ],
            [
              24.14739,
              391.1307
            ],
            [
              65.56633,
              418.48665
            ],
            [
              104.22511,
              442.78455
            ],
            [
              106.65734,
              444.31635
            ],
            [
              148.40423,
              468.94725
            ],
            [
              202.61287,
              501.74775
            ],
            [
              213.82299,
              508.8795
            ]
          ]
        },
        "metadata": {
          "segment_id": 56982,
          "street_id": 404368566,
          "street_name": "Xa L\u1ed9 H\u00e0 N\u1ed9i",
          "street_type": "primary",
          "street_level": 2,
          "street_group": "404368566",
          "composite": true
        },
        "length_hint": 238.64614905496643,
        "speed_limit": 16.666666666666668
      },
      {
        "start": "5778616028",
        "end": "5778616020",
        "reverse": false,
        "shape": {
          "type": "polyline",
          "points": [
            [
              213.82299,
              508.8795
            ],
            [
              244.35976,
              527.14455
            ],
            [
              277.58018,
              547.1967
            ],
            [
              304.79381,
              563.325
            ],
            [
              308.64165,
              566.1555
            ],
            [
              346.97796,
              588.7218
            ],
            [
              385.55475,
              612.6978
            ],
            [
              434.84428,
              642.1239
            ],
            [
              464.12941,
              659.0181
            ]
          ]
        },
        "metadata": {
          "segment_id": 82009,
          "street_id": 610137694,
          "street_name": "Xa L\u1ed9 H\u00e0 N\u1ed9i",
          "street_type": "primary",
          "street_level": 2,
          "street_group": "610137694",
          "composite": true
        },
        "length_hint": 291.9155576212081,
        "speed_limit": 16.666666666666668
      },
      {
        "start": "5755237651",
        "end": "5755237655",
        "reverse": false,
        "shape": {
          "type": "polyline",
          "points": [
            [
              1087.9934,
              107.8809
            ],
            [
              1066.99971,
              102.2088
            ],
            [
              982.92111,
              79.4094
            ],
            [
              959.87232,
              73.1601
            ],
            [
              912.58323,
              62.39865
            ],
            [
              882.52198,
              54.7452
            ],
            [
              876.6737,
              53.0136
            ],
            [
              847.2082,
              45.1215
            ],
            [
              837.90561,
              42.9237
            ],
            [
              773.8314,
              27.35595
            ],
            [
              760.87227,
              23.7984
            ]
          ]
        },
        "metadata": {
          "segment_id": 78663,
          "street_id": 607221724,
          "street_name": "L\u00ea V\u0103n Vi\u1ec7t",
          "street_type": "tertiary",
          "street_level": 4,
          "street_group": "607221724",
          "composite": true
        },
        "length_hint": 337.79965909274074,
        "speed_limit": 13.88888888888889
      },
      {
        "start": "2217876792",
        "end": "2217876792",
        "reverse": false,
        "shape": {
          "type": "polyline",
          "points": [
            [
              795.45911,
              608.47425
            ],
            [
              797.88041,
              618.08685
            ],
            [
              795.45911,
              608.47425
            ]
          ]
        },
        "metadata": {
          "segment_id": 33676,
          "street_id": 211841813,
          "street_name": "\u0110\u01b0\u1eddng D1",
          "street_type": "secondary_link",
          "street_level": 3,
          "street_group": "211841813",
          "composite": true
        },
        "length_hint": 19.82571788864158,
        "speed_limit": 11.11111111111111
      }
    ]
  }
}