{
  "observation": {
    "type": "Kinematics"
  },
  "action": {
    "type": "DiscreteMetaAction"
  },
  "simulation_frequency": 15,
  "policy_frequency": 1,
  "other_vehicles_type": "highway_env.vehicle.behavior.IDMVehicle",
  "screen_width": 600,
  "screen_height": 150,
  "centering_position": [
    0.3,
    0.5
  ],
  "scaling": 5.5,
  "show_trajectories": false,
  "render_agent": true,
  "offscreen_rendering": false,
  "manual_control": false,
  "real_time_rendering": false,
  "destination": null,
  "initial_vehicle_count": 0,
  "controlled_vehicles": 0,
  "spawn_probability": 0.0,
  "duration": 40.0,
  "collision_reward": -5,
  "high_speed_reward": 1.0,
  "arrived_reward": 1.0,
  "reward_speed_range": [
    6.0,
    12.0
  ],
  "auto_curve": false,
  "corner_radius": 25.0,
  "curve_samples": 8,
  "exit_distance": 5.0,
  "graph": {
    "nodes": {
      "1833100679": [
        133.22056,
        113.4975
      ],
      "1833100807": [
        199.63407,
        215.29005
      ],
      "1833100842": [
        265.64313,
        249.9942
      ],
      "714480397": [
        27.09886,
        4.90065
      ],
      "1833100878": [
        248.84162,
        266.3556
      ],
      "1833100749": [
        196.69354,
        180.7968
      ],
      "714480403": [
        0.0,
        11.433
      ],
      "4886880244": [
        717.66604,
        267.6432
      ],
      "1833100695": [
        117.61603,
        131.0577
      ],
      "714480440": [
        22.62793,
        0.0
      ],
      "1833100761": [
        180.80479,
        196.5588
      ],
      "1833100764": [
        218.55627,
        202.51395
      ],
      "714480636": [
        11.25384,
        20.76255
      ],
      "2657238747": [
        64.74102,
        73.3266
      ]
    },
    "edges": [
      {
        "start": "1833100679",
        "end": "1833100749",
        "reverse": false,
        "shape": {
          "type": "polyline",
          "points": [
            [
              133.22056,
              113.4975
            ],
            [
              196.69354,
              180.7968
            ]
          ]
        },
        "metadata": {
          "segment_id": 27511,
          "street_id": 172404070,
          "street_name": "C\u1ea7u K\u1ef3 H\u00e0 1",
          "street_type": "trunk",
          "street_level": 1,
          "street_group": "172404070",
          "composite": true
        },
        "length_hint": 92.50953988951842,
        "speed_limit": 16.666666666666668
      },
      {
        "start": "1833100807",
        "end": "1833100761",
        "reverse": false,
        "shape": {
          "type": "polyline",
          "points": [
            [
              199.63407,
              215.29005
            ],
            [
              180.80479,
              196.5588
            ]
          ]
        },
        "metadata": {
          "segment_id": 27510,
          "street_id": 172404061,
          "street_name": "V\u00f5 Ch\u00ed C\u00f4ng",
          "street_type": "trunk",
          "street_level": 1,
          "street_group": "172404061",
          "composite": true
        },
        "length_hint": 26.55939592462338,
        "speed_limit": 16.666666666666668
      },
      {
        "start": "714480636",
        "end": "714480636",
        "reverse": false,
        "shape": {
          "type": "polyline",
          "points": [
            [
              11.25384,
              20.76255
            ],
            [
              27.09886,
              4.90065
            ],
            [
              11.25384,
              20.76255
            ]
          ]
        },
        "metadata": {
          "segment_id": 22106,
          "street_id": 57533838,
          "street_name": "V\u00f5 Ch\u00ed C\u00f4ng",
          "street_type": "trunk_link",
          "street_level": 3,
          "street_group": "57533838",
          "composite": true
        },
        "length_hint": 44.840362639497016,
        "speed_limit": 16.666666666666668
      },
      {
        "start": "714480440",
        "end": "1833100679",
        "reverse": false,
        "shape": {
          "type": "polyline",
          "points": [
            [
              22.62793,
              0.0
            ],
            [
              27.09886,
              4.90065
            ],
            [
              133.22056,
              113.4975
            ]
          ]
        },
        "metadata": {
          "segment_id": 22183,
          "street_id": 57533899,
          "street_name": "V\u00f5 Ch\u00ed C\u00f4ng",
          "street_type": "trunk",
          "street_level": 1,
          "street_group": "57533899",
          "composite": true
        },
        "length_hint": 158.47270062049387,
        "speed_limit": 16.666666666666668
      },
      {
        "start": "1833100878",
        "end": "1833100807",
        "reverse": false,
        "shape": {
          "type": "polyline",
          "points": [
            [
              248.84162,
              266.3556
            ],
            [
              199.63407,
              215.29005
            ]
          ]
        },
        "metadata": {
          "segment_id": 27513,
          "street_id": 172404082,
          "street_name": "C\u1ea7u K\u1ef3 H\u00e0 4",
          "street_type": "trunk",
          "street_level": 1,
          "street_group": "172404082",
          "composite": true
        },
        "length_hint": 70.9159599371326,
        "speed_limit": 16.666666666666668
      },
      {
        "start": "1833100749",
        "end": "1833100764",
        "reverse": false,
        "shape": {
          "type": "polyline",
          "points": [
            [
              196.69354,
              180.7968
            ],
            [
              218.55627,
              202.51395
            ]
          ]
        },
        "metadata": {
          "segment_id": 27508,
          "street_id": 172404056,
          "street_name": "V\u00f5 Ch\u00ed C\u00f4ng",
          "street_type": "trunk",
          "street_level": 1,
          "street_group": "172404056",
          "composite": true
        },
        "length_hint": 30.815800609028482,
        "speed_limit": 16.666666666666668
      },
      {
        "start": "1833100695",
        "end": "714480403",
        "reverse": false,
        "shape": {
          "type": "polyline",
          "points": [
            [
              117.61603,
              131.0577
            ],
            [
              64.74102,
              73.3266
            ],
            [
              11.25384,
              20.76255
            ],
            [
              0.0,
              11.433
            ]
          ]
        },
        "metadata": {
          "segment_id": 27514,
          "street_id": 172404178,
          "street_name": "V\u00f5 Ch\u00ed C\u00f4ng",
          "street_type": "trunk",
          "street_level": 1,
          "street_group": "172404178",
          "composite": true
        },
        "length_hint": 167.89617725272436,
        "speed_limit": 16.666666666666668
      },
      {
        "start": "1833100761",
        "end": "1833100695",
        "reverse": false,
        "shape": {
          "type": "polyline",
          "points": [
            [
              180.80479,
              196.5588
            ],
            [
              117.61603,
              131.0577
            ]
          ]
        },
        "metadata": {
          "segment_id": 27512,
          "street_id": 172404071,
          "street_name": "C\u1ea7u K\u1ef3 H\u00e0 1",
          "street_type": "trunk",
          "street_level": 1,
          "street_group": "172404071",
          "composite": true
        },
        "length_hint": 91.01216122885775,
        "speed_limit": 16.666666666666668
      },
      {
        "start": "1833100764",
        "end": "1833100842",
        "reverse": false,
        "shape": {
          "type": "polyline",
          "points": [
            [
              218.55627,
              202.51395
            ],
            [
              265.64313,
              249.9942
            ]
          ]
        },
        "metadata": {
          "segment_id": 27509,
          "street_id": 172404059,
          "street_name": "C\u1ea7u K\u1ef3 H\u00e0 4",
          "street_type": "trunk",
          "street_level": 1,
          "street_group": "172404059",
          "composite": true
        },
        "length_hint": 66.86962333318543,
        "speed_limit": 16.666666666666668
      }
    ]
  }
}