{
  "observation": {
    "type": "Kinematics"
  },
  "action": {
    "type": "DiscreteMetaAction"
  },
  "simulation_frequency": 15,
  "policy_frequency": 1,
  "other_vehicles_type": "highway_env.vehicle.behavior.IDMVehicle",
  "screen_width": 600,
  "screen_height": 150,
  "centering_position": [
    0.3,
    0.5
  ],
  "scaling": 5.5,
  "show_trajectories": false,
  "render_agent": true,
  "offscreen_rendering": false,
  "manual_control": false,
  "real_time_rendering": false,
  "destination": null,
  "initial_vehicle_count": 0,
  "controlled_vehicles": 0,
  "spawn_probability": 0.0,
  "duration": 40.0,
  "collision_reward": -5,
  "high_speed_reward": 1.0,
  "arrived_reward": 1.0,
  "reward_speed_range": [
    6.0,
    12.0
  ],
  "auto_curve": false,
  "corner_radius": 25.0,
  "curve_samples": 8,
  "exit_distance": 5.0,
  "graph": {
    "nodes": {
      "366413441": [
        159.97508,
        781.9395
      ],
      "2993488900": [
        696.51385,
        425.57955
      ],
      "366369928": [
        675.96835,
        566.64945
      ],
      "366450057": [
        656.19897,
        371.9721
      ],
      "366412563": [
        186.12837,
        984.37575
      ],
      "366402326": [
        577.29091,
        701.24805
      ],
      "2636591513": [
        163.35833,
        816.2385
      ],
      "2299276698": [
        0.0,
        52.5918
      ],
      "2299276700": [
        15.927,
        76.47345
      ],
      "3806429597": [
        28.43795,
        116.04495
      ],
      "366428573": [
        58.08928,
        215.73405
      ],
      "366469151": [
        120.15211,
        428.06595
      ],
      "366420766": [
        565.57248,
        717.74265
      ],
      "366463521": [
        435.78437,
        89.01645
      ],
      "366372898": [
        346.68281,
        930.0579
      ],
      "366417956": [
        245.83003,
        970.90035
      ],
      "366398632": [
        368.66032,
        3.552
      ],
      "366479150": [
        282.8327,
        959.04555
      ],
      "366450868": [
        170.44186,
        970.04565
      ],
      "2993499702": [
        714.37024,
        449.328
      ],
      "366466358": [
        156.56996,
        672.53235
      ],
      "366412216": [
        580.70149,
        276.10695
      ],
      "366428089": [
        554.37876,
        729.78615
      ],
      "366430144": [
        519.12511,
        770.9283
      ],
      "366436931": [
        729.08932,
        468.8973
      ],
      "366411844": [
        9.39004,
        55.90515
      ],
      "366432328": [
        88.37463,
        321.97215
      ],
      "366433612": [
        200.49218,
        984.23145
      ],
      "2993499725": [
        643.78641,
        356.58195
      ],
      "366474831": [
        146.90116,
        509.99505
      ],
      "366468560": [
        728.92535,
        486.75165
      ],
      "366432466": [
        27.62903,
        113.331
      ],
      "366398677": [
        373.53571,
        909.9891
      ],
      "366477404": [
        152.55268,
        550.1937
      ],
      "366468061": [
        507.45588,
        182.5728
      ],
      "366442975": [
        456.51024,
        838.9602
      ],
      "2993505761": [
        606.87118,
        309.61785
      ],
      "366440675": [
        408.31385,
        885.3693
      ],
      "2306074471": [
        730.83287,
        477.5775
      ],
      "366463084": [
        167.16245,
        949.4163
      ],
      "366409326": [
        176.74379,
        979.1088
      ],
      "2592267509": [
        503.68455,
        172.54395
      ],
      "366376438": [
        327.21405,
        941.44095
      ],
      "2592267511": [
        498.10956,
        177.48345
      ],
      "2592267512": [
        440.29356,
        85.44225
      ],
      "2592267514": [
        373.08206,
        0.0
      ]
    },
    "edges": [
      {
        "start": "366466358",
        "end": "366466358",
        "reverse": false,
        "shape": {
          "type": "polyline",
          "points": [
            [
              156.56996,
              672.53235
            ],
            [
              159.97508,
              781.9395
            ],
            [
              156.56996,
              672.53235
            ]
          ]
        },
        "metadata": {
          "segment_id": 11999,
          "street_id": 32584958,
          "street_name": "\u0110\u01b0\u1eddng S\u1ed1 15",
          "street_type": "unclassified",
          "street_level": 4,
          "street_group": "32584958",
          "composite": true
        },
        "length_hint": 218.92025318217497,
        "speed_limit": 11.11111111111111
      },
      {
        "start": "366466358",
        "end": "366466358",
        "reverse": false,
        "shape": {
          "type": "polyline",
          "points": [
            [
              156.56996,
              672.53235
            ],
            [
              152.55268,
              550.1937
            ],
            [
              156.56996,
              672.53235
            ]
          ]
        },
        "metadata": {
          "segment_id": 12000,
          "street_id": 32584958,
          "street_name": "\u0110\u01b0\u1eddng S\u1ed1 15",
          "street_type": "unclassified",
          "street_level": 4,
          "street_group": "32584958",
          "composite": true
        },
        "length_hint": 244.80918138354926,
        "speed_limit": 11.11111111111111
      },
      {
        "start": "366432328",
        "end": "366432328",
        "reverse": false,
        "shape": {
          "type": "polyline",
          "points": [
            [
              88.37463,
              321.97215
            ],
            [
              120.15211,
              428.06595
            ],
            [
              88.37463,
              321.97215
            ]
          ]
        },
        "metadata": {
          "segment_id": 12007,
          "street_id": 32584958,
          "street_name": "\u0110\u01b0\u1eddng S\u1ed1 15",
          "street_type": "unclassified",
          "street_level": 4,
          "street_group": "32584958",
          "composite": true
        },
        "length_hint": 221.50126531097195,
        "speed_limit": 11.11111111111111
      },
      {
        "start": "366432328",
        "end": "366432328",
        "reverse": false,
        "shape": {
          "type": "polyline",
          "points": [
            [
              88.37463,
              321.97215
            ],
            [
              58.08928,
              215.73405
            ],
            [
              88.37463,
              321.97215
            ]
          ]
        },
        "metadata": {
          "segment_id": 12008,
          "street_id": 32584958,
          "street_name": "\u0110\u01b0\u1eddng S\u1ed1 15",
          "street_type": "unclassified",
          "street_level": 4,
          "street_group": "32584958",
          "composite": true
        },
        "length_hint": 220.94104477197078,
        "speed_limit": 11.11111111111111
      },
      {
        "start": "366428573",
        "end": "366428573",
        "reverse": false,
        "shape": {
          "type": "polyline",
          "points": [
            [
              58.08928,
              215.73405
            ],
            [
              28.43795,
              116.04495
            ],
            [
              58.08928,
              215.73405
            ]
          ]
        },
        "metadata": {
          "segment_id": 12010,
          "street_id": 32584958,
          "street_name": "\u0110\u01b0\u1eddng S\u1ed1 15",
          "street_type": "unclassified",
          "street_level": 4,
          "street_group": "32584958",
          "composite": true
        },
        "length_hint": 208.01075000661768,
        "speed_limit": 11.11111111111111
      },
      {
        "start": "2299276700",
        "end": "2299276700",
        "reverse": false,
        "shape": {
          "type": "polyline",
          "points": [
            [
              15.927,
              76.47345
            ],
            [
              27.62903,
              113.331
            ],
            [
              15.927,
              76.47345
            ]
          ]
        },
        "metadata": {
          "segment_id": 12015,
          "street_id": 32584958,
          "street_name": "\u0110\u01b0\u1eddng S\u1ed1 15",
          "street_type": "unclassified",
          "street_level": 4,
          "street_group": "32584958",
          "composite": true
        },
        "length_hint": 77.341230870045,
        "speed_limit": 11.11111111111111
      },
      {
        "start": "2299276700",
        "end": "2299276700",
        "reverse": false,
        "shape": {
          "type": "polyline",
          "points": [
            [
              15.927,
              76.47345
            ],
            [
              9.39004,
              55.90515
            ],
            [
              15.927,
              76.47345
            ]
          ]
        },
        "metadata": {
          "segment_id": 12016,
          "street_id": 32584958,
          "street_name": "\u0110\u01b0\u1eddng S\u1ed1 15",
          "street_type": "unclassified",
          "street_level": 4,
          "street_group": "32584958",
          "composite": true
        },
        "length_hint": 43.16418936718724,
        "speed_limit": 11.11111111111111
      },
      {
        "start": "3806429597",
        "end": "3806429597",
        "reverse": false,
        "shape": {
          "type": "polyline",
          "points": [
            [
              28.43795,
              116.04495
            ],
            [
              27.62903,
              113.331
            ],
            [
              28.43795,
              116.04495
            ]
          ]
        },
        "metadata": {
          "segment_id": 12012,
          "street_id": 32584958,
          "street_name": "\u0110\u01b0\u1eddng S\u1ed1 15",
          "street_type": "unclassified",
          "street_level": 4,
          "street_group": "32584958",
          "composite": true
        },
        "length_hint": 5.663877176952192,
        "speed_limit": 11.11111111111111
      },
      {
        "start": "366474831",
        "end": "366474831",
        "reverse": false,
        "shape": {
          "type": "polyline",
          "points": [
            [
              146.90116,
              509.99505
            ],
            [
              152.55268,
              550.1937
            ],
            [
              146.90116,
              509.99505
            ]
          ]
        },
        "metadata": {
          "segment_id": 12003,
          "street_id": 32584958,
          "street_name": "\u0110\u01b0\u1eddng S\u1ed1 15",
          "street_type": "unclassified",
          "street_level": 4,
          "street_group": "32584958",
          "composite": true
        },
        "length_hint": 81.18795822368989,
        "speed_limit": 11.11111111111111
      },
      {
        "start": "366474831",
        "end": "366474831",
        "reverse": false,
        "shape": {
          "type": "polyline",
          "points": [
            [
              146.90116,
              509.99505
            ],
            [
              120.15211,
              428.06595
            ],
            [
              146.90116,
              509.99505
            ]
          ]
        },
        "metadata": {
          "segment_id": 12004,
          "street_id": 32584958,
          "street_name": "\u0110\u01b0\u1eddng S\u1ed1 15",
          "street_type": "unclassified",
          "street_level": 4,
          "street_group": "32584958",
          "composite": true
        },
        "length_hint": 172.37040468377975,
        "speed_limit": 11.11111111111111
      },
      {
        "start": "366413441",
        "end": "366413441",
        "reverse": false,
        "shape": {
          "type": "polyline",
          "points": [
            [
              159.97508,
              781.9395
            ],
            [
              163.35833,
              816.2385
            ],
            [
              159.97508,
              781.9395
            ]
          ]
        },
        "metadata": {
          "segment_id": 11997,
          "street_id": 32584958,
          "street_name": "\u0110\u01b0\u1eddng S\u1ed1 15",
          "street_type": "unclassified",
          "street_level": 4,
          "street_group": "32584958",
          "composite": true
        },
        "length_hint": 68.93091560577173,
        "speed_limit": 11.11111111111111
      },
      {
        "start": "366463084",
        "end": "366463084",
        "reverse": false,
        "shape": {
          "type": "polyline",
          "points": [
            [
              167.16245,
              949.4163
            ],
            [
              170.44186,
              970.04565
            ],
            [
              167.16245,
              949.4163
            ]
          ]
        },
        "metadata": {
          "segment_id": 11993,
          "street_id": 32584958,
          "street_name": "\u0110\u01b0\u1eddng S\u1ed1 15",
          "street_type": "unclassified",
          "street_level": 4,
          "street_group": "32584958",
          "composite": true
        },
        "length_hint": 41.77676920828616,
        "speed_limit": 11.11111111111111
      },
      {
        "start": "366463084",
        "end": "366463084",
        "reverse": false,
        "shape": {
          "type": "polyline",
          "points": [
            [
              167.16245,
              949.4163
            ],
            [
              163.35833,
              816.2385
            ],
            [
              167.16245,
              949.4163
            ]
          ]
        },
        "metadata": {
          "segment_id": 11994,
          "street_id": 32584958,
          "street_name": "\u0110\u01b0\u1eddng S\u1ed1 15",
          "street_type": "unclassified",
          "street_level": 4,
          "street_group": "32584958",
          "composite": true
        },
        "length_hint": 266.4642395655701,
        "speed_limit": 11.11111111111111
      },
      {
        "start": "366468061",
        "end": "366468061",
        "reverse": false,
        "shape": {
          "type": "polyline",
          "points": [
            [
              507.45588,
              182.5728
            ],
            [
              580.70149,
              276.10695
            ],
            [
              507.45588,
              182.5728
            ]
          ]
        },
        "metadata": {
          "segment_id": 1639,
          "street_id": 32577138,
          "street_name": "T\u00e2n Thu\u1eadn",
          "street_type": "unclassified",
          "street_level": 4,
          "street_group": "32577138",
          "composite": true
        },
        "length_hint": 237.60098148361766,
        "speed_limit": 11.11111111111111
      },
      {
        "start": "2993499725",
        "end": "2993499725",
        "reverse": false,
        "shape": {
          "type": "polyline",
          "points": [
            [
              643.78641,
              356.58195
            ],
            [
              656.19897,
              371.9721
            ],
            [
              643.78641,
              356.58195
            ]
          ]
        },
        "metadata": {
          "segment_id": 1633,
          "street_id": 32577138,
          "street_name": "T\u00e2n Thu\u1eadn",
          "street_type": "unclassified",
          "street_level": 4,
          "street_group": "32577138",
          "composite": true
        },
        "length_hint": 39.54381685048118,
        "speed_limit": 11.11111111111111
      },
      {
        "start": "2993499725",
        "end": "2993499725",
        "reverse": false,
        "shape": {
          "type": "polyline",
          "points": [
            [
              643.78641,
              356.58195
            ],
            [
              606.87118,
              309.61785
            ],
            [
              643.78641,
              356.58195
            ]
          ]
        },
        "metadata": {
          "segment_id": 1634,
          "street_id": 32577138,
          "street_name": "T\u00e2n Thu\u1eadn",
          "street_type": "unclassified",
          "street_level": 4,
          "street_group": "32577138",
          "composite": true
        },
        "length_hint": 119.47151785698392,
        "speed_limit": 11.11111111111111
      },
      {
        "start": "2993488900",
        "end": "2993488900",
        "reverse": false,
        "shape": {
          "type": "polyline",
          "points": [
            [
              696.51385,
              425.57955
            ],
            [
              714.37024,
              449.328
            ],
            [
              696.51385,
              425.57955
            ]
          ]
        },
        "metadata": {
          "segment_id": 1629,
          "street_id": 32577138,
          "street_name": "T\u00e2n Thu\u1eadn",
          "street_type": "unclassified",
          "street_level": 4,
          "street_group": "32577138",
          "composite": true
        },
        "length_hint": 59.425231719686096,
        "speed_limit": 11.11111111111111
      },
      {
        "start": "2993488900",
        "end": "2993488900",
        "reverse": false,
        "shape": {
          "type": "polyline",
          "points": [
            [
              696.51385,
              425.57955
            ],
            [
              656.19897,
              371.9721
            ],
            [
              696.51385,
              425.57955
            ]
          ]
        },
        "metadata": {
          "segment_id": 1630,
          "street_id": 32577138,
          "street_name": "T\u00e2n Thu\u1eadn",
          "street_type": "unclassified",
          "street_level": 4,
          "street_group": "32577138",
          "composite": true
        },
        "length_hint": 134.14988997262574,
        "speed_limit": 11.11111111111111
      },
      {
        "start": "366436931",
        "end": "366436931",
        "reverse": false,
        "shape": {
          "type": "polyline",
          "points": [
            [
              729.08932,
              468.8973
            ],
            [
              714.37024,
              449.328
            ],
            [
              729.08932,
              468.8973
            ]
          ]
        },
        "metadata": {
          "segment_id": 1626,
          "street_id": 32577138,
          "street_name": "T\u00e2n Thu\u1eadn",
          "street_type": "unclassified",
          "street_level": 4,
          "street_group": "32577138",
          "composite": true
        },
        "length_hint": 48.97382233546416,
        "speed_limit": 11.11111111111111
      },
      {
        "start": "366412216",
        "end": "366412216",
        "reverse": false,
        "shape": {
          "type": "polyline",
          "points": [
            [
              580.70149,
              276.10695
            ],
            [
              606.87118,
              309.61785
            ],
            [
              580.70149,
              276.10695
            ]
          ]
        },
        "metadata": {
          "segment_id": 1637,
          "street_id": 32577138,
          "street_name": "T\u00e2n Thu\u1eadn",
          "street_type": "unclassified",
          "street_level": 4,
          "street_group": "32577138",
          "composite": true
        },
        "length_hint": 85.03724110073414,
        "speed_limit": 11.11111111111111
      },
      {
        "start": "366430144",
        "end": "366430144",
        "reverse": false,
        "shape": {
          "type": "polyline",
          "points": [
            [
              519.12511,
              770.9283
            ],
            [
              456.51024,
              838.9602
            ],
            [
              519.12511,
              770.9283
            ]
          ]
        },
        "metadata": {
          "segment_id": 16434,
          "street_id": 32588936,
          "street_name": "\u0110\u01b0\u1eddng s\u1ed1 24",
          "street_type": "unclassified",
          "street_level": 4,
          "street_group": "32588936",
          "composite": true
        },
        "length_hint": 184.92118713362063,
        "speed_limit": 11.11111111111111
      },
      {
        "start": "366430144",
        "end": "366430144",
        "reverse": false,
        "shape": {
          "type": "polyline",
          "points": [
            [
              519.12511,
              770.9283
            ],
            [
              554.37876,
              729.78615
            ],
            [
              519.12511,
              770.9283
            ]
          ]
        },
        "metadata": {
          "segment_id": 16435,
          "street_id": 32588936,
          "street_name": "\u0110\u01b0\u1eddng s\u1ed1 24",
          "street_type": "unclassified",
          "street_level": 4,
          "street_group": "32588936",
          "composite": true
        },
        "length_hint": 108.36044195083386,
        "speed_limit": 11.11111111111111
      },
      {
        "start": "366402326",
        "end": "366402326",
        "reverse": false,
        "shape": {
          "type": "polyline",
          "points": [
            [
              577.29091,
              701.24805
            ],
            [
              565.57248,
              717.74265
            ],
            [
              577.29091,
              701.24805
            ]
          ]
        },
        "metadata": {
          "segment_id": 16440,
          "street_id": 32588936,
          "street_name": "\u0110\u01b0\u1eddng s\u1ed1 24",
          "street_type": "unclassified",
          "street_level": 4,
          "street_group": "32588936",
          "composite": true
        },
        "length_hint": 40.46694605847592,
        "speed_limit": 11.11111111111111
      },
      {
        "start": "366402326",
        "end": "366402326",
        "reverse": false,
        "shape": {
          "type": "polyline",
          "points": [
            [
              577.29091,
              701.24805
            ],
            [
              675.96835,
              566.64945
            ],
            [
              577.29091,
              701.24805
            ]
          ]
        },
        "metadata": {
          "segment_id": 16441,
          "street_id": 32588936,
          "street_name": "\u0110\u01b0\u1eddng s\u1ed1 24",
          "street_type": "unclassified",
          "street_level": 4,
          "street_group": "32588936",
          "composite": true
        },
        "length_hint": 333.79047492050216,
        "speed_limit": 11.11111111111111
      },
      {
        "start": "366369928",
        "end": "366369928",
        "reverse": false,
        "shape": {
          "type": "polyline",
          "points": [
            [
              675.96835,
              566.64945
            ],
            [
              728.92535,
              486.75165
            ],
            [
              675.96835,
              566.64945
            ]
          ]
        },
        "metadata": {
          "segment_id": 16443,
          "street_id": 32588936,
          "street_name": "\u0110\u01b0\u1eddng s\u1ed1 24",
          "street_type": "unclassified",
          "street_level": 4,
          "street_group": "32588936",
          "composite": true
        },
        "length_hint": 191.70917864139946,
        "speed_limit": 11.11111111111111
      },
      {
        "start": "2306074471",
        "end": "2306074471",
        "reverse": false,
        "shape": {
          "type": "polyline",
          "points": [
            [
              730.83287,
              477.5775
            ],
            [
              728.92535,
              486.75165
            ],
            [
              730.83287,
              477.5775
            ]
          ]
        },
        "metadata": {
          "segment_id": 16446,
          "street_id": 32588936,
          "street_name": "\u0110\u01b0\u1eddng s\u1ed1 24",
          "street_type": "unclassified",
          "street_level": 4,
          "street_group": "32588936",
          "composite": true
        },
        "length_hint": 18.740721520037575,
        "speed_limit": 11.11111111111111
      },
      {
        "start": "2306074471",
        "end": "2306074471",
        "reverse": false,
        "shape": {
          "type": "polyline",
          "points": [
            [
              730.83287,
              477.5775
            ],
            [
              729.08932,
              468.8973
            ],
            [
              730.83287,
              477.5775
            ]
          ]
        },
        "metadata": {
          "segment_id": 16447,
          "street_id": 32588936,
          "street_name": "\u0110\u01b0\u1eddng s\u1ed1 24",
          "street_type": "unclassified",
          "street_level": 4,
          "street_group": "32588936",
          "composite": true
        },
        "length_hint": 17.707155462411226,
        "speed_limit": 11.11111111111111
      },
      {
        "start": "366420766",
        "end": "366420766",
        "reverse": false,
        "shape": {
          "type": "polyline",
          "points": [
            [
              565.57248,
              717.74265
            ],
            [
              554.37876,
              729.78615
            ],
            [
              565.57248,
              717.74265
            ]
          ]
        },
        "metadata": {
          "segment_id": 16438,
          "street_id": 32588936,
          "street_name": "\u0110\u01b0\u1eddng s\u1ed1 24",
          "street_type": "unclassified",
          "street_level": 4,
          "street_group": "32588936",
          "composite": true
        },
        "length_hint": 32.88435857293857,
        "speed_limit": 11.11111111111111
      },
      {
        "start": "366372898",
        "end": "366372898",
        "reverse": false,
        "shape": {
          "type": "polyline",
          "points": [
            [
              346.68281,
              930.0579
            ],
            [
              327.21405,
              941.44095
            ],
            [
              346.68281,
              930.0579
            ]
          ]
        },
        "metadata": {
          "segment_id": 16426,
          "street_id": 32588936,
          "street_name": "\u0110\u01b0\u1eddng s\u1ed1 24",
          "street_type": "unclassified",
          "street_level": 4,
          "street_group": "32588936",
          "composite": true
        },
        "length_hint": 45.10460922079258,
        "speed_limit": 11.11111111111111
      },
      {
        "start": "366372898",
        "end": "366372898",
        "reverse": false,
        "shape": {
          "type": "polyline",
          "points": [
            [
              346.68281,
              930.0579
            ],
            [
              373.53571,
              909.9891
            ],
            [
              346.68281,
              930.0579
            ]
          ]
        },
        "metadata": {
          "segment_id": 16427,
          "street_id": 32588936,
          "street_name": "\u0110\u01b0\u1eddng s\u1ed1 24",
          "street_type": "unclassified",
          "street_level": 4,
          "street_group": "32588936",
          "composite": true
        },
        "length_hint": 67.04729589923815,
        "speed_limit": 11.11111111111111
      },
      {
        "start": "366412563",
        "end": "366412563",
        "reverse": false,
        "shape": {
          "type": "polyline",
          "points": [
            [
              186.12837,
              984.37575
            ],
            [
              176.74379,
              979.1088
            ],
            [
              186.12837,
              984.37575
            ]
          ]
        },
        "metadata": {
          "segment_id": 16416,
          "street_id": 32588936,
          "street_name": "\u0110\u01b0\u1eddng s\u1ed1 24",
          "street_type": "unclassified",
          "street_level": 4,
          "street_group": "32588936",
          "composite": true
        },
        "length_hint": 21.523113536744695,
        "speed_limit": 11.11111111111111
      },
      {
        "start": "366412563",
        "end": "366412563",
        "reverse": false,
        "shape": {
          "type": "polyline",
          "points": [
            [
              186.12837,
              984.37575
            ],
            [
              200.49218,
              984.23145
            ],
            [
              186.12837,
              984.37575
            ]
          ]
        },
        "metadata": {
          "segment_id": 16417,
          "street_id": 32588936,
          "street_name": "\u0110\u01b0\u1eddng s\u1ed1 24",
          "street_type": "unclassified",
          "street_level": 4,
          "street_group": "32588936",
          "composite": true
        },
        "length_hint": 28.729069612926907,
        "speed_limit": 11.11111111111111
      },
      {
        "start": "366409326",
        "end": "366409326",
        "reverse": false,
        "shape": {
          "type": "polyline",
          "points": [
            [
              176.74379,
              979.1088
            ],
            [
              170.44186,
              970.04565
            ],
            [
              176.74379,
              979.1088
            ]
          ]
        },
        "metadata": {
          "segment_id": 16414,
          "street_id": 32588936,
          "street_name": "\u0110\u01b0\u1eddng s\u1ed1 24",
          "street_type": "unclassified",
          "street_level": 4,
          "street_group": "32588936",
          "composite": true
        },
        "length_hint": 22.07759132218903,
        "speed_limit": 11.11111111111111
      },
      {
        "start": "366417956",
        "end": "366417956",
        "reverse": false,
        "shape": {
          "type": "polyline",
          "points": [
            [
              245.83003,
              970.90035
            ],
            [
              200.49218,
              984.23145
            ],
            [
              245.83003,
              970.90035
            ]
          ]
        },
        "metadata": {
          "segment_id": 16420,
          "street_id": 32588936,
          "street_name": "\u0110\u01b0\u1eddng s\u1ed1 24",
          "street_type": "unclassified",
          "street_level": 4,
          "street_group": "32588936",
          "composite": true
        },
        "length_hint": 94.51431362142985,
        "speed_limit": 11.11111111111111
      },
      {
        "start": "366417956",
        "end": "366417956",
        "reverse": false,
        "shape": {
          "type": "polyline",
          "points": [
            [
              245.83003,
              970.90035
            ],
            [
              282.8327,
              959.04555
            ],
            [
              245.83003,
              970.90035
            ]
          ]
        },
        "metadata": {
          "segment_id": 16421,
          "street_id": 32588936,
          "street_name": "\u0110\u01b0\u1eddng s\u1ed1 24",
          "street_type": "unclassified",
          "street_level": 4,
          "street_group": "32588936",
          "composite": true
        },
        "length_hint": 77.71058795734076,
        "speed_limit": 11.11111111111111
      },
      {
        "start": "366479150",
        "end": "366479150",
        "reverse": false,
        "shape": {
          "type": "polyline",
          "points": [
            [
              282.8327,
              959.04555
            ],
            [
              327.21405,
              941.44095
            ],
            [
              282.8327,
              959.04555
            ]
          ]
        },
        "metadata": {
          "segment_id": 16423,
          "street_id": 32588936,
          "street_name": "\u0110\u01b0\u1eddng s\u1ed1 24",
          "street_type": "unclassified",
          "street_level": 4,
          "street_group": "32588936",
          "composite": true
        },
        "length_hint": 95.49086174043043,
        "speed_limit": 11.11111111111111
      },
      {
        "start": "366398677",
        "end": "366398677",
        "reverse": false,
        "shape": {
          "type": "polyline",
          "points": [
            [
              373.53571,
              909.9891
            ],
            [
              408.31385,
              885.3693
            ],
            [
              373.53571,
              909.9891
            ]
          ]
        },
        "metadata": {
          "segment_id": 16429,
          "street_id": 32588936,
          "street_name": "\u0110\u01b0\u1eddng s\u1ed1 24",
          "street_type": "unclassified",
          "street_level": 4,
          "street_group": "32588936",
          "composite": true
        },
        "length_hint": 85.22097333167706,
        "speed_limit": 11.11111111111111
      },
      {
        "start": "366442975",
        "end": "366442975",
        "reverse": false,
        "shape": {
          "type": "polyline",
          "points": [
            [
              456.51024,
              838.9602
            ],
            [
              408.31385,
              885.3693
            ],
            [
              456.51024,
              838.9602
            ]
          ]
        },
        "metadata": {
          "segment_id": 16432,
          "street_id": 32588936,
          "street_name": "\u0110\u01b0\u1eddng s\u1ed1 24",
          "street_type": "unclassified",
          "street_level": 4,
          "street_group": "32588936",
          "composite": true
        },
        "length_hint": 133.81624074591392,
        "speed_limit": 11.11111111111111
      },
      {
        "start": "2299276698",
        "end": "2299276698",
        "reverse": false,
        "shape": {
          "type": "polyline",
          "points": [
            [
              0.0,
              52.5918
            ],
            [
              9.39004,
              55.90515
            ],
            [
              0.0,
              52.5918
            ]
          ]
        },
        "metadata": {
          "segment_id": 36632,
          "street_id": 220844164,
          "street_name": "\u0110\u01b0\u1eddng S\u1ed1 1",
          "street_type": "unclassified",
          "street_level": 4,
          "street_group": "220844164",
          "composite": true
        },
        "length_hint": 19.914933032686804,
        "speed_limit": 11.11111111111111
      },
      {
        "start": "366468061",
        "end": "366398632",
        "reverse": false,
        "shape": {
          "type": "polyline",
          "points": [
            [
              507.45588,
              182.5728
            ],
            [
              498.10956,
              177.48345
            ],
            [
              435.78437,
              89.01645
            ],
            [
              368.66032,
              3.552
            ]
          ]
        },
        "metadata": {
          "segment_id": 42319,
          "street_id": 253275100,
          "street_name": "T\u00e2n Thu\u1eadn",
          "street_type": "unclassified",
          "street_level": 4,
          "street_group": "253275100",
          "composite": true
        },
        "length_hint": 227.53172465084526,
        "speed_limit": 11.11111111111111
      },
      {
        "start": "2592267514",
        "end": "366468061",
        "reverse": false,
        "shape": {
          "type": "polyline",
          "points": [
            [
              373.08206,
              0.0
            ],
            [
              440.29356,
              85.44225
            ],
            [
              503.68455,
              172.54395
            ],
            [
              507.45588,
              182.5728
            ]
          ]
        },
        "metadata": {
          "segment_id": 37113,
          "street_id": 221152225,
          "street_name": "T\u00e2n Thu\u1eadn",
          "street_type": "unclassified",
          "street_level": 4,
          "street_group": "221152225",
          "composite": true
        },
        "length_hint": 227.15113047827114,
        "speed_limit": 11.11111111111111
      }
    ]
  }
}