{
  "observation": {
    "type": "Kinematics"
  },
  "action": {
    "type": "DiscreteMetaAction"
  },
  "simulation_frequency": 15,
  "policy_frequency": 1,
  "other_vehicles_type": "highway_env.vehicle.behavior.IDMVehicle",
  "screen_width": 600,
  "screen_height": 150,
  "centering_position": [
    0.3,
    0.5
  ],
  "scaling": 5.5,
  "show_trajectories": false,
  "render_agent": true,
  "offscreen_rendering": false,
  "manual_control": false,
  "real_time_rendering": false,
  "destination": null,
  "initial_vehicle_count": 0,
  "controlled_vehicles": 0,
  "spawn_probability": 0.0,
  "duration": 40.0,
  "collision_reward": -5,
  "high_speed_reward": 1.0,
  "arrived_reward": 1.0,
  "reward_speed_range": [
    6.0,
    12.0
  ],
  "auto_curve": false,
  "corner_radius": 25.0,
  "curve_samples": 8,
  "exit_distance": 5.0,
  "graph": {
    "nodes": {
      "366439683": [
        0.0,
        3.26895
      ],
      "366459786": [
        306.9309,
        535.30305
      ],
      "366415756": [
        220.09759,
        385.17555
      ],
      "366463244": [
        16.45717,
        33.71625
      ],
      "3702639633": [
        642.13031,
        140.40945
      ],
      "366455065": [
        262.70259,
        460.66665
      ],
      "366373916": [
        175.94034,
        308.1693
      ],
      "366416030": [
        10.52144,
        23.80395
      ],
      "366463392": [
        262.79004,
        460.8165
      ],
      "3702639664": [
        447.56292,
        311.08305
      ],
      "366385841": [
        44.47426,
        81.2631
      ],
      "3376112051": [
        734.21067,
        522.74895
      ],
      "3376112052": [
        853.83261,
        418.9584
      ],
      "366388674": [
        87.64223,
        156.4434
      ],
      "3702639687": [
        266.12411,
        466.4442
      ],
      "366469322": [
        22.93947,
        45.0438
      ],
      "366478800": [
        350.59077,
        610.7109
      ],
      "3702639603": [
        802.32401,
        0.0
      ],
      "366400253": [
        131.29664,
        230.70795
      ]
    },
    "edges": [
      {
        "start": "366463392",
        "end": "366463392",
        "reverse": false,
        "shape": {
          "type": "polyline",
          "points": [
            [
              262.79004,
              460.8165
            ],
            [
              266.12411,
              466.4442
            ],
            [
              262.79004,
              460.8165
            ]
          ]
        },
        "metadata": {
          "segment_id": 39892,
          "street_id": 233085925,
          "street_name": "\u0110\u1eb7ng C\u00f4ng B\u1ec9nh",
          "street_type": "tertiary",
          "street_level": 4,
          "street_group": "233085925",
          "composite": true
        },
        "length_hint": 13.082359122864657,
        "speed_limit": 13.88888888888889
      },
      {
        "start": "366463392",
        "end": "366463392",
        "reverse": false,
        "shape": {
          "type": "polyline",
          "points": [
            [
              262.79004,
              460.8165
            ],
            [
              263.79004,
              460.8165
            ]
          ]
        },
        "metadata": {
          "segment_id": 39893,
          "street_id": 233085925,
          "street_name": "\u0110\u1eb7ng C\u00f4ng B\u1ec9nh",
          "street_type": "tertiary",
          "street_level": 4,
          "street_group": "233085925",
          "composite": true
        },
        "length_hint": 1.0,
        "speed_limit": 13.88888888888889
      },
      {
        "start": "366478800",
        "end": "366478800",
        "reverse": false,
        "shape": {
          "type": "polyline",
          "points": [
            [
              350.59077,
              610.7109
            ],
            [
              306.9309,
              535.30305
            ],
            [
              350.59077,
              610.7109
            ]
          ]
        },
        "metadata": {
          "segment_id": 39887,
          "street_id": 233085925,
          "street_name": "\u0110\u1eb7ng C\u00f4ng B\u1ec9nh",
          "street_type": "tertiary",
          "street_level": 4,
          "street_group": "233085925",
          "composite": true
        },
        "length_hint": 174.27022797987507,
        "speed_limit": 13.88888888888889
      },
      {
        "start": "3702639687",
        "end": "3702639687",
        "reverse": false,
        "shape": {
          "type": "polyline",
          "points": [
            [
              266.12411,
              466.4442
            ],
            [
              306.9309,
              535.30305
            ],
            [
              266.12411,
              466.4442
            ]
          ]
        },
        "metadata": {
          "segment_id": 39890,
          "street_id": 233085925,
          "street_name": "\u0110\u1eb7ng C\u00f4ng B\u1ec9nh",
          "street_type": "tertiary",
          "street_level": 4,
          "street_group": "233085925",
          "composite": true
        },
        "length_hint": 160.08416952874006,
        "speed_limit": 13.88888888888889
      },
      {
        "start": "366388674",
        "end": "366388674",
        "reverse": false,
        "shape": {
          "type": "polyline",
          "points": [
            [
              87.64223,
              156.4434
            ],
            [
              131.29664,
              230.70795
            ],
            [
              87.64223,
              156.4434
            ]
          ]
        },
        "metadata": {
          "segment_id": 39902,
          "street_id": 233085925,
          "street_name": "\u0110\u1eb7ng C\u00f4ng B\u1ec9nh",
          "street_type": "tertiary",
          "street_level": 4,
          "street_group": "233085925",
          "composite": true
        },
        "length_hint": 172.28965028869962,
        "speed_limit": 13.88888888888889
      },
      {
        "start": "366388674",
        "end": "366388674",
        "reverse": false,
        "shape": {
          "type": "polyline",
          "points": [
            [
              87.64223,
              156.4434
            ],
            [
              44.47426,
              81.2631
            ],
            [
              87.64223,
              156.4434
            ]
          ]
        },
        "metadata": {
          "segment_id": 39903,
          "street_id": 233085925,
          "street_name": "\u0110\u1eb7ng C\u00f4ng B\u1ec9nh",
          "street_type": "tertiary",
          "street_level": 4,
          "street_group": "233085925",
          "composite": true
        },
        "length_hint": 173.384556890294,
        "speed_limit": 13.88888888888889
      },
      {
        "start": "366415756",
        "end": "366415756",
        "reverse": false,
        "shape": {
          "type": "polyline",
          "points": [
            [
              220.09759,
              385.17555
            ],
            [
              262.70259,
              460.66665
            ],
            [
              220.09759,
              385.17555
            ]
          ]
        },
        "metadata": {
          "segment_id": 39896,
          "street_id": 233085925,
          "street_name": "\u0110\u1eb7ng C\u00f4ng B\u1ec9nh",
          "street_type": "tertiary",
          "street_level": 4,
          "street_group": "233085925",
          "composite": true
        },
        "length_hint": 173.36772714908622,
        "speed_limit": 13.88888888888889
      },
      {
        "start": "366415756",
        "end": "366415756",
        "reverse": false,
        "shape": {
          "type": "polyline",
          "points": [
            [
              220.09759,
              385.17555
            ],
            [
              175.94034,
              308.1693
            ],
            [
              220.09759,
              385.17555
            ]
          ]
        },
        "metadata": {
          "segment_id": 39897,
          "street_id": 233085925,
          "street_name": "\u0110\u1eb7ng C\u00f4ng B\u1ec9nh",
          "street_type": "tertiary",
          "street_level": 4,
          "street_group": "233085925",
          "composite": true
        },
        "length_hint": 177.53675976118294,
        "speed_limit": 13.88888888888889
      },
      {
        "start": "366400253",
        "end": "366400253",
        "reverse": false,
        "shape": {
          "type": "polyline",
          "points": [
            [
              131.29664,
              230.70795
            ],
            [
              175.94034,
              308.1693
            ],
            [
              131.29664,
              230.70795
            ]
          ]
        },
        "metadata": {
          "segment_id": 39900,
          "street_id": 233085925,
          "street_name": "\u0110\u1eb7ng C\u00f4ng B\u1ec9nh",
          "street_type": "tertiary",
          "street_level": 4,
          "street_group": "233085925",
          "composite": true
        },
        "length_hint": 178.81074568954185,
        "speed_limit": 13.88888888888889
      },
      {
        "start": "366469322",
        "end": "366469322",
        "reverse": false,
        "shape": {
          "type": "polyline",
          "points": [
            [
              22.93947,
              45.0438
            ],
            [
              44.47426,
              81.2631
            ],
            [
              22.93947,
              45.0438
            ]
          ]
        },
        "metadata": {
          "segment_id": 39906,
          "street_id": 233085925,
          "street_name": "\u0110\u1eb7ng C\u00f4ng B\u1ec9nh",
          "street_type": "tertiary",
          "street_level": 4,
          "street_group": "233085925",
          "composite": true
        },
        "length_hint": 84.27537891541277,
        "speed_limit": 13.88888888888889
      },
      {
        "start": "366469322",
        "end": "366469322",
        "reverse": false,
        "shape": {
          "type": "polyline",
          "points": [
            [
              22.93947,
              45.0438
            ],
            [
              16.45717,
              33.71625
            ],
            [
              22.93947,
              45.0438
            ]
          ]
        },
        "metadata": {
          "segment_id": 39907,
          "street_id": 233085925,
          "street_name": "\u0110\u1eb7ng C\u00f4ng B\u1ec9nh",
          "street_type": "tertiary",
          "street_level": 4,
          "street_group": "233085925",
          "composite": true
        },
        "length_hint": 26.102383208626748,
        "speed_limit": 13.88888888888889
      },
      {
        "start": "366416030",
        "end": "366416030",
        "reverse": false,
        "shape": {
          "type": "polyline",
          "points": [
            [
              10.52144,
              23.80395
            ],
            [
              16.45717,
              33.71625
            ],
            [
              10.52144,
              23.80395
            ]
          ]
        },
        "metadata": {
          "segment_id": 39910,
          "street_id": 233085925,
          "street_name": "\u0110\u1eb7ng C\u00f4ng B\u1ec9nh",
          "street_type": "tertiary",
          "street_level": 4,
          "street_group": "233085925",
          "composite": true
        },
        "length_hint": 23.107278673431026,
        "speed_limit": 13.88888888888889
      },
      {
        "start": "366416030",
        "end": "366416030",
        "reverse": false,
        "shape": {
          "type": "polyline",
          "points": [
            [
              10.52144,
              23.80395
            ],
            [
              0.0,
              3.26895
            ],
            [
              10.52144,
              23.80395
            ]
          ]
        },
        "metadata": {
          "segment_id": 39911,
          "street_id": 233085925,
          "street_name": "\u0110\u1eb7ng C\u00f4ng B\u1ec9nh",
          "street_type": "tertiary",
          "street_level": 4,
          "street_group": "233085925",
          "composite": true
        },
        "length_hint": 46.147022641708965,
        "speed_limit": 13.88888888888889
      },
      {
        "start": "3702639603",
        "end": "3702639603",
        "reverse": false,
        "shape": {
          "type": "polyline",
          "points": [
            [
              802.32401,
              0.0
            ],
            [
              642.13031,
              140.40945
            ],
            [
              802.32401,
              0.0
            ]
          ]
        },
        "metadata": {
          "segment_id": 55778,
          "street_id": 366287264,
          "street_name": "\u0111\u01b0\u1eddng Nguy\u1ec5n Th\u1ecb Ly",
          "street_type": "unclassified",
          "street_level": 4,
          "street_group": "366287264",
          "composite": true
        },
        "length_hint": 426.0367832429144,
        "speed_limit": 11.11111111111111
      },
      {
        "start": "3702639633",
        "end": "3702639633",
        "reverse": false,
        "shape": {
          "type": "polyline",
          "points": [
            [
              642.13031,
              140.40945
            ],
            [
              447.56292,
              311.08305
            ],
            [
              642.13031,
              140.40945
            ]
          ]
        },
        "metadata": {
          "segment_id": 55776,
          "street_id": 366287264,
          "street_name": "\u0111\u01b0\u1eddng Nguy\u1ec5n Th\u1ecb Ly",
          "street_type": "unclassified",
          "street_level": 4,
          "street_group": "366287264",
          "composite": true
        },
        "length_hint": 517.6328698541935,
        "speed_limit": 11.11111111111111
      },
      {
        "start": "3702639664",
        "end": "3702639664",
        "reverse": false,
        "shape": {
          "type": "polyline",
          "points": [
            [
              447.56292,
              311.08305
            ],
            [
              266.12411,
              466.4442
            ],
            [
              447.56292,
              311.08305
            ]
          ]
        },
        "metadata": {
          "segment_id": 55774,
          "street_id": 366287264,
          "street_name": "\u0111\u01b0\u1eddng Nguy\u1ec5n Th\u1ecb Ly",
          "street_type": "unclassified",
          "street_level": 4,
          "street_group": "366287264",
          "composite": true
        },
        "length_hint": 477.73268133356174,
        "speed_limit": 11.11111111111111
      },
      {
        "start": "3376112051",
        "end": "3376112051",
        "reverse": false,
        "shape": {
          "type": "polyline",
          "points": [
            [
              734.21067,
              522.74895
            ],
            [
              853.83261,
              418.9584
            ],
            [
              734.21067,
              522.74895
            ]
          ]
        },
        "metadata": {
          "segment_id": 68432,
          "street_id": 526422319,
          "street_name": "X\u00e3 Xu\u00e2n Th\u1edbi S\u01a1n",
          "street_type": "unclassified",
          "street_level": 4,
          "street_group": "526422319",
          "composite": true
        },
        "length_hint": 316.74524020838015,
        "speed_limit": 11.11111111111111
      }
    ]
  }
}