{
  "observation": {
    "type": "Kinematics"
  },
  "action": {
    "type": "DiscreteMetaAction"
  },
  "simulation_frequency": 15,
  "policy_frequency": 1,
  "other_vehicles_type": "highway_env.vehicle.behavior.IDMVehicle",
  "screen_width": 600,
  "screen_height": 150,
  "centering_position": [
    0.3,
    0.5
  ],
  "scaling": 5.5,
  "show_trajectories": false,
  "render_agent": true,
  "offscreen_rendering": false,
  "manual_control": false,
  "real_time_rendering": false,
  "destination": null,
  "initial_vehicle_count": 0,
  "controlled_vehicles": 0,
  "spawn_probability": 0.0,
  "duration": 40.0,
  "collision_reward": -5,
  "high_speed_reward": 1.0,
  "arrived_reward": 1.0,
  "reward_speed_range": [
    6.0,
    12.0
  ],
  "auto_curve": false,
  "corner_radius": 25.0,
  "curve_samples": 8,
  "exit_distance": 5.0,
  "graph": {
    "nodes": {
      "366368386": [
        39.50596,
        895.47585
      ],
      "2299061123": [
        67.46839,
        513.0531
      ],
      "2153156739": [
        58.19313,
        542.7234
      ],
      "5813822214": [
        112.81716,
        206.01045
      ],
      "5811554567": [
        337.67536,
        930.6018
      ],
      "366381190": [
        70.9555,
        467.2101
      ],
      "5811554569": [
        281.32964,
        938.36625
      ],
      "2340178569": [
        364.92179,
        927.5271
      ],
      "2299061129": [
        57.72854,
        637.806
      ],
      "366367242": [
        50.28428,
        697.34085
      ],
      "2340178573": [
        382.18789,
        927.42165
      ],
      "5811554574": [
        258.83835,
        941.0136
      ],
      "366429455": [
        118.82395,
        166.167
      ],
      "5813822222": [
        105.95227,
        278.055
      ],
      "5813822221": [
        106.17089,
        280.5414
      ],
      "2153156881": [
        53.58556,
        637.48965
      ],
      "2340178570": [
        382.76178,
        941.76285
      ],
      "714567054": [
        23.87957,
        460.9608
      ],
      "2299061014": [
        55.00117,
        697.3131
      ],
      "5811573020": [
        42.86735,
        918.11985
      ],
      "366428061": [
        39.75191,
        874.07505
      ],
      "5811596704": [
        101.90766,
        339.11055
      ],
      "5811596705": [
        96.69886,
        340.3482
      ],
      "2609809701": [
        173.5245,
        0.0
      ],
      "366470446": [
        48.49154,
        746.5971
      ],
      "5811596723": [
        41.6813,
        846.46935
      ],
      "2304476980": [
        60.9205,
        578.90385
      ],
      "2304476981": [
        64.11793,
        536.463
      ],
      "2304476982": [
        48.97252,
        801.03705
      ],
      "2304476979": [
        44.4688,
        800.90385
      ],
      "366383160": [
        120.27782,
        960.98805
      ],
      "2304476985": [
        76.96228,
        468.2979
      ],
      "2304476986": [
        91.51193,
        415.12335
      ],
      "2299061049": [
        62.85535,
        543.0231
      ],
      "2304476984": [
        59.90935,
        606.4485
      ],
      "5811554621": [
        296.20176,
        937.2063
      ],
      "5813791166": [
        131.88147,
        121.3119
      ],
      "5811596728": [
        45.64938,
        784.9365
      ],
      "366424896": [
        106.37859,
        261.1164
      ],
      "5811596737": [
        48.20732,
        815.94435
      ],
      "5813790516": [
        97.15798,
        337.329
      ],
      "2153156670": [
        47.59517,
        464.19645
      ],
      "366437815": [
        0.0,
        458.00265
      ],
      "2337911241": [
        40.75213,
        971.00025
      ],
      "2337911243": [
        48.19093,
        972.89835
      ],
      "2337911244": [
        40.50071,
        975.49575
      ],
      "2337911245": [
        35.27552,
        974.96295
      ],
      "2299061069": [
        47.39294,
        831.9006
      ],
      "366381005": [
        35.27552,
        974.58555
      ],
      "366387280": [
        148.60099,
        72.15555
      ],
      "2304476983": [
        107.38427,
        288.4113
      ],
      "2337911252": [
        35.48321,
        970.0623
      ],
      "2304475226": [
        40.57723,
        974.16375
      ],
      "2299061083": [
        53.37239,
        746.1087
      ],
      "366474204": [
        108.64138,
        233.6661
      ],
      "5811645020": [
        75.02743,
        457.986
      ],
      "5811554651": [
        382.83284,
        1030.22985
      ],
      "2153157475": [
        188.63165,
        950.27655
      ],
      "2159584485": [
        223.83065,
        945.01515
      ],
      "2159584486": [
        158.33537,
        954.92745
      ],
      "366405222": [
        159.99694,
        37.6734
      ],
      "366427622": [
        34.48846,
        1001.56965
      ],
      "366471145": [
        129.62414,
        128.0607
      ],
      "2299061099": [
        44.6437,
        873.76425
      ],
      "373516012": [
        104.78808,
        288.26145
      ],
      "2337913069": [
        39.07417,
        1013.73525
      ],
      "2299061103": [
        39.78471,
        1001.1978
      ],
      "2305180272": [
        46.13583,
        852.9351
      ],
      "2305180273": [
        41.28777,
        852.92955
      ],
      "2305180274": [
        105.53141,
        311.8878
      ],
      "2305180271": [
        101.71636,
        310.578
      ],
      "2159584372": [
        28.32317,
        461.56575
      ],
      "366372854": [
        63.12864,
        513.18075
      ],
      "5813791230": [
        145.11935,
        81.6849
      ],
      "366456831": [
        85.50515,
        414.91245
      ]
    },
    "edges": [
      {
        "start": "366427622",
        "end": "366456831",
        "reverse": false,
        "shape": {
          "type": "polyline",
          "points": [
            [
              34.48846,
              1001.56965
            ],
            [
              35.27552,
              974.96295
            ],
            [
              35.48321,
              970.0623
            ],
            [
              39.50596,
              895.47585
            ],
            [
              39.75191,
              874.07505
            ],
            [
              41.28777,
              852.92955
            ],
            [
              41.6813,
              846.46935
            ],
            [
              44.4688,
              800.90385
            ],
            [
              45.64938,
              784.9365
            ],
            [
              48.49154,
              746.5971
            ],
            [
              50.28428,
              697.34085
            ],
            [
              53.58556,
              637.48965
            ],
            [
              58.19313,
              542.7234
            ],
            [
              63.12864,
              513.18075
            ],
            [
              70.9555,
              467.2101
            ],
            [
              75.02743,
              457.986
            ],
            [
              85.50515,
              414.91245
            ]
          ]
        },
        "metadata": {
          "segment_id": 37006,
          "street_id": 220972651,
          "street_name": "Hu\u1ef3nh T\u1ea5n Ph\u00e1t",
          "street_type": "secondary",
          "street_level": 3,
          "street_group": "220972651",
          "composite": true
        },
        "length_hint": 590.5060437339782,
        "speed_limit": 11.11111111111111
      },
      {
        "start": "2304476986",
        "end": "2337913069",
        "reverse": false,
        "shape": {
          "type": "polyline",
          "points": [
            [
              91.51193,
              415.12335
            ],
            [
              76.96228,
              468.2979
            ],
            [
              67.46839,
              513.0531
            ],
            [
              64.11793,
              536.463
            ],
            [
              62.85535,
              543.0231
            ],
            [
              60.9205,
              578.90385
            ],
            [
              59.90935,
              606.4485
            ],
            [
              57.72854,
              637.806
            ],
            [
              55.00117,
              697.3131
            ],
            [
              53.37239,
              746.1087
            ],
            [
              48.97252,
              801.03705
            ],
            [
              48.20732,
              815.94435
            ],
            [
              47.39294,
              831.9006
            ],
            [
              46.13583,
              852.9351
            ],
            [
              44.6437,
              873.76425
            ],
            [
              42.86735,
              918.11985
            ],
            [
              40.75213,
              971.00025
            ],
            [
              40.57723,
              974.16375
            ],
            [
              40.50071,
              975.49575
            ],
            [
              39.78471,
              1001.1978
            ],
            [
              39.07417,
              1013.73525
            ]
          ]
        },
        "metadata": {
          "segment_id": 36585,
          "street_id": 220818784,
          "street_name": "Hu\u1ef3nh T\u1ea5n Ph\u00e1t",
          "street_type": "secondary",
          "street_level": 3,
          "street_group": "220818784",
          "composite": true
        },
        "length_hint": 602.5796162377139,
        "speed_limit": 11.11111111111111
      },
      {
        "start": "366387280",
        "end": "366387280",
        "reverse": false,
        "shape": {
          "type": "polyline",
          "points": [
            [
              148.60099,
              72.15555
            ],
            [
              159.99694,
              37.6734
            ],
            [
              148.60099,
              72.15555
            ]
          ]
        },
        "metadata": {
          "segment_id": 10017,
          "street_id": 32582897,
          "street_name": "Hu\u1ef3nh T\u1ea5n Ph\u00e1t",
          "street_type": "secondary",
          "street_level": 3,
          "street_group": "32582897",
          "composite": true
        },
        "length_hint": 72.63294968607568,
        "speed_limit": 11.11111111111111
      },
      {
        "start": "366387280",
        "end": "366387280",
        "reverse": false,
        "shape": {
          "type": "polyline",
          "points": [
            [
              148.60099,
              72.15555
            ],
            [
              145.11935,
              81.6849
            ],
            [
              148.60099,
              72.15555
            ]
          ]
        },
        "metadata": {
          "segment_id": 10018,
          "street_id": 32582897,
          "street_name": "Hu\u1ef3nh T\u1ea5n Ph\u00e1t",
          "street_type": "secondary",
          "street_level": 3,
          "street_group": "32582897",
          "composite": true
        },
        "length_hint": 20.29091703320477,
        "speed_limit": 11.11111111111111
      },
      {
        "start": "366429455",
        "end": "366429455",
        "reverse": false,
        "shape": {
          "type": "polyline",
          "points": [
            [
              118.82395,
              166.167
            ],
            [
              129.62414,
              128.0607
            ],
            [
              118.82395,
              166.167
            ]
          ]
        },
        "metadata": {
          "segment_id": 10025,
          "street_id": 32582897,
          "street_name": "Hu\u1ef3nh T\u1ea5n Ph\u00e1t",
          "street_type": "secondary",
          "street_level": 3,
          "street_group": "32582897",
          "composite": true
        },
        "length_hint": 79.21449876698333,
        "speed_limit": 11.11111111111111
      },
      {
        "start": "366429455",
        "end": "366429455",
        "reverse": false,
        "shape": {
          "type": "polyline",
          "points": [
            [
              118.82395,
              166.167
            ],
            [
              112.81716,
              206.01045
            ],
            [
              118.82395,
              166.167
            ]
          ]
        },
        "metadata": {
          "segment_id": 10026,
          "street_id": 32582897,
          "street_name": "Hu\u1ef3nh T\u1ea5n Ph\u00e1t",
          "street_type": "secondary",
          "street_level": 3,
          "street_group": "32582897",
          "composite": true
        },
        "length_hint": 80.58739439903984,
        "speed_limit": 11.11111111111111
      },
      {
        "start": "5813822222",
        "end": "5813822222",
        "reverse": false,
        "shape": {
          "type": "polyline",
          "points": [
            [
              105.95227,
              278.055
            ],
            [
              106.37859,
              261.1164
            ],
            [
              105.95227,
              278.055
            ]
          ]
        },
        "metadata": {
          "segment_id": 10033,
          "street_id": 32582897,
          "street_name": "Hu\u1ef3nh T\u1ea5n Ph\u00e1t",
          "street_type": "secondary",
          "street_level": 3,
          "street_group": "32582897",
          "composite": true
        },
        "length_hint": 33.88792815752537,
        "speed_limit": 11.11111111111111
      },
      {
        "start": "5813822222",
        "end": "5813822222",
        "reverse": false,
        "shape": {
          "type": "polyline",
          "points": [
            [
              105.95227,
              278.055
            ],
            [
              106.17089,
              280.5414
            ],
            [
              105.95227,
              278.055
            ]
          ]
        },
        "metadata": {
          "segment_id": 10034,
          "street_id": 32582897,
          "street_name": "Hu\u1ef3nh T\u1ea5n Ph\u00e1t",
          "street_type": "secondary",
          "street_level": 3,
          "street_group": "32582897",
          "composite": true
        },
        "length_hint": 4.99198544244673,
        "speed_limit": 11.11111111111111
      },
      {
        "start": "366424896",
        "end": "366424896",
        "reverse": false,
        "shape": {
          "type": "polyline",
          "points": [
            [
              106.37859,
              261.1164
            ],
            [
              108.64138,
              233.6661
            ],
            [
              106.37859,
              261.1164
            ]
          ]
        },
        "metadata": {
          "segment_id": 10031,
          "street_id": 32582897,
          "street_name": "Hu\u1ef3nh T\u1ea5n Ph\u00e1t",
          "street_type": "secondary",
          "street_level": 3,
          "street_group": "32582897",
          "composite": true
        },
        "length_hint": 55.08681107757464,
        "speed_limit": 11.11111111111111
      },
      {
        "start": "5813822214",
        "end": "5813822214",
        "reverse": false,
        "shape": {
          "type": "polyline",
          "points": [
            [
              112.81716,
              206.01045
            ],
            [
              108.64138,
              233.6661
            ],
            [
              112.81716,
              206.01045
            ]
          ]
        },
        "metadata": {
          "segment_id": 10028,
          "street_id": 32582897,
          "street_name": "Hu\u1ef3nh T\u1ea5n Ph\u00e1t",
          "street_type": "secondary",
          "street_level": 3,
          "street_group": "32582897",
          "composite": true
        },
        "length_hint": 55.93825580158539,
        "speed_limit": 11.11111111111111
      },
      {
        "start": "366471145",
        "end": "366471145",
        "reverse": false,
        "shape": {
          "type": "polyline",
          "points": [
            [
              129.62414,
              128.0607
            ],
            [
              131.88147,
              121.3119
            ],
            [
              129.62414,
              128.0607
            ]
          ]
        },
        "metadata": {
          "segment_id": 10023,
          "street_id": 32582897,
          "street_name": "Hu\u1ef3nh T\u1ea5n Ph\u00e1t",
          "street_type": "secondary",
          "street_level": 3,
          "street_group": "32582897",
          "composite": true
        },
        "length_hint": 14.232616086847845,
        "speed_limit": 11.11111111111111
      },
      {
        "start": "5813791166",
        "end": "5813791166",
        "reverse": false,
        "shape": {
          "type": "polyline",
          "points": [
            [
              131.88147,
              121.3119
            ],
            [
              145.11935,
              81.6849
            ],
            [
              131.88147,
              121.3119
            ]
          ]
        },
        "metadata": {
          "segment_id": 10021,
          "street_id": 32582897,
          "street_name": "Hu\u1ef3nh T\u1ea5n Ph\u00e1t",
          "street_type": "secondary",
          "street_level": 3,
          "street_group": "32582897",
          "composite": true
        },
        "length_hint": 83.55933450894399,
        "speed_limit": 11.11111111111111
      },
      {
        "start": "2609809701",
        "end": "2609809701",
        "reverse": false,
        "shape": {
          "type": "polyline",
          "points": [
            [
              173.5245,
              0.0
            ],
            [
              159.99694,
              37.6734
            ],
            [
              173.5245,
              0.0
            ]
          ]
        },
        "metadata": {
          "segment_id": 10014,
          "street_id": 32582897,
          "street_name": "Hu\u1ef3nh T\u1ea5n Ph\u00e1t",
          "street_type": "secondary",
          "street_level": 3,
          "street_group": "32582897",
          "composite": true
        },
        "length_hint": 80.05697838698636,
        "speed_limit": 11.11111111111111
      },
      {
        "start": "5811554569",
        "end": "5811554569",
        "reverse": false,
        "shape": {
          "type": "polyline",
          "points": [
            [
              281.32964,
              938.36625
            ],
            [
              258.83835,
              941.0136
            ],
            [
              281.32964,
              938.36625
            ]
          ]
        },
        "metadata": {
          "segment_id": 3210,
          "street_id": 32578166,
          "street_name": "Ho\u00e0ng Qu\u1ed1c Vi\u1ec7t",
          "street_type": "unclassified",
          "street_level": 4,
          "street_group": "32578166",
          "composite": true
        },
        "length_hint": 45.29311593991296,
        "speed_limit": 11.11111111111111
      },
      {
        "start": "5811554569",
        "end": "5811554569",
        "reverse": false,
        "shape": {
          "type": "polyline",
          "points": [
            [
              281.32964,
              938.36625
            ],
            [
              296.20176,
              937.2063
            ],
            [
              281.32964,
              938.36625
            ]
          ]
        },
        "metadata": {
          "segment_id": 3211,
          "street_id": 32578166,
          "street_name": "Ho\u00e0ng Qu\u1ed1c Vi\u1ec7t",
          "street_type": "unclassified",
          "street_level": 4,
          "street_group": "32578166",
          "composite": true
        },
        "length_hint": 29.834573051873882,
        "speed_limit": 11.11111111111111
      },
      {
        "start": "2340178573",
        "end": "2340178573",
        "reverse": false,
        "shape": {
          "type": "polyline",
          "points": [
            [
              382.18789,
              927.42165
            ],
            [
              364.92179,
              927.5271
            ],
            [
              382.18789,
              927.42165
            ]
          ]
        },
        "metadata": {
          "segment_id": 3218,
          "street_id": 32578166,
          "street_name": "Ho\u00e0ng Qu\u1ed1c Vi\u1ec7t",
          "street_type": "unclassified",
          "street_level": 4,
          "street_group": "32578166",
          "composite": true
        },
        "length_hint": 34.532844013344736,
        "speed_limit": 11.11111111111111
      },
      {
        "start": "5811554621",
        "end": "5811554621",
        "reverse": false,
        "shape": {
          "type": "polyline",
          "points": [
            [
              296.20176,
              937.2063
            ],
            [
              337.67536,
              930.6018
            ],
            [
              296.20176,
              937.2063
            ]
          ]
        },
        "metadata": {
          "segment_id": 3213,
          "street_id": 32578166,
          "street_name": "Ho\u00e0ng Qu\u1ed1c Vi\u1ec7t",
          "street_type": "unclassified",
          "street_level": 4,
          "street_group": "32578166",
          "composite": true
        },
        "length_hint": 83.9923548237577,
        "speed_limit": 11.11111111111111
      },
      {
        "start": "5811554567",
        "end": "5811554567",
        "reverse": false,
        "shape": {
          "type": "polyline",
          "points": [
            [
              337.67536,
              930.6018
            ],
            [
              364.92179,
              927.5271
            ],
            [
              337.67536,
              930.6018
            ]
          ]
        },
        "metadata": {
          "segment_id": 3215,
          "street_id": 32578166,
          "street_name": "Ho\u00e0ng Qu\u1ed1c Vi\u1ec7t",
          "street_type": "unclassified",
          "street_level": 4,
          "street_group": "32578166",
          "composite": true
        },
        "length_hint": 54.83873550091755,
        "speed_limit": 11.11111111111111
      },
      {
        "start": "2337911243",
        "end": "2337911243",
        "reverse": false,
        "shape": {
          "type": "polyline",
          "points": [
            [
              48.19093,
              972.89835
            ],
            [
              120.27782,
              960.98805
            ],
            [
              48.19093,
              972.89835
            ]
          ]
        },
        "metadata": {
          "segment_id": 3199,
          "street_id": 32578166,
          "street_name": "Ho\u00e0ng Qu\u1ed1c Vi\u1ec7t",
          "street_type": "unclassified",
          "street_level": 4,
          "street_group": "32578166",
          "composite": true
        },
        "length_hint": 146.12836762192484,
        "speed_limit": 11.11111111111111
      },
      {
        "start": "366383160",
        "end": "366383160",
        "reverse": false,
        "shape": {
          "type": "polyline",
          "points": [
            [
              120.27782,
              960.98805
            ],
            [
              158.33537,
              954.92745
            ],
            [
              120.27782,
              960.98805
            ]
          ]
        },
        "metadata": {
          "segment_id": 3201,
          "street_id": 32578166,
          "street_name": "Ho\u00e0ng Qu\u1ed1c Vi\u1ec7t",
          "street_type": "unclassified",
          "street_level": 4,
          "street_group": "32578166",
          "composite": true
        },
        "length_hint": 77.07419761145752,
        "speed_limit": 11.11111111111111
      },
      {
        "start": "2153157475",
        "end": "2153157475",
        "reverse": false,
        "shape": {
          "type": "polyline",
          "points": [
            [
              188.63165,
              950.27655
            ],
            [
              158.33537,
              954.92745
            ],
            [
              188.63165,
              950.27655
            ]
          ]
        },
        "metadata": {
          "segment_id": 3204,
          "street_id": 32578166,
          "street_name": "Ho\u00e0ng Qu\u1ed1c Vi\u1ec7t",
          "street_type": "unclassified",
          "street_level": 4,
          "street_group": "32578166",
          "composite": true
        },
        "length_hint": 61.30238013807946,
        "speed_limit": 11.11111111111111
      },
      {
        "start": "2153157475",
        "end": "2153157475",
        "reverse": false,
        "shape": {
          "type": "polyline",
          "points": [
            [
              188.63165,
              950.27655
            ],
            [
              223.83065,
              945.01515
            ],
            [
              188.63165,
              950.27655
            ]
          ]
        },
        "metadata": {
          "segment_id": 3205,
          "street_id": 32578166,
          "street_name": "Ho\u00e0ng Qu\u1ed1c Vi\u1ec7t",
          "street_type": "unclassified",
          "street_level": 4,
          "street_group": "32578166",
          "composite": true
        },
        "length_hint": 71.18010764139093,
        "speed_limit": 11.11111111111111
      },
      {
        "start": "2159584485",
        "end": "2159584485",
        "reverse": false,
        "shape": {
          "type": "polyline",
          "points": [
            [
              223.83065,
              945.01515
            ],
            [
              258.83835,
              941.0136
            ],
            [
              223.83065,
              945.01515
            ]
          ]
        },
        "metadata": {
          "segment_id": 3207,
          "street_id": 32578166,
          "street_name": "Ho\u00e0ng Qu\u1ed1c Vi\u1ec7t",
          "street_type": "unclassified",
          "street_level": 4,
          "street_group": "32578166",
          "composite": true
        },
        "length_hint": 70.47131222540133,
        "speed_limit": 11.11111111111111
      },
      {
        "start": "2304476985",
        "end": "2304476985",
        "reverse": false,
        "shape": {
          "type": "polyline",
          "points": [
            [
              76.96228,
              468.2979
            ],
            [
              70.9555,
              467.2101
            ],
            [
              76.96228,
              468.2979
            ]
          ]
        },
        "metadata": {
          "segment_id": 83310,
          "street_id": 614365738,
          "street_name": "Ph\u1ea1m H\u1eefu L\u1ea7u",
          "street_type": "tertiary",
          "street_level": 4,
          "street_group": "614365738",
          "composite": true
        },
        "length_hint": 12.208966345829626,
        "speed_limit": 13.88888888888889
      },
      {
        "start": "2153156670",
        "end": "2153156670",
        "reverse": false,
        "shape": {
          "type": "polyline",
          "points": [
            [
              47.59517,
              464.19645
            ],
            [
              70.9555,
              467.2101
            ],
            [
              47.59517,
              464.19645
            ]
          ]
        },
        "metadata": {
          "segment_id": 83362,
          "street_id": 614403336,
          "street_name": "Ph\u1ea1m H\u1eefu L\u1ea7u",
          "street_type": "tertiary",
          "street_level": 4,
          "street_group": "614403336",
          "composite": true
        },
        "length_hint": 47.10783816017881,
        "speed_limit": 13.88888888888889
      },
      {
        "start": "2153156670",
        "end": "2153156670",
        "reverse": false,
        "shape": {
          "type": "polyline",
          "points": [
            [
              47.59517,
              464.19645
            ],
            [
              28.32317,
              461.56575
            ],
            [
              47.59517,
              464.19645
            ]
          ]
        },
        "metadata": {
          "segment_id": 83363,
          "street_id": 614403336,
          "street_name": "Ph\u1ea1m H\u1eefu L\u1ea7u",
          "street_type": "tertiary",
          "street_level": 4,
          "street_group": "614403336",
          "composite": true
        },
        "length_hint": 38.90144298043456,
        "speed_limit": 13.88888888888889
      },
      {
        "start": "2159584372",
        "end": "2159584372",
        "reverse": false,
        "shape": {
          "type": "polyline",
          "points": [
            [
              28.32317,
              461.56575
            ],
            [
              23.87957,
              460.9608
            ],
            [
              28.32317,
              461.56575
            ]
          ]
        },
        "metadata": {
          "segment_id": 83365,
          "street_id": 614403336,
          "street_name": "Ph\u1ea1m H\u1eefu L\u1ea7u",
          "street_type": "tertiary",
          "street_level": 4,
          "street_group": "614403336",
          "composite": true
        },
        "length_hint": 8.969179552779611,
        "speed_limit": 13.88888888888889
      },
      {
        "start": "714567054",
        "end": "714567054",
        "reverse": false,
        "shape": {
          "type": "polyline",
          "points": [
            [
              23.87957,
              460.9608
            ],
            [
              0.0,
              458.00265
            ],
            [
              23.87957,
              460.9608
            ]
          ]
        },
        "metadata": {
          "segment_id": 83367,
          "street_id": 614403336,
          "street_name": "Ph\u1ea1m H\u1eefu L\u1ea7u",
          "street_type": "tertiary",
          "street_level": 4,
          "street_group": "614403336",
          "composite": true
        },
        "length_hint": 48.124194115118435,
        "speed_limit": 13.88888888888889
      },
      {
        "start": "2340178573",
        "end": "2340178573",
        "reverse": false,
        "shape": {
          "type": "polyline",
          "points": [
            [
              382.18789,
              927.42165
            ],
            [
              382.76178,
              941.76285
            ],
            [
              382.18789,
              927.42165
            ]
          ]
        },
        "metadata": {
          "segment_id": 39540,
          "street_id": 232542188,
          "street_name": "\u0110\u00e0o Tr\u00ed",
          "street_type": "unclassified",
          "street_level": 4,
          "street_group": "232542188",
          "composite": true
        },
        "length_hint": 28.705356097571674,
        "speed_limit": 11.11111111111111
      },
      {
        "start": "2340178570",
        "end": "2340178570",
        "reverse": false,
        "shape": {
          "type": "polyline",
          "points": [
            [
              382.76178,
              941.76285
            ],
            [
              382.83284,
              1030.22985
            ],
            [
              382.76178,
              941.76285
            ]
          ]
        },
        "metadata": {
          "segment_id": 39542,
          "street_id": 232542188,
          "street_name": "\u0110\u00e0o Tr\u00ed",
          "street_type": "unclassified",
          "street_level": 4,
          "street_group": "232542188",
          "composite": true
        },
        "length_hint": 176.93405707803794,
        "speed_limit": 11.11111111111111
      },
      {
        "start": "5813822221",
        "end": "2304476983",
        "reverse": false,
        "shape": {
          "type": "polyline",
          "points": [
            [
              106.17089,
              280.5414
            ],
            [
              107.38427,
              288.4113
            ]
          ]
        },
        "metadata": {
          "segment_id": 37188,
          "street_id": 221424700,
          "street_name": "Hu\u1ef3nh T\u1ea5n Ph\u00e1t",
          "street_type": "secondary",
          "street_level": 3,
          "street_group": "221424700",
          "composite": true
        },
        "length_hint": 7.9628899926094405,
        "speed_limit": 11.11111111111111
      },
      {
        "start": "5811596704",
        "end": "2304476986",
        "reverse": false,
        "shape": {
          "type": "polyline",
          "points": [
            [
              101.90766,
              339.11055
            ],
            [
              91.51193,
              415.12335
            ]
          ]
        },
        "metadata": {
          "segment_id": 83312,
          "street_id": 614367729,
          "street_name": "C\u1ea7u Ph\u00fa Xu\u00e2n",
          "street_type": "secondary",
          "street_level": 3,
          "street_group": "614367729",
          "composite": true
        },
        "length_hint": 76.72038168617844,
        "speed_limit": 11.11111111111111
      },
      {
        "start": "5811596705",
        "end": "2305180271",
        "reverse": false,
        "shape": {
          "type": "polyline",
          "points": [
            [
              96.69886,
              340.3482
            ],
            [
              97.15798,
              337.329
            ],
            [
              101.71636,
              310.578
            ]
          ]
        },
        "metadata": {
          "segment_id": 83315,
          "street_id": 614367732,
          "street_name": "C\u1ea7u Ph\u00fa Xu\u00e2n",
          "street_type": "secondary",
          "street_level": 3,
          "street_group": "614367732",
          "composite": true
        },
        "length_hint": 30.190504696093427,
        "speed_limit": 11.11111111111111
      },
      {
        "start": "2337911241",
        "end": "2337911243",
        "reverse": false,
        "shape": {
          "type": "polyline",
          "points": [
            [
              40.75213,
              971.00025
            ],
            [
              48.19093,
              972.89835
            ]
          ]
        },
        "metadata": {
          "segment_id": 82427,
          "street_id": 612107151,
          "street_name": "Ho\u00e0ng Qu\u1ed1c Vi\u1ec7t",
          "street_type": "unclassified",
          "street_level": 4,
          "street_group": "612107151",
          "composite": true
        },
        "length_hint": 7.677143287056716,
        "speed_limit": 11.11111111111111
      },
      {
        "start": "2337911243",
        "end": "2337911244",
        "reverse": false,
        "shape": {
          "type": "polyline",
          "points": [
            [
              48.19093,
              972.89835
            ],
            [
              40.50071,
              975.49575
            ]
          ]
        },
        "metadata": {
          "segment_id": 82428,
          "street_id": 612107154,
          "street_name": "Ho\u00e0ng Qu\u1ed1c Vi\u1ec7t",
          "street_type": "unclassified",
          "street_level": 4,
          "street_group": "612107154",
          "composite": true
        },
        "length_hint": 8.117017334489315,
        "speed_limit": 11.11111111111111
      },
      {
        "start": "2337911244",
        "end": "2337911245",
        "reverse": false,
        "shape": {
          "type": "polyline",
          "points": [
            [
              40.50071,
              975.49575
            ],
            [
              35.27552,
              974.96295
            ]
          ]
        },
        "metadata": {
          "segment_id": 26098,
          "street_id": 149904633,
          "street_name": "Ho\u00e0ng Qu\u1ed1c Vi\u1ec7t",
          "street_type": "secondary",
          "street_level": 3,
          "street_group": "149904633",
          "composite": true
        },
        "length_hint": 5.252283919981863,
        "speed_limit": 11.11111111111111
      },
      {
        "start": "2304476983",
        "end": "2305180274",
        "reverse": false,
        "shape": {
          "type": "polyline",
          "points": [
            [
              107.38427,
              288.4113
            ],
            [
              105.53141,
              311.8878
            ]
          ]
        },
        "metadata": {
          "segment_id": 37187,
          "street_id": 221424656,
          "street_name": "C\u1ea7u Ph\u00fa Xu\u00e2n",
          "street_type": "secondary",
          "street_level": 3,
          "street_group": "221424656",
          "composite": true
        },
        "length_hint": 23.549504080332607,
        "speed_limit": 11.11111111111111
      },
      {
        "start": "2337911252",
        "end": "2337911241",
        "reverse": false,
        "shape": {
          "type": "polyline",
          "points": [
            [
              35.48321,
              970.0623
            ],
            [
              40.75213,
              971.00025
            ]
          ]
        },
        "metadata": {
          "segment_id": 26111,
          "street_id": 149904634,
          "street_name": "Ho\u00e0ng Qu\u1ed1c Vi\u1ec7t",
          "street_type": "secondary",
          "street_level": 3,
          "street_group": "149904634",
          "composite": true
        },
        "length_hint": 5.351753747034706,
        "speed_limit": 11.11111111111111
      },
      {
        "start": "373516012",
        "end": "5813822221",
        "reverse": false,
        "shape": {
          "type": "polyline",
          "points": [
            [
              104.78808,
              288.26145
            ],
            [
              106.17089,
              280.5414
            ]
          ]
        },
        "metadata": {
          "segment_id": 37189,
          "street_id": 221424701,
          "street_name": "Hu\u1ef3nh T\u1ea5n Ph\u00e1t",
          "street_type": "secondary",
          "street_level": 3,
          "street_group": "221424701",
          "composite": true
        },
        "length_hint": 7.842916262373342,
        "speed_limit": 11.11111111111111
      },
      {
        "start": "2305180274",
        "end": "5811596704",
        "reverse": false,
        "shape": {
          "type": "polyline",
          "points": [
            [
              105.53141,
              311.8878
            ],
            [
              101.90766,
              339.11055
            ]
          ]
        },
        "metadata": {
          "segment_id": 83313,
          "street_id": 614367730,
          "street_name": "C\u1ea7u Ph\u00fa Xu\u00e2n",
          "street_type": "secondary",
          "street_level": 3,
          "street_group": "614367730",
          "composite": true
        },
        "length_hint": 27.462878247281328,
        "speed_limit": 11.11111111111111
      },
      {
        "start": "2305180271",
        "end": "373516012",
        "reverse": false,
        "shape": {
          "type": "polyline",
          "points": [
            [
              101.71636,
              310.578
            ],
            [
              104.78808,
              288.26145
            ]
          ]
        },
        "metadata": {
          "segment_id": 83314,
          "street_id": 614367731,
          "street_name": "C\u1ea7u Ph\u00fa Xu\u00e2n",
          "street_type": "secondary",
          "street_level": 3,
          "street_group": "614367731",
          "composite": true
        },
        "length_hint": 22.526958686447173,
        "speed_limit": 11.11111111111111
      },
      {
        "start": "366456831",
        "end": "5811596705",
        "reverse": false,
        "shape": {
          "type": "polyline",
          "points": [
            [
              85.50515,
              414.91245
            ],
            [
              96.69886,
              340.3482
            ]
          ]
        },
        "metadata": {
          "segment_id": 18983,
          "street_id": 33102005,
          "street_name": "C\u1ea7u Ph\u00fa Xu\u00e2n",
          "street_type": "secondary",
          "street_level": 3,
          "street_group": "33102005",
          "composite": true
        },
        "length_hint": 75.39977799454448,
        "speed_limit": 11.11111111111111
      }
    ]
  }
}