{
  "observation": {
    "type": "Kinematics"
  },
  "action": {
    "type": "DiscreteMetaAction"
  },
  "simulation_frequency": 15,
  "policy_frequency": 1,
  "other_vehicles_type": "highway_env.vehicle.behavior.IDMVehicle",
  "screen_width": 600,
  "screen_height": 150,
  "centering_position": [
    0.3,
    0.5
  ],
  "scaling": 5.5,
  "show_trajectories": false,
  "render_agent": true,
  "offscreen_rendering": false,
  "manual_control": false,
  "real_time_rendering": false,
  "destination": null,
  "initial_vehicle_count": 0,
  "controlled_vehicles": 0,
  "spawn_probability": 0.0,
  "duration": 40.0,
  "collision_reward": -5,
  "high_speed_reward": 1.0,
  "arrived_reward": 1.0,
  "reward_speed_range": [
    6.0,
    12.0
  ],
  "auto_curve": false,
  "corner_radius": 25.0,
  "curve_samples": 8,
  "exit_distance": 5.0,
  "graph": {
    "nodes": {
      "3032866818": [
        381.57573,
        998.334
      ],
      "3032866819": [
        497.8964,
        982.3278
      ],
      "3188394504": [
        38.40189,
        718.0923
      ],
      "2635286033": [
        41.22218,
        831.6786
      ],
      "366400529": [
        575.89716,
        911.42655
      ],
      "2635286035": [
        37.31968,
        821.35005
      ],
      "3246076435": [
        184.75102,
        1043.1669
      ],
      "2635286037": [
        36.72939,
        816.08865
      ],
      "2635286038": [
        31.74469,
        805.26615
      ],
      "2635286039": [
        26.4703,
        788.59395
      ],
      "2635286040": [
        21.4856,
        770.75625
      ],
      "3188394521": [
        35.52147,
        813.46905
      ],
      "2635286041": [
        29.9902,
        763.7355
      ],
      "2635286042": [
        40.24929,
        754.96095
      ],
      "5742600220": [
        574.2028,
        668.04795
      ],
      "5742600221": [
        642.74246,
        796.0254
      ],
      "5742600222": [
        637.29318,
        795.02085
      ],
      "5742600223": [
        646.26236,
        766.9212
      ],
      "5742600224": [
        640.53979,
        767.94795
      ],
      "5742600225": [
        640.17359,
        781.40115
      ],
      "5742600226": [
        645.74859,
        781.329
      ],
      "5742600227": [
        628.96347,
        735.33615
      ],
      "5742600228": [
        633.4344,
        732.1227
      ],
      "5742600229": [
        590.40308,
        689.85945
      ],
      "5742600230": [
        586.00867,
        692.64
      ],
      "5742600231": [
        613.05287,
        717.7149
      ],
      "2635286056": [
        244.96098,
        435.1977
      ],
      "5742600233": [
        560.42381,
        634.65915
      ],
      "5742600234": [
        555.51563,
        635.3862
      ],
      "5742600235": [
        564.30991,
        586.98465
      ],
      "5742600236": [
        559.91004,
        584.72025
      ],
      "5742600237": [
        598.67266,
        507.75285
      ],
      "5742600238": [
        593.72622,
        505.25535
      ],
      "5742600239": [
        634.40729,
        808.6572
      ],
      "5742600240": [
        637.92173,
        754.8333
      ],
      "5742600241": [
        564.69251,
        664.93995
      ],
      "5742600242": [
        554.26398,
        608.5575
      ],
      "5742600243": [
        578.54801,
        536.64615
      ],
      "5742600244": [
        634.07935,
        421.80555
      ],
      "5742600245": [
        668.56235,
        358.7187
      ],
      "5742600246": [
        704.24233,
        293.84475
      ],
      "5742600247": [
        711.05803,
        289.18275
      ],
      "5743072830": [
        246.22355,
        437.86725
      ],
      "5889569348": [
        679.24229,
        351.2595
      ],
      "5889569349": [
        673.83127,
        349.3503
      ],
      "5742600268": [
        261.80075,
        734.82555
      ],
      "2592845390": [
        851.80484,
        921.21675
      ],
      "366397012": [
        363.40233,
        866.5992
      ],
      "5742600287": [
        261.83355,
        729.3366
      ],
      "5742600298": [
        261.98658,
        775.77345
      ],
      "2665431153": [
        514.24425,
        898.8114
      ],
      "2665431155": [
        535.89929,
        903.24585
      ],
      "5742600317": [
        258.67438,
        609.3678
      ],
      "5742600321": [
        260.24303,
        636.5295
      ],
      "3187226245": [
        164.64277,
        841.7463
      ],
      "5742600333": [
        251.86961,
        514.3074
      ],
      "5742600336": [
        252.10463,
        517.54305
      ],
      "3029239455": [
        595.31126,
        929.38635
      ],
      "3029239457": [
        582.74566,
        913.83525
      ],
      "3029239459": [
        593.67156,
        922.5987
      ],
      "5735887524": [
        636.11259,
        181.39065
      ],
      "2635286043": [
        43.76919,
        745.60365
      ],
      "2635286044": [
        42.00924,
        741.50775
      ],
      "2635286045": [
        36.43971,
        734.1984
      ],
      "5735887556": [
        672.94583,
        361.3494
      ],
      "5735887557": [
        720.73776,
        267.17145
      ],
      "5735887558": [
        719.4096,
        277.11705
      ],
      "3245651652": [
        38.39642,
        1094.1936
      ],
      "2635286046": [
        37.02454,
        726.0066
      ],
      "2635286047": [
        41.71409,
        699.1002
      ],
      "3245652173": [
        258.81102,
        1051.0812
      ],
      "2635286048": [
        44.35402,
        692.66775
      ],
      "5737775317": [
        110.79486,
        610.02825
      ],
      "2635286049": [
        60.77293,
        670.73415
      ],
      "5742470361": [
        69.8241,
        659.6619
      ],
      "2635286050": [
        98.30577,
        624.819
      ],
      "2635286051": [
        151.08241,
        563.98545
      ],
      "2635286052": [
        167.20618,
        546.1422
      ],
      "2635286053": [
        207.0838,
        485.30865
      ],
      "2635286054": [
        229.95222,
        449.04495
      ],
      "5742979313": [
        554.9144,
        622.4991
      ],
      "3188394528": [
        127.08806,
        839.52075
      ],
      "5742979315": [
        619.03233,
        845.8089
      ],
      "2635286055": [
        240.2113,
        437.23455
      ],
      "3233979651": [
        851.89775,
        927.43275
      ],
      "1834410244": [
        251.60725,
        510.6222
      ],
      "1834410245": [
        258.89847,
        612.4758
      ],
      "1834410246": [
        262.19428,
        671.3835
      ],
      "1834410247": [
        261.72423,
        747.4185
      ],
      "1834410248": [
        262.19428,
        797.87355
      ],
      "3233979652": [
        497.53019,
        988.87125
      ],
      "3233979653": [
        381.60306,
        1015.0173
      ],
      "3233979654": [
        314.46261,
        1030.82925
      ],
      "3233979656": [
        270.04847,
        1044.5766
      ],
      "2635317519": [
        123.50257,
        594.9822
      ],
      "366443293": [
        336.46745,
        859.4064
      ],
      "3245654827": [
        245.26706,
        1060.36635
      ],
      "3245654828": [
        299.55769,
        1034.5311
      ],
      "5963184435": [
        48.57353,
        1042.7451
      ],
      "5963184436": [
        61.31403,
        1042.39545
      ],
      "5963184437": [
        312.14516,
        1008.5127
      ],
      "5963184438": [
        284.3139,
        1038.97665
      ],
      "5963184440": [
        229.1433,
        1074.4356
      ],
      "5963184445": [
        13.5385,
        1036.23495
      ],
      "5963184446": [
        25.16947,
        1039.38735
      ],
      "5963184447": [
        15.90514,
        1034.0871
      ],
      "2635291981": [
        261.99752,
        802.39125
      ],
      "5963184463": [
        0.0,
        1053.22905
      ],
      "2635291992": [
        183.62509,
        842.87295
      ],
      "5963184985": [
        184.56518,
        1081.8171
      ],
      "5963184986": [
        181.92526,
        1075.8786
      ],
      "5963184987": [
        178.00636,
        1070.6949
      ],
      "5963184988": [
        172.96154,
        1066.6323
      ],
      "5963184989": [
        165.80149,
        1063.1025
      ],
      "5963184990": [
        157.73415,
        1060.99905
      ],
      "5963184991": [
        150.5741,
        1060.3941
      ],
      "5963184992": [
        144.16832,
        1060.62165
      ],
      "5963184993": [
        137.16132,
        1061.4486
      ],
      "5963184994": [
        105.43303,
        1066.02735
      ],
      "5963184483": [
        186.22129,
        1094.0715
      ],
      "5963184484": [
        186.22129,
        1087.98315
      ],
      "2635292002": [
        58.14394,
        674.2473
      ],
      "5740089732": [
        106.82131,
        838.3164
      ],
      "366446472": [
        95.32698,
        837.63375
      ],
      "5740162446": [
        630.20418,
        1091.7405
      ],
      "5740162448": [
        330.0398,
        857.95785
      ],
      "366463902": [
        589.7636,
        916.54365
      ],
      "5740162471": [
        461.09595,
        887.46165
      ],
      "5740162477": [
        503.0396,
        896.41935
      ],
      "5735965625": [
        639.5833,
        12.5097
      ],
      "5735965626": [
        606.17704,
        51.6594
      ],
      "5735965628": [
        587.77955,
        73.34325
      ],
      "5735965629": [
        569.51324,
        94.86615
      ],
      "366428097": [
        258.69624,
        846.2196
      ],
      "5740162505": [
        315.50655,
        854.68335
      ],
      "5742600232": [
        617.1576,
        714.2073
      ],
      "5742600145": [
        611.18907,
        715.98885
      ],
      "3032866776": [
        226.53616,
        1029.08655
      ],
      "3032866777": [
        207.20951,
        1022.6541
      ],
      "3032866778": [
        130.97963,
        1032.8328
      ],
      "3032866779": [
        75.0329,
        1040.31975
      ],
      "5742600157": [
        249.53029,
        488.11695
      ],
      "5735886814": [
        623.51419,
        31.635
      ],
      "5735886815": [
        627.05595,
        0.0
      ],
      "4886880224": [
        639.92217,
        809.8449
      ],
      "4886880225": [
        643.32182,
        752.43015
      ],
      "4886880226": [
        569.95049,
        662.32035
      ],
      "4886880227": [
        559.3744,
        609.1791
      ],
      "4886880228": [
        584.05742,
        539.0604
      ],
      "4886880229": [
        637.58832,
        424.39185
      ],
      "4886880230": [
        709.38007,
        297.01935
      ],
      "4886880231": [
        718.38205,
        261.94335
      ],
      "4886880232": [
        621.85809,
        167.4324
      ],
      "4886880233": [
        556.08406,
        110.6892
      ],
      "4886880235": [
        249.93475,
        491.5635
      ],
      "3032866798": [
        0.22409,
        1030.4019
      ],
      "1834116590": [
        299.27347,
        851.0259
      ],
      "3032866800": [
        36.66927,
        1041.6684
      ],
      "3032866801": [
        2.83669,
        1027.4937
      ],
      "1834116594": [
        594.40396,
        925.4958
      ],
      "4886880245": [
        621.65586,
        1052.62965
      ],
      "1834116598": [
        606.35741,
        982.62195
      ],
      "5742600187": [
        644.53521,
        787.2675
      ],
      "3188394493": [
        146.11957,
        840.70845
      ],
      "3188394494": [
        359.92616,
        865.67235
      ],
      "5742600191": [
        646.02187,
        773.64225
      ]
    },
    "edges": [
      {
        "start": "3032866778",
        "end": "3032866819",
        "reverse": false,
        "shape": {
          "type": "polyline",
          "points": [
            [
              130.97963,
              1032.8328
            ],
            [
              207.20951,
              1022.6541
            ],
            [
              312.14516,
              1008.5127
            ],
            [
              381.57573,
              998.334
            ],
            [
              497.8964,
              982.3278
            ]
          ]
        },
        "metadata": {
          "segment_id": 84168,
          "street_id": 631427443,
          "street_name": "Nh\u00e1nh C1",
          "street_type": "motorway_link",
          "street_level": 3,
          "street_group": "631427443",
          "composite": true
        },
        "length_hint": 370.380149017397,
        "speed_limit": 11.11111111111111
      },
      {
        "start": "3032866819",
        "end": "2592845390",
        "reverse": false,
        "shape": {
          "type": "polyline",
          "points": [
            [
              497.8964,
              982.3278
            ],
            [
              851.80484,
              921.21675
            ]
          ]
        },
        "metadata": {
          "segment_id": 47912,
          "street_id": 311687973,
          "street_name": "Cao t\u1ed1c TP. H\u1ed3 Ch\u00ed Minh - Long Th\u00e0nh - D\u1ea7u Gi\u00e2y",
          "street_type": "motorway",
          "street_level": 1,
          "street_group": "311687973",
          "composite": true
        },
        "length_hint": 359.14585384678475,
        "speed_limit": 33.333333333333336
      },
      {
        "start": "2635286048",
        "end": "2635286048",
        "reverse": false,
        "shape": {
          "type": "polyline",
          "points": [
            [
              44.35402,
              692.66775
            ],
            [
              41.71409,
              699.1002
            ],
            [
              44.35402,
              692.66775
            ]
          ]
        },
        "metadata": {
          "segment_id": 43224,
          "street_id": 258125566,
          "street_name": "\u0110\u01b0\u1eddng s\u1ed1 836",
          "street_type": "unclassified",
          "street_level": 4,
          "street_group": "258125566",
          "composite": true
        },
        "length_hint": 13.906206298973164,
        "speed_limit": 11.11111111111111
      },
      {
        "start": "2635286048",
        "end": "2635286048",
        "reverse": false,
        "shape": {
          "type": "polyline",
          "points": [
            [
              44.35402,
              692.66775
            ],
            [
              58.14394,
              674.2473
            ],
            [
              44.35402,
              692.66775
            ]
          ]
        },
        "metadata": {
          "segment_id": 43225,
          "street_id": 258125566,
          "street_name": "\u0110\u01b0\u1eddng s\u1ed1 836",
          "street_type": "unclassified",
          "street_level": 4,
          "street_group": "258125566",
          "composite": true
        },
        "length_hint": 46.020641968964256,
        "speed_limit": 11.11111111111111
      },
      {
        "start": "2635286054",
        "end": "2635286054",
        "reverse": false,
        "shape": {
          "type": "polyline",
          "points": [
            [
              229.95222,
              449.04495
            ],
            [
              207.0838,
              485.30865
            ],
            [
              229.95222,
              449.04495
            ]
          ]
        },
        "metadata": {
          "segment_id": 43244,
          "street_id": 258125566,
          "street_name": "\u0110\u01b0\u1eddng s\u1ed1 836",
          "street_type": "unclassified",
          "street_level": 4,
          "street_group": "258125566",
          "composite": true
        },
        "length_hint": 85.74428426399984,
        "speed_limit": 11.11111111111111
      },
      {
        "start": "2635286054",
        "end": "2635286054",
        "reverse": false,
        "shape": {
          "type": "polyline",
          "points": [
            [
              229.95222,
              449.04495
            ],
            [
              240.2113,
              437.23455
            ],
            [
              229.95222,
              449.04495
            ]
          ]
        },
        "metadata": {
          "segment_id": 43245,
          "street_id": 258125566,
          "street_name": "\u0110\u01b0\u1eddng s\u1ed1 836",
          "street_type": "unclassified",
          "street_level": 4,
          "street_group": "258125566",
          "composite": true
        },
        "length_hint": 31.287970250970176,
        "speed_limit": 11.11111111111111
      },
      {
        "start": "2635286056",
        "end": "2635286056",
        "reverse": false,
        "shape": {
          "type": "polyline",
          "points": [
            [
              244.96098,
              435.1977
            ],
            [
              240.2113,
              437.23455
            ],
            [
              244.96098,
              435.1977
            ]
          ]
        },
        "metadata": {
          "segment_id": 43248,
          "street_id": 258125566,
          "street_name": "\u0110\u01b0\u1eddng s\u1ed1 836",
          "street_type": "unclassified",
          "street_level": 4,
          "street_group": "258125566",
          "composite": true
        },
        "length_hint": 10.335998843827369,
        "speed_limit": 11.11111111111111
      },
      {
        "start": "2635292002",
        "end": "2635292002",
        "reverse": false,
        "shape": {
          "type": "polyline",
          "points": [
            [
              58.14394,
              674.2473
            ],
            [
              60.77293,
              670.73415
            ],
            [
              58.14394,
              674.2473
            ]
          ]
        },
        "metadata": {
          "segment_id": 43227,
          "street_id": 258125566,
          "street_name": "\u0110\u01b0\u1eddng s\u1ed1 836",
          "street_type": "unclassified",
          "street_level": 4,
          "street_group": "258125566",
          "composite": true
        },
        "length_hint": 8.775833029997775,
        "speed_limit": 11.11111111111111
      },
      {
        "start": "5742470361",
        "end": "5742470361",
        "reverse": false,
        "shape": {
          "type": "polyline",
          "points": [
            [
              69.8241,
              659.6619
            ],
            [
              60.77293,
              670.73415
            ],
            [
              69.8241,
              659.6619
            ]
          ]
        },
        "metadata": {
          "segment_id": 43230,
          "street_id": 258125566,
          "street_name": "\u0110\u01b0\u1eddng s\u1ed1 836",
          "street_type": "unclassified",
          "street_level": 4,
          "street_group": "258125566",
          "composite": true
        },
        "length_hint": 28.601985835350746,
        "speed_limit": 11.11111111111111
      },
      {
        "start": "5742470361",
        "end": "5742470361",
        "reverse": false,
        "shape": {
          "type": "polyline",
          "points": [
            [
              69.8241,
              659.6619
            ],
            [
              98.30577,
              624.819
            ],
            [
              69.8241,
              659.6619
            ]
          ]
        },
        "metadata": {
          "segment_id": 43231,
          "street_id": 258125566,
          "street_name": "\u0110\u01b0\u1eddng s\u1ed1 836",
          "street_type": "unclassified",
          "street_level": 4,
          "street_group": "258125566",
          "composite": true
        },
        "length_hint": 90.00518221522356,
        "speed_limit": 11.11111111111111
      },
      {
        "start": "2635286051",
        "end": "2635286051",
        "reverse": false,
        "shape": {
          "type": "polyline",
          "points": [
            [
              151.08241,
              563.98545
            ],
            [
              123.50257,
              594.9822
            ],
            [
              151.08241,
              563.98545
            ]
          ]
        },
        "metadata": {
          "segment_id": 43238,
          "street_id": 258125566,
          "street_name": "\u0110\u01b0\u1eddng s\u1ed1 836",
          "street_type": "unclassified",
          "street_level": 4,
          "street_group": "258125566",
          "composite": true
        },
        "length_hint": 82.98062629284263,
        "speed_limit": 11.11111111111111
      },
      {
        "start": "2635286051",
        "end": "2635286051",
        "reverse": false,
        "shape": {
          "type": "polyline",
          "points": [
            [
              151.08241,
              563.98545
            ],
            [
              167.20618,
              546.1422
            ],
            [
              151.08241,
              563.98545
            ]
          ]
        },
        "metadata": {
          "segment_id": 43239,
          "street_id": 258125566,
          "street_name": "\u0110\u01b0\u1eddng s\u1ed1 836",
          "street_type": "unclassified",
          "street_level": 4,
          "street_group": "258125566",
          "composite": true
        },
        "length_hint": 48.098130091528496,
        "speed_limit": 11.11111111111111
      },
      {
        "start": "2635286050",
        "end": "2635286050",
        "reverse": false,
        "shape": {
          "type": "polyline",
          "points": [
            [
              98.30577,
              624.819
            ],
            [
              110.79486,
              610.02825
            ],
            [
              98.30577,
              624.819
            ]
          ]
        },
        "metadata": {
          "segment_id": 43233,
          "street_id": 258125566,
          "street_name": "\u0110\u01b0\u1eddng s\u1ed1 836",
          "street_type": "unclassified",
          "street_level": 4,
          "street_group": "258125566",
          "composite": true
        },
        "length_hint": 38.7165935790121,
        "speed_limit": 11.11111111111111
      },
      {
        "start": "5737775317",
        "end": "5737775317",
        "reverse": false,
        "shape": {
          "type": "polyline",
          "points": [
            [
              110.79486,
              610.02825
            ],
            [
              123.50257,
              594.9822
            ],
            [
              110.79486,
              610.02825
            ]
          ]
        },
        "metadata": {
          "segment_id": 43235,
          "street_id": 258125566,
          "street_name": "\u0110\u01b0\u1eddng s\u1ed1 836",
          "street_type": "unclassified",
          "street_level": 4,
          "street_group": "258125566",
          "composite": true
        },
        "length_hint": 39.38880622951642,
        "speed_limit": 11.11111111111111
      },
      {
        "start": "2635286052",
        "end": "2635286052",
        "reverse": false,
        "shape": {
          "type": "polyline",
          "points": [
            [
              167.20618,
              546.1422
            ],
            [
              207.0838,
              485.30865
            ],
            [
              167.20618,
              546.1422
            ]
          ]
        },
        "metadata": {
          "segment_id": 43241,
          "street_id": 258125566,
          "street_name": "\u0110\u01b0\u1eddng s\u1ed1 836",
          "street_type": "unclassified",
          "street_level": 4,
          "street_group": "258125566",
          "composite": true
        },
        "length_hint": 145.47776988209438,
        "speed_limit": 11.11111111111111
      },
      {
        "start": "3188394504",
        "end": "3188394504",
        "reverse": false,
        "shape": {
          "type": "polyline",
          "points": [
            [
              38.40189,
              718.0923
            ],
            [
              37.02454,
              726.0066
            ],
            [
              38.40189,
              718.0923
            ]
          ]
        },
        "metadata": {
          "segment_id": 43220,
          "street_id": 258125566,
          "street_name": "\u0110\u01b0\u1eddng s\u1ed1 836",
          "street_type": "unclassified",
          "street_level": 4,
          "street_group": "258125566",
          "composite": true
        },
        "length_hint": 16.066516425473246,
        "speed_limit": 11.11111111111111
      },
      {
        "start": "3188394504",
        "end": "3188394504",
        "reverse": false,
        "shape": {
          "type": "polyline",
          "points": [
            [
              38.40189,
              718.0923
            ],
            [
              41.71409,
              699.1002
            ],
            [
              38.40189,
              718.0923
            ]
          ]
        },
        "metadata": {
          "segment_id": 43221,
          "street_id": 258125566,
          "street_name": "\u0110\u01b0\u1eddng s\u1ed1 836",
          "street_type": "unclassified",
          "street_level": 4,
          "street_group": "258125566",
          "composite": true
        },
        "length_hint": 38.55751710107911,
        "speed_limit": 11.11111111111111
      },
      {
        "start": "2635286041",
        "end": "2635286041",
        "reverse": false,
        "shape": {
          "type": "polyline",
          "points": [
            [
              29.9902,
              763.7355
            ],
            [
              21.4856,
              770.75625
            ],
            [
              29.9902,
              763.7355
            ]
          ]
        },
        "metadata": {
          "segment_id": 43208,
          "street_id": 258125566,
          "street_name": "\u0110\u01b0\u1eddng s\u1ed1 836",
          "street_type": "unclassified",
          "street_level": 4,
          "street_group": "258125566",
          "composite": true
        },
        "length_hint": 22.056214699943443,
        "speed_limit": 11.11111111111111
      },
      {
        "start": "2635286041",
        "end": "2635286041",
        "reverse": false,
        "shape": {
          "type": "polyline",
          "points": [
            [
              29.9902,
              763.7355
            ],
            [
              40.24929,
              754.96095
            ],
            [
              29.9902,
              763.7355
            ]
          ]
        },
        "metadata": {
          "segment_id": 43209,
          "street_id": 258125566,
          "street_name": "\u0110\u01b0\u1eddng s\u1ed1 836",
          "street_type": "unclassified",
          "street_level": 4,
          "street_group": "258125566",
          "composite": true
        },
        "length_hint": 26.99938186926505,
        "speed_limit": 11.11111111111111
      },
      {
        "start": "2635286033",
        "end": "2635286033",
        "reverse": false,
        "shape": {
          "type": "polyline",
          "points": [
            [
              41.22218,
              831.6786
            ],
            [
              37.31968,
              821.35005
            ],
            [
              41.22218,
              831.6786
            ]
          ]
        },
        "metadata": {
          "segment_id": 43195,
          "street_id": 258125566,
          "street_name": "\u0110\u01b0\u1eddng s\u1ed1 836",
          "street_type": "unclassified",
          "street_level": 4,
          "street_group": "258125566",
          "composite": true
        },
        "length_hint": 22.082432053784203,
        "speed_limit": 11.11111111111111
      },
      {
        "start": "2635286038",
        "end": "2635286038",
        "reverse": false,
        "shape": {
          "type": "polyline",
          "points": [
            [
              31.74469,
              805.26615
            ],
            [
              35.52147,
              813.46905
            ],
            [
              31.74469,
              805.26615
            ]
          ]
        },
        "metadata": {
          "segment_id": 43202,
          "street_id": 258125566,
          "street_name": "\u0110\u01b0\u1eddng s\u1ed1 836",
          "street_type": "unclassified",
          "street_level": 4,
          "street_group": "258125566",
          "composite": true
        },
        "length_hint": 18.061188839985036,
        "speed_limit": 11.11111111111111
      },
      {
        "start": "2635286038",
        "end": "2635286038",
        "reverse": false,
        "shape": {
          "type": "polyline",
          "points": [
            [
              31.74469,
              805.26615
            ],
            [
              26.4703,
              788.59395
            ],
            [
              31.74469,
              805.26615
            ]
          ]
        },
        "metadata": {
          "segment_id": 43203,
          "street_id": 258125566,
          "street_name": "\u0110\u01b0\u1eddng s\u1ed1 836",
          "street_type": "unclassified",
          "street_level": 4,
          "street_group": "258125566",
          "composite": true
        },
        "length_hint": 34.973215048782855,
        "speed_limit": 11.11111111111111
      },
      {
        "start": "2635286040",
        "end": "2635286040",
        "reverse": false,
        "shape": {
          "type": "polyline",
          "points": [
            [
              21.4856,
              770.75625
            ],
            [
              26.4703,
              788.59395
            ],
            [
              21.4856,
              770.75625
            ]
          ]
        },
        "metadata": {
          "segment_id": 43206,
          "street_id": 258125566,
          "street_name": "\u0110\u01b0\u1eddng s\u1ed1 836",
          "street_type": "unclassified",
          "street_level": 4,
          "street_group": "258125566",
          "composite": true
        },
        "length_hint": 37.042180031958026,
        "speed_limit": 11.11111111111111
      },
      {
        "start": "2635286035",
        "end": "2635286035",
        "reverse": false,
        "shape": {
          "type": "polyline",
          "points": [
            [
              37.31968,
              821.35005
            ],
            [
              36.72939,
              816.08865
            ],
            [
              37.31968,
              821.35005
            ]
          ]
        },
        "metadata": {
          "segment_id": 43197,
          "street_id": 258125566,
          "street_name": "\u0110\u01b0\u1eddng s\u1ed1 836",
          "street_type": "unclassified",
          "street_level": 4,
          "street_group": "258125566",
          "composite": true
        },
        "length_hint": 10.588819054852111,
        "speed_limit": 11.11111111111111
      },
      {
        "start": "2635286037",
        "end": "2635286037",
        "reverse": false,
        "shape": {
          "type": "polyline",
          "points": [
            [
              36.72939,
              816.08865
            ],
            [
              35.52147,
              813.46905
            ],
            [
              36.72939,
              816.08865
            ]
          ]
        },
        "metadata": {
          "segment_id": 43199,
          "street_id": 258125566,
          "street_name": "\u0110\u01b0\u1eddng s\u1ed1 836",
          "street_type": "unclassified",
          "street_level": 4,
          "street_group": "258125566",
          "composite": true
        },
        "length_hint": 5.769358677149466,
        "speed_limit": 11.11111111111111
      },
      {
        "start": "2635286042",
        "end": "2635286042",
        "reverse": false,
        "shape": {
          "type": "polyline",
          "points": [
            [
              40.24929,
              754.96095
            ],
            [
              43.76919,
              745.60365
            ],
            [
              40.24929,
              754.96095
            ]
          ]
        },
        "metadata": {
          "segment_id": 43211,
          "street_id": 258125566,
          "street_name": "\u0110\u01b0\u1eddng s\u1ed1 836",
          "street_type": "unclassified",
          "street_level": 4,
          "street_group": "258125566",
          "composite": true
        },
        "length_hint": 19.994875273429457,
        "speed_limit": 11.11111111111111
      },
      {
        "start": "2635286045",
        "end": "2635286045",
        "reverse": false,
        "shape": {
          "type": "polyline",
          "points": [
            [
              36.43971,
              734.1984
            ],
            [
              42.00924,
              741.50775
            ],
            [
              36.43971,
              734.1984
            ]
          ]
        },
        "metadata": {
          "segment_id": 43216,
          "street_id": 258125566,
          "street_name": "\u0110\u01b0\u1eddng s\u1ed1 836",
          "street_type": "unclassified",
          "street_level": 4,
          "street_group": "258125566",
          "composite": true
        },
        "length_hint": 18.378929440356412,
        "speed_limit": 11.11111111111111
      },
      {
        "start": "2635286045",
        "end": "2635286045",
        "reverse": false,
        "shape": {
          "type": "polyline",
          "points": [
            [
              36.43971,
              734.1984
            ],
            [
              37.02454,
              726.0066
            ],
            [
              36.43971,
              734.1984
            ]
          ]
        },
        "metadata": {
          "segment_id": 43217,
          "street_id": 258125566,
          "street_name": "\u0110\u01b0\u1eddng s\u1ed1 836",
          "street_type": "unclassified",
          "street_level": 4,
          "street_group": "258125566",
          "composite": true
        },
        "length_hint": 16.425299189835062,
        "speed_limit": 11.11111111111111
      },
      {
        "start": "2635286043",
        "end": "2635286043",
        "reverse": false,
        "shape": {
          "type": "polyline",
          "points": [
            [
              43.76919,
              745.60365
            ],
            [
              42.00924,
              741.50775
            ],
            [
              43.76919,
              745.60365
            ]
          ]
        },
        "metadata": {
          "segment_id": 43213,
          "street_id": 258125566,
          "street_name": "\u0110\u01b0\u1eddng s\u1ed1 836",
          "street_type": "unclassified",
          "street_level": 4,
          "street_group": "258125566",
          "composite": true
        },
        "length_hint": 8.91601274393442,
        "speed_limit": 11.11111111111111
      },
      {
        "start": "1834116590",
        "end": "1834116590",
        "reverse": false,
        "shape": {
          "type": "polyline",
          "points": [
            [
              299.27347,
              851.0259
            ],
            [
              258.69624,
              846.2196
            ],
            [
              299.27347,
              851.0259
            ]
          ]
        },
        "metadata": {
          "segment_id": 84282,
          "street_id": 631536966,
          "street_name": "Nguy\u1ec5n Duy Trinh",
          "street_type": "tertiary",
          "street_level": 4,
          "street_group": "631536966",
          "composite": true
        },
        "length_hint": 81.7217746787941,
        "speed_limit": 13.88888888888889
      },
      {
        "start": "1834116590",
        "end": "1834116590",
        "reverse": false,
        "shape": {
          "type": "polyline",
          "points": [
            [
              299.27347,
              851.0259
            ],
            [
              315.50655,
              854.68335
            ],
            [
              299.27347,
              851.0259
            ]
          ]
        },
        "metadata": {
          "segment_id": 84283,
          "street_id": 631536966,
          "street_name": "Nguy\u1ec5n Duy Trinh",
          "street_type": "tertiary",
          "street_level": 4,
          "street_group": "631536966",
          "composite": true
        },
        "length_hint": 33.28001362913791,
        "speed_limit": 13.88888888888889
      },
      {
        "start": "5740162448",
        "end": "5740162448",
        "reverse": false,
        "shape": {
          "type": "polyline",
          "points": [
            [
              330.0398,
              857.95785
            ],
            [
              315.50655,
              854.68335
            ],
            [
              330.0398,
              857.95785
            ]
          ]
        },
        "metadata": {
          "segment_id": 84286,
          "street_id": 631536966,
          "street_name": "Nguy\u1ec5n Duy Trinh",
          "street_type": "tertiary",
          "street_level": 4,
          "street_group": "631536966",
          "composite": true
        },
        "length_hint": 29.795147646051372,
        "speed_limit": 13.88888888888889
      },
      {
        "start": "5740162448",
        "end": "5740162448",
        "reverse": false,
        "shape": {
          "type": "polyline",
          "points": [
            [
              330.0398,
              857.95785
            ],
            [
              336.46745,
              859.4064
            ],
            [
              330.0398,
              857.95785
            ]
          ]
        },
        "metadata": {
          "segment_id": 84287,
          "street_id": 631536966,
          "street_name": "Nguy\u1ec5n Duy Trinh",
          "street_type": "tertiary",
          "street_level": 4,
          "street_group": "631536966",
          "composite": true
        },
        "length_hint": 13.17770566145708,
        "speed_limit": 13.88888888888889
      },
      {
        "start": "3188394494",
        "end": "3188394494",
        "reverse": false,
        "shape": {
          "type": "polyline",
          "points": [
            [
              359.92616,
              865.67235
            ],
            [
              336.46745,
              859.4064
            ],
            [
              359.92616,
              865.67235
            ]
          ]
        },
        "metadata": {
          "segment_id": 84290,
          "street_id": 631536966,
          "street_name": "Nguy\u1ec5n Duy Trinh",
          "street_type": "tertiary",
          "street_level": 4,
          "street_group": "631536966",
          "composite": true
        },
        "length_hint": 48.562257124915476,
        "speed_limit": 13.88888888888889
      },
      {
        "start": "3188394494",
        "end": "3188394494",
        "reverse": false,
        "shape": {
          "type": "polyline",
          "points": [
            [
              359.92616,
              865.67235
            ],
            [
              363.40233,
              866.5992
            ],
            [
              359.92616,
              865.67235
            ]
          ]
        },
        "metadata": {
          "segment_id": 84291,
          "street_id": 631536966,
          "street_name": "Nguy\u1ec5n Duy Trinh",
          "street_type": "tertiary",
          "street_level": 4,
          "street_group": "631536966",
          "composite": true
        },
        "length_hint": 7.195223079627224,
        "speed_limit": 13.88888888888889
      },
      {
        "start": "366397012",
        "end": "366397012",
        "reverse": false,
        "shape": {
          "type": "polyline",
          "points": [
            [
              363.40233,
              866.5992
            ],
            [
              461.09595,
              887.46165
            ],
            [
              363.40233,
              866.5992
            ]
          ]
        },
        "metadata": {
          "segment_id": 84293,
          "street_id": 631536966,
          "street_name": "Nguy\u1ec5n Duy Trinh",
          "street_type": "tertiary",
          "street_level": 4,
          "street_group": "631536966",
          "composite": true
        },
        "length_hint": 199.79274470017074,
        "speed_limit": 13.88888888888889
      },
      {
        "start": "5740162477",
        "end": "5740162477",
        "reverse": false,
        "shape": {
          "type": "polyline",
          "points": [
            [
              503.0396,
              896.41935
            ],
            [
              461.09595,
              887.46165
            ],
            [
              503.0396,
              896.41935
            ]
          ]
        },
        "metadata": {
          "segment_id": 84296,
          "street_id": 631536966,
          "street_name": "Nguy\u1ec5n Duy Trinh",
          "street_type": "tertiary",
          "street_level": 4,
          "street_group": "631536966",
          "composite": true
        },
        "length_hint": 85.77902225165545,
        "speed_limit": 13.88888888888889
      },
      {
        "start": "5740162477",
        "end": "5740162477",
        "reverse": false,
        "shape": {
          "type": "polyline",
          "points": [
            [
              503.0396,
              896.41935
            ],
            [
              514.24425,
              898.8114
            ],
            [
              503.0396,
              896.41935
            ]
          ]
        },
        "metadata": {
          "segment_id": 84297,
          "street_id": 631536966,
          "street_name": "Nguy\u1ec5n Duy Trinh",
          "street_type": "tertiary",
          "street_level": 4,
          "street_group": "631536966",
          "composite": true
        },
        "length_hint": 22.914282430396923,
        "speed_limit": 13.88888888888889
      },
      {
        "start": "366428097",
        "end": "366428097",
        "reverse": false,
        "shape": {
          "type": "polyline",
          "points": [
            [
              258.69624,
              846.2196
            ],
            [
              183.62509,
              842.87295
            ],
            [
              258.69624,
              846.2196
            ]
          ]
        },
        "metadata": {
          "segment_id": 84280,
          "street_id": 631536966,
          "street_name": "Nguy\u1ec5n Duy Trinh",
          "street_type": "tertiary",
          "street_level": 4,
          "street_group": "631536966",
          "composite": true
        },
        "length_hint": 150.2914186312046,
        "speed_limit": 13.88888888888889
      },
      {
        "start": "3188394528",
        "end": "3188394528",
        "reverse": false,
        "shape": {
          "type": "polyline",
          "points": [
            [
              127.08806,
              839.52075
            ],
            [
              106.82131,
              838.3164
            ],
            [
              127.08806,
              839.52075
            ]
          ]
        },
        "metadata": {
          "segment_id": 84272,
          "street_id": 631536966,
          "street_name": "Nguy\u1ec5n Duy Trinh",
          "street_type": "tertiary",
          "street_level": 4,
          "street_group": "631536966",
          "composite": true
        },
        "length_hint": 40.60500533111651,
        "speed_limit": 13.88888888888889
      },
      {
        "start": "3188394528",
        "end": "3188394528",
        "reverse": false,
        "shape": {
          "type": "polyline",
          "points": [
            [
              127.08806,
              839.52075
            ],
            [
              146.11957,
              840.70845
            ],
            [
              127.08806,
              839.52075
            ]
          ]
        },
        "metadata": {
          "segment_id": 84273,
          "street_id": 631536966,
          "street_name": "Nguy\u1ec5n Duy Trinh",
          "street_type": "tertiary",
          "street_level": 4,
          "street_group": "631536966",
          "composite": true
        },
        "length_hint": 38.13706880032079,
        "speed_limit": 13.88888888888889
      },
      {
        "start": "5740089732",
        "end": "5740089732",
        "reverse": false,
        "shape": {
          "type": "polyline",
          "points": [
            [
              106.82131,
              838.3164
            ],
            [
              95.32698,
              837.63375
            ],
            [
              106.82131,
              838.3164
            ]
          ]
        },
        "metadata": {
          "segment_id": 84270,
          "street_id": 631536966,
          "street_name": "Nguy\u1ec5n Duy Trinh",
          "street_type": "tertiary",
          "street_level": 4,
          "street_group": "631536966",
          "composite": true
        },
        "length_hint": 23.029166999385794,
        "speed_limit": 13.88888888888889
      },
      {
        "start": "2635286033",
        "end": "2635286033",
        "reverse": false,
        "shape": {
          "type": "polyline",
          "points": [
            [
              41.22218,
              831.6786
            ],
            [
              95.32698,
              837.63375
            ],
            [
              41.22218,
              831.6786
            ]
          ]
        },
        "metadata": {
          "segment_id": 84267,
          "street_id": 631536966,
          "street_name": "Nguy\u1ec5n Duy Trinh",
          "street_type": "tertiary",
          "street_level": 4,
          "street_group": "631536966",
          "composite": true
        },
        "length_hint": 108.86309190102035,
        "speed_limit": 13.88888888888889
      },
      {
        "start": "3188394493",
        "end": "3188394493",
        "reverse": false,
        "shape": {
          "type": "polyline",
          "points": [
            [
              146.11957,
              840.70845
            ],
            [
              164.64277,
              841.7463
            ],
            [
              146.11957,
              840.70845
            ]
          ]
        },
        "metadata": {
          "segment_id": 84275,
          "street_id": 631536966,
          "street_name": "Nguy\u1ec5n Duy Trinh",
          "street_type": "tertiary",
          "street_level": 4,
          "street_group": "631536966",
          "composite": true
        },
        "length_hint": 37.104504894284744,
        "speed_limit": 13.88888888888889
      },
      {
        "start": "2635291992",
        "end": "2635291992",
        "reverse": false,
        "shape": {
          "type": "polyline",
          "points": [
            [
              183.62509,
              842.87295
            ],
            [
              164.64277,
              841.7463
            ],
            [
              183.62509,
              842.87295
            ]
          ]
        },
        "metadata": {
          "segment_id": 84278,
          "street_id": 631536966,
          "street_name": "Nguy\u1ec5n Duy Trinh",
          "street_type": "tertiary",
          "street_level": 4,
          "street_group": "631536966",
          "composite": true
        },
        "length_hint": 38.031450816654335,
        "speed_limit": 13.88888888888889
      },
      {
        "start": "3029239455",
        "end": "3029239455",
        "reverse": false,
        "shape": {
          "type": "polyline",
          "points": [
            [
              595.31126,
              929.38635
            ],
            [
              594.40396,
              925.4958
            ],
            [
              595.31126,
              929.38635
            ]
          ]
        },
        "metadata": {
          "segment_id": 43417,
          "street_id": 260948045,
          "street_name": "Nguy\u1ec5n Duy Trinh",
          "street_type": "tertiary",
          "street_level": 4,
          "street_group": "260948045",
          "composite": true
        },
        "length_hint": 7.9898867557681035,
        "speed_limit": 13.88888888888889
      },
      {
        "start": "3029239455",
        "end": "3029239455",
        "reverse": false,
        "shape": {
          "type": "polyline",
          "points": [
            [
              595.31126,
              929.38635
            ],
            [
              606.35741,
              982.62195
            ],
            [
              595.31126,
              929.38635
            ]
          ]
        },
        "metadata": {
          "segment_id": 43418,
          "street_id": 260948045,
          "street_name": "Nguy\u1ec5n Duy Trinh",
          "street_type": "tertiary",
          "street_level": 4,
          "street_group": "260948045",
          "composite": true
        },
        "length_hint": 108.73907369814215,
        "speed_limit": 13.88888888888889
      },
      {
        "start": "5740162446",
        "end": "5740162446",
        "reverse": false,
        "shape": {
          "type": "polyline",
          "points": [
            [
              630.20418,
              1091.7405
            ],
            [
              621.65586,
              1052.62965
            ],
            [
              630.20418,
              1091.7405
            ]
          ]
        },
        "metadata": {
          "segment_id": 43423,
          "street_id": 260948045,
          "street_name": "Nguy\u1ec5n Duy Trinh",
          "street_type": "tertiary",
          "street_level": 4,
          "street_group": "260948045",
          "composite": true
        },
        "length_hint": 80.06827992519639,
        "speed_limit": 13.88888888888889
      },
      {
        "start": "1834116598",
        "end": "1834116598",
        "reverse": false,
        "shape": {
          "type": "polyline",
          "points": [
            [
              606.35741,
              982.62195
            ],
            [
              621.65586,
              1052.62965
            ],
            [
              606.35741,
              982.62195
            ]
          ]
        },
        "metadata": {
          "segment_id": 43420,
          "street_id": 260948045,
          "street_name": "Nguy\u1ec5n Duy Trinh",
          "street_type": "tertiary",
          "street_level": 4,
          "street_group": "260948045",
          "composite": true
        },
        "length_hint": 143.31951202390434,
        "speed_limit": 13.88888888888889
      },
      {
        "start": "3029239459",
        "end": "3029239459",
        "reverse": false,
        "shape": {
          "type": "polyline",
          "points": [
            [
              593.67156,
              922.5987
            ],
            [
              589.7636,
              916.54365
            ],
            [
              593.67156,
              922.5987
            ]
          ]
        },
        "metadata": {
          "segment_id": 43413,
          "street_id": 260948045,
          "street_name": "Nguy\u1ec5n Duy Trinh",
          "street_type": "tertiary",
          "street_level": 4,
          "street_group": "260948045",
          "composite": true
        },
        "length_hint": 14.413296897531895,
        "speed_limit": 13.88888888888889
      },
      {
        "start": "3029239459",
        "end": "3029239459",
        "reverse": false,
        "shape": {
          "type": "polyline",
          "points": [
            [
              593.67156,
              922.5987
            ],
            [
              594.40396,
              925.4958
            ],
            [
              593.67156,
              922.5987
            ]
          ]
        },
        "metadata": {
          "segment_id": 43414,
          "street_id": 260948045,
          "street_name": "Nguy\u1ec5n Duy Trinh",
          "street_type": "tertiary",
          "street_level": 4,
          "street_group": "260948045",
          "composite": true
        },
        "length_hint": 5.976486650198463,
        "speed_limit": 13.88888888888889
      },
      {
        "start": "2665431155",
        "end": "2665431155",
        "reverse": false,
        "shape": {
          "type": "polyline",
          "points": [
            [
              535.89929,
              903.24585
            ],
            [
              575.89716,
              911.42655
            ],
            [
              535.89929,
              903.24585
            ]
          ]
        },
        "metadata": {
          "segment_id": 43406,
          "street_id": 260948045,
          "street_name": "Nguy\u1ec5n Duy Trinh",
          "street_type": "tertiary",
          "street_level": 4,
          "street_group": "260948045",
          "composite": true
        },
        "length_hint": 81.65178398606861,
        "speed_limit": 13.88888888888889
      },
      {
        "start": "366400529",
        "end": "366400529",
        "reverse": false,
        "shape": {
          "type": "polyline",
          "points": [
            [
              575.89716,
              911.42655
            ],
            [
              582.74566,
              913.83525
            ],
            [
              575.89716,
              911.42655
            ]
          ]
        },
        "metadata": {
          "segment_id": 43408,
          "street_id": 260948045,
          "street_name": "Nguy\u1ec5n Duy Trinh",
          "street_type": "tertiary",
          "street_level": 4,
          "street_group": "260948045",
          "composite": true
        },
        "length_hint": 14.519474913370741,
        "speed_limit": 13.88888888888889
      },
      {
        "start": "366463902",
        "end": "366463902",
        "reverse": false,
        "shape": {
          "type": "polyline",
          "points": [
            [
              589.7636,
              916.54365
            ],
            [
              582.74566,
              913.83525
            ],
            [
              589.7636,
              916.54365
            ]
          ]
        },
        "metadata": {
          "segment_id": 43411,
          "street_id": 260948045,
          "street_name": "Nguy\u1ec5n Duy Trinh",
          "street_type": "tertiary",
          "street_level": 4,
          "street_group": "260948045",
          "composite": true
        },
        "length_hint": 15.044854589340403,
        "speed_limit": 13.88888888888889
      },
      {
        "start": "5742600247",
        "end": "3029239459",
        "reverse": false,
        "shape": {
          "type": "polyline",
          "points": [
            [
              711.05803,
              289.18275
            ],
            [
              709.38007,
              297.01935
            ],
            [
              679.24229,
              351.2595
            ],
            [
              672.94583,
              361.3494
            ],
            [
              637.58832,
              424.39185
            ],
            [
              598.67266,
              507.75285
            ],
            [
              584.05742,
              539.0604
            ],
            [
              564.30991,
              586.98465
            ],
            [
              559.3744,
              609.1791
            ],
            [
              560.42381,
              634.65915
            ],
            [
              569.95049,
              662.32035
            ],
            [
              574.2028,
              668.04795
            ],
            [
              590.40308,
              689.85945
            ],
            [
              617.1576,
              714.2073
            ],
            [
              633.4344,
              732.1227
            ],
            [
              643.32182,
              752.43015
            ],
            [
              646.26236,
              766.9212
            ],
            [
              646.02187,
              773.64225
            ],
            [
              645.74859,
              781.329
            ],
            [
              644.53521,
              787.2675
            ],
            [
              642.74246,
              796.0254
            ],
            [
              639.92217,
              809.8449
            ],
            [
              593.67156,
              922.5987
            ]
          ]
        },
        "metadata": {
          "segment_id": 75001,
          "street_id": 605458763,
          "street_name": "RAI_65_Q9_007",
          "street_type": "unclassified",
          "street_level": 4,
          "street_group": "605458763",
          "composite": true
        },
        "length_hint": 707.5637882801153,
        "speed_limit": 11.11111111111111
      },
      {
        "start": "5742600222",
        "end": "5742600222",
        "reverse": false,
        "shape": {
          "type": "polyline",
          "points": [
            [
              637.29318,
              795.02085
            ],
            [
              642.74246,
              796.0254
            ],
            [
              637.29318,
              795.02085
            ]
          ]
        },
        "metadata": {
          "segment_id": 74975,
          "street_id": 605458760,
          "street_name": "Ph\u01b0\u1eddng Ph\u00fa H\u1eefu",
          "street_type": "unclassified",
          "street_level": 4,
          "street_group": "605458760",
          "composite": true
        },
        "length_hint": 11.082197114453518,
        "speed_limit": 11.11111111111111
      },
      {
        "start": "366463902",
        "end": "5742600247",
        "reverse": false,
        "shape": {
          "type": "polyline",
          "points": [
            [
              589.7636,
              916.54365
            ],
            [
              619.03233,
              845.8089
            ],
            [
              634.40729,
              808.6572
            ],
            [
              637.29318,
              795.02085
            ],
            [
              640.17359,
              781.40115
            ],
            [
              640.53979,
              767.94795
            ],
            [
              637.92173,
              754.8333
            ],
            [
              628.96347,
              735.33615
            ],
            [
              613.05287,
              717.7149
            ],
            [
              611.18907,
              715.98885
            ],
            [
              586.00867,
              692.64
            ],
            [
              564.69251,
              664.93995
            ],
            [
              555.51563,
              635.3862
            ],
            [
              554.9144,
              622.4991
            ],
            [
              554.26398,
              608.5575
            ],
            [
              559.91004,
              584.72025
            ],
            [
              578.54801,
              536.64615
            ],
            [
              593.72622,
              505.25535
            ],
            [
              634.07935,
              421.80555
            ],
            [
              668.56235,
              358.7187
            ],
            [
              673.83127,
              349.3503
            ],
            [
              704.24233,
              293.84475
            ],
            [
              711.05803,
              289.18275
            ]
          ]
        },
        "metadata": {
          "segment_id": 74979,
          "street_id": 605458762,
          "street_name": "RAI_65_Q9_007",
          "street_type": "unclassified",
          "street_level": 4,
          "street_group": "605458762",
          "composite": true
        },
        "length_hint": 704.0956902792918,
        "speed_limit": 11.11111111111111
      },
      {
        "start": "5742600298",
        "end": "5742600298",
        "reverse": false,
        "shape": {
          "type": "polyline",
          "points": [
            [
              261.98658,
              775.77345
            ],
            [
              262.19428,
              797.87355
            ],
            [
              261.98658,
              775.77345
            ]
          ]
        },
        "metadata": {
          "segment_id": 27730,
          "street_id": 172547843,
          "street_name": "G\u00f2 C\u00e1t",
          "street_type": "unclassified",
          "street_level": 4,
          "street_group": "172547843",
          "composite": true
        },
        "length_hint": 44.20215195213916,
        "speed_limit": 11.11111111111111
      },
      {
        "start": "5742600298",
        "end": "5742600298",
        "reverse": false,
        "shape": {
          "type": "polyline",
          "points": [
            [
              261.98658,
              775.77345
            ],
            [
              261.72423,
              747.4185
            ],
            [
              261.98658,
              775.77345
            ]
          ]
        },
        "metadata": {
          "segment_id": 27731,
          "street_id": 172547843,
          "street_name": "G\u00f2 C\u00e1t",
          "street_type": "unclassified",
          "street_level": 4,
          "street_group": "172547843",
          "composite": true
        },
        "length_hint": 56.712327302800816,
        "speed_limit": 11.11111111111111
      },
      {
        "start": "5742600317",
        "end": "5742600317",
        "reverse": false,
        "shape": {
          "type": "polyline",
          "points": [
            [
              258.67438,
              609.3678
            ],
            [
              258.89847,
              612.4758
            ],
            [
              258.67438,
              609.3678
            ]
          ]
        },
        "metadata": {
          "segment_id": 27744,
          "street_id": 172547843,
          "street_name": "G\u00f2 C\u00e1t",
          "street_type": "unclassified",
          "street_level": 4,
          "street_group": "172547843",
          "composite": true
        },
        "length_hint": 6.232136175694615,
        "speed_limit": 11.11111111111111
      },
      {
        "start": "5742600317",
        "end": "5742600317",
        "reverse": false,
        "shape": {
          "type": "polyline",
          "points": [
            [
              258.67438,
              609.3678
            ],
            [
              252.10463,
              517.54305
            ],
            [
              258.67438,
              609.3678
            ]
          ]
        },
        "metadata": {
          "segment_id": 27745,
          "street_id": 172547843,
          "street_name": "G\u00f2 C\u00e1t",
          "street_type": "unclassified",
          "street_level": 4,
          "street_group": "172547843",
          "composite": true
        },
        "length_hint": 184.11894337764377,
        "speed_limit": 11.11111111111111
      },
      {
        "start": "5743072830",
        "end": "5743072830",
        "reverse": false,
        "shape": {
          "type": "polyline",
          "points": [
            [
              246.22355,
              437.86725
            ],
            [
              249.53029,
              488.11695
            ],
            [
              246.22355,
              437.86725
            ]
          ]
        },
        "metadata": {
          "segment_id": 27756,
          "street_id": 172547843,
          "street_name": "G\u00f2 C\u00e1t",
          "street_type": "unclassified",
          "street_level": 4,
          "street_group": "172547843",
          "composite": true
        },
        "length_hint": 100.71676880276881,
        "speed_limit": 11.11111111111111
      },
      {
        "start": "5743072830",
        "end": "5743072830",
        "reverse": false,
        "shape": {
          "type": "polyline",
          "points": [
            [
              246.22355,
              437.86725
            ],
            [
              244.96098,
              435.1977
            ],
            [
              246.22355,
              437.86725
            ]
          ]
        },
        "metadata": {
          "segment_id": 27757,
          "street_id": 172547843,
          "street_name": "G\u00f2 C\u00e1t",
          "street_type": "unclassified",
          "street_level": 4,
          "street_group": "172547843",
          "composite": true
        },
        "length_hint": 5.906125703843438,
        "speed_limit": 11.11111111111111
      },
      {
        "start": "5742600157",
        "end": "5742600157",
        "reverse": false,
        "shape": {
          "type": "polyline",
          "points": [
            [
              249.53029,
              488.11695
            ],
            [
              249.93475,
              491.5635
            ],
            [
              249.53029,
              488.11695
            ]
          ]
        },
        "metadata": {
          "segment_id": 27754,
          "street_id": 172547843,
          "street_name": "G\u00f2 C\u00e1t",
          "street_type": "unclassified",
          "street_level": 4,
          "street_group": "172547843",
          "composite": true
        },
        "length_hint": 6.940401946314065,
        "speed_limit": 11.11111111111111
      },
      {
        "start": "5742600336",
        "end": "5742600336",
        "reverse": false,
        "shape": {
          "type": "polyline",
          "points": [
            [
              252.10463,
              517.54305
            ],
            [
              251.86961,
              514.3074
            ],
            [
              252.10463,
              517.54305
            ]
          ]
        },
        "metadata": {
          "segment_id": 27747,
          "street_id": 172547843,
          "street_name": "G\u00f2 C\u00e1t",
          "street_type": "unclassified",
          "street_level": 4,
          "street_group": "172547843",
          "composite": true
        },
        "length_hint": 6.488348117325322,
        "speed_limit": 11.11111111111111
      },
      {
        "start": "4886880235",
        "end": "4886880235",
        "reverse": false,
        "shape": {
          "type": "polyline",
          "points": [
            [
              249.93475,
              491.5635
            ],
            [
              251.60725,
              510.6222
            ],
            [
              249.93475,
              491.5635
            ]
          ]
        },
        "metadata": {
          "segment_id": 27752,
          "street_id": 172547843,
          "street_name": "G\u00f2 C\u00e1t",
          "street_type": "unclassified",
          "street_level": 4,
          "street_group": "172547843",
          "composite": true
        },
        "length_hint": 38.2638890830507,
        "speed_limit": 11.11111111111111
      },
      {
        "start": "1834410244",
        "end": "1834410244",
        "reverse": false,
        "shape": {
          "type": "polyline",
          "points": [
            [
              251.60725,
              510.6222
            ],
            [
              251.86961,
              514.3074
            ],
            [
              251.60725,
              510.6222
            ]
          ]
        },
        "metadata": {
          "segment_id": 27750,
          "street_id": 172547843,
          "street_name": "G\u00f2 C\u00e1t",
          "street_type": "unclassified",
          "street_level": 4,
          "street_group": "172547843",
          "composite": true
        },
        "length_hint": 7.389054556463924,
        "speed_limit": 11.11111111111111
      },
      {
        "start": "1834410246",
        "end": "1834410246",
        "reverse": false,
        "shape": {
          "type": "polyline",
          "points": [
            [
              262.19428,
              671.3835
            ],
            [
              261.83355,
              729.3366
            ],
            [
              262.19428,
              671.3835
            ]
          ]
        },
        "metadata": {
          "segment_id": 27738,
          "street_id": 172547843,
          "street_name": "G\u00f2 C\u00e1t",
          "street_type": "unclassified",
          "street_level": 4,
          "street_group": "172547843",
          "composite": true
        },
        "length_hint": 115.90844534791921,
        "speed_limit": 11.11111111111111
      },
      {
        "start": "1834410246",
        "end": "1834410246",
        "reverse": false,
        "shape": {
          "type": "polyline",
          "points": [
            [
              262.19428,
              671.3835
            ],
            [
              260.24303,
              636.5295
            ],
            [
              262.19428,
              671.3835
            ]
          ]
        },
        "metadata": {
          "segment_id": 27739,
          "street_id": 172547843,
          "street_name": "G\u00f2 C\u00e1t",
          "street_type": "unclassified",
          "street_level": 4,
          "street_group": "172547843",
          "composite": true
        },
        "length_hint": 69.8171524071987,
        "speed_limit": 11.11111111111111
      },
      {
        "start": "5742600321",
        "end": "5742600321",
        "reverse": false,
        "shape": {
          "type": "polyline",
          "points": [
            [
              260.24303,
              636.5295
            ],
            [
              258.89847,
              612.4758
            ],
            [
              260.24303,
              636.5295
            ]
          ]
        },
        "metadata": {
          "segment_id": 27741,
          "street_id": 172547843,
          "street_name": "G\u00f2 C\u00e1t",
          "street_type": "unclassified",
          "street_level": 4,
          "street_group": "172547843",
          "composite": true
        },
        "length_hint": 48.182499946914206,
        "speed_limit": 11.11111111111111
      },
      {
        "start": "1834410247",
        "end": "1834410247",
        "reverse": false,
        "shape": {
          "type": "polyline",
          "points": [
            [
              261.72423,
              747.4185
            ],
            [
              261.80075,
              734.82555
            ],
            [
              261.72423,
              747.4185
            ]
          ]
        },
        "metadata": {
          "segment_id": 27733,
          "street_id": 172547843,
          "street_name": "G\u00f2 C\u00e1t",
          "street_type": "unclassified",
          "street_level": 4,
          "street_group": "172547843",
          "composite": true
        },
        "length_hint": 25.186364963042948,
        "speed_limit": 11.11111111111111
      },
      {
        "start": "5742600268",
        "end": "5742600268",
        "reverse": false,
        "shape": {
          "type": "polyline",
          "points": [
            [
              261.80075,
              734.82555
            ],
            [
              261.83355,
              729.3366
            ],
            [
              261.80075,
              734.82555
            ]
          ]
        },
        "metadata": {
          "segment_id": 27735,
          "street_id": 172547843,
          "street_name": "G\u00f2 C\u00e1t",
          "street_type": "unclassified",
          "street_level": 4,
          "street_group": "172547843",
          "composite": true
        },
        "length_hint": 10.978095999307074,
        "speed_limit": 11.11111111111111
      },
      {
        "start": "1834410248",
        "end": "1834410248",
        "reverse": false,
        "shape": {
          "type": "polyline",
          "points": [
            [
              262.19428,
              797.87355
            ],
            [
              261.99752,
              802.39125
            ],
            [
              262.19428,
              797.87355
            ]
          ]
        },
        "metadata": {
          "segment_id": 27728,
          "street_id": 172547843,
          "street_name": "G\u00f2 C\u00e1t",
          "street_type": "unclassified",
          "street_level": 4,
          "street_group": "172547843",
          "composite": true
        },
        "length_hint": 9.043965454953907,
        "speed_limit": 11.11111111111111
      },
      {
        "start": "2635291981",
        "end": "2635291981",
        "reverse": false,
        "shape": {
          "type": "polyline",
          "points": [
            [
              261.99752,
              802.39125
            ],
            [
              258.69624,
              846.2196
            ],
            [
              261.99752,
              802.39125
            ]
          ]
        },
        "metadata": {
          "segment_id": 27726,
          "street_id": 172547843,
          "street_name": "G\u00f2 C\u00e1t",
          "street_type": "unclassified",
          "street_level": 4,
          "street_group": "172547843",
          "composite": true
        },
        "length_hint": 87.90501040011087,
        "speed_limit": 11.11111111111111
      },
      {
        "start": "5742600237",
        "end": "5742600237",
        "reverse": false,
        "shape": {
          "type": "polyline",
          "points": [
            [
              598.67266,
              507.75285
            ],
            [
              593.72622,
              505.25535
            ],
            [
              598.67266,
              507.75285
            ]
          ]
        },
        "metadata": {
          "segment_id": 74978,
          "street_id": 605458761,
          "street_name": "Ph\u01b0\u1eddng Ph\u00fa H\u1eefu",
          "street_type": "unclassified",
          "street_level": 4,
          "street_group": "605458761",
          "composite": true
        },
        "length_hint": 11.082377889893378,
        "speed_limit": 11.11111111111111
      },
      {
        "start": "5735887524",
        "end": "5735887524",
        "reverse": false,
        "shape": {
          "type": "polyline",
          "points": [
            [
              636.11259,
              181.39065
            ],
            [
              718.38205,
              261.94335
            ],
            [
              636.11259,
              181.39065
            ]
          ]
        },
        "metadata": {
          "segment_id": 65184,
          "street_id": 497058070,
          "street_name": "RAI_65_Q9_007",
          "street_type": "unclassified",
          "street_level": 4,
          "street_group": "497058070",
          "composite": true
        },
        "length_hint": 230.2781060021262,
        "speed_limit": 11.11111111111111
      },
      {
        "start": "5735887524",
        "end": "5735887524",
        "reverse": false,
        "shape": {
          "type": "polyline",
          "points": [
            [
              636.11259,
              181.39065
            ],
            [
              621.85809,
              167.4324
            ],
            [
              636.11259,
              181.39065
            ]
          ]
        },
        "metadata": {
          "segment_id": 65185,
          "street_id": 497058070,
          "street_name": "RAI_65_Q9_007",
          "street_type": "unclassified",
          "street_level": 4,
          "street_group": "497058070",
          "composite": true
        },
        "length_hint": 39.901053284969805,
        "speed_limit": 11.11111111111111
      },
      {
        "start": "5735886815",
        "end": "5735886815",
        "reverse": false,
        "shape": {
          "type": "polyline",
          "points": [
            [
              627.05595,
              0.0
            ],
            [
              639.5833,
              12.5097
            ],
            [
              627.05595,
              0.0
            ]
          ]
        },
        "metadata": {
          "segment_id": 65200,
          "street_id": 497058070,
          "street_name": "RAI_65_Q9_007",
          "street_type": "unclassified",
          "street_level": 4,
          "street_group": "497058070",
          "composite": true
        },
        "length_hint": 35.40774446996018,
        "speed_limit": 11.11111111111111
      },
      {
        "start": "4886880233",
        "end": "4886880233",
        "reverse": false,
        "shape": {
          "type": "polyline",
          "points": [
            [
              556.08406,
              110.6892
            ],
            [
              621.85809,
              167.4324
            ],
            [
              556.08406,
              110.6892
            ]
          ]
        },
        "metadata": {
          "segment_id": 65188,
          "street_id": 497058070,
          "street_name": "RAI_65_Q9_007",
          "street_type": "unclassified",
          "street_level": 4,
          "street_group": "497058070",
          "composite": true
        },
        "length_hint": 173.7355895455032,
        "speed_limit": 11.11111111111111
      },
      {
        "start": "4886880233",
        "end": "4886880233",
        "reverse": false,
        "shape": {
          "type": "polyline",
          "points": [
            [
              556.08406,
              110.6892
            ],
            [
              569.51324,
              94.86615
            ],
            [
              556.08406,
              110.6892
            ]
          ]
        },
        "metadata": {
          "segment_id": 65189,
          "street_id": 497058070,
          "street_name": "RAI_65_Q9_007",
          "street_type": "unclassified",
          "street_level": 4,
          "street_group": "497058070",
          "composite": true
        },
        "length_hint": 41.507193919844745,
        "speed_limit": 11.11111111111111
      },
      {
        "start": "5735965625",
        "end": "5735965625",
        "reverse": false,
        "shape": {
          "type": "polyline",
          "points": [
            [
              639.5833,
              12.5097
            ],
            [
              623.51419,
              31.635
            ],
            [
              639.5833,
              12.5097
            ]
          ]
        },
        "metadata": {
          "segment_id": 65198,
          "street_id": 497058070,
          "street_name": "RAI_65_Q9_007",
          "street_type": "unclassified",
          "street_level": 4,
          "street_group": "497058070",
          "composite": true
        },
        "length_hint": 49.9597196261989,
        "speed_limit": 11.11111111111111
      },
      {
        "start": "5735965628",
        "end": "5735965628",
        "reverse": false,
        "shape": {
          "type": "polyline",
          "points": [
            [
              587.77955,
              73.34325
            ],
            [
              569.51324,
              94.86615
            ],
            [
              587.77955,
              73.34325
            ]
          ]
        },
        "metadata": {
          "segment_id": 65192,
          "street_id": 497058070,
          "street_name": "RAI_65_Q9_007",
          "street_type": "unclassified",
          "street_level": 4,
          "street_group": "497058070",
          "composite": true
        },
        "length_hint": 56.45859741177067,
        "speed_limit": 11.11111111111111
      },
      {
        "start": "5735965628",
        "end": "5735965628",
        "reverse": false,
        "shape": {
          "type": "polyline",
          "points": [
            [
              587.77955,
              73.34325
            ],
            [
              606.17704,
              51.6594
            ],
            [
              587.77955,
              73.34325
            ]
          ]
        },
        "metadata": {
          "segment_id": 65193,
          "street_id": 497058070,
          "street_name": "RAI_65_Q9_007",
          "street_type": "unclassified",
          "street_level": 4,
          "street_group": "497058070",
          "composite": true
        },
        "length_hint": 56.87378971451093,
        "speed_limit": 11.11111111111111
      },
      {
        "start": "5735886814",
        "end": "5735886814",
        "reverse": false,
        "shape": {
          "type": "polyline",
          "points": [
            [
              623.51419,
              31.635
            ],
            [
              606.17704,
              51.6594
            ],
            [
              623.51419,
              31.635
            ]
          ]
        },
        "metadata": {
          "segment_id": 65196,
          "street_id": 497058070,
          "street_name": "RAI_65_Q9_007",
          "street_type": "unclassified",
          "street_level": 4,
          "street_group": "497058070",
          "composite": true
        },
        "length_hint": 52.97370538229313,
        "speed_limit": 11.11111111111111
      },
      {
        "start": "4886880231",
        "end": "4886880231",
        "reverse": false,
        "shape": {
          "type": "polyline",
          "points": [
            [
              718.38205,
              261.94335
            ],
            [
              720.73776,
              267.17145
            ],
            [
              718.38205,
              261.94335
            ]
          ]
        },
        "metadata": {
          "segment_id": 65182,
          "street_id": 497058070,
          "street_name": "RAI_65_Q9_007",
          "street_type": "unclassified",
          "street_level": 4,
          "street_group": "497058070",
          "composite": true
        },
        "length_hint": 11.468635352839414,
        "speed_limit": 11.11111111111111
      },
      {
        "start": "5735887558",
        "end": "5735887558",
        "reverse": false,
        "shape": {
          "type": "polyline",
          "points": [
            [
              719.4096,
              277.11705
            ],
            [
              711.05803,
              289.18275
            ],
            [
              719.4096,
              277.11705
            ]
          ]
        },
        "metadata": {
          "segment_id": 65178,
          "street_id": 497058070,
          "street_name": "RAI_65_Q9_007",
          "street_type": "unclassified",
          "street_level": 4,
          "street_group": "497058070",
          "composite": true
        },
        "length_hint": 29.34824273818782,
        "speed_limit": 11.11111111111111
      },
      {
        "start": "5735887558",
        "end": "5735887558",
        "reverse": false,
        "shape": {
          "type": "polyline",
          "points": [
            [
              719.4096,
              277.11705
            ],
            [
              720.73776,
              267.17145
            ],
            [
              719.4096,
              277.11705
            ]
          ]
        },
        "metadata": {
          "segment_id": 65179,
          "street_id": 497058070,
          "street_name": "RAI_65_Q9_007",
          "street_type": "unclassified",
          "street_level": 4,
          "street_group": "497058070",
          "composite": true
        },
        "length_hint": 20.06778197465782,
        "speed_limit": 11.11111111111111
      },
      {
        "start": "2665431155",
        "end": "2665431155",
        "reverse": false,
        "shape": {
          "type": "polyline",
          "points": [
            [
              535.89929,
              903.24585
            ],
            [
              514.24425,
              898.8114
            ],
            [
              535.89929,
              903.24585
            ]
          ]
        },
        "metadata": {
          "segment_id": 43405,
          "street_id": 260948044,
          "street_name": "C\u1ea7u Huy\u1ec7n Thanh",
          "street_type": "tertiary",
          "street_level": 4,
          "street_group": "260948044",
          "composite": true
        },
        "length_hint": 44.20882736305495,
        "speed_limit": 13.88888888888889
      },
      {
        "start": "3233979652",
        "end": "5963184440",
        "reverse": false,
        "shape": {
          "type": "polyline",
          "points": [
            [
              497.53019,
              988.87125
            ],
            [
              381.60306,
              1015.0173
            ],
            [
              314.46261,
              1030.82925
            ],
            [
              299.55769,
              1034.5311
            ],
            [
              284.3139,
              1038.97665
            ],
            [
              270.04847,
              1044.5766
            ],
            [
              258.81102,
              1051.0812
            ],
            [
              245.26706,
              1060.36635
            ],
            [
              229.1433,
              1074.4356
            ]
          ]
        },
        "metadata": {
          "segment_id": 48892,
          "street_id": 317158381,
          "street_name": "Nh\u00e1nh B1A",
          "street_type": "motorway_link",
          "street_level": 3,
          "street_group": "317158381",
          "composite": true
        },
        "length_hint": 285.1823889558289,
        "speed_limit": 16.666666666666668
      },
      {
        "start": "3233979651",
        "end": "3246076435",
        "reverse": false,
        "shape": {
          "type": "polyline",
          "points": [
            [
              851.89775,
              927.43275
            ],
            [
              497.53019,
              988.87125
            ],
            [
              184.75102,
              1043.1669
            ]
          ]
        },
        "metadata": {
          "segment_id": 46934,
          "street_id": 294021800,
          "street_name": "Cao t\u1ed1c TP. H\u1ed3 Ch\u00ed Minh - Long Th\u00e0nh - D\u1ea7u Gi\u00e2y",
          "street_type": "motorway",
          "street_level": 1,
          "street_group": "294021800",
          "composite": true
        },
        "length_hint": 677.1108903592517,
        "speed_limit": 33.333333333333336
      },
      {
        "start": "3032866800",
        "end": "3032866778",
        "reverse": false,
        "shape": {
          "type": "polyline",
          "points": [
            [
              36.66927,
              1041.6684
            ],
            [
              48.57353,
              1042.7451
            ],
            [
              61.31403,
              1042.39545
            ],
            [
              75.0329,
              1040.31975
            ],
            [
              130.97963,
              1032.8328
            ]
          ]
        },
        "metadata": {
          "segment_id": 47162,
          "street_id": 299290553,
          "street_name": "Nh\u00e1nh C1",
          "street_type": "motorway_link",
          "street_level": 3,
          "street_group": "299290553",
          "composite": true
        },
        "length_hint": 95.01862996242438,
        "speed_limit": 11.11111111111111
      },
      {
        "start": "3032866798",
        "end": "3032866800",
        "reverse": false,
        "shape": {
          "type": "polyline",
          "points": [
            [
              0.22409,
              1030.4019
            ],
            [
              13.5385,
              1036.23495
            ],
            [
              25.16947,
              1039.38735
            ],
            [
              36.66927,
              1041.6684
            ]
          ]
        },
        "metadata": {
          "segment_id": 84179,
          "street_id": 631427445,
          "street_name": "Nh\u00e1nh C1",
          "street_type": "motorway_link",
          "street_level": 3,
          "street_group": "631427445",
          "composite": true
        },
        "length_hint": 38.31054488856019,
        "speed_limit": 16.666666666666668
      },
      {
        "start": "3032866801",
        "end": "3032866800",
        "reverse": false,
        "shape": {
          "type": "polyline",
          "points": [
            [
              2.83669,
              1027.4937
            ],
            [
              15.90514,
              1034.0871
            ],
            [
              36.66927,
              1041.6684
            ]
          ]
        },
        "metadata": {
          "segment_id": 84187,
          "street_id": 631427446,
          "street_name": "Nh\u00e1nh C2",
          "street_type": "motorway_link",
          "street_level": 3,
          "street_group": "631427446",
          "composite": true
        },
        "length_hint": 36.74239917598901,
        "speed_limit": 16.666666666666668
      },
      {
        "start": "5963184463",
        "end": "3245651652",
        "reverse": false,
        "shape": {
          "type": "polyline",
          "points": [
            [
              0.0,
              1053.22905
            ],
            [
              38.39642,
              1094.1936
            ]
          ]
        },
        "metadata": {
          "segment_id": 84194,
          "street_id": 631427447,
          "street_name": "Nh\u00e1nh A2",
          "street_type": "motorway_link",
          "street_level": 3,
          "street_group": "631427447",
          "composite": true
        },
        "length_hint": 56.1460544074017,
        "speed_limit": 16.666666666666668
      },
      {
        "start": "5963184483",
        "end": "5963184994",
        "reverse": false,
        "shape": {
          "type": "polyline",
          "points": [
            [
              186.22129,
              1094.0715
            ],
            [
              186.22129,
              1087.98315
            ],
            [
              184.56518,
              1081.8171
            ],
            [
              181.92526,
              1075.8786
            ],
            [
              178.00636,
              1070.6949
            ],
            [
              172.96154,
              1066.6323
            ],
            [
              165.80149,
              1063.1025
            ],
            [
              157.73415,
              1060.99905
            ],
            [
              150.5741,
              1060.3941
            ],
            [
              144.16832,
              1060.62165
            ],
            [
              137.16132,
              1061.4486
            ],
            [
              105.43303,
              1066.02735
            ]
          ]
        },
        "metadata": {
          "segment_id": 84226,
          "street_id": 631427451,
          "street_name": "Nh\u00e1nh A2",
          "street_type": "motorway_link",
          "street_level": 3,
          "street_group": "631427451",
          "composite": true
        },
        "length_hint": 100.97526236775474,
        "speed_limit": 16.666666666666668
      },
      {
        "start": "3032866776",
        "end": "3032866819",
        "reverse": false,
        "shape": {
          "type": "polyline",
          "points": [
            [
              226.53616,
              1029.08655
            ],
            [
              497.8964,
              982.3278
            ]
          ]
        },
        "metadata": {
          "segment_id": 54315,
          "street_id": 339360614,
          "street_name": "Cao t\u1ed1c TP. H\u1ed3 Ch\u00ed Minh - Long Th\u00e0nh - D\u1ea7u Gi\u00e2y",
          "street_type": "motorway",
          "street_level": 1,
          "street_group": "339360614",
          "composite": true
        },
        "length_hint": 275.3593298844622,
        "speed_limit": 33.333333333333336
      }
    ]
  }
}