{
  "observation": {
    "type": "Kinematics"
  },
  "action": {
    "type": "DiscreteMetaAction"
  },
  "simulation_frequency": 15,
  "policy_frequency": 1,
  "other_vehicles_type": "highway_env.vehicle.behavior.IDMVehicle",
  "screen_width": 600,
  "screen_height": 150,
  "centering_position": [
    0.3,
    0.5
  ],
  "scaling": 5.5,
  "show_trajectories": false,
  "render_agent": true,
  "offscreen_rendering": false,
  "manual_control": false,
  "real_time_rendering": false,
  "destination": null,
  "initial_vehicle_count": 0,
  "controlled_vehicles": 0,
  "spawn_probability": 0.0,
  "duration": 40.0,
  "collision_reward": -5,
  "high_speed_reward": 1.0,
  "arrived_reward": 1.0,
  "reward_speed_range": [
    6.0,
    12.0
  ],
  "auto_curve": false,
  "corner_radius": 25.0,
  "curve_samples": 8,
  "exit_distance": 5.0,
  "graph": {
    "nodes": {
      "1834117120": [
        33.81618,
        702.9519
      ],
      "2028465667": [
        37.59843,
        823.21485
      ],
      "3202754565": [
        1048.02832,
        997.97325
      ],
      "5416576521": [
        81.30204,
        887.97225
      ],
      "5416576522": [
        78.30138,
        904.57785
      ],
      "5416576523": [
        69.16275,
        909.5229
      ],
      "5456033302": [
        51.90759,
        907.5027
      ],
      "5456033303": [
        74.71042,
        908.1687
      ],
      "5456033304": [
        81.28017,
        900.0879
      ],
      "366402588": [
        716.75874,
        946.04745
      ],
      "366407208": [
        40.40233,
        913.7187
      ],
      "366418476": [
        11.05161,
        767.97015
      ],
      "5614661175": [
        31.96878,
        906.0042
      ],
      "5614661176": [
        28.59645,
        904.2504
      ],
      "5614661177": [
        26.25168,
        900.30435
      ],
      "5614661178": [
        23.90143,
        889.6317
      ],
      "5614661179": [
        21.55665,
        866.2329
      ],
      "5614661180": [
        12.02997,
        803.94525
      ],
      "676037188": [
        36.70206,
        853.0017
      ],
      "2635187270": [
        1016.95592,
        1079.12535
      ],
      "1854295624": [
        73.33307,
        1046.8632
      ],
      "4934947913": [
        63.46205,
        974.75205
      ],
      "366428240": [
        802.07805,
        926.95545
      ],
      "3178488401": [
        844.02717,
        916.99875
      ],
      "3178488400": [
        1019.60677,
        1072.2711
      ],
      "2028465768": [
        87.46733,
        1095.05385
      ],
      "5735573612": [
        24.34415,
        764.72895
      ],
      "5735573613": [
        23.83038,
        763.6689
      ],
      "676038262": [
        4.2851,
        729.2034
      ],
      "366474871": [
        833.36362,
        922.99275
      ],
      "370523257": [
        54.18678,
        988.18305
      ],
      "676038267": [
        14.68629,
        755.40495
      ],
      "676038270": [
        30.57503,
        818.5029
      ],
      "5456094849": [
        0.0,
        752.6577
      ],
      "5456094856": [
        5.85921,
        717.0045
      ],
      "5456094857": [
        18.25538,
        751.2036
      ],
      "2028465807": [
        40.78493,
        842.05155
      ],
      "745747096": [
        75.90741,
        1096.75215
      ],
      "366428312": [
        919.33335,
        930.5241
      ],
      "2028465825": [
        21.05928,
        761.77635
      ],
      "2028465840": [
        84.22618,
        1077.56025
      ],
      "5735604927": [
        9.16595,
        763.14165
      ],
      "5735604928": [
        6.41125,
        769.896
      ],
      "5735604929": [
        10.3684,
        786.1242
      ],
      "5735604930": [
        20.77506,
        829.2588
      ],
      "5735604931": [
        27.07699,
        868.1532
      ],
      "5735604932": [
        32.0617,
        897.6903
      ],
      "5735604933": [
        36.02432,
        920.6451
      ],
      "366478534": [
        25.98386,
        833.6544
      ],
      "2028465863": [
        34.53219,
        806.92005
      ],
      "5735604936": [
        49.36058,
        987.1785
      ],
      "5735604937": [
        54.05561,
        1019.05215
      ],
      "5735604938": [
        55.52041,
        1028.7036
      ],
      "5735604939": [
        60.65268,
        1051.36425
      ],
      "5735604940": [
        70.7642,
        1098.73905
      ],
      "5735604935": [
        43.93863,
        959.68935
      ],
      "5735604934": [
        41.15113,
        944.9208
      ],
      "5748826822": [
        1024.23621,
        1057.2084
      ],
      "5748826320": [
        1024.22527,
        1057.2861
      ],
      "5748826319": [
        1067.15821,
        943.5666
      ],
      "5748826318": [
        1077.28613,
        910.49415
      ],
      "5735574231": [
        63.05212,
        803.3625
      ],
      "5735574235": [
        68.48501,
        824.74665
      ],
      "2028465889": [
        17.04747,
        766.1886
      ],
      "2028465897": [
        19.61634,
        752.91855
      ],
      "5108871405": [
        1075.89784,
        916.64355
      ],
      "366478069": [
        1047.2522,
        1000.1655
      ],
      "2443916535": [
        14.22717,
        488.3112
      ],
      "366456578": [
        1033.92686,
        1030.1799
      ],
      "2445304318": [
        833.10127,
        916.66575
      ],
      "5963137803": [
        1041.65534,
        0.0
      ],
      "366446860": [
        693.63344,
        952.85175
      ],
      "5963137811": [
        1087.97154,
        11.21655
      ],
      "5963137812": [
        1040.95573,
        4.773
      ],
      "366435623": [
        24.07087,
        822.70425
      ],
      "3647300403": [
        29.80984,
        785.91885
      ],
      "676036916": [
        47.16884,
        913.7187
      ],
      "676036918": [
        61.33589,
        989.0766
      ],
      "2028465978": [
        82.4389,
        1096.23045
      ],
      "5735336777": [
        836.73048,
        916.77675
      ],
      "403543372": [
        5.97399,
        756.4983
      ],
      "2028465997": [
        47.42573,
        878.71485
      ],
      "5735336780": [
        869.66669,
        918.0144
      ],
      "366446446": [
        765.95535,
        933.36015
      ],
      "5735336821": [
        1056.11207,
        971.8494
      ],
      "5023308664": [
        9.16048,
        795.1374
      ],
      "5735336833": [
        1069.68336,
        936.1407
      ],
      "366390663": [
        1056.59305,
        970.2954
      ],
      "366460296": [
        1084.11823,
        881.4399
      ],
      "5735336841": [
        1090.21247,
        855.9099
      ],
      "5735336848": [
        1089.51286,
        858.83475
      ],
      "5735336855": [
        1078.00213,
        907.3584
      ],
      "2445304737": [
        866.6223,
        923.7864
      ],
      "2445304739": [
        1002.36254,
        951.77505
      ],
      "2445304744": [
        691.76417,
        945.8865
      ],
      "2445304745": [
        1004.58161,
        945.8532
      ],
      "5416575918": [
        45.41983,
        733.92645
      ],
      "5416575920": [
        70.7478,
        833.65995
      ],
      "366451635": [
        978.9093,
        943.7664
      ],
      "366473153": [
        735.97608,
        940.8693
      ],
      "4066314178": [
        2.26279,
        747.60165
      ],
      "4066314179": [
        18.32644,
        795.5925
      ],
      "4066314180": [
        24.96177,
        792.78975
      ],
      "4066314181": [
        35.14981,
        885.7578
      ],
      "4066314182": [
        65.92707,
        1051.83045
      ],
      "5456057292": [
        57.37327,
        908.34075
      ],
      "5456057293": [
        44.06434,
        726.93345
      ],
      "5456057294": [
        42.45743,
        732.70545
      ],
      "5456057295": [
        38.92113,
        737.21205
      ],
      "5456057296": [
        33.67407,
        739.88715
      ],
      "5456057297": [
        28.45435,
        742.44015
      ],
      "5456057298": [
        25.96199,
        745.0764
      ],
      "5456057299": [
        23.76479,
        746.84685
      ],
      "5456057300": [
        22.98866,
        747.93465
      ],
      "2445304301": [
        947.9462,
        935.3748
      ],
      "5737884654": [
        3.00613,
        766.6104
      ],
      "2445304303": [
        764.76384,
        926.73345
      ],
      "2445304304": [
        734.49488,
        933.74865
      ],
      "2445304302": [
        953.73983,
        931.01805
      ],
      "2445304306": [
        980.69111,
        938.1165
      ],
      "2445304307": [
        1059.01981,
        963.48
      ],
      "1834117109": [
        0.24049,
        631.24035
      ],
      "2445304309": [
        867.2126,
        917.7036
      ],
      "2445304312": [
        716.54011,
        938.45505
      ],
      "2445304313": [
        801.19808,
        920.37315
      ],
      "2445304315": [
        920.186,
        924.41355
      ],
      "2445304317": [
        691.63846,
        945.6645
      ],
      "1834117118": [
        15.24379,
        660.14475
      ],
      "2028465663": [
        70.2067,
        1008.3795
      ]
    },
    "edges": [
      {
        "start": "1834117120",
        "end": "5456057293",
        "reverse": false,
        "shape": {
          "type": "polyline",
          "points": [
            [
              33.81618,
              702.9519
            ],
            [
              44.06434,
              726.93345
            ]
          ]
        },
        "metadata": {
          "segment_id": 69236,
          "street_id": 561793731,
          "street_name": "Mai Ch\u00ed Th\u1ecd",
          "street_type": "primary",
          "street_level": 2,
          "street_group": "561793731",
          "composite": true
        },
        "length_hint": 26.079484730111112,
        "speed_limit": 16.666666666666668
      },
      {
        "start": "5735573612",
        "end": "2028465768",
        "reverse": false,
        "shape": {
          "type": "polyline",
          "points": [
            [
              24.34415,
              764.72895
            ],
            [
              29.80984,
              785.91885
            ],
            [
              34.53219,
              806.92005
            ],
            [
              37.59843,
              823.21485
            ],
            [
              40.78493,
              842.05155
            ],
            [
              47.42573,
              878.71485
            ],
            [
              51.90759,
              907.5027
            ],
            [
              63.46205,
              974.75205
            ],
            [
              70.2067,
              1008.3795
            ],
            [
              84.22618,
              1077.56025
            ],
            [
              87.46733,
              1095.05385
            ]
          ]
        },
        "metadata": {
          "segment_id": 30130,
          "street_id": 192289502,
          "street_name": "C\u1ea7u R\u1ea1ch Chi\u1ebfc 1",
          "street_type": "trunk",
          "street_level": 1,
          "street_group": "192289502",
          "composite": true
        },
        "length_hint": 336.3988740716738,
        "speed_limit": 22.22222222222222
      },
      {
        "start": "2445304307",
        "end": "2445304307",
        "reverse": false,
        "shape": {
          "type": "polyline",
          "points": [
            [
              1059.01981,
              963.48
            ],
            [
              1056.59305,
              970.2954
            ],
            [
              1059.01981,
              963.48
            ]
          ]
        },
        "metadata": {
          "segment_id": 51929,
          "street_id": 330532295,
          "street_name": "\u0110\u1ed7 Xu\u00e2n H\u1ee3p",
          "street_type": "secondary",
          "street_level": 3,
          "street_group": "330532295",
          "composite": true
        },
        "length_hint": 14.469117631369185,
        "speed_limit": 11.11111111111111
      },
      {
        "start": "2445304307",
        "end": "2445304307",
        "reverse": false,
        "shape": {
          "type": "polyline",
          "points": [
            [
              1059.01981,
              963.48
            ],
            [
              1067.15821,
              943.5666
            ],
            [
              1059.01981,
              963.48
            ]
          ]
        },
        "metadata": {
          "segment_id": 51930,
          "street_id": 330532295,
          "street_name": "\u0110\u1ed7 Xu\u00e2n H\u1ee3p",
          "street_type": "secondary",
          "street_level": 3,
          "street_group": "330532295",
          "composite": true
        },
        "length_hint": 43.02450716138428,
        "speed_limit": 11.11111111111111
      },
      {
        "start": "5748826318",
        "end": "5748826318",
        "reverse": false,
        "shape": {
          "type": "polyline",
          "points": [
            [
              1077.28613,
              910.49415
            ],
            [
              1075.89784,
              916.64355
            ],
            [
              1077.28613,
              910.49415
            ]
          ]
        },
        "metadata": {
          "segment_id": 51937,
          "street_id": 330532295,
          "street_name": "\u0110\u1ed7 Xu\u00e2n H\u1ee3p",
          "street_type": "secondary",
          "street_level": 3,
          "street_group": "330532295",
          "composite": true
        },
        "length_hint": 12.608325738828263,
        "speed_limit": 11.11111111111111
      },
      {
        "start": "5748826318",
        "end": "5748826318",
        "reverse": false,
        "shape": {
          "type": "polyline",
          "points": [
            [
              1077.28613,
              910.49415
            ],
            [
              1078.00213,
              907.3584
            ],
            [
              1077.28613,
              910.49415
            ]
          ]
        },
        "metadata": {
          "segment_id": 51938,
          "street_id": 330532295,
          "street_name": "\u0110\u1ed7 Xu\u00e2n H\u1ee3p",
          "street_type": "secondary",
          "street_level": 3,
          "street_group": "330532295",
          "composite": true
        },
        "length_hint": 6.4329104027649455,
        "speed_limit": 11.11111111111111
      },
      {
        "start": "5735336855",
        "end": "5735336855",
        "reverse": false,
        "shape": {
          "type": "polyline",
          "points": [
            [
              1078.00213,
              907.3584
            ],
            [
              1084.11823,
              881.4399
            ],
            [
              1078.00213,
              907.3584
            ]
          ]
        },
        "metadata": {
          "segment_id": 51940,
          "street_id": 330532295,
          "street_name": "\u0110\u1ed7 Xu\u00e2n H\u1ee3p",
          "street_type": "secondary",
          "street_level": 3,
          "street_group": "330532295",
          "composite": true
        },
        "length_hint": 53.26069175142205,
        "speed_limit": 11.11111111111111
      },
      {
        "start": "5735336841",
        "end": "5735336841",
        "reverse": false,
        "shape": {
          "type": "polyline",
          "points": [
            [
              1090.21247,
              855.9099
            ],
            [
              1089.51286,
              858.83475
            ],
            [
              1090.21247,
              855.9099
            ]
          ]
        },
        "metadata": {
          "segment_id": 51945,
          "street_id": 330532295,
          "street_name": "\u0110\u1ed7 Xu\u00e2n H\u1ee3p",
          "street_type": "secondary",
          "street_level": 3,
          "street_group": "330532295",
          "composite": true
        },
        "length_hint": 6.014715845191626,
        "speed_limit": 11.11111111111111
      },
      {
        "start": "366460296",
        "end": "366460296",
        "reverse": false,
        "shape": {
          "type": "polyline",
          "points": [
            [
              1084.11823,
              881.4399
            ],
            [
              1089.51286,
              858.83475
            ],
            [
              1084.11823,
              881.4399
            ]
          ]
        },
        "metadata": {
          "segment_id": 51942,
          "street_id": 330532295,
          "street_name": "\u0110\u1ed7 Xu\u00e2n H\u1ee3p",
          "street_type": "secondary",
          "street_level": 3,
          "street_group": "330532295",
          "composite": true
        },
        "length_hint": 46.47988121152631,
        "speed_limit": 11.11111111111111
      },
      {
        "start": "5735336833",
        "end": "5735336833",
        "reverse": false,
        "shape": {
          "type": "polyline",
          "points": [
            [
              1069.68336,
              936.1407
            ],
            [
              1067.15821,
              943.5666
            ],
            [
              1069.68336,
              936.1407
            ]
          ]
        },
        "metadata": {
          "segment_id": 51933,
          "street_id": 330532295,
          "street_name": "\u0110\u1ed7 Xu\u00e2n H\u1ee3p",
          "street_type": "secondary",
          "street_level": 3,
          "street_group": "330532295",
          "composite": true
        },
        "length_hint": 15.68698483871251,
        "speed_limit": 11.11111111111111
      },
      {
        "start": "5735336833",
        "end": "5735336833",
        "reverse": false,
        "shape": {
          "type": "polyline",
          "points": [
            [
              1069.68336,
              936.1407
            ],
            [
              1075.89784,
              916.64355
            ],
            [
              1069.68336,
              936.1407
            ]
          ]
        },
        "metadata": {
          "segment_id": 51934,
          "street_id": 330532295,
          "street_name": "\u0110\u1ed7 Xu\u00e2n H\u1ee3p",
          "street_type": "secondary",
          "street_level": 3,
          "street_group": "330532295",
          "composite": true
        },
        "length_hint": 40.92718508731831,
        "speed_limit": 11.11111111111111
      },
      {
        "start": "366456578",
        "end": "366456578",
        "reverse": false,
        "shape": {
          "type": "polyline",
          "points": [
            [
              1033.92686,
              1030.1799
            ],
            [
              1024.23621,
              1057.2084
            ],
            [
              1033.92686,
              1030.1799
            ]
          ]
        },
        "metadata": {
          "segment_id": 51919,
          "street_id": 330532295,
          "street_name": "\u0110\u1ed7 Xu\u00e2n H\u1ee3p",
          "street_type": "secondary",
          "street_level": 3,
          "street_group": "330532295",
          "composite": true
        },
        "length_hint": 57.42642282686583,
        "speed_limit": 11.11111111111111
      },
      {
        "start": "366456578",
        "end": "366456578",
        "reverse": false,
        "shape": {
          "type": "polyline",
          "points": [
            [
              1033.92686,
              1030.1799
            ],
            [
              1047.2522,
              1000.1655
            ],
            [
              1033.92686,
              1030.1799
            ]
          ]
        },
        "metadata": {
          "segment_id": 51920,
          "street_id": 330532295,
          "street_name": "\u0110\u1ed7 Xu\u00e2n H\u1ee3p",
          "street_type": "secondary",
          "street_level": 3,
          "street_group": "330532295",
          "composite": true
        },
        "length_hint": 65.67888225223096,
        "speed_limit": 11.11111111111111
      },
      {
        "start": "2635187270",
        "end": "2635187270",
        "reverse": false,
        "shape": {
          "type": "polyline",
          "points": [
            [
              1016.95592,
              1079.12535
            ],
            [
              1019.60677,
              1072.2711
            ],
            [
              1016.95592,
              1079.12535
            ]
          ]
        },
        "metadata": {
          "segment_id": 51912,
          "street_id": 330532295,
          "street_name": "\u0110\u1ed7 Xu\u00e2n H\u1ee3p",
          "street_type": "secondary",
          "street_level": 3,
          "street_group": "330532295",
          "composite": true
        },
        "length_hint": 14.697992894950143,
        "speed_limit": 11.11111111111111
      },
      {
        "start": "5748826320",
        "end": "5748826320",
        "reverse": false,
        "shape": {
          "type": "polyline",
          "points": [
            [
              1024.22527,
              1057.2861
            ],
            [
              1019.60677,
              1072.2711
            ],
            [
              1024.22527,
              1057.2861
            ]
          ]
        },
        "metadata": {
          "segment_id": 51915,
          "street_id": 330532295,
          "street_name": "\u0110\u1ed7 Xu\u00e2n H\u1ee3p",
          "street_type": "secondary",
          "street_level": 3,
          "street_group": "330532295",
          "composite": true
        },
        "length_hint": 31.36117135886326,
        "speed_limit": 11.11111111111111
      },
      {
        "start": "5748826320",
        "end": "5748826320",
        "reverse": false,
        "shape": {
          "type": "polyline",
          "points": [
            [
              1024.22527,
              1057.2861
            ],
            [
              1025.22527,
              1057.2861
            ]
          ]
        },
        "metadata": {
          "segment_id": 51916,
          "street_id": 330532295,
          "street_name": "\u0110\u1ed7 Xu\u00e2n H\u1ee3p",
          "street_type": "secondary",
          "street_level": 3,
          "street_group": "330532295",
          "composite": true
        },
        "length_hint": 1.0,
        "speed_limit": 11.11111111111111
      },
      {
        "start": "366478069",
        "end": "366478069",
        "reverse": false,
        "shape": {
          "type": "polyline",
          "points": [
            [
              1047.2522,
              1000.1655
            ],
            [
              1048.02832,
              997.97325
            ],
            [
              1047.2522,
              1000.1655
            ]
          ]
        },
        "metadata": {
          "segment_id": 51922,
          "street_id": 330532295,
          "street_name": "\u0110\u1ed7 Xu\u00e2n H\u1ee3p",
          "street_type": "secondary",
          "street_level": 3,
          "street_group": "330532295",
          "composite": true
        },
        "length_hint": 4.651159991614885,
        "speed_limit": 11.11111111111111
      },
      {
        "start": "3202754565",
        "end": "3202754565",
        "reverse": false,
        "shape": {
          "type": "polyline",
          "points": [
            [
              1048.02832,
              997.97325
            ],
            [
              1056.11207,
              971.8494
            ],
            [
              1048.02832,
              997.97325
            ]
          ]
        },
        "metadata": {
          "segment_id": 51924,
          "street_id": 330532295,
          "street_name": "\u0110\u1ed7 Xu\u00e2n H\u1ee3p",
          "street_type": "secondary",
          "street_level": 3,
          "street_group": "330532295",
          "composite": true
        },
        "length_hint": 54.69195746670632,
        "speed_limit": 11.11111111111111
      },
      {
        "start": "5735336821",
        "end": "5735336821",
        "reverse": false,
        "shape": {
          "type": "polyline",
          "points": [
            [
              1056.11207,
              971.8494
            ],
            [
              1056.59305,
              970.2954
            ],
            [
              1056.11207,
              971.8494
            ]
          ]
        },
        "metadata": {
          "segment_id": 51926,
          "street_id": 330532295,
          "street_name": "\u0110\u1ed7 Xu\u00e2n H\u1ee3p",
          "street_type": "secondary",
          "street_level": 3,
          "street_group": "330532295",
          "composite": true
        },
        "length_hint": 3.2534644675483775,
        "speed_limit": 11.11111111111111
      },
      {
        "start": "5456057293",
        "end": "5023308664",
        "reverse": false,
        "shape": {
          "type": "polyline",
          "points": [
            [
              44.06434,
              726.93345
            ],
            [
              45.41983,
              733.92645
            ],
            [
              63.05212,
              803.3625
            ],
            [
              68.48501,
              824.74665
            ],
            [
              70.7478,
              833.65995
            ],
            [
              81.30204,
              887.97225
            ],
            [
              81.28017,
              900.0879
            ],
            [
              78.30138,
              904.57785
            ],
            [
              74.71042,
              908.1687
            ],
            [
              69.16275,
              909.5229
            ],
            [
              57.37327,
              908.34075
            ],
            [
              31.96878,
              906.0042
            ],
            [
              28.59645,
              904.2504
            ],
            [
              26.25168,
              900.30435
            ],
            [
              23.90143,
              889.6317
            ],
            [
              21.55665,
              866.2329
            ],
            [
              12.02997,
              803.94525
            ],
            [
              9.16048,
              795.1374
            ]
          ]
        },
        "metadata": {
          "segment_id": 69446,
          "street_id": 566581411,
          "street_name": "Mai Ch\u00ed Th\u1ecd",
          "street_type": "primary",
          "street_level": 2,
          "street_group": "566581411",
          "composite": true
        },
        "length_hint": 346.1149031734545,
        "speed_limit": 16.666666666666668
      },
      {
        "start": "366390663",
        "end": "366446860",
        "reverse": false,
        "shape": {
          "type": "polyline",
          "points": [
            [
              1056.59305,
              970.2954
            ],
            [
              1002.36254,
              951.77505
            ],
            [
              978.9093,
              943.7664
            ],
            [
              947.9462,
              935.3748
            ],
            [
              919.33335,
              930.5241
            ],
            [
              866.6223,
              923.7864
            ],
            [
              833.36362,
              922.99275
            ],
            [
              802.07805,
              926.95545
            ],
            [
              765.95535,
              933.36015
            ],
            [
              735.97608,
              940.8693
            ],
            [
              716.75874,
              946.04745
            ],
            [
              693.63344,
              952.85175
            ]
          ]
        },
        "metadata": {
          "segment_id": 1341,
          "street_id": 32576820,
          "street_name": "\u0110\u1ea1i L\u1ed9 III",
          "street_type": "tertiary",
          "street_level": 4,
          "street_group": "32576820",
          "composite": true
        },
        "length_hint": 372.73330002041587,
        "speed_limit": 13.88888888888889
      },
      {
        "start": "745747096",
        "end": "366418476",
        "reverse": false,
        "shape": {
          "type": "polyline",
          "points": [
            [
              75.90741,
              1096.75215
            ],
            [
              65.92707,
              1051.83045
            ],
            [
              54.18678,
              988.18305
            ],
            [
              40.40233,
              913.7187
            ],
            [
              35.14981,
              885.7578
            ],
            [
              25.98386,
              833.6544
            ],
            [
              24.07087,
              822.70425
            ],
            [
              18.32644,
              795.5925
            ],
            [
              11.05161,
              767.97015
            ]
          ]
        },
        "metadata": {
          "segment_id": 18029,
          "street_id": 32899404,
          "street_name": "C\u1ea7u R\u1ea1ch Chi\u1ebfc 2",
          "street_type": "trunk",
          "street_level": 1,
          "street_group": "32899404",
          "composite": true
        },
        "length_hint": 335.2149706735556,
        "speed_limit": 22.22222222222222
      },
      {
        "start": "366418476",
        "end": "403543372",
        "reverse": false,
        "shape": {
          "type": "polyline",
          "points": [
            [
              11.05161,
              767.97015
            ],
            [
              9.16595,
              763.14165
            ],
            [
              5.97399,
              756.4983
            ]
          ]
        },
        "metadata": {
          "segment_id": 30012,
          "street_id": 192289467,
          "street_name": "Xa L\u1ed9 H\u00e0 N\u1ed9i",
          "street_type": "trunk",
          "street_level": 1,
          "street_group": "192289467",
          "composite": true
        },
        "length_hint": 12.55403422577735,
        "speed_limit": 22.22222222222222
      },
      {
        "start": "2028465889",
        "end": "2028465978",
        "reverse": false,
        "shape": {
          "type": "polyline",
          "points": [
            [
              17.04747,
              766.1886
            ],
            [
              24.96177,
              792.78975
            ],
            [
              30.57503,
              818.5029
            ],
            [
              36.70206,
              853.0017
            ],
            [
              47.16884,
              913.7187
            ],
            [
              61.33589,
              989.0766
            ],
            [
              73.33307,
              1046.8632
            ],
            [
              82.4389,
              1096.23045
            ]
          ]
        },
        "metadata": {
          "segment_id": 21799,
          "street_id": 53501872,
          "street_name": "C\u1ea7u R\u1ea1ch Chi\u1ebfc 1",
          "street_type": "trunk",
          "street_level": 1,
          "street_group": "53501872",
          "composite": true
        },
        "length_hint": 336.6203183064413,
        "speed_limit": 22.22222222222222
      },
      {
        "start": "2445304317",
        "end": "2445304307",
        "reverse": false,
        "shape": {
          "type": "polyline",
          "points": [
            [
              691.63846,
              945.6645
            ],
            [
              716.54011,
              938.45505
            ],
            [
              734.49488,
              933.74865
            ],
            [
              764.76384,
              926.73345
            ],
            [
              801.19808,
              920.37315
            ],
            [
              833.10127,
              916.66575
            ],
            [
              836.73048,
              916.77675
            ],
            [
              844.02717,
              916.99875
            ],
            [
              867.2126,
              917.7036
            ],
            [
              869.66669,
              918.0144
            ],
            [
              920.186,
              924.41355
            ],
            [
              953.73983,
              931.01805
            ],
            [
              980.69111,
              938.1165
            ],
            [
              1004.58161,
              945.8532
            ],
            [
              1059.01981,
              963.48
            ]
          ]
        },
        "metadata": {
          "segment_id": 40711,
          "street_id": 236507166,
          "street_name": "\u0110\u1ea1i L\u1ed9 III",
          "street_type": "tertiary",
          "street_level": 4,
          "street_group": "236507166",
          "composite": true
        },
        "length_hint": 376.5846578847385,
        "speed_limit": 13.88888888888889
      },
      {
        "start": "5735573613",
        "end": "5735573612",
        "reverse": false,
        "shape": {
          "type": "polyline",
          "points": [
            [
              23.83038,
              763.6689
            ],
            [
              24.34415,
              764.72895
            ]
          ]
        },
        "metadata": {
          "segment_id": 81977,
          "street_id": 610137666,
          "street_name": "Xa L\u1ed9 H\u00e0 N\u1ed9i",
          "street_type": "trunk",
          "street_level": 1,
          "street_group": "610137666",
          "composite": true
        },
        "length_hint": 1.1779921966634992,
        "speed_limit": 22.22222222222222
      },
      {
        "start": "676038262",
        "end": "2028465889",
        "reverse": false,
        "shape": {
          "type": "polyline",
          "points": [
            [
              4.2851,
              729.2034
            ],
            [
              14.68629,
              755.40495
            ],
            [
              17.04747,
              766.1886
            ]
          ]
        },
        "metadata": {
          "segment_id": 52014,
          "street_id": 330532305,
          "street_name": "Xa L\u1ed9 H\u00e0 N\u1ed9i",
          "street_type": "trunk",
          "street_level": 1,
          "street_group": "330532305",
          "composite": true
        },
        "length_hint": 39.22965478502178,
        "speed_limit": 22.22222222222222
      },
      {
        "start": "676038267",
        "end": "5735573613",
        "reverse": false,
        "shape": {
          "type": "polyline",
          "points": [
            [
              14.68629,
              755.40495
            ],
            [
              21.05928,
              761.77635
            ],
            [
              23.83038,
              763.6689
            ]
          ]
        },
        "metadata": {
          "segment_id": 29979,
          "street_id": 192289442,
          "street_name": "Xa L\u1ed9 H\u00e0 N\u1ed9i",
          "street_type": "trunk",
          "street_level": 1,
          "street_group": "192289442",
          "composite": true
        },
        "length_hint": 12.367347376375498,
        "speed_limit": 22.22222222222222
      },
      {
        "start": "5456094856",
        "end": "5735573613",
        "reverse": false,
        "shape": {
          "type": "polyline",
          "points": [
            [
              5.85921,
              717.0045
            ],
            [
              18.25538,
              751.2036
            ],
            [
              19.61634,
              752.91855
            ],
            [
              23.83038,
              763.6689
            ]
          ]
        },
        "metadata": {
          "segment_id": 69475,
          "street_id": 566588298,
          "street_name": "Xa L\u1ed9 H\u00e0 N\u1ed9i",
          "street_type": "trunk_link",
          "street_level": 3,
          "street_group": "566588298",
          "composite": true
        },
        "length_hint": 50.11254775009387,
        "speed_limit": 12.5
      },
      {
        "start": "5735604928",
        "end": "5735604927",
        "reverse": false,
        "shape": {
          "type": "polyline",
          "points": [
            [
              6.41125,
              769.896
            ],
            [
              9.16595,
              763.14165
            ]
          ]
        },
        "metadata": {
          "segment_id": 73105,
          "street_id": 604469773,
          "street_name": "Xa L\u1ed9 H\u00e0 N\u1ed9i",
          "street_type": "trunk",
          "street_level": 1,
          "street_group": "604469773",
          "composite": true
        },
        "length_hint": 7.294492169609827,
        "speed_limit": 22.22222222222222
      },
      {
        "start": "5735604940",
        "end": "5735604928",
        "reverse": false,
        "shape": {
          "type": "polyline",
          "points": [
            [
              70.7642,
              1098.73905
            ],
            [
              60.65268,
              1051.36425
            ],
            [
              55.52041,
              1028.7036
            ],
            [
              54.05561,
              1019.05215
            ],
            [
              49.36058,
              987.1785
            ],
            [
              43.93863,
              959.68935
            ],
            [
              41.15113,
              944.9208
            ],
            [
              36.02432,
              920.6451
            ],
            [
              32.0617,
              897.6903
            ],
            [
              27.07699,
              868.1532
            ],
            [
              20.77506,
              829.2588
            ],
            [
              10.3684,
              786.1242
            ],
            [
              6.41125,
              769.896
            ]
          ]
        },
        "metadata": {
          "segment_id": 73114,
          "street_id": 604469777,
          "street_name": "\u0110\u01b0\u01a1\u0300ng s\u00f4\u0301 12",
          "street_type": "trunk",
          "street_level": 1,
          "street_group": "604469777",
          "composite": true
        },
        "length_hint": 335.24184068409227,
        "speed_limit": 16.666666666666668
      },
      {
        "start": "2445304317",
        "end": "2445304317",
        "reverse": false,
        "shape": {
          "type": "polyline",
          "points": [
            [
              691.63846,
              945.6645
            ],
            [
              693.63344,
              952.85175
            ],
            [
              691.63846,
              945.6645
            ]
          ]
        },
        "metadata": {
          "segment_id": 40729,
          "street_id": 236507219,
          "street_name": "\u0110\u1ea1i L\u1ed9 3",
          "street_type": "tertiary",
          "street_level": 4,
          "street_group": "236507219",
          "composite": true
        },
        "length_hint": 14.91797677473734,
        "speed_limit": 13.88888888888889
      },
      {
        "start": "5963137811",
        "end": "5963137812",
        "reverse": false,
        "shape": {
          "type": "polyline",
          "points": [
            [
              1087.97154,
              11.21655
            ],
            [
              1040.95573,
              4.773
            ]
          ]
        },
        "metadata": {
          "segment_id": 84159,
          "street_id": 631423252,
          "street_name": "\u0110\u01b0\u1eddng cao t\u1ed1c Th\u00e0nh ph\u1ed1 H\u1ed3 Ch\u00ed Minh \u2013 Long Th\u00e0nh \u2013 D\u1ea7u Gi\u00e2y",
          "street_type": "motorway_link",
          "street_level": 3,
          "street_group": "631423252",
          "composite": true
        },
        "length_hint": 47.45530240719797,
        "speed_limit": 22.22222222222222
      },
      {
        "start": "403543372",
        "end": "4066314178",
        "reverse": false,
        "shape": {
          "type": "polyline",
          "points": [
            [
              5.97399,
              756.4983
            ],
            [
              2.26279,
              747.60165
            ]
          ]
        },
        "metadata": {
          "segment_id": 51950,
          "street_id": 330532300,
          "street_name": "Xa l\u1ed9 H\u00e0 N\u1ed9i",
          "street_type": "trunk",
          "street_level": 1,
          "street_group": "330532300",
          "composite": true
        },
        "length_hint": 9.639677726070536,
        "speed_limit": 22.22222222222222
      },
      {
        "start": "403543372",
        "end": "5456094849",
        "reverse": false,
        "shape": {
          "type": "polyline",
          "points": [
            [
              5.97399,
              756.4983
            ],
            [
              0.0,
              752.6577
            ]
          ]
        },
        "metadata": {
          "segment_id": 51983,
          "street_id": 330532303,
          "street_name": "Xa L\u1ed9 H\u00e0 N\u1ed9i",
          "street_type": "trunk_link",
          "street_level": 3,
          "street_group": "330532303",
          "composite": true
        },
        "length_hint": 7.102025406889218,
        "speed_limit": 13.88888888888889
      },
      {
        "start": "5023308664",
        "end": "5456094849",
        "reverse": false,
        "shape": {
          "type": "polyline",
          "points": [
            [
              9.16048,
              795.1374
            ],
            [
              3.00613,
              766.6104
            ],
            [
              0.0,
              752.6577
            ]
          ]
        },
        "metadata": {
          "segment_id": 69468,
          "street_id": 566588296,
          "street_name": "Ph\u01b0\u1eddng An Ph\u00fa",
          "street_type": "primary",
          "street_level": 2,
          "street_group": "566588296",
          "composite": true
        },
        "length_hint": 43.4561772028106,
        "speed_limit": 16.666666666666668
      },
      {
        "start": "2445304737",
        "end": "2445304737",
        "reverse": false,
        "shape": {
          "type": "polyline",
          "points": [
            [
              866.6223,
              923.7864
            ],
            [
              867.2126,
              917.7036
            ],
            [
              866.6223,
              923.7864
            ]
          ]
        },
        "metadata": {
          "segment_id": 40727,
          "street_id": 236507218,
          "street_name": "\u0110\u1ea1i L\u1ed9 3",
          "street_type": "tertiary_link",
          "street_level": 4,
          "street_group": "236507218",
          "composite": true
        },
        "length_hint": 12.222750906403814,
        "speed_limit": 11.11111111111111
      },
      {
        "start": "5456057293",
        "end": "2028465897",
        "reverse": false,
        "shape": {
          "type": "polyline",
          "points": [
            [
              44.06434,
              726.93345
            ],
            [
              42.45743,
              732.70545
            ],
            [
              38.92113,
              737.21205
            ],
            [
              33.67407,
              739.88715
            ],
            [
              28.45435,
              742.44015
            ],
            [
              25.96199,
              745.0764
            ],
            [
              23.76479,
              746.84685
            ],
            [
              22.98866,
              747.93465
            ],
            [
              19.61634,
              752.91855
            ]
          ]
        },
        "metadata": {
          "segment_id": 69438,
          "street_id": 566581410,
          "street_name": "Mai Ch\u00ed Th\u1ecd",
          "street_type": "trunk_link",
          "street_level": 3,
          "street_group": "566581410",
          "composite": true
        },
        "length_hint": 37.22374062585534,
        "speed_limit": 12.5
      },
      {
        "start": "1834117109",
        "end": "1834117120",
        "reverse": false,
        "shape": {
          "type": "polyline",
          "points": [
            [
              0.24049,
              631.24035
            ],
            [
              15.24379,
              660.14475
            ],
            [
              33.81618,
              702.9519
            ]
          ]
        },
        "metadata": {
          "segment_id": 33632,
          "street_id": 211830783,
          "street_name": "Mai Ch\u00ed Th\u1ecd",
          "street_type": "primary",
          "street_level": 2,
          "street_group": "211830783",
          "composite": true
        },
        "length_hint": 79.22875792822629,
        "speed_limit": 16.666666666666668
      }
    ]
  }
}