{
  "observation": {
    "type": "Kinematics"
  },
  "action": {
    "type": "DiscreteMetaAction"
  },
  "simulation_frequency": 15,
  "policy_frequency": 1,
  "other_vehicles_type": "highway_env.vehicle.behavior.IDMVehicle",
  "screen_width": 600,
  "screen_height": 150,
  "centering_position": [
    0.3,
    0.5
  ],
  "scaling": 5.5,
  "show_trajectories": false,
  "render_agent": true,
  "offscreen_rendering": false,
  "manual_control": false,
  "real_time_rendering": false,
  "destination": null,
  "initial_vehicle_count": 0,
  "controlled_vehicles": 0,
  "spawn_probability": 0.0,
  "duration": 40.0,
  "collision_reward": -5,
  "high_speed_reward": 1.0,
  "arrived_reward": 1.0,
  "reward_speed_range": [
    6.0,
    12.0
  ],
  "auto_curve": false,
  "corner_radius": 25.0,
  "curve_samples": 8,
  "exit_distance": 5.0,
  "graph": {
    "nodes": {
      "2686826205": [
        246.71,
        92.23545
      ],
      "934970377": [
        633.18845,
        405.38865
      ],
      "934970506": [
        649.68934,
        369.6078
      ],
      "1605303697": [
        518.92288,
        979.8636
      ],
      "934971539": [
        0.0,
        0.0
      ],
      "934971413": [
        225.30639,
        74.94165
      ],
      "1593309975": [
        640.6819,
        404.55615
      ],
      "934970781": [
        543.26156,
        270.14625
      ],
      "934971169": [
        326.44885,
        193.96695
      ],
      "934971042": [
        370.81927,
        223.443
      ],
      "934970920": [
        437.16719,
        250.15515
      ],
      "934970416": [
        634.03016,
        400.51575
      ],
      "934970672": [
        585.69713,
        294.3387
      ],
      "934970813": [
        476.40533,
        261.41055
      ],
      "934970566": [
        645.6502,
        362.04315
      ],
      "934971464": [
        116.70326,
        17.97645
      ],
      "934971340": [
        272.93435,
        127.8387
      ],
      "2686826199": [
        7.75034,
        3.5298
      ],
      "1593310040": [
        652.41125,
        410.40585
      ],
      "2686826201": [
        16.6758,
        5.37795
      ],
      "2686826202": [
        126.301,
        21.0012
      ],
      "934970715": [
        552.5259,
        272.33295
      ],
      "2686826204": [
        241.1514,
        86.01945
      ],
      "934971101": [
        334.3085,
        200.82675
      ],
      "2686826206": [
        343.54004,
        207.65325
      ],
      "2686826207": [
        355.83236,
        215.21235
      ],
      "2686826208": [
        392.20648,
        232.1787
      ],
      "2686826209": [
        493.91738,
        265.2789
      ],
      "2686826210": [
        509.75146,
        267.46005
      ],
      "934970979": [
        416.62169,
        242.26305
      ],
      "2686826212": [
        529.44978,
        268.63665
      ],
      "934971233": [
        302.2796,
        164.9793
      ],
      "2686826214": [
        562.79592,
        276.02925
      ],
      "1605303781": [
        398.48655,
        1052.74065
      ],
      "2686826216": [
        573.23537,
        282.24525
      ],
      "2686826218": [
        640.76388,
        354.6561
      ],
      "934971499": [
        110.13351,
        16.63335
      ],
      "2686826220": [
        650.7005,
        375.15225
      ],
      "2686826223": [
        641.94447,
        390.942
      ],
      "2686826225": [
        646.82533,
        386.9127
      ],
      "2686826226": [
        650.53106,
        380.8632
      ],
      "2686826227": [
        634.70244,
        411.0996
      ],
      "2686826228": [
        639.41933,
        416.47755
      ],
      "934971381": [
        234.07881,
        80.475
      ],
      "934970872": [
        451.99012,
        255.3666
      ],
      "934970618": [
        633.31962,
        346.30335
      ],
      "1593309947": [
        635.88303,
        395.47635
      ],
      "2686826203": [
        136.57649,
        26.3736
      ]
    },
    "edges": [
      {
        "start": "934970618",
        "end": "934970618",
        "reverse": false,
        "shape": {
          "type": "polyline",
          "points": [
            [
              633.31962,
              346.30335
            ],
            [
              640.76388,
              354.6561
            ],
            [
              633.31962,
              346.30335
            ]
          ]
        },
        "metadata": {
          "segment_id": 59615,
          "street_id": 410411589,
          "street_name": "L\u00fd Th\u00e1i T\u1ed5",
          "street_type": "secondary",
          "street_level": 3,
          "street_group": "410411589",
          "composite": true
        },
        "length_hint": 22.37725984208961,
        "speed_limit": 11.11111111111111
      },
      {
        "start": "934970618",
        "end": "934970618",
        "reverse": false,
        "shape": {
          "type": "polyline",
          "points": [
            [
              633.31962,
              346.30335
            ],
            [
              585.69713,
              294.3387
            ],
            [
              633.31962,
              346.30335
            ]
          ]
        },
        "metadata": {
          "segment_id": 59616,
          "street_id": 410411589,
          "street_name": "L\u00fd Th\u00e1i T\u1ed5",
          "street_type": "secondary",
          "street_level": 3,
          "street_group": "410411589",
          "composite": true
        },
        "length_hint": 140.9712935802548,
        "speed_limit": 11.11111111111111
      },
      {
        "start": "934970377",
        "end": "934970377",
        "reverse": false,
        "shape": {
          "type": "polyline",
          "points": [
            [
              633.18845,
              405.38865
            ],
            [
              634.70244,
              411.0996
            ],
            [
              633.18845,
              405.38865
            ]
          ]
        },
        "metadata": {
          "segment_id": 59595,
          "street_id": 410411589,
          "street_name": "L\u00fd Th\u00e1i T\u1ed5",
          "street_type": "secondary",
          "street_level": 3,
          "street_group": "410411589",
          "composite": true
        },
        "length_hint": 11.816448810467618,
        "speed_limit": 11.11111111111111
      },
      {
        "start": "934970377",
        "end": "934970377",
        "reverse": false,
        "shape": {
          "type": "polyline",
          "points": [
            [
              633.18845,
              405.38865
            ],
            [
              634.03016,
              400.51575
            ],
            [
              633.18845,
              405.38865
            ]
          ]
        },
        "metadata": {
          "segment_id": 59596,
          "street_id": 410411589,
          "street_name": "L\u00fd Th\u00e1i T\u1ed5",
          "street_type": "secondary",
          "street_level": 3,
          "street_group": "410411589",
          "composite": true
        },
        "length_hint": 9.890122372165,
        "speed_limit": 11.11111111111111
      },
      {
        "start": "2686826223",
        "end": "2686826223",
        "reverse": false,
        "shape": {
          "type": "polyline",
          "points": [
            [
              641.94447,
              390.942
            ],
            [
              635.88303,
              395.47635
            ],
            [
              641.94447,
              390.942
            ]
          ]
        },
        "metadata": {
          "segment_id": 59601,
          "street_id": 410411589,
          "street_name": "L\u00fd Th\u00e1i T\u1ed5",
          "street_type": "secondary",
          "street_level": 3,
          "street_group": "410411589",
          "composite": true
        },
        "length_hint": 15.139535633050428,
        "speed_limit": 11.11111111111111
      },
      {
        "start": "2686826223",
        "end": "2686826223",
        "reverse": false,
        "shape": {
          "type": "polyline",
          "points": [
            [
              641.94447,
              390.942
            ],
            [
              646.82533,
              386.9127
            ],
            [
              641.94447,
              390.942
            ]
          ]
        },
        "metadata": {
          "segment_id": 59602,
          "street_id": 410411589,
          "street_name": "L\u00fd Th\u00e1i T\u1ed5",
          "street_type": "secondary",
          "street_level": 3,
          "street_group": "410411589",
          "composite": true
        },
        "length_hint": 12.658286270992631,
        "speed_limit": 11.11111111111111
      },
      {
        "start": "934970416",
        "end": "934970416",
        "reverse": false,
        "shape": {
          "type": "polyline",
          "points": [
            [
              634.03016,
              400.51575
            ],
            [
              635.88303,
              395.47635
            ],
            [
              634.03016,
              400.51575
            ]
          ]
        },
        "metadata": {
          "segment_id": 59598,
          "street_id": 410411589,
          "street_name": "L\u00fd Th\u00e1i T\u1ed5",
          "street_type": "secondary",
          "street_level": 3,
          "street_group": "410411589",
          "composite": true
        },
        "length_hint": 10.738469089567616,
        "speed_limit": 11.11111111111111
      },
      {
        "start": "2686826225",
        "end": "2686826225",
        "reverse": false,
        "shape": {
          "type": "polyline",
          "points": [
            [
              646.82533,
              386.9127
            ],
            [
              650.53106,
              380.8632
            ],
            [
              646.82533,
              386.9127
            ]
          ]
        },
        "metadata": {
          "segment_id": 59604,
          "street_id": 410411589,
          "street_name": "L\u00fd Th\u00e1i T\u1ed5",
          "street_type": "secondary",
          "street_level": 3,
          "street_group": "410411589",
          "composite": true
        },
        "length_hint": 14.188570764231288,
        "speed_limit": 11.11111111111111
      },
      {
        "start": "2686826218",
        "end": "2686826218",
        "reverse": false,
        "shape": {
          "type": "polyline",
          "points": [
            [
              640.76388,
              354.6561
            ],
            [
              645.6502,
              362.04315
            ],
            [
              640.76388,
              354.6561
            ]
          ]
        },
        "metadata": {
          "segment_id": 59613,
          "street_id": 410411589,
          "street_name": "L\u00fd Th\u00e1i T\u1ed5",
          "street_type": "secondary",
          "street_level": 3,
          "street_group": "410411589",
          "composite": true
        },
        "length_hint": 17.713794719923943,
        "speed_limit": 11.11111111111111
      },
      {
        "start": "2686826226",
        "end": "2686826226",
        "reverse": false,
        "shape": {
          "type": "polyline",
          "points": [
            [
              650.53106,
              380.8632
            ],
            [
              650.7005,
              375.15225
            ],
            [
              650.53106,
              380.8632
            ]
          ]
        },
        "metadata": {
          "segment_id": 59606,
          "street_id": 410411589,
          "street_name": "L\u00fd Th\u00e1i T\u1ed5",
          "street_type": "secondary",
          "street_level": 3,
          "street_group": "410411589",
          "composite": true
        },
        "length_hint": 11.42692606366214,
        "speed_limit": 11.11111111111111
      },
      {
        "start": "2686826220",
        "end": "2686826220",
        "reverse": false,
        "shape": {
          "type": "polyline",
          "points": [
            [
              650.7005,
              375.15225
            ],
            [
              649.68934,
              369.6078
            ],
            [
              650.7005,
              375.15225
            ]
          ]
        },
        "metadata": {
          "segment_id": 59608,
          "street_id": 410411589,
          "street_name": "L\u00fd Th\u00e1i T\u1ed5",
          "street_type": "secondary",
          "street_level": 3,
          "street_group": "410411589",
          "composite": true
        },
        "length_hint": 11.271800272911129,
        "speed_limit": 11.11111111111111
      },
      {
        "start": "934970506",
        "end": "934970506",
        "reverse": false,
        "shape": {
          "type": "polyline",
          "points": [
            [
              649.68934,
              369.6078
            ],
            [
              645.6502,
              362.04315
            ],
            [
              649.68934,
              369.6078
            ]
          ]
        },
        "metadata": {
          "segment_id": 59610,
          "street_id": 410411589,
          "street_name": "L\u00fd Th\u00e1i T\u1ed5",
          "street_type": "secondary",
          "street_level": 3,
          "street_group": "410411589",
          "composite": true
        },
        "length_hint": 17.15092785386253,
        "speed_limit": 11.11111111111111
      },
      {
        "start": "2686826228",
        "end": "2686826228",
        "reverse": false,
        "shape": {
          "type": "polyline",
          "points": [
            [
              639.41933,
              416.47755
            ],
            [
              634.70244,
              411.0996
            ],
            [
              639.41933,
              416.47755
            ]
          ]
        },
        "metadata": {
          "segment_id": 59592,
          "street_id": 410411589,
          "street_name": "L\u00fd Th\u00e1i T\u1ed5",
          "street_type": "secondary",
          "street_level": 3,
          "street_group": "410411589",
          "composite": true
        },
        "length_hint": 14.306837173127994,
        "speed_limit": 11.11111111111111
      },
      {
        "start": "2686826209",
        "end": "2686826209",
        "reverse": false,
        "shape": {
          "type": "polyline",
          "points": [
            [
              493.91738,
              265.2789
            ],
            [
              509.75146,
              267.46005
            ],
            [
              493.91738,
              265.2789
            ]
          ]
        },
        "metadata": {
          "segment_id": 59631,
          "street_id": 410411589,
          "street_name": "L\u00fd Th\u00e1i T\u1ed5",
          "street_type": "secondary",
          "street_level": 3,
          "street_group": "410411589",
          "composite": true
        },
        "length_hint": 31.96720224035259,
        "speed_limit": 11.11111111111111
      },
      {
        "start": "2686826209",
        "end": "2686826209",
        "reverse": false,
        "shape": {
          "type": "polyline",
          "points": [
            [
              493.91738,
              265.2789
            ],
            [
              476.40533,
              261.41055
            ],
            [
              493.91738,
              265.2789
            ]
          ]
        },
        "metadata": {
          "segment_id": 59632,
          "street_id": 410411589,
          "street_name": "L\u00fd Th\u00e1i T\u1ed5",
          "street_type": "secondary",
          "street_level": 3,
          "street_group": "410411589",
          "composite": true
        },
        "length_hint": 35.868427728296076,
        "speed_limit": 11.11111111111111
      },
      {
        "start": "934970715",
        "end": "934970715",
        "reverse": false,
        "shape": {
          "type": "polyline",
          "points": [
            [
              552.5259,
              272.33295
            ],
            [
              562.79592,
              276.02925
            ],
            [
              552.5259,
              272.33295
            ]
          ]
        },
        "metadata": {
          "segment_id": 59623,
          "street_id": 410411589,
          "street_name": "L\u00fd Th\u00e1i T\u1ed5",
          "street_type": "secondary",
          "street_level": 3,
          "street_group": "410411589",
          "composite": true
        },
        "length_hint": 21.829882683184625,
        "speed_limit": 11.11111111111111
      },
      {
        "start": "934970715",
        "end": "934970715",
        "reverse": false,
        "shape": {
          "type": "polyline",
          "points": [
            [
              552.5259,
              272.33295
            ],
            [
              543.26156,
              270.14625
            ],
            [
              552.5259,
              272.33295
            ]
          ]
        },
        "metadata": {
          "segment_id": 59624,
          "street_id": 410411589,
          "street_name": "L\u00fd Th\u00e1i T\u1ed5",
          "street_type": "secondary",
          "street_level": 3,
          "street_group": "410411589",
          "composite": true
        },
        "length_hint": 19.037820518704226,
        "speed_limit": 11.11111111111111
      },
      {
        "start": "934970672",
        "end": "934970672",
        "reverse": false,
        "shape": {
          "type": "polyline",
          "points": [
            [
              585.69713,
              294.3387
            ],
            [
              573.23537,
              282.24525
            ],
            [
              585.69713,
              294.3387
            ]
          ]
        },
        "metadata": {
          "segment_id": 59618,
          "street_id": 410411589,
          "street_name": "L\u00fd Th\u00e1i T\u1ed5",
          "street_type": "secondary",
          "street_level": 3,
          "street_group": "410411589",
          "composite": true
        },
        "length_hint": 34.730217114213445,
        "speed_limit": 11.11111111111111
      },
      {
        "start": "2686826214",
        "end": "2686826214",
        "reverse": false,
        "shape": {
          "type": "polyline",
          "points": [
            [
              562.79592,
              276.02925
            ],
            [
              573.23537,
              282.24525
            ],
            [
              562.79592,
              276.02925
            ]
          ]
        },
        "metadata": {
          "segment_id": 59621,
          "street_id": 410411589,
          "street_name": "L\u00fd Th\u00e1i T\u1ed5",
          "street_type": "secondary",
          "street_level": 3,
          "street_group": "410411589",
          "composite": true
        },
        "length_hint": 24.299857802258792,
        "speed_limit": 11.11111111111111
      },
      {
        "start": "2686826212",
        "end": "2686826212",
        "reverse": false,
        "shape": {
          "type": "polyline",
          "points": [
            [
              529.44978,
              268.63665
            ],
            [
              543.26156,
              270.14625
            ],
            [
              529.44978,
              268.63665
            ]
          ]
        },
        "metadata": {
          "segment_id": 59627,
          "street_id": 410411589,
          "street_name": "L\u00fd Th\u00e1i T\u1ed5",
          "street_type": "secondary",
          "street_level": 3,
          "street_group": "410411589",
          "composite": true
        },
        "length_hint": 27.788066426320494,
        "speed_limit": 11.11111111111111
      },
      {
        "start": "2686826212",
        "end": "2686826212",
        "reverse": false,
        "shape": {
          "type": "polyline",
          "points": [
            [
              529.44978,
              268.63665
            ],
            [
              509.75146,
              267.46005
            ],
            [
              529.44978,
              268.63665
            ]
          ]
        },
        "metadata": {
          "segment_id": 59628,
          "street_id": 410411589,
          "street_name": "L\u00fd Th\u00e1i T\u1ed5",
          "street_type": "secondary",
          "street_level": 3,
          "street_group": "410411589",
          "composite": true
        },
        "length_hint": 39.46685689955058,
        "speed_limit": 11.11111111111111
      },
      {
        "start": "934971042",
        "end": "934971042",
        "reverse": false,
        "shape": {
          "type": "polyline",
          "points": [
            [
              370.81927,
              223.443
            ],
            [
              392.20648,
              232.1787
            ],
            [
              370.81927,
              223.443
            ]
          ]
        },
        "metadata": {
          "segment_id": 59643,
          "street_id": 410411589,
          "street_name": "L\u00fd Th\u00e1i T\u1ed5",
          "street_type": "secondary",
          "street_level": 3,
          "street_group": "410411589",
          "composite": true
        },
        "length_hint": 46.20498700677661,
        "speed_limit": 11.11111111111111
      },
      {
        "start": "934971042",
        "end": "934971042",
        "reverse": false,
        "shape": {
          "type": "polyline",
          "points": [
            [
              370.81927,
              223.443
            ],
            [
              355.83236,
              215.21235
            ],
            [
              370.81927,
              223.443
            ]
          ]
        },
        "metadata": {
          "segment_id": 59644,
          "street_id": 410411589,
          "street_name": "L\u00fd Th\u00e1i T\u1ed5",
          "street_type": "secondary",
          "street_level": 3,
          "street_group": "410411589",
          "composite": true
        },
        "length_hint": 34.19655367259111,
        "speed_limit": 11.11111111111111
      },
      {
        "start": "934970979",
        "end": "934970979",
        "reverse": false,
        "shape": {
          "type": "polyline",
          "points": [
            [
              416.62169,
              242.26305
            ],
            [
              437.16719,
              250.15515
            ],
            [
              416.62169,
              242.26305
            ]
          ]
        },
        "metadata": {
          "segment_id": 59639,
          "street_id": 410411589,
          "street_name": "L\u00fd Th\u00e1i T\u1ed5",
          "street_type": "secondary",
          "street_level": 3,
          "street_group": "410411589",
          "composite": true
        },
        "length_hint": 44.018305858358524,
        "speed_limit": 11.11111111111111
      },
      {
        "start": "934970979",
        "end": "934970979",
        "reverse": false,
        "shape": {
          "type": "polyline",
          "points": [
            [
              416.62169,
              242.26305
            ],
            [
              392.20648,
              232.1787
            ],
            [
              416.62169,
              242.26305
            ]
          ]
        },
        "metadata": {
          "segment_id": 59640,
          "street_id": 410411589,
          "street_name": "L\u00fd Th\u00e1i T\u1ed5",
          "street_type": "secondary",
          "street_level": 3,
          "street_group": "410411589",
          "composite": true
        },
        "length_hint": 52.83167967296138,
        "speed_limit": 11.11111111111111
      },
      {
        "start": "934970920",
        "end": "934970920",
        "reverse": false,
        "shape": {
          "type": "polyline",
          "points": [
            [
              437.16719,
              250.15515
            ],
            [
              451.99012,
              255.3666
            ],
            [
              437.16719,
              250.15515
            ]
          ]
        },
        "metadata": {
          "segment_id": 59637,
          "street_id": 410411589,
          "street_name": "L\u00fd Th\u00e1i T\u1ed5",
          "street_type": "secondary",
          "street_level": 3,
          "street_group": "410411589",
          "composite": true
        },
        "length_hint": 31.424733245480365,
        "speed_limit": 11.11111111111111
      },
      {
        "start": "934970872",
        "end": "934970872",
        "reverse": false,
        "shape": {
          "type": "polyline",
          "points": [
            [
              451.99012,
              255.3666
            ],
            [
              476.40533,
              261.41055
            ],
            [
              451.99012,
              255.3666
            ]
          ]
        },
        "metadata": {
          "segment_id": 59635,
          "street_id": 410411589,
          "street_name": "L\u00fd Th\u00e1i T\u1ed5",
          "street_type": "secondary",
          "street_level": 3,
          "street_group": "410411589",
          "composite": true
        },
        "length_hint": 50.30434617194025,
        "speed_limit": 11.11111111111111
      },
      {
        "start": "934971381",
        "end": "934971381",
        "reverse": false,
        "shape": {
          "type": "polyline",
          "points": [
            [
              234.07881,
              80.475
            ],
            [
              241.1514,
              86.01945
            ],
            [
              234.07881,
              80.475
            ]
          ]
        },
        "metadata": {
          "segment_id": 59661,
          "street_id": 410411589,
          "street_name": "L\u00fd Th\u00e1i T\u1ed5",
          "street_type": "secondary",
          "street_level": 3,
          "street_group": "410411589",
          "composite": true
        },
        "length_hint": 17.973586743952918,
        "speed_limit": 11.11111111111111
      },
      {
        "start": "934971381",
        "end": "934971381",
        "reverse": false,
        "shape": {
          "type": "polyline",
          "points": [
            [
              234.07881,
              80.475
            ],
            [
              225.30639,
              74.94165
            ],
            [
              234.07881,
              80.475
            ]
          ]
        },
        "metadata": {
          "segment_id": 59662,
          "street_id": 410411589,
          "street_name": "L\u00fd Th\u00e1i T\u1ed5",
          "street_type": "secondary",
          "street_level": 3,
          "street_group": "410411589",
          "composite": true
        },
        "length_hint": 20.743511262937158,
        "speed_limit": 11.11111111111111
      },
      {
        "start": "934971413",
        "end": "934971413",
        "reverse": false,
        "shape": {
          "type": "polyline",
          "points": [
            [
              225.30639,
              74.94165
            ],
            [
              136.57649,
              26.3736
            ],
            [
              225.30639,
              74.94165
            ]
          ]
        },
        "metadata": {
          "segment_id": 59664,
          "street_id": 410411589,
          "street_name": "L\u00fd Th\u00e1i T\u1ed5",
          "street_type": "secondary",
          "street_level": 3,
          "street_group": "410411589",
          "composite": true
        },
        "length_hint": 202.30522123576048,
        "speed_limit": 11.11111111111111
      },
      {
        "start": "934971539",
        "end": "934971539",
        "reverse": false,
        "shape": {
          "type": "polyline",
          "points": [
            [
              0.0,
              0.0
            ],
            [
              7.75034,
              3.5298
            ],
            [
              0.0,
              0.0
            ]
          ]
        },
        "metadata": {
          "segment_id": 59677,
          "street_id": 410411589,
          "street_name": "L\u00fd Th\u00e1i T\u1ed5",
          "street_type": "secondary",
          "street_level": 3,
          "street_group": "410411589",
          "composite": true
        },
        "length_hint": 17.032587373103357,
        "speed_limit": 11.11111111111111
      },
      {
        "start": "934971499",
        "end": "934971499",
        "reverse": false,
        "shape": {
          "type": "polyline",
          "points": [
            [
              110.13351,
              16.63335
            ],
            [
              116.70326,
              17.97645
            ],
            [
              110.13351,
              16.63335
            ]
          ]
        },
        "metadata": {
          "segment_id": 59671,
          "street_id": 410411589,
          "street_name": "L\u00fd Th\u00e1i T\u1ed5",
          "street_type": "secondary",
          "street_level": 3,
          "street_group": "410411589",
          "composite": true
        },
        "length_hint": 13.411268794935099,
        "speed_limit": 11.11111111111111
      },
      {
        "start": "934971499",
        "end": "934971499",
        "reverse": false,
        "shape": {
          "type": "polyline",
          "points": [
            [
              110.13351,
              16.63335
            ],
            [
              16.6758,
              5.37795
            ],
            [
              110.13351,
              16.63335
            ]
          ]
        },
        "metadata": {
          "segment_id": 59672,
          "street_id": 410411589,
          "street_name": "L\u00fd Th\u00e1i T\u1ed5",
          "street_type": "secondary",
          "street_level": 3,
          "street_group": "410411589",
          "composite": true
        },
        "length_hint": 188.26606266243633,
        "speed_limit": 11.11111111111111
      },
      {
        "start": "2686826201",
        "end": "2686826201",
        "reverse": false,
        "shape": {
          "type": "polyline",
          "points": [
            [
              16.6758,
              5.37795
            ],
            [
              7.75034,
              3.5298
            ],
            [
              16.6758,
              5.37795
            ]
          ]
        },
        "metadata": {
          "segment_id": 59674,
          "street_id": 410411589,
          "street_name": "L\u00fd Th\u00e1i T\u1ed5",
          "street_type": "secondary",
          "street_level": 3,
          "street_group": "410411589",
          "composite": true
        },
        "length_hint": 18.22959073968475,
        "speed_limit": 11.11111111111111
      },
      {
        "start": "2686826203",
        "end": "2686826203",
        "reverse": false,
        "shape": {
          "type": "polyline",
          "points": [
            [
              136.57649,
              26.3736
            ],
            [
              126.301,
              21.0012
            ],
            [
              136.57649,
              26.3736
            ]
          ]
        },
        "metadata": {
          "segment_id": 59666,
          "street_id": 410411589,
          "street_name": "L\u00fd Th\u00e1i T\u1ed5",
          "street_type": "secondary",
          "street_level": 3,
          "street_group": "410411589",
          "composite": true
        },
        "length_hint": 23.190375288045693,
        "speed_limit": 11.11111111111111
      },
      {
        "start": "2686826202",
        "end": "2686826202",
        "reverse": false,
        "shape": {
          "type": "polyline",
          "points": [
            [
              126.301,
              21.0012
            ],
            [
              116.70326,
              17.97645
            ],
            [
              126.301,
              21.0012
            ]
          ]
        },
        "metadata": {
          "segment_id": 59668,
          "street_id": 410411589,
          "street_name": "L\u00fd Th\u00e1i T\u1ed5",
          "street_type": "secondary",
          "street_level": 3,
          "street_group": "410411589",
          "composite": true
        },
        "length_hint": 20.126174566479346,
        "speed_limit": 11.11111111111111
      },
      {
        "start": "934971233",
        "end": "934971233",
        "reverse": false,
        "shape": {
          "type": "polyline",
          "points": [
            [
              302.2796,
              164.9793
            ],
            [
              326.44885,
              193.96695
            ],
            [
              302.2796,
              164.9793
            ]
          ]
        },
        "metadata": {
          "segment_id": 59653,
          "street_id": 410411589,
          "street_name": "L\u00fd Th\u00e1i T\u1ed5",
          "street_type": "secondary",
          "street_level": 3,
          "street_group": "410411589",
          "composite": true
        },
        "length_hint": 75.48341534628646,
        "speed_limit": 11.11111111111111
      },
      {
        "start": "934971233",
        "end": "934971233",
        "reverse": false,
        "shape": {
          "type": "polyline",
          "points": [
            [
              302.2796,
              164.9793
            ],
            [
              272.93435,
              127.8387
            ],
            [
              302.2796,
              164.9793
            ]
          ]
        },
        "metadata": {
          "segment_id": 59654,
          "street_id": 410411589,
          "street_name": "L\u00fd Th\u00e1i T\u1ed5",
          "street_type": "secondary",
          "street_level": 3,
          "street_group": "410411589",
          "composite": true
        },
        "length_hint": 94.66927412677252,
        "speed_limit": 11.11111111111111
      },
      {
        "start": "2686826205",
        "end": "2686826205",
        "reverse": false,
        "shape": {
          "type": "polyline",
          "points": [
            [
              246.71,
              92.23545
            ],
            [
              272.93435,
              127.8387
            ],
            [
              246.71,
              92.23545
            ]
          ]
        },
        "metadata": {
          "segment_id": 59657,
          "street_id": 410411589,
          "street_name": "L\u00fd Th\u00e1i T\u1ed5",
          "street_type": "secondary",
          "street_level": 3,
          "street_group": "410411589",
          "composite": true
        },
        "length_hint": 88.43772822692812,
        "speed_limit": 11.11111111111111
      },
      {
        "start": "2686826205",
        "end": "2686826205",
        "reverse": false,
        "shape": {
          "type": "polyline",
          "points": [
            [
              246.71,
              92.23545
            ],
            [
              241.1514,
              86.01945
            ],
            [
              246.71,
              92.23545
            ]
          ]
        },
        "metadata": {
          "segment_id": 59658,
          "street_id": 410411589,
          "street_name": "L\u00fd Th\u00e1i T\u1ed5",
          "street_type": "secondary",
          "street_level": 3,
          "street_group": "410411589",
          "composite": true
        },
        "length_hint": 16.67773245498321,
        "speed_limit": 11.11111111111111
      },
      {
        "start": "934971101",
        "end": "934971101",
        "reverse": false,
        "shape": {
          "type": "polyline",
          "points": [
            [
              334.3085,
              200.82675
            ],
            [
              343.54004,
              207.65325
            ],
            [
              334.3085,
              200.82675
            ]
          ]
        },
        "metadata": {
          "segment_id": 59649,
          "street_id": 410411589,
          "street_name": "L\u00fd Th\u00e1i T\u1ed5",
          "street_type": "secondary",
          "street_level": 3,
          "street_group": "410411589",
          "composite": true
        },
        "length_hint": 22.962790163357766,
        "speed_limit": 11.11111111111111
      },
      {
        "start": "934971101",
        "end": "934971101",
        "reverse": false,
        "shape": {
          "type": "polyline",
          "points": [
            [
              334.3085,
              200.82675
            ],
            [
              326.44885,
              193.96695
            ],
            [
              334.3085,
              200.82675
            ]
          ]
        },
        "metadata": {
          "segment_id": 59650,
          "street_id": 410411589,
          "street_name": "L\u00fd Th\u00e1i T\u1ed5",
          "street_type": "secondary",
          "street_level": 3,
          "street_group": "410411589",
          "composite": true
        },
        "length_hint": 20.864415080466543,
        "speed_limit": 11.11111111111111
      },
      {
        "start": "2686826207",
        "end": "2686826207",
        "reverse": false,
        "shape": {
          "type": "polyline",
          "points": [
            [
              355.83236,
              215.21235
            ],
            [
              343.54004,
              207.65325
            ],
            [
              355.83236,
              215.21235
            ]
          ]
        },
        "metadata": {
          "segment_id": 59646,
          "street_id": 410411589,
          "street_name": "L\u00fd Th\u00e1i T\u1ed5",
          "street_type": "secondary",
          "street_level": 3,
          "street_group": "410411589",
          "composite": true
        },
        "length_hint": 28.8611242880384,
        "speed_limit": 11.11111111111111
      },
      {
        "start": "1605303697",
        "end": "1605303697",
        "reverse": false,
        "shape": {
          "type": "polyline",
          "points": [
            [
              518.92288,
              979.8636
            ],
            [
              398.48655,
              1052.74065
            ],
            [
              518.92288,
              979.8636
            ]
          ]
        },
        "metadata": {
          "segment_id": 25876,
          "street_id": 147293401,
          "street_name": "Long T\u00e2n",
          "street_type": "unclassified",
          "street_level": 4,
          "street_group": "147293401",
          "composite": true
        },
        "length_hint": 281.5384449809395,
        "speed_limit": 11.11111111111111
      },
      {
        "start": "1593310040",
        "end": "1593310040",
        "reverse": false,
        "shape": {
          "type": "polyline",
          "points": [
            [
              652.41125,
              410.40585
            ],
            [
              640.6819,
              404.55615
            ],
            [
              652.41125,
              410.40585
            ]
          ]
        },
        "metadata": {
          "segment_id": 26080,
          "street_id": 148109870,
          "street_name": "Tr\u1ea7n V\u0103n \u01a0n",
          "street_type": "unclassified",
          "street_level": 4,
          "street_group": "148109870",
          "composite": true
        },
        "length_hint": 26.21424357195902,
        "speed_limit": 11.11111111111111
      },
      {
        "start": "1593309975",
        "end": "1593309975",
        "reverse": false,
        "shape": {
          "type": "polyline",
          "points": [
            [
              640.6819,
              404.55615
            ],
            [
              635.88303,
              395.47635
            ],
            [
              640.6819,
              404.55615
            ]
          ]
        },
        "metadata": {
          "segment_id": 26082,
          "street_id": 148109870,
          "street_name": "Tr\u1ea7n V\u0103n \u01a0n",
          "street_type": "unclassified",
          "street_level": 4,
          "street_group": "148109870",
          "composite": true
        },
        "length_hint": 20.539904704443043,
        "speed_limit": 11.11111111111111
      }
    ]
  }
}