{
  "observation": {
    "type": "Kinematics"
  },
  "action": {
    "type": "DiscreteMetaAction"
  },
  "simulation_frequency": 15,
  "policy_frequency": 1,
  "other_vehicles_type": "highway_env.vehicle.behavior.IDMVehicle",
  "screen_width": 600,
  "screen_height": 150,
  "centering_position": [
    0.3,
    0.5
  ],
  "scaling": 5.5,
  "show_trajectories": false,
  "render_agent": true,
  "offscreen_rendering": false,
  "manual_control": false,
  "real_time_rendering": false,
  "destination": null,
  "initial_vehicle_count": 0,
  "controlled_vehicles": 0,
  "spawn_probability": 0.0,
  "duration": 40.0,
  "collision_reward": -5,
  "high_speed_reward": 1.0,
  "arrived_reward": 1.0,
  "reward_speed_range": [
    6.0,
    12.0
  ],
  "auto_curve": false,
  "corner_radius": 25.0,
  "curve_samples": 8,
  "exit_distance": 5.0,
  "graph": {
    "nodes": {
      "366382081": [
        951.15456,
        1033.37115
      ],
      "4886880259": [
        187.57678,
        489.8208
      ],
      "366460421": [
        267.64903,
        500.8653
      ],
      "4886880262": [
        571.70498,
        564.9123
      ],
      "5737823240": [
        1043.6995,
        525.79035
      ],
      "4886880270": [
        712.46271,
        586.46295
      ],
      "4886880275": [
        991.84657,
        556.0767
      ],
      "366440983": [
        299.31173,
        301.91445
      ],
      "366422556": [
        902.23123,
        776.4006
      ],
      "366379045": [
        721.65599,
        587.91705
      ],
      "366476328": [
        962.50678,
        904.9275
      ],
      "366434864": [
        973.5092,
        976.09515
      ],
      "1605322296": [
        912.49578,
        595.19865
      ],
      "1605322299": [
        828.46091,
        736.8069
      ],
      "5737796670": [
        300.22997,
        307.2702
      ],
      "3029263423": [
        913.73103,
        789.5652
      ],
      "3108017726": [
        277.51459,
        502.1085
      ],
      "3029263425": [
        910.29858,
        783.83205
      ],
      "5737796671": [
        311.73523,
        507.47535
      ],
      "3029263427": [
        338.73024,
        511.60455
      ],
      "3029263428": [
        544.76463,
        559.94505
      ],
      "3029263426": [
        522.26241,
        559.97835
      ],
      "5737796707": [
        364.44628,
        81.8292
      ],
      "5737796717": [
        351.40516,
        118.77555
      ],
      "370523248": [
        937.48488,
        849.483
      ],
      "370523249": [
        906.39608,
        779.4531
      ],
      "3029259377": [
        6.4659,
        435.59175
      ],
      "1852796016": [
        894.33878,
        600.2769
      ],
      "3029259382": [
        368.17934,
        72.6384
      ],
      "3029259384": [
        358.79476,
        95.7375
      ],
      "3029259386": [
        63.15597,
        471.95535
      ],
      "3029259388": [
        302.05004,
        279.98085
      ],
      "5737771134": [
        104.12673,
        477.6996
      ],
      "366440064": [
        298.83075,
        295.6485
      ],
      "366375552": [
        181.73396,
        489.07155
      ],
      "3187226247": [
        195.09209,
        490.7865
      ],
      "366420103": [
        873.98458,
        760.57755
      ],
      "366459019": [
        299.61235,
        290.6313
      ],
      "5735324824": [
        618.57868,
        622.1439
      ],
      "5735324827": [
        508.55448,
        552.2583
      ],
      "366411423": [
        384.04075,
        32.8671
      ],
      "366419624": [
        672.57416,
        580.14705
      ],
      "366416070": [
        344.15766,
        141.37515
      ],
      "366448330": [
        692.54577,
        662.5257
      ],
      "366399190": [
        1013.3595,
        546.07005
      ],
      "366382816": [
        322.78684,
        444.7659
      ],
      "1605322494": [
        853.72876,
        605.67705
      ],
      "366434560": [
        582.07338,
        566.82705
      ],
      "366405388": [
        321.72103,
        455.7327
      ],
      "5733194519": [
        972.06626,
        930.35205
      ],
      "366416674": [
        312.75731,
        490.6533
      ],
      "366417188": [
        1068.48091,
        506.8815
      ],
      "366458161": [
        978.17143,
        562.44255
      ],
      "366372192": [
        515.43577,
        554.5005
      ],
      "366406510": [
        319.63861,
        464.50725
      ],
      "366420853": [
        927.15474,
        587.59515
      ],
      "5737796982": [
        303.25249,
        324.82485
      ],
      "366452599": [
        308.95866,
        358.0194
      ],
      "5737796991": [
        316.67074,
        413.2752
      ],
      "5737796992": [
        308.32465,
        354.3231
      ],
      "366450055": [
        312.47856,
        383.616
      ],
      "5733195656": [
        777.55353,
        708.98475
      ],
      "5737771421": [
        73.1691,
        473.16525
      ],
      "5737771422": [
        55.49855,
        467.87055
      ],
      "366367647": [
        625.33973,
        626.56725
      ],
      "5737771424": [
        34.45567,
        454.66155
      ],
      "5735324580": [
        866.19052,
        606.25425
      ],
      "366389157": [
        1037.39757,
        530.86305
      ],
      "5735324582": [
        437.62084,
        534.576
      ],
      "5735324583": [
        419.73166,
        530.3247
      ],
      "3140330408": [
        1055.57643,
        516.2388
      ],
      "366379945": [
        616.96083,
        572.0052
      ],
      "5735324585": [
        584.88821,
        600.10485
      ],
      "5735324588": [
        649.91344,
        639.7152
      ],
      "5735324590": [
        701.6024,
        667.4763
      ],
      "5735324591": [
        309.4779,
        507.13125
      ],
      "5735324599": [
        608.7951,
        570.7953
      ],
      "5735324601": [
        594.99972,
        568.74735
      ],
      "5733195708": [
        891.76991,
        770.5398
      ],
      "5735324611": [
        367.52892,
        518.09805
      ],
      "5735324614": [
        377.53659,
        520.5567
      ],
      "5740175303": [
        382.96948,
        35.5533
      ],
      "5740175308": [
        392.76945,
        11.77155
      ],
      "5737771468": [
        0.0,
        431.04075
      ],
      "5733195725": [
        750.96845,
        694.45485
      ],
      "5740175313": [
        397.63391,
        0.0
      ],
      "1834117090": [
        359.55996,
        516.1389
      ],
      "366469609": [
        976.36229,
        941.77395
      ],
      "1834117106": [
        540.73095,
        571.22265
      ],
      "366417400": [
        979.73461,
        957.58035
      ],
      "366425595": [
        222.93975,
        494.36625
      ]
    },
    "edges": [
      {
        "start": "366434864",
        "end": "366434864",
        "reverse": false,
        "shape": {
          "type": "polyline",
          "points": [
            [
              973.5092,
              976.09515
            ],
            [
              951.15456,
              1033.37115
            ],
            [
              973.5092,
              976.09515
            ]
          ]
        },
        "metadata": {
          "segment_id": 17822,
          "street_id": 32899382,
          "street_name": "Nguy\u1ec5n Xi\u1ec3n",
          "street_type": "tertiary",
          "street_level": 4,
          "street_group": "32899382",
          "composite": true
        },
        "length_hint": 122.96780237980339,
        "speed_limit": 13.88888888888889
      },
      {
        "start": "366434864",
        "end": "366434864",
        "reverse": false,
        "shape": {
          "type": "polyline",
          "points": [
            [
              973.5092,
              976.09515
            ],
            [
              979.73461,
              957.58035
            ],
            [
              973.5092,
              976.09515
            ]
          ]
        },
        "metadata": {
          "segment_id": 17823,
          "street_id": 32899382,
          "street_name": "Nguy\u1ec5n Xi\u1ec3n",
          "street_type": "tertiary",
          "street_level": 4,
          "street_group": "32899382",
          "composite": true
        },
        "length_hint": 39.066791458122154,
        "speed_limit": 13.88888888888889
      },
      {
        "start": "5733195725",
        "end": "5733195725",
        "reverse": false,
        "shape": {
          "type": "polyline",
          "points": [
            [
              750.96845,
              694.45485
            ],
            [
              701.6024,
              667.4763
            ],
            [
              750.96845,
              694.45485
            ]
          ]
        },
        "metadata": {
          "segment_id": 17990,
          "street_id": 32899393,
          "street_name": "Nguy\u1ec5n Duy Trinh",
          "street_type": "tertiary",
          "street_level": 4,
          "street_group": "32899393",
          "composite": true
        },
        "length_hint": 112.51398229029125,
        "speed_limit": 13.88888888888889
      },
      {
        "start": "5733195725",
        "end": "5733195725",
        "reverse": false,
        "shape": {
          "type": "polyline",
          "points": [
            [
              750.96845,
              694.45485
            ],
            [
              777.55353,
              708.98475
            ],
            [
              750.96845,
              694.45485
            ]
          ]
        },
        "metadata": {
          "segment_id": 17991,
          "street_id": 32899393,
          "street_name": "Nguy\u1ec5n Duy Trinh",
          "street_type": "tertiary",
          "street_level": 4,
          "street_group": "32899393",
          "composite": true
        },
        "length_hint": 60.593216538368495,
        "speed_limit": 13.88888888888889
      },
      {
        "start": "5733195656",
        "end": "5733195656",
        "reverse": false,
        "shape": {
          "type": "polyline",
          "points": [
            [
              777.55353,
              708.98475
            ],
            [
              828.46091,
              736.8069
            ],
            [
              777.55353,
              708.98475
            ]
          ]
        },
        "metadata": {
          "segment_id": 17993,
          "street_id": 32899393,
          "street_name": "Nguy\u1ec5n Duy Trinh",
          "street_type": "tertiary",
          "street_level": 4,
          "street_group": "32899393",
          "composite": true
        },
        "length_hint": 116.02815811839648,
        "speed_limit": 13.88888888888889
      },
      {
        "start": "370523249",
        "end": "370523249",
        "reverse": false,
        "shape": {
          "type": "polyline",
          "points": [
            [
              906.39608,
              779.4531
            ],
            [
              902.23123,
              776.4006
            ],
            [
              906.39608,
              779.4531
            ]
          ]
        },
        "metadata": {
          "segment_id": 18002,
          "street_id": 32899393,
          "street_name": "Nguy\u1ec5n Duy Trinh",
          "street_type": "tertiary",
          "street_level": 4,
          "street_group": "32899393",
          "composite": true
        },
        "length_hint": 10.327387234436284,
        "speed_limit": 13.88888888888889
      },
      {
        "start": "1605322299",
        "end": "1605322299",
        "reverse": false,
        "shape": {
          "type": "polyline",
          "points": [
            [
              828.46091,
              736.8069
            ],
            [
              873.98458,
              760.57755
            ],
            [
              828.46091,
              736.8069
            ]
          ]
        },
        "metadata": {
          "segment_id": 17995,
          "street_id": 32899393,
          "street_name": "Nguy\u1ec5n Duy Trinh",
          "street_type": "tertiary",
          "street_level": 4,
          "street_group": "32899393",
          "composite": true
        },
        "length_hint": 102.71218684637964,
        "speed_limit": 13.88888888888889
      },
      {
        "start": "5733195708",
        "end": "5733195708",
        "reverse": false,
        "shape": {
          "type": "polyline",
          "points": [
            [
              891.76991,
              770.5398
            ],
            [
              873.98458,
              760.57755
            ],
            [
              891.76991,
              770.5398
            ]
          ]
        },
        "metadata": {
          "segment_id": 17998,
          "street_id": 32899393,
          "street_name": "Nguy\u1ec5n Duy Trinh",
          "street_type": "tertiary",
          "street_level": 4,
          "street_group": "32899393",
          "composite": true
        },
        "length_hint": 40.77079289253023,
        "speed_limit": 13.88888888888889
      },
      {
        "start": "5733195708",
        "end": "5733195708",
        "reverse": false,
        "shape": {
          "type": "polyline",
          "points": [
            [
              891.76991,
              770.5398
            ],
            [
              902.23123,
              776.4006
            ],
            [
              891.76991,
              770.5398
            ]
          ]
        },
        "metadata": {
          "segment_id": 17999,
          "street_id": 32899393,
          "street_name": "Nguy\u1ec5n Duy Trinh",
          "street_type": "tertiary",
          "street_level": 4,
          "street_group": "32899393",
          "composite": true
        },
        "length_hint": 23.98234290326118,
        "speed_limit": 13.88888888888889
      },
      {
        "start": "4886880259",
        "end": "4886880259",
        "reverse": false,
        "shape": {
          "type": "polyline",
          "points": [
            [
              187.57678,
              489.8208
            ],
            [
              181.73396,
              489.07155
            ],
            [
              187.57678,
              489.8208
            ]
          ]
        },
        "metadata": {
          "segment_id": 17944,
          "street_id": 32899393,
          "street_name": "Nguy\u1ec5n Duy Trinh",
          "street_type": "tertiary",
          "street_level": 4,
          "street_group": "32899393",
          "composite": true
        },
        "length_hint": 11.78132778847957,
        "speed_limit": 13.88888888888889
      },
      {
        "start": "4886880259",
        "end": "4886880259",
        "reverse": false,
        "shape": {
          "type": "polyline",
          "points": [
            [
              187.57678,
              489.8208
            ],
            [
              195.09209,
              490.7865
            ],
            [
              187.57678,
              489.8208
            ]
          ]
        },
        "metadata": {
          "segment_id": 17945,
          "street_id": 32899393,
          "street_name": "Nguy\u1ec5n Duy Trinh",
          "street_type": "tertiary",
          "street_level": 4,
          "street_group": "32899393",
          "composite": true
        },
        "length_hint": 15.154202174459721,
        "speed_limit": 13.88888888888889
      },
      {
        "start": "366375552",
        "end": "366375552",
        "reverse": false,
        "shape": {
          "type": "polyline",
          "points": [
            [
              181.73396,
              489.07155
            ],
            [
              104.12673,
              477.6996
            ],
            [
              181.73396,
              489.07155
            ]
          ]
        },
        "metadata": {
          "segment_id": 17942,
          "street_id": 32899393,
          "street_name": "Nguy\u1ec5n Duy Trinh",
          "street_type": "tertiary",
          "street_level": 4,
          "street_group": "32899393",
          "composite": true
        },
        "length_hint": 156.87196556523924,
        "speed_limit": 13.88888888888889
      },
      {
        "start": "5737771424",
        "end": "5737771424",
        "reverse": false,
        "shape": {
          "type": "polyline",
          "points": [
            [
              34.45567,
              454.66155
            ],
            [
              6.4659,
              435.59175
            ],
            [
              34.45567,
              454.66155
            ]
          ]
        },
        "metadata": {
          "segment_id": 17932,
          "street_id": 32899393,
          "street_name": "Nguy\u1ec5n Duy Trinh",
          "street_type": "tertiary",
          "street_level": 4,
          "street_group": "32899393",
          "composite": true
        },
        "length_hint": 67.73727176947413,
        "speed_limit": 13.88888888888889
      },
      {
        "start": "5737771424",
        "end": "5737771424",
        "reverse": false,
        "shape": {
          "type": "polyline",
          "points": [
            [
              34.45567,
              454.66155
            ],
            [
              55.49855,
              467.87055
            ],
            [
              34.45567,
              454.66155
            ]
          ]
        },
        "metadata": {
          "segment_id": 17933,
          "street_id": 32899393,
          "street_name": "Nguy\u1ec5n Duy Trinh",
          "street_type": "tertiary",
          "street_level": 4,
          "street_group": "32899393",
          "composite": true
        },
        "length_hint": 49.690259797847716,
        "speed_limit": 13.88888888888889
      },
      {
        "start": "5737771422",
        "end": "5737771422",
        "reverse": false,
        "shape": {
          "type": "polyline",
          "points": [
            [
              55.49855,
              467.87055
            ],
            [
              63.15597,
              471.95535
            ],
            [
              55.49855,
              467.87055
            ]
          ]
        },
        "metadata": {
          "segment_id": 17935,
          "street_id": 32899393,
          "street_name": "Nguy\u1ec5n Duy Trinh",
          "street_type": "tertiary",
          "street_level": 4,
          "street_group": "32899393",
          "composite": true
        },
        "length_hint": 17.35761182840546,
        "speed_limit": 13.88888888888889
      },
      {
        "start": "5737771134",
        "end": "5737771134",
        "reverse": false,
        "shape": {
          "type": "polyline",
          "points": [
            [
              104.12673,
              477.6996
            ],
            [
              73.1691,
              473.16525
            ],
            [
              104.12673,
              477.6996
            ]
          ]
        },
        "metadata": {
          "segment_id": 17940,
          "street_id": 32899393,
          "street_name": "Nguy\u1ec5n Duy Trinh",
          "street_type": "tertiary",
          "street_level": 4,
          "street_group": "32899393",
          "composite": true
        },
        "length_hint": 62.57587986243259,
        "speed_limit": 13.88888888888889
      },
      {
        "start": "3029259386",
        "end": "3029259386",
        "reverse": false,
        "shape": {
          "type": "polyline",
          "points": [
            [
              63.15597,
              471.95535
            ],
            [
              73.1691,
              473.16525
            ],
            [
              63.15597,
              471.95535
            ]
          ]
        },
        "metadata": {
          "segment_id": 17937,
          "street_id": 32899393,
          "street_name": "Nguy\u1ec5n Duy Trinh",
          "street_type": "tertiary",
          "street_level": 4,
          "street_group": "32899393",
          "composite": true
        },
        "length_hint": 20.171924093343197,
        "speed_limit": 13.88888888888889
      },
      {
        "start": "5737771468",
        "end": "5737771468",
        "reverse": false,
        "shape": {
          "type": "polyline",
          "points": [
            [
              0.0,
              431.04075
            ],
            [
              6.4659,
              435.59175
            ],
            [
              0.0,
              431.04075
            ]
          ]
        },
        "metadata": {
          "segment_id": 17929,
          "street_id": 32899393,
          "street_name": "Nguy\u1ec5n Duy Trinh",
          "street_type": "tertiary",
          "street_level": 4,
          "street_group": "32899393",
          "composite": true
        },
        "length_hint": 15.813850108054002,
        "speed_limit": 13.88888888888889
      },
      {
        "start": "366425595",
        "end": "366425595",
        "reverse": false,
        "shape": {
          "type": "polyline",
          "points": [
            [
              222.93975,
              494.36625
            ],
            [
              195.09209,
              490.7865
            ],
            [
              222.93975,
              494.36625
            ]
          ]
        },
        "metadata": {
          "segment_id": 17948,
          "street_id": 32899393,
          "street_name": "Nguy\u1ec5n Duy Trinh",
          "street_type": "tertiary",
          "street_level": 4,
          "street_group": "32899393",
          "composite": true
        },
        "length_hint": 56.153602824328175,
        "speed_limit": 13.88888888888889
      },
      {
        "start": "366425595",
        "end": "366425595",
        "reverse": false,
        "shape": {
          "type": "polyline",
          "points": [
            [
              222.93975,
              494.36625
            ],
            [
              267.64903,
              500.8653
            ],
            [
              222.93975,
              494.36625
            ]
          ]
        },
        "metadata": {
          "segment_id": 17949,
          "street_id": 32899393,
          "street_name": "Nguy\u1ec5n Duy Trinh",
          "street_type": "tertiary",
          "street_level": 4,
          "street_group": "32899393",
          "composite": true
        },
        "length_hint": 90.35833927249655,
        "speed_limit": 13.88888888888889
      },
      {
        "start": "366460421",
        "end": "366460421",
        "reverse": false,
        "shape": {
          "type": "polyline",
          "points": [
            [
              267.64903,
              500.8653
            ],
            [
              277.51459,
              502.1085
            ],
            [
              267.64903,
              500.8653
            ]
          ]
        },
        "metadata": {
          "segment_id": 17951,
          "street_id": 32899393,
          "street_name": "Nguy\u1ec5n Duy Trinh",
          "street_type": "tertiary",
          "street_level": 4,
          "street_group": "32899393",
          "composite": true
        },
        "length_hint": 19.887163734791375,
        "speed_limit": 13.88888888888889
      },
      {
        "start": "366367647",
        "end": "366367647",
        "reverse": false,
        "shape": {
          "type": "polyline",
          "points": [
            [
              625.33973,
              626.56725
            ],
            [
              618.57868,
              622.1439
            ],
            [
              625.33973,
              626.56725
            ]
          ]
        },
        "metadata": {
          "segment_id": 17982,
          "street_id": 32899393,
          "street_name": "Nguy\u1ec5n Duy Trinh",
          "street_type": "tertiary",
          "street_level": 4,
          "street_group": "32899393",
          "composite": true
        },
        "length_hint": 16.158938371687686,
        "speed_limit": 13.88888888888889
      },
      {
        "start": "366367647",
        "end": "366367647",
        "reverse": false,
        "shape": {
          "type": "polyline",
          "points": [
            [
              625.33973,
              626.56725
            ],
            [
              649.91344,
              639.7152
            ],
            [
              625.33973,
              626.56725
            ]
          ]
        },
        "metadata": {
          "segment_id": 17983,
          "street_id": 32899393,
          "street_name": "Nguy\u1ec5n Duy Trinh",
          "street_type": "tertiary",
          "street_level": 4,
          "street_group": "32899393",
          "composite": true
        },
        "length_hint": 55.739960974747774,
        "speed_limit": 13.88888888888889
      },
      {
        "start": "5737796671",
        "end": "5737796671",
        "reverse": false,
        "shape": {
          "type": "polyline",
          "points": [
            [
              311.73523,
              507.47535
            ],
            [
              309.4779,
              507.13125
            ],
            [
              311.73523,
              507.47535
            ]
          ]
        },
        "metadata": {
          "segment_id": 17956,
          "street_id": 32899393,
          "street_name": "Nguy\u1ec5n Duy Trinh",
          "street_type": "tertiary",
          "street_level": 4,
          "street_group": "32899393",
          "composite": true
        },
        "length_hint": 4.566812253158691,
        "speed_limit": 13.88888888888889
      },
      {
        "start": "5737796671",
        "end": "5737796671",
        "reverse": false,
        "shape": {
          "type": "polyline",
          "points": [
            [
              311.73523,
              507.47535
            ],
            [
              338.73024,
              511.60455
            ],
            [
              311.73523,
              507.47535
            ]
          ]
        },
        "metadata": {
          "segment_id": 17957,
          "street_id": 32899393,
          "street_name": "Nguy\u1ec5n Duy Trinh",
          "street_type": "tertiary",
          "street_level": 4,
          "street_group": "32899393",
          "composite": true
        },
        "length_hint": 54.61797717016254,
        "speed_limit": 13.88888888888889
      },
      {
        "start": "5735324614",
        "end": "5735324614",
        "reverse": false,
        "shape": {
          "type": "polyline",
          "points": [
            [
              377.53659,
              520.5567
            ],
            [
              367.52892,
              518.09805
            ],
            [
              377.53659,
              520.5567
            ]
          ]
        },
        "metadata": {
          "segment_id": 17964,
          "street_id": 32899393,
          "street_name": "Nguy\u1ec5n Duy Trinh",
          "street_type": "tertiary",
          "street_level": 4,
          "street_group": "32899393",
          "composite": true
        },
        "length_hint": 20.610523394751468,
        "speed_limit": 13.88888888888889
      },
      {
        "start": "5735324614",
        "end": "5735324614",
        "reverse": false,
        "shape": {
          "type": "polyline",
          "points": [
            [
              377.53659,
              520.5567
            ],
            [
              419.73166,
              530.3247
            ],
            [
              377.53659,
              520.5567
            ]
          ]
        },
        "metadata": {
          "segment_id": 17965,
          "street_id": 32899393,
          "street_name": "Nguy\u1ec5n Duy Trinh",
          "street_type": "tertiary",
          "street_level": 4,
          "street_group": "32899393",
          "composite": true
        },
        "length_hint": 86.62188537095922,
        "speed_limit": 13.88888888888889
      },
      {
        "start": "3029263427",
        "end": "3029263427",
        "reverse": false,
        "shape": {
          "type": "polyline",
          "points": [
            [
              338.73024,
              511.60455
            ],
            [
              359.55996,
              516.1389
            ],
            [
              338.73024,
              511.60455
            ]
          ]
        },
        "metadata": {
          "segment_id": 17959,
          "street_id": 32899393,
          "street_name": "Nguy\u1ec5n Duy Trinh",
          "street_type": "tertiary",
          "street_level": 4,
          "street_group": "32899393",
          "composite": true
        },
        "length_hint": 42.63508251198304,
        "speed_limit": 13.88888888888889
      },
      {
        "start": "5735324611",
        "end": "5735324611",
        "reverse": false,
        "shape": {
          "type": "polyline",
          "points": [
            [
              367.52892,
              518.09805
            ],
            [
              359.55996,
              516.1389
            ],
            [
              367.52892,
              518.09805
            ]
          ]
        },
        "metadata": {
          "segment_id": 17962,
          "street_id": 32899393,
          "street_name": "Nguy\u1ec5n Duy Trinh",
          "street_type": "tertiary",
          "street_level": 4,
          "street_group": "32899393",
          "composite": true
        },
        "length_hint": 16.412506475745896,
        "speed_limit": 13.88888888888889
      },
      {
        "start": "1834117106",
        "end": "1834117106",
        "reverse": false,
        "shape": {
          "type": "polyline",
          "points": [
            [
              540.73095,
              571.22265
            ],
            [
              522.26241,
              559.97835
            ],
            [
              540.73095,
              571.22265
            ]
          ]
        },
        "metadata": {
          "segment_id": 17976,
          "street_id": 32899393,
          "street_name": "Nguy\u1ec5n Duy Trinh",
          "street_type": "tertiary",
          "street_level": 4,
          "street_group": "32899393",
          "composite": true
        },
        "length_hint": 43.244479519198755,
        "speed_limit": 13.88888888888889
      },
      {
        "start": "1834117106",
        "end": "1834117106",
        "reverse": false,
        "shape": {
          "type": "polyline",
          "points": [
            [
              540.73095,
              571.22265
            ],
            [
              584.88821,
              600.10485
            ],
            [
              540.73095,
              571.22265
            ]
          ]
        },
        "metadata": {
          "segment_id": 17977,
          "street_id": 32899393,
          "street_name": "Nguy\u1ec5n Duy Trinh",
          "street_type": "tertiary",
          "street_level": 4,
          "street_group": "32899393",
          "composite": true
        },
        "length_hint": 105.52810218226416,
        "speed_limit": 13.88888888888889
      },
      {
        "start": "3029263426",
        "end": "3029263426",
        "reverse": false,
        "shape": {
          "type": "polyline",
          "points": [
            [
              522.26241,
              559.97835
            ],
            [
              515.43577,
              554.5005
            ],
            [
              522.26241,
              559.97835
            ]
          ]
        },
        "metadata": {
          "segment_id": 17974,
          "street_id": 32899393,
          "street_name": "Nguy\u1ec5n Duy Trinh",
          "street_type": "tertiary",
          "street_level": 4,
          "street_group": "32899393",
          "composite": true
        },
        "length_hint": 17.505411084816014,
        "speed_limit": 13.88888888888889
      },
      {
        "start": "5735324582",
        "end": "5735324582",
        "reverse": false,
        "shape": {
          "type": "polyline",
          "points": [
            [
              437.62084,
              534.576
            ],
            [
              419.73166,
              530.3247
            ],
            [
              437.62084,
              534.576
            ]
          ]
        },
        "metadata": {
          "segment_id": 17968,
          "street_id": 32899393,
          "street_name": "Nguy\u1ec5n Duy Trinh",
          "street_type": "tertiary",
          "street_level": 4,
          "street_group": "32899393",
          "composite": true
        },
        "length_hint": 36.77479097220815,
        "speed_limit": 13.88888888888889
      },
      {
        "start": "5735324582",
        "end": "5735324582",
        "reverse": false,
        "shape": {
          "type": "polyline",
          "points": [
            [
              437.62084,
              534.576
            ],
            [
              508.55448,
              552.2583
            ],
            [
              437.62084,
              534.576
            ]
          ]
        },
        "metadata": {
          "segment_id": 17969,
          "street_id": 32899393,
          "street_name": "Nguy\u1ec5n Duy Trinh",
          "street_type": "tertiary",
          "street_level": 4,
          "street_group": "32899393",
          "composite": true
        },
        "length_hint": 146.20868670417093,
        "speed_limit": 13.88888888888889
      },
      {
        "start": "5735324827",
        "end": "5735324827",
        "reverse": false,
        "shape": {
          "type": "polyline",
          "points": [
            [
              508.55448,
              552.2583
            ],
            [
              515.43577,
              554.5005
            ],
            [
              508.55448,
              552.2583
            ]
          ]
        },
        "metadata": {
          "segment_id": 17971,
          "street_id": 32899393,
          "street_name": "Nguy\u1ec5n Duy Trinh",
          "street_type": "tertiary",
          "street_level": 4,
          "street_group": "32899393",
          "composite": true
        },
        "length_hint": 14.474752212608076,
        "speed_limit": 13.88888888888889
      },
      {
        "start": "5735324585",
        "end": "5735324585",
        "reverse": false,
        "shape": {
          "type": "polyline",
          "points": [
            [
              584.88821,
              600.10485
            ],
            [
              618.57868,
              622.1439
            ],
            [
              584.88821,
              600.10485
            ]
          ]
        },
        "metadata": {
          "segment_id": 17979,
          "street_id": 32899393,
          "street_name": "Nguy\u1ec5n Duy Trinh",
          "street_type": "tertiary",
          "street_level": 4,
          "street_group": "32899393",
          "composite": true
        },
        "length_hint": 80.51751346690729,
        "speed_limit": 13.88888888888889
      },
      {
        "start": "5735324591",
        "end": "5735324591",
        "reverse": false,
        "shape": {
          "type": "polyline",
          "points": [
            [
              309.4779,
              507.13125
            ],
            [
              277.51459,
              502.1085
            ],
            [
              309.4779,
              507.13125
            ]
          ]
        },
        "metadata": {
          "segment_id": 17954,
          "street_id": 32899393,
          "street_name": "Nguy\u1ec5n Duy Trinh",
          "street_type": "tertiary",
          "street_level": 4,
          "street_group": "32899393",
          "composite": true
        },
        "length_hint": 64.71108726388698,
        "speed_limit": 13.88888888888889
      },
      {
        "start": "5735324590",
        "end": "5735324590",
        "reverse": false,
        "shape": {
          "type": "polyline",
          "points": [
            [
              701.6024,
              667.4763
            ],
            [
              692.54577,
              662.5257
            ],
            [
              701.6024,
              667.4763
            ]
          ]
        },
        "metadata": {
          "segment_id": 17988,
          "street_id": 32899393,
          "street_name": "Nguy\u1ec5n Duy Trinh",
          "street_type": "tertiary",
          "street_level": 4,
          "street_group": "32899393",
          "composite": true
        },
        "length_hint": 20.64276990298548,
        "speed_limit": 13.88888888888889
      },
      {
        "start": "5735324588",
        "end": "5735324588",
        "reverse": false,
        "shape": {
          "type": "polyline",
          "points": [
            [
              649.91344,
              639.7152
            ],
            [
              692.54577,
              662.5257
            ],
            [
              649.91344,
              639.7152
            ]
          ]
        },
        "metadata": {
          "segment_id": 17985,
          "street_id": 32899393,
          "street_name": "Nguy\u1ec5n Duy Trinh",
          "street_type": "tertiary",
          "street_level": 4,
          "street_group": "32899393",
          "composite": true
        },
        "length_hint": 96.70231582498724,
        "speed_limit": 13.88888888888889
      },
      {
        "start": "366379945",
        "end": "366379945",
        "reverse": false,
        "shape": {
          "type": "polyline",
          "points": [
            [
              616.96083,
              572.0052
            ],
            [
              608.7951,
              570.7953
            ],
            [
              616.96083,
              572.0052
            ]
          ]
        },
        "metadata": {
          "segment_id": 510,
          "street_id": 32576175,
          "street_name": "Tam \u0110a",
          "street_type": "unclassified",
          "street_level": 4,
          "street_group": "32576175",
          "composite": true
        },
        "length_hint": 16.509755230517367,
        "speed_limit": 11.11111111111111
      },
      {
        "start": "366379945",
        "end": "366379945",
        "reverse": false,
        "shape": {
          "type": "polyline",
          "points": [
            [
              616.96083,
              572.0052
            ],
            [
              672.57416,
              580.14705
            ],
            [
              616.96083,
              572.0052
            ]
          ]
        },
        "metadata": {
          "segment_id": 511,
          "street_id": 32576175,
          "street_name": "Tam \u0110a",
          "street_type": "unclassified",
          "street_level": 4,
          "street_group": "32576175",
          "composite": true
        },
        "length_hint": 112.4123159642466,
        "speed_limit": 11.11111111111111
      },
      {
        "start": "5735324580",
        "end": "5735324580",
        "reverse": false,
        "shape": {
          "type": "polyline",
          "points": [
            [
              866.19052,
              606.25425
            ],
            [
              853.72876,
              605.67705
            ],
            [
              866.19052,
              606.25425
            ]
          ]
        },
        "metadata": {
          "segment_id": 520,
          "street_id": 32576175,
          "street_name": "Tam \u0110a",
          "street_type": "unclassified",
          "street_level": 4,
          "street_group": "32576175",
          "composite": true
        },
        "length_hint": 24.950240250354355,
        "speed_limit": 11.11111111111111
      },
      {
        "start": "366419624",
        "end": "366419624",
        "reverse": false,
        "shape": {
          "type": "polyline",
          "points": [
            [
              672.57416,
              580.14705
            ],
            [
              712.46271,
              586.46295
            ],
            [
              672.57416,
              580.14705
            ]
          ]
        },
        "metadata": {
          "segment_id": 513,
          "street_id": 32576175,
          "street_name": "Tam \u0110a",
          "street_type": "unclassified",
          "street_level": 4,
          "street_group": "32576175",
          "composite": true
        },
        "length_hint": 80.77096047249903,
        "speed_limit": 11.11111111111111
      },
      {
        "start": "1605322494",
        "end": "1605322494",
        "reverse": false,
        "shape": {
          "type": "polyline",
          "points": [
            [
              853.72876,
              605.67705
            ],
            [
              721.65599,
              587.91705
            ],
            [
              853.72876,
              605.67705
            ]
          ]
        },
        "metadata": {
          "segment_id": 518,
          "street_id": 32576175,
          "street_name": "Tam \u0110a",
          "street_type": "unclassified",
          "street_level": 4,
          "street_group": "32576175",
          "composite": true
        },
        "length_hint": 266.52305097663054,
        "speed_limit": 11.11111111111111
      },
      {
        "start": "4886880270",
        "end": "4886880270",
        "reverse": false,
        "shape": {
          "type": "polyline",
          "points": [
            [
              712.46271,
              586.46295
            ],
            [
              721.65599,
              587.91705
            ],
            [
              712.46271,
              586.46295
            ]
          ]
        },
        "metadata": {
          "segment_id": 515,
          "street_id": 32576175,
          "street_name": "Tam \u0110a",
          "street_type": "unclassified",
          "street_level": 4,
          "street_group": "32576175",
          "composite": true
        },
        "length_hint": 18.615134054677057,
        "speed_limit": 11.11111111111111
      },
      {
        "start": "366434560",
        "end": "366434560",
        "reverse": false,
        "shape": {
          "type": "polyline",
          "points": [
            [
              582.07338,
              566.82705
            ],
            [
              571.70498,
              564.9123
            ],
            [
              582.07338,
              566.82705
            ]
          ]
        },
        "metadata": {
          "segment_id": 504,
          "street_id": 32576175,
          "street_name": "Tam \u0110a",
          "street_type": "unclassified",
          "street_level": 4,
          "street_group": "32576175",
          "composite": true
        },
        "length_hint": 21.087435702095355,
        "speed_limit": 11.11111111111111
      },
      {
        "start": "366434560",
        "end": "366434560",
        "reverse": false,
        "shape": {
          "type": "polyline",
          "points": [
            [
              582.07338,
              566.82705
            ],
            [
              594.99972,
              568.74735
            ],
            [
              582.07338,
              566.82705
            ]
          ]
        },
        "metadata": {
          "segment_id": 505,
          "street_id": 32576175,
          "street_name": "Tam \u0110a",
          "street_type": "unclassified",
          "street_level": 4,
          "street_group": "32576175",
          "composite": true
        },
        "length_hint": 26.136397447666695,
        "speed_limit": 11.11111111111111
      },
      {
        "start": "4886880262",
        "end": "4886880262",
        "reverse": false,
        "shape": {
          "type": "polyline",
          "points": [
            [
              571.70498,
              564.9123
            ],
            [
              544.76463,
              559.94505
            ],
            [
              571.70498,
              564.9123
            ]
          ]
        },
        "metadata": {
          "segment_id": 502,
          "street_id": 32576175,
          "street_name": "Tam \u0110a",
          "street_type": "unclassified",
          "street_level": 4,
          "street_group": "32576175",
          "composite": true
        },
        "length_hint": 54.78890510623469,
        "speed_limit": 11.11111111111111
      },
      {
        "start": "3029263428",
        "end": "3029263428",
        "reverse": false,
        "shape": {
          "type": "polyline",
          "points": [
            [
              544.76463,
              559.94505
            ],
            [
              515.43577,
              554.5005
            ],
            [
              544.76463,
              559.94505
            ]
          ]
        },
        "metadata": {
          "segment_id": 500,
          "street_id": 32576175,
          "street_name": "Tam \u0110a",
          "street_type": "unclassified",
          "street_level": 4,
          "street_group": "32576175",
          "composite": true
        },
        "length_hint": 59.65987440825193,
        "speed_limit": 11.11111111111111
      },
      {
        "start": "5735324599",
        "end": "5735324599",
        "reverse": false,
        "shape": {
          "type": "polyline",
          "points": [
            [
              608.7951,
              570.7953
            ],
            [
              594.99972,
              568.74735
            ],
            [
              608.7951,
              570.7953
            ]
          ]
        },
        "metadata": {
          "segment_id": 508,
          "street_id": 32576175,
          "street_name": "Tam \u0110a",
          "street_type": "unclassified",
          "street_level": 4,
          "street_group": "32576175",
          "composite": true
        },
        "length_hint": 27.893125213708178,
        "speed_limit": 11.11111111111111
      },
      {
        "start": "366420853",
        "end": "366420853",
        "reverse": false,
        "shape": {
          "type": "polyline",
          "points": [
            [
              927.15474,
              587.59515
            ],
            [
              912.49578,
              595.19865
            ],
            [
              927.15474,
              587.59515
            ]
          ]
        },
        "metadata": {
          "segment_id": 27896,
          "street_id": 174620023,
          "street_name": "Tam \u0110a",
          "street_type": "unclassified",
          "street_level": 4,
          "street_group": "174620023",
          "composite": true
        },
        "length_hint": 33.027159764751204,
        "speed_limit": 11.11111111111111
      },
      {
        "start": "366420853",
        "end": "366420853",
        "reverse": false,
        "shape": {
          "type": "polyline",
          "points": [
            [
              927.15474,
              587.59515
            ],
            [
              978.17143,
              562.44255
            ],
            [
              927.15474,
              587.59515
            ]
          ]
        },
        "metadata": {
          "segment_id": 27897,
          "street_id": 174620023,
          "street_name": "Tam \u0110a",
          "street_type": "unclassified",
          "street_level": 4,
          "street_group": "174620023",
          "composite": true
        },
        "length_hint": 113.76037878481425,
        "speed_limit": 11.11111111111111
      },
      {
        "start": "366458161",
        "end": "366458161",
        "reverse": false,
        "shape": {
          "type": "polyline",
          "points": [
            [
              978.17143,
              562.44255
            ],
            [
              991.84657,
              556.0767
            ],
            [
              978.17143,
              562.44255
            ]
          ]
        },
        "metadata": {
          "segment_id": 27899,
          "street_id": 174620023,
          "street_name": "Tam \u0110a",
          "street_type": "unclassified",
          "street_level": 4,
          "street_group": "174620023",
          "composite": true
        },
        "length_hint": 30.16842722066245,
        "speed_limit": 11.11111111111111
      },
      {
        "start": "366399190",
        "end": "366399190",
        "reverse": false,
        "shape": {
          "type": "polyline",
          "points": [
            [
              1013.3595,
              546.07005
            ],
            [
              991.84657,
              556.0767
            ],
            [
              1013.3595,
              546.07005
            ]
          ]
        },
        "metadata": {
          "segment_id": 27902,
          "street_id": 174620023,
          "street_name": "Tam \u0110a",
          "street_type": "unclassified",
          "street_level": 4,
          "street_group": "174620023",
          "composite": true
        },
        "length_hint": 47.45267964646033,
        "speed_limit": 11.11111111111111
      },
      {
        "start": "366399190",
        "end": "366399190",
        "reverse": false,
        "shape": {
          "type": "polyline",
          "points": [
            [
              1013.3595,
              546.07005
            ],
            [
              1037.39757,
              530.86305
            ],
            [
              1013.3595,
              546.07005
            ]
          ]
        },
        "metadata": {
          "segment_id": 27903,
          "street_id": 174620023,
          "street_name": "Tam \u0110a",
          "street_type": "unclassified",
          "street_level": 4,
          "street_group": "174620023",
          "composite": true
        },
        "length_hint": 56.888721494683026,
        "speed_limit": 11.11111111111111
      },
      {
        "start": "3140330408",
        "end": "3140330408",
        "reverse": false,
        "shape": {
          "type": "polyline",
          "points": [
            [
              1055.57643,
              516.2388
            ],
            [
              1043.6995,
              525.79035
            ],
            [
              1055.57643,
              516.2388
            ]
          ]
        },
        "metadata": {
          "segment_id": 27908,
          "street_id": 174620023,
          "street_name": "Tam \u0110a",
          "street_type": "unclassified",
          "street_level": 4,
          "street_group": "174620023",
          "composite": true
        },
        "length_hint": 30.482360382844597,
        "speed_limit": 11.11111111111111
      },
      {
        "start": "3140330408",
        "end": "3140330408",
        "reverse": false,
        "shape": {
          "type": "polyline",
          "points": [
            [
              1055.57643,
              516.2388
            ],
            [
              1068.48091,
              506.8815
            ],
            [
              1055.57643,
              516.2388
            ]
          ]
        },
        "metadata": {
          "segment_id": 27909,
          "street_id": 174620023,
          "street_name": "Tam \u0110a",
          "street_type": "unclassified",
          "street_level": 4,
          "street_group": "174620023",
          "composite": true
        },
        "length_hint": 31.880066961058727,
        "speed_limit": 11.11111111111111
      },
      {
        "start": "5737823240",
        "end": "5737823240",
        "reverse": false,
        "shape": {
          "type": "polyline",
          "points": [
            [
              1043.6995,
              525.79035
            ],
            [
              1037.39757,
              530.86305
            ],
            [
              1043.6995,
              525.79035
            ]
          ]
        },
        "metadata": {
          "segment_id": 27906,
          "street_id": 174620023,
          "street_name": "Tam \u0110a",
          "street_type": "unclassified",
          "street_level": 4,
          "street_group": "174620023",
          "composite": true
        },
        "length_hint": 16.179815451963442,
        "speed_limit": 11.11111111111111
      },
      {
        "start": "1852796016",
        "end": "1852796016",
        "reverse": false,
        "shape": {
          "type": "polyline",
          "points": [
            [
              894.33878,
              600.2769
            ],
            [
              912.49578,
              595.19865
            ],
            [
              894.33878,
              600.2769
            ]
          ]
        },
        "metadata": {
          "segment_id": 27893,
          "street_id": 174620023,
          "street_name": "Tam \u0110a",
          "street_type": "unclassified",
          "street_level": 4,
          "street_group": "174620023",
          "composite": true
        },
        "length_hint": 37.70757335403573,
        "speed_limit": 11.11111111111111
      },
      {
        "start": "366416070",
        "end": "366416070",
        "reverse": false,
        "shape": {
          "type": "polyline",
          "points": [
            [
              344.15766,
              141.37515
            ],
            [
              351.40516,
              118.77555
            ],
            [
              344.15766,
              141.37515
            ]
          ]
        },
        "metadata": {
          "segment_id": 10773,
          "street_id": 32583648,
          "street_name": "Tr\u01b0\u1eddng L\u01b0u",
          "street_type": "unclassified",
          "street_level": 4,
          "street_group": "32583648",
          "composite": true
        },
        "length_hint": 47.46654301336889,
        "speed_limit": 11.11111111111111
      },
      {
        "start": "366416070",
        "end": "366416070",
        "reverse": false,
        "shape": {
          "type": "polyline",
          "points": [
            [
              344.15766,
              141.37515
            ],
            [
              302.05004,
              279.98085
            ],
            [
              344.15766,
              141.37515
            ]
          ]
        },
        "metadata": {
          "segment_id": 10774,
          "street_id": 32583648,
          "street_name": "Tr\u01b0\u1eddng L\u01b0u",
          "street_type": "unclassified",
          "street_level": 4,
          "street_group": "32583648",
          "composite": true
        },
        "length_hint": 289.721188279728,
        "speed_limit": 11.11111111111111
      },
      {
        "start": "366440983",
        "end": "366440983",
        "reverse": false,
        "shape": {
          "type": "polyline",
          "points": [
            [
              299.31173,
              301.91445
            ],
            [
              298.83075,
              295.6485
            ],
            [
              299.31173,
              301.91445
            ]
          ]
        },
        "metadata": {
          "segment_id": 10781,
          "street_id": 32583648,
          "street_name": "Tr\u01b0\u1eddng L\u01b0u",
          "street_type": "unclassified",
          "street_level": 4,
          "street_group": "32583648",
          "composite": true
        },
        "length_hint": 12.568766234264949,
        "speed_limit": 11.11111111111111
      },
      {
        "start": "366440983",
        "end": "366440983",
        "reverse": false,
        "shape": {
          "type": "polyline",
          "points": [
            [
              299.31173,
              301.91445
            ],
            [
              300.22997,
              307.2702
            ],
            [
              299.31173,
              301.91445
            ]
          ]
        },
        "metadata": {
          "segment_id": 10782,
          "street_id": 32583648,
          "street_name": "Tr\u01b0\u1eddng L\u01b0u",
          "street_type": "unclassified",
          "street_level": 4,
          "street_group": "32583648",
          "composite": true
        },
        "length_hint": 10.867791451826806,
        "speed_limit": 11.11111111111111
      },
      {
        "start": "5737796991",
        "end": "5737796991",
        "reverse": false,
        "shape": {
          "type": "polyline",
          "points": [
            [
              316.67074,
              413.2752
            ],
            [
              312.47856,
              383.616
            ],
            [
              316.67074,
              413.2752
            ]
          ]
        },
        "metadata": {
          "segment_id": 10793,
          "street_id": 32583648,
          "street_name": "Tr\u01b0\u1eddng L\u01b0u",
          "street_type": "unclassified",
          "street_level": 4,
          "street_group": "32583648",
          "composite": true
        },
        "length_hint": 59.90801341364609,
        "speed_limit": 11.11111111111111
      },
      {
        "start": "5737796991",
        "end": "5737796991",
        "reverse": false,
        "shape": {
          "type": "polyline",
          "points": [
            [
              316.67074,
              413.2752
            ],
            [
              322.78684,
              444.7659
            ],
            [
              316.67074,
              413.2752
            ]
          ]
        },
        "metadata": {
          "segment_id": 10794,
          "street_id": 32583648,
          "street_name": "Tr\u01b0\u1eddng L\u01b0u",
          "street_type": "unclassified",
          "street_level": 4,
          "street_group": "32583648",
          "composite": true
        },
        "length_hint": 64.15826885756815,
        "speed_limit": 11.11111111111111
      },
      {
        "start": "5737796670",
        "end": "5737796670",
        "reverse": false,
        "shape": {
          "type": "polyline",
          "points": [
            [
              300.22997,
              307.2702
            ],
            [
              303.25249,
              324.82485
            ],
            [
              300.22997,
              307.2702
            ]
          ]
        },
        "metadata": {
          "segment_id": 10784,
          "street_id": 32583648,
          "street_name": "Tr\u01b0\u1eddng L\u01b0u",
          "street_type": "unclassified",
          "street_level": 4,
          "street_group": "32583648",
          "composite": true
        },
        "length_hint": 35.62590988440304,
        "speed_limit": 11.11111111111111
      },
      {
        "start": "366452599",
        "end": "366452599",
        "reverse": false,
        "shape": {
          "type": "polyline",
          "points": [
            [
              308.95866,
              358.0194
            ],
            [
              308.32465,
              354.3231
            ],
            [
              308.95866,
              358.0194
            ]
          ]
        },
        "metadata": {
          "segment_id": 10789,
          "street_id": 32583648,
          "street_name": "Tr\u01b0\u1eddng L\u01b0u",
          "street_type": "unclassified",
          "street_level": 4,
          "street_group": "32583648",
          "composite": true
        },
        "length_hint": 7.50056061107436,
        "speed_limit": 11.11111111111111
      },
      {
        "start": "366452599",
        "end": "366452599",
        "reverse": false,
        "shape": {
          "type": "polyline",
          "points": [
            [
              308.95866,
              358.0194
            ],
            [
              312.47856,
              383.616
            ],
            [
              308.95866,
              358.0194
            ]
          ]
        },
        "metadata": {
          "segment_id": 10790,
          "street_id": 32583648,
          "street_name": "Tr\u01b0\u1eddng L\u01b0u",
          "street_type": "unclassified",
          "street_level": 4,
          "street_group": "32583648",
          "composite": true
        },
        "length_hint": 51.67496986240044,
        "speed_limit": 11.11111111111111
      },
      {
        "start": "5737796982",
        "end": "5737796982",
        "reverse": false,
        "shape": {
          "type": "polyline",
          "points": [
            [
              303.25249,
              324.82485
            ],
            [
              308.32465,
              354.3231
            ],
            [
              303.25249,
              324.82485
            ]
          ]
        },
        "metadata": {
          "segment_id": 10786,
          "street_id": 32583648,
          "street_name": "Tr\u01b0\u1eddng L\u01b0u",
          "street_type": "unclassified",
          "street_level": 4,
          "street_group": "32583648",
          "composite": true
        },
        "length_hint": 59.86229397970308,
        "speed_limit": 11.11111111111111
      },
      {
        "start": "366405388",
        "end": "366405388",
        "reverse": false,
        "shape": {
          "type": "polyline",
          "points": [
            [
              321.72103,
              455.7327
            ],
            [
              322.78684,
              444.7659
            ],
            [
              321.72103,
              455.7327
            ]
          ]
        },
        "metadata": {
          "segment_id": 10797,
          "street_id": 32583648,
          "street_name": "Tr\u01b0\u1eddng L\u01b0u",
          "street_type": "unclassified",
          "street_level": 4,
          "street_group": "32583648",
          "composite": true
        },
        "length_hint": 22.03693746382203,
        "speed_limit": 11.11111111111111
      },
      {
        "start": "366405388",
        "end": "366405388",
        "reverse": false,
        "shape": {
          "type": "polyline",
          "points": [
            [
              321.72103,
              455.7327
            ],
            [
              319.63861,
              464.50725
            ],
            [
              321.72103,
              455.7327
            ]
          ]
        },
        "metadata": {
          "segment_id": 10798,
          "street_id": 32583648,
          "street_name": "Tr\u01b0\u1eddng L\u01b0u",
          "street_type": "unclassified",
          "street_level": 4,
          "street_group": "32583648",
          "composite": true
        },
        "length_hint": 18.03654077243188,
        "speed_limit": 11.11111111111111
      },
      {
        "start": "366406510",
        "end": "366406510",
        "reverse": false,
        "shape": {
          "type": "polyline",
          "points": [
            [
              319.63861,
              464.50725
            ],
            [
              312.75731,
              490.6533
            ],
            [
              319.63861,
              464.50725
            ]
          ]
        },
        "metadata": {
          "segment_id": 10800,
          "street_id": 32583648,
          "street_name": "Tr\u01b0\u1eddng L\u01b0u",
          "street_type": "unclassified",
          "street_level": 4,
          "street_group": "32583648",
          "composite": true
        },
        "length_hint": 54.07284791066586,
        "speed_limit": 11.11111111111111
      },
      {
        "start": "5735324591",
        "end": "5735324591",
        "reverse": false,
        "shape": {
          "type": "polyline",
          "points": [
            [
              309.4779,
              507.13125
            ],
            [
              312.75731,
              490.6533
            ],
            [
              309.4779,
              507.13125
            ]
          ]
        },
        "metadata": {
          "segment_id": 10803,
          "street_id": 32583648,
          "street_name": "Tr\u01b0\u1eddng L\u01b0u",
          "street_type": "unclassified",
          "street_level": 4,
          "street_group": "32583648",
          "composite": true
        },
        "length_hint": 33.60222410202045,
        "speed_limit": 11.11111111111111
      },
      {
        "start": "366459019",
        "end": "366459019",
        "reverse": false,
        "shape": {
          "type": "polyline",
          "points": [
            [
              299.61235,
              290.6313
            ],
            [
              302.05004,
              279.98085
            ],
            [
              299.61235,
              290.6313
            ]
          ]
        },
        "metadata": {
          "segment_id": 10777,
          "street_id": 32583648,
          "street_name": "Tr\u01b0\u1eddng L\u01b0u",
          "street_type": "unclassified",
          "street_level": 4,
          "street_group": "32583648",
          "composite": true
        },
        "length_hint": 21.851720091434533,
        "speed_limit": 11.11111111111111
      },
      {
        "start": "366459019",
        "end": "366459019",
        "reverse": false,
        "shape": {
          "type": "polyline",
          "points": [
            [
              299.61235,
              290.6313
            ],
            [
              298.83075,
              295.6485
            ],
            [
              299.61235,
              290.6313
            ]
          ]
        },
        "metadata": {
          "segment_id": 10778,
          "street_id": 32583648,
          "street_name": "Tr\u01b0\u1eddng L\u01b0u",
          "street_type": "unclassified",
          "street_level": 4,
          "street_group": "32583648",
          "composite": true
        },
        "length_hint": 10.155430941127014,
        "speed_limit": 11.11111111111111
      },
      {
        "start": "5737796717",
        "end": "5737796717",
        "reverse": false,
        "shape": {
          "type": "polyline",
          "points": [
            [
              351.40516,
              118.77555
            ],
            [
              358.79476,
              95.7375
            ],
            [
              351.40516,
              118.77555
            ]
          ]
        },
        "metadata": {
          "segment_id": 10771,
          "street_id": 32583648,
          "street_name": "Tr\u01b0\u1eddng L\u01b0u",
          "street_type": "unclassified",
          "street_level": 4,
          "street_group": "32583648",
          "composite": true
        },
        "length_hint": 48.3883430574968,
        "speed_limit": 11.11111111111111
      },
      {
        "start": "5740175308",
        "end": "5740175308",
        "reverse": false,
        "shape": {
          "type": "polyline",
          "points": [
            [
              392.76945,
              11.77155
            ],
            [
              397.63391,
              0.0
            ],
            [
              392.76945,
              11.77155
            ]
          ]
        },
        "metadata": {
          "segment_id": 10759,
          "street_id": 32583648,
          "street_name": "Tr\u01b0\u1eddng L\u01b0u",
          "street_type": "unclassified",
          "street_level": 4,
          "street_group": "32583648",
          "composite": true
        },
        "length_hint": 25.474093545726024,
        "speed_limit": 11.11111111111111
      },
      {
        "start": "5740175308",
        "end": "5740175308",
        "reverse": false,
        "shape": {
          "type": "polyline",
          "points": [
            [
              392.76945,
              11.77155
            ],
            [
              384.04075,
              32.8671
            ],
            [
              392.76945,
              11.77155
            ]
          ]
        },
        "metadata": {
          "segment_id": 10760,
          "street_id": 32583648,
          "street_name": "Tr\u01b0\u1eddng L\u01b0u",
          "street_type": "unclassified",
          "street_level": 4,
          "street_group": "32583648",
          "composite": true
        },
        "length_hint": 45.66015477382879,
        "speed_limit": 11.11111111111111
      },
      {
        "start": "5740175303",
        "end": "5740175303",
        "reverse": false,
        "shape": {
          "type": "polyline",
          "points": [
            [
              382.96948,
              35.5533
            ],
            [
              384.04075,
              32.8671
            ],
            [
              382.96948,
              35.5533
            ]
          ]
        },
        "metadata": {
          "segment_id": 10763,
          "street_id": 32583648,
          "street_name": "Tr\u01b0\u1eddng L\u01b0u",
          "street_type": "unclassified",
          "street_level": 4,
          "street_group": "32583648",
          "composite": true
        },
        "length_hint": 5.783870625420335,
        "speed_limit": 11.11111111111111
      },
      {
        "start": "5740175303",
        "end": "5740175303",
        "reverse": false,
        "shape": {
          "type": "polyline",
          "points": [
            [
              382.96948,
              35.5533
            ],
            [
              368.17934,
              72.6384
            ],
            [
              382.96948,
              35.5533
            ]
          ]
        },
        "metadata": {
          "segment_id": 10764,
          "street_id": 32583648,
          "street_name": "Tr\u01b0\u1eddng L\u01b0u",
          "street_type": "unclassified",
          "street_level": 4,
          "street_group": "32583648",
          "composite": true
        },
        "length_hint": 79.85118366635774,
        "speed_limit": 11.11111111111111
      },
      {
        "start": "3029259382",
        "end": "3029259382",
        "reverse": false,
        "shape": {
          "type": "polyline",
          "points": [
            [
              368.17934,
              72.6384
            ],
            [
              364.44628,
              81.8292
            ],
            [
              368.17934,
              72.6384
            ]
          ]
        },
        "metadata": {
          "segment_id": 10766,
          "street_id": 32583648,
          "street_name": "Tr\u01b0\u1eddng L\u01b0u",
          "street_type": "unclassified",
          "street_level": 4,
          "street_group": "32583648",
          "composite": true
        },
        "length_hint": 19.840014274551326,
        "speed_limit": 11.11111111111111
      },
      {
        "start": "5737796707",
        "end": "5737796707",
        "reverse": false,
        "shape": {
          "type": "polyline",
          "points": [
            [
              364.44628,
              81.8292
            ],
            [
              358.79476,
              95.7375
            ],
            [
              364.44628,
              81.8292
            ]
          ]
        },
        "metadata": {
          "segment_id": 10768,
          "street_id": 32583648,
          "street_name": "Tr\u01b0\u1eddng L\u01b0u",
          "street_type": "unclassified",
          "street_level": 4,
          "street_group": "32583648",
          "composite": true
        },
        "length_hint": 30.025355098676183,
        "speed_limit": 11.11111111111111
      },
      {
        "start": "5733194519",
        "end": "5733194519",
        "reverse": false,
        "shape": {
          "type": "polyline",
          "points": [
            [
              972.06626,
              930.35205
            ],
            [
              976.36229,
              941.77395
            ],
            [
              972.06626,
              930.35205
            ]
          ]
        },
        "metadata": {
          "segment_id": 12448,
          "street_id": 32585249,
          "street_name": "Nguy\u1ec5n Duy Trinh",
          "street_type": "tertiary",
          "street_level": 4,
          "street_group": "32585249",
          "composite": true
        },
        "length_hint": 24.406201947119992,
        "speed_limit": 13.88888888888889
      },
      {
        "start": "5733194519",
        "end": "5733194519",
        "reverse": false,
        "shape": {
          "type": "polyline",
          "points": [
            [
              972.06626,
              930.35205
            ],
            [
              962.50678,
              904.9275
            ],
            [
              972.06626,
              930.35205
            ]
          ]
        },
        "metadata": {
          "segment_id": 12449,
          "street_id": 32585249,
          "street_name": "Nguy\u1ec5n Duy Trinh",
          "street_type": "tertiary",
          "street_level": 4,
          "street_group": "32585249",
          "composite": true
        },
        "length_hint": 54.324631635121015,
        "speed_limit": 13.88888888888889
      },
      {
        "start": "370523248",
        "end": "370523248",
        "reverse": false,
        "shape": {
          "type": "polyline",
          "points": [
            [
              937.48488,
              849.483
            ],
            [
              962.50678,
              904.9275
            ],
            [
              937.48488,
              849.483
            ]
          ]
        },
        "metadata": {
          "segment_id": 12452,
          "street_id": 32585249,
          "street_name": "Nguy\u1ec5n Duy Trinh",
          "street_type": "tertiary",
          "street_level": 4,
          "street_group": "32585249",
          "composite": true
        },
        "length_hint": 121.65834225173398,
        "speed_limit": 13.88888888888889
      },
      {
        "start": "366469609",
        "end": "366469609",
        "reverse": false,
        "shape": {
          "type": "polyline",
          "points": [
            [
              976.36229,
              941.77395
            ],
            [
              979.73461,
              957.58035
            ],
            [
              976.36229,
              941.77395
            ]
          ]
        },
        "metadata": {
          "segment_id": 12446,
          "street_id": 32585249,
          "street_name": "Nguy\u1ec5n Duy Trinh",
          "street_type": "tertiary",
          "street_level": 4,
          "street_group": "32585249",
          "composite": true
        },
        "length_hint": 32.32428332646512,
        "speed_limit": 13.88888888888889
      },
      {
        "start": "370523248",
        "end": "370523248",
        "reverse": false,
        "shape": {
          "type": "polyline",
          "points": [
            [
              937.48488,
              849.483
            ],
            [
              913.73103,
              789.5652
            ],
            [
              937.48488,
              849.483
            ]
          ]
        },
        "metadata": {
          "segment_id": 17880,
          "street_id": 32899392,
          "street_name": "C\u00e2\u0300u Vo\u0303 Kh\u00ea\u0301",
          "street_type": "tertiary",
          "street_level": 4,
          "street_group": "32899392",
          "composite": true
        },
        "length_hint": 128.90908651700997,
        "speed_limit": 13.88888888888889
      },
      {
        "start": "3029263425",
        "end": "3029263425",
        "reverse": false,
        "shape": {
          "type": "polyline",
          "points": [
            [
              910.29858,
              783.83205
            ],
            [
              906.39608,
              779.4531
            ],
            [
              910.29858,
              783.83205
            ]
          ]
        },
        "metadata": {
          "segment_id": 17876,
          "street_id": 32899392,
          "street_name": "C\u00e2\u0300u Vo\u0303 Kh\u00ea\u0301",
          "street_type": "tertiary",
          "street_level": 4,
          "street_group": "32899392",
          "composite": true
        },
        "length_hint": 11.7311055493505,
        "speed_limit": 13.88888888888889
      },
      {
        "start": "3029263425",
        "end": "3029263425",
        "reverse": false,
        "shape": {
          "type": "polyline",
          "points": [
            [
              910.29858,
              783.83205
            ],
            [
              913.73103,
              789.5652
            ],
            [
              910.29858,
              783.83205
            ]
          ]
        },
        "metadata": {
          "segment_id": 17877,
          "street_id": 32899392,
          "street_name": "C\u00e2\u0300u Vo\u0303 Kh\u00ea\u0301",
          "street_type": "tertiary",
          "street_level": 4,
          "street_group": "32899392",
          "composite": true
        },
        "length_hint": 13.36423913659141,
        "speed_limit": 13.88888888888889
      },
      {
        "start": "5735324580",
        "end": "5735324580",
        "reverse": false,
        "shape": {
          "type": "polyline",
          "points": [
            [
              866.19052,
              606.25425
            ],
            [
              894.33878,
              600.2769
            ],
            [
              866.19052,
              606.25425
            ]
          ]
        },
        "metadata": {
          "segment_id": 27931,
          "street_id": 174620024,
          "street_name": "Tam \u0110a",
          "street_type": "unclassified",
          "street_level": 4,
          "street_group": "174620024",
          "composite": true
        },
        "length_hint": 57.55182895617142,
        "speed_limit": 11.11111111111111
      }
    ]
  }
}